frame,time_sec,x,y,confidence,estimated,velocity_x,velocity_y,speed,court_region,court_side
5,0.16666666666666666,1381,727,0.49016791582107544,False,0.0,0.0,0.0,Back,Right
6,0.2,1376,714,0.5651557445526123,False,-2.2727272727272725,-5.909090909090909,6.331085580538236,Back,Right
7,0.23333333333333334,1371,703,0.51587975025177,False,-4.251101321585931,-9.71365638766524,10.603159098307419,Middle,Right
8,0.26666666666666666,1367,694,0.5725968480110168,False,-4.2685358255451415,-9.63302180685365,10.536389667494284,Middle,Right
9,0.3,1367,694,0.5724235773086548,False,-2.409514827622333,-5.422718222781123,5.933939216761016,Middle,Right
10,0.3333333333333333,1364,690,0.557447612285614,False,-2.3558692559264993,-4.131538589456975,4.7560205074402075,Middle,Right
11,0.36666666666666664,1359,690,0.5276802182197571,False,-3.462721014182963,-2.1605241874502505,4.081458267166511,Middle,Right
12,0.4,1355,692,0.5749061107635498,False,-3.886393704827017,-0.05384057202857928,3.8867666300043577,Middle,Right
13,0.43333333333333335,1351,698,0.4916577935218811,False,-4.009818894007295,2.8766723874946365,4.934966219510725,Middle,Right
19,0.6333333333333333,1348,739,0.32880067825317383,False,-3.6055793735730224,19.48998816405265,19.82069224961751,Back,Right
24,0.8,1353,675,0.2501651644706726,False,0.09870448388135467,-12.789996072298965,12.79037693363887,Middle,Right
40,1.3333333333333333,1237,745,0.5098678469657898,False,-48.24459878837589,16.403430586173524,50.956980358404024,Back,Right
41,1.3666666666666667,1370,596,0.5539137125015259,False,19.643036655589988,-48.20954332471949,52.057746365270724,Middle,Right
42,1.4,1190,713,0.33844834566116333,False,-52.528358704996926,10.011471781798058,53.4739005074304,Back,Right
53,1.7666666666666666,1168,685,0.3011949062347412,False,-52.50046739728961,4.339779587768202,52.679528887455696,Middle,Right
79,2.6333333333333333,1101,817,0.3050636351108551,False,-58.61549656633152,57.21248465519362,81.9087592271937,Back,Right
96,3.2,1128,698,0.50364750623703,False,-23.5681132179473,-7.7442488614519505,24.80784857826414,Middle,Right
180,6.0,1087,719,0.370652973651886,False,-24.681989491375706,-7.184081196634674,25.70625659041434,Back,Right
188,6.266666666666667,1124,704,0.27566295862197876,False,1.1544541079940913,-10.383247400499883,10.447228860681287,Middle,Right
189,6.3,1124,704,0.27543947100639343,False,5.270034389926953,-6.570603931538755,8.422950700091109,Middle,Right
190,6.333333333333333,1128,690,0.5274782776832581,False,5.467180562932761,-9.02718544673366,10.553678998218098,Middle,Right
230,7.666666666666667,691,613,0.323687881231308,False,-181.25532450175876,-38.154965700660846,185.22768169972997,Middle,Left
231,7.7,691,613,0.3139841854572296,False,-138.01591875732873,-27.239643183391806,140.6783280793032,Middle,Left
238,7.933333333333334,645,620,0.4953131675720215,False,-91.47436000321647,-10.843087176562289,92.11477122327655,Middle,Left
247,8.233333333333333,1122,716,0.3562244176864624,False,156.76023077599567,37.17460905580229,161.10779469471723,Back,Right
248,8.266666666666667,1122,708,0.4258950650691986,False,134.8183726508202,26.66172462045693,137.4294042916308,Middle,Right
249,8.3,1122,708,0.42634910345077515,False,74.00488419449297,13.535370761344744,75.2325005983942,Middle,Right
258,8.6,1157,720,0.4050188958644867,False,46.70746641176888,10.548810706070581,47.883868117759945,Back,Right
259,8.633333333333333,1161,708,0.5355799794197083,False,23.818261886327015,0.4992872703724789,23.823494434360676,Middle,Right
260,8.666666666666666,1165,699,0.5346060991287231,False,11.375527667226526,-5.300553725130752,12.54984061655102,Middle,Right
261,8.7,1165,699,0.5361613631248474,False,4.3573994619994485,-4.096545547806102,5.980686874990454,Middle,Right
262,8.733333333333333,1169,693,0.5417079925537109,False,2.956242714736386,-4.685461873206964,5.540119489118268,Middle,Right
308,10.266666666666667,855,543,0.35289904475212097,False,-131.07504280545166,-66.12509430475662,146.81006417566863,Middle,Left
309,10.3,855,543,0.3518104553222656,False,-99.62872308067841,-49.16054399968709,111.09744168535867,Middle,Left
310,10.333333333333334,820,465,0.605864405632019,False,-66.74779928317015,-58.310876487790054,88.63084692092633,Middle,Left
312,10.4,772,354,0.46866878867149353,False,-52.97682790851417,-82.18019487185015,97.77591075732094,Front,Left
331,11.033333333333333,380,454,0.2669723331928253,False,-193.61920779237374,-9.537538307436975,193.85397149171905,Middle,Left
350,11.666666666666666,534,428,0.5327551364898682,False,-71.95118863014746,-3.544504514874509,72.03844152636165,Middle,Left
351,11.7,534,428,0.5335052609443665,False,-19.906261370621074,-0.9807509352277397,19.93040677338099,Middle,Left
352,11.733333333333333,525,441,0.545634925365448,False,-6.030929506361863,5.377020433003862,8.079879915422454,Middle,Left
353,11.766666666666667,515,458,0.5381662845611572,False,-5.234264331136412,11.415535784473237,12.558343056900297,Middle,Left
354,11.8,506,477,0.514074444770813,False,-6.68178647390541,15.692588116468215,17.055896114716013,Middle,Left
355,11.833333333333334,495,501,0.552428662776947,False,-8.762309838350934,19.96097301007143,21.799507269937585,Middle,Left
356,11.866666666666667,485,527,0.478484570980072,False,-9.65536982135586,23.270368336814002,25.193971678124615,Middle,Left
357,11.9,485,527,0.4798814356327057,False,-5.739109603249567,14.03793512708823,15.16578391216389,Middle,Left
358,11.933333333333334,474,558,0.6196786165237427,False,-7.261943257058988,19.552533774357443,20.857550116591664,Middle,Left
360,12.0,450,636,0.5702278017997742,False,-14.598081371470965,45.20462848024135,47.50328847316504,Middle,Left
361,12.033333333333333,438,687,0.5771300792694092,False,-14.808436161888386,52.220765706863915,54.27981349057767,Middle,Left
365,12.166666666666666,456,691,0.42958617210388184,False,-0.998046821794647,33.11757725022649,33.1326126404667,Middle,Left
366,12.2,477,654,0.5079014897346497,False,10.747312856108802,0.11887759374879181,10.747970297194584,Middle,Left
372,12.4,359,816,0.3315775990486145,False,-41.502189196130544,62.56722009828033,75.0805483390876,Back,Left
373,12.433333333333334,362,813,0.5279012322425842,False,-32.02703276022407,46.017844016930354,56.06578988466138,Back,Left
374,12.466666666666667,364,808,0.5399814248085022,False,-15.976786632180652,21.535777208132394,26.815059407887595,Back,Left
375,12.5,364,808,0.5399110913276672,False,-6.373856629326548,8.084335802053532,10.2947818671196,Back,Left
376,12.533333333333333,365,803,0.3042919635772705,False,-1.5506848074263786,0.16524488605812948,1.5594644094532422,Back,Left
379,12.633333333333333,364,802,0.3576708137989044,False,-0.45898506173548426,-1.737398967455479,1.797003744851883,Back,Left
380,12.666666666666666,363,804,0.5137518644332886,False,-0.49284774210714083,-0.4988713168786669,0.7012642067754222,Back,Left
381,12.7,363,804,0.5138535499572754,False,-0.2908581223361875,-0.06765835110517227,0.2986236758919215,Back,Left
382,12.733333333333333,501,616,0.6270608901977539,False,58.11526993213226,-79.31377760523354,98.32629311276328,Middle,Left
383,12.766666666666667,361,807,0.5869959592819214,False,-15.100445493029689,20.662940956311573,25.5925884398585,Back,Left
384,12.8,362,811,0.545635461807251,False,-21.348372457857796,31.441017149887678,38.00382304478001,Back,Left
385,12.833333333333334,475,667,0.5702726244926453,False,34.24462585410858,-40.689402583184055,53.18196952411886,Middle,Left
386,12.866666666666667,468,659,0.5528516173362732,False,26.740085553371593,-39.742072736011174,47.90056910680743,Middle,Left
387,12.9,468,659,0.5527958869934082,False,14.116604217415645,-22.7988714797643,26.81542569831714,Middle,Left
388,12.933333333333334,463,652,0.44095703959465027,False,3.798902783560129,-13.111953179966923,13.651189638730596,Middle,Left
389,12.966666666666667,457,650,0.5802046656608582,False,-2.175177531113907,-6.696033627253095,7.0404732532101155,Middle,Left
398,13.266666666666667,1437,188,0.4268210232257843,False,411.3194144532455,-197.72882379214423,456.37741888089244,Front,Right
399,13.3,1483,227,0.47539934515953064,False,330.7900490334521,-131.84292083986696,356.0963525720827,Front,Right
400,13.333333333333334,1532,273,0.5216219425201416,False,197.50482219444123,-45.04073689696287,202.5754742565824,Front,Right
403,13.433333333333334,361,786,0.5502951741218567,False,-403.8622740230518,205.9625795508801,453.34900524245467,Back,Left
404,13.466666666666667,361,789,0.5293149948120117,False,-340.5348048070393,165.0127797111122,378.408735037864,Back,Left
405,13.5,362,790,0.5443236231803894,False,-185.09694515387,88.49051168908012,205.1620085792932,Back,Left
406,13.533333333333333,361,790,0.552625298500061,False,-79.70104510356015,37.50750407055376,88.08558027397183,Back,Left
407,13.566666666666666,361,790,0.560926616191864,False,-27.283975890544696,12.59343956282077,30.050125797045236,Back,Left
408,13.6,361,790,0.5618154406547546,False,-6.429599890085424,2.8394399134086044,7.028667993897874,Back,Left
409,13.633333333333333,1796,701,0.6083400845527649,False,605.6878051536703,-37.66208502896053,606.8576027047853,Middle,Right
410,13.666666666666666,1781,768,0.5360391139984131,False,452.7572926933592,-0.7015486905697301,452.7578362188614,Back,Right
412,13.733333333333333,781,548,0.2674614191055298,False,-187.67116997171343,-86.67892208503162,206.72131862092678,Middle,Left
421,14.033333333333333,1630,893,0.3335132896900177,False,135.7948998184209,80.20799338507746,157.7135917400767,Back,Right
430,14.333333333333334,1492,906,0.47083261609077454,False,77.85752077623624,81.57218205156944,112.76442003609314,Back,Right
437,14.566666666666666,1445,414,0.3580753803253174,False,14.835601838807769,-160.27952918239333,160.96466244753634,Middle,Right
438,14.6,1445,414,0.3608565330505371,False,-2.653826075567565,-135.7151041143338,135.74104860948964,Middle,Right
439,14.633333333333333,1442,345,0.5336766839027405,False,-5.915744318849636,-103.17958973344943,103.34903854612749,Front,Right
440,14.666666666666666,1439,287,0.5262935161590576,False,-5.2661822750604275,-78.31375966815872,78.4906212812479,Front,Right
441,14.7,1436,236,0.5471391677856445,False,-4.193944722301245,-62.35516452434351,62.49604559643487,Front,Right
442,14.733333333333333,1433,193,0.5069308280944824,False,-3.4989786546425603,-51.34260848776589,51.4616973870242,Front,Right
443,14.766666666666667,1431,155,0.5531316995620728,False,-2.7424753885687907,-43.74900138189456,43.834875306882275,Front,Right
444,14.8,1431,155,0.5527780652046204,False,-1.4501509138284272,-23.930487773953722,23.974385972788248,Front,Right
445,14.833333333333334,1430,125,0.4346175789833069,False,-1.0299178775049276,-22.961583028280856,22.984669368930234,Front,Right
451,15.033333333333333,1371,712,0.5127618312835693,False,-25.423205586533697,234.66510433307116,236.03823964338136,Middle,Right
452,15.066666666666666,1360,731,0.4757503867149353,False,-23.681175465832908,189.53376911701983,191.00745458527882,Back,Right
464,15.466666666666667,1141,187,0.38972073793411255,False,-105.8114726646703,-128.11826348848095,166.16364580367784,Front,Right
469,15.633333333333333,1059,313,0.4981625974178314,False,-110.39287517797885,-77.45025555063374,134.85224868321362,Front,Right
470,15.666666666666666,1039,343,0.45327651500701904,False,-73.05582311826221,-23.07070213376887,76.6120786066525,Front,Right
477,15.9,1139,464,0.3177950978279114,False,6.639730759501205,47.426923883387865,47.889446996173724,Middle,Right
479,15.966666666666667,864,698,0.43250739574432373,False,-98.03740535899884,138.73554807431339,169.87903092790697,Middle,Left
480,16.0,864,698,0.42929619550704956,False,-75.30614527816272,96.44466825122053,122.36253328018236,Middle,Left
496,16.533333333333335,685,596,0.4427875280380249,False,-115.02384502348033,5.15038647831139,115.13909590083463,Middle,Left
497,16.566666666666666,672,611,0.5281205773353577,False,-79.03722219489565,-6.956668332719021,79.3427862289746,Middle,Left
498,16.6,672,611,0.5280686020851135,False,-39.26585264730873,-6.177296022208828,39.748788286766164,Middle,Left
499,16.633333333333333,658,628,0.5161359906196594,False,-21.516167779320156,3.744281616703092,21.83953114728051,Middle,Left
505,16.833333333333332,611,554,0.5505580306053162,False,-29.110275855245305,-27.302649854159732,39.91043534499876,Middle,Left
506,16.866666666666667,604,540,0.5819941163063049,False,-21.130834254523805,-27.218957130909793,34.45843559400893,Middle,Left
507,16.9,598,530,0.5620079636573792,False,-13.322808668016421,-19.93622752539352,23.978123336675697,Middle,Left
508,16.933333333333334,592,523,0.5141218304634094,False,-8.840951953366774,-13.178628643494488,15.86942608807493,Middle,Left
509,16.966666666666665,579,532,0.4674059748649597,False,-9.797954254757938,-2.6135284644303045,10.140534434274981,Middle,Left
510,17.0,579,532,0.46771693229675293,False,-5.832903204388817,0.37180649629240037,5.844741214327163,Middle,Left
514,17.133333333333333,521,593,0.5998215675354004,False,-27.1453306624981,26.49375049660089,37.93135631838782,Middle,Left
515,17.166666666666668,506,613,0.6296073794364929,False,-25.815885245476718,28.40657044927147,38.38480396845926,Middle,Left
516,17.2,506,613,0.6296278238296509,False,-14.682607931281023,16.757431605923728,22.2798224788917,Middle,Left
517,17.233333333333334,490,641,0.570256769657135,False,-13.255222707770608,19.427386445529653,23.518594199835732,Middle,Left
518,17.266666666666666,474,666,0.45171812176704407,False,-14.15945120872996,22.255150804345615,26.37767608900696,Middle,Left
519,17.3,465,660,0.3474263846874237,False,-12.142829001944456,10.832924161636734,16.272693141033425,Middle,Left
521,17.366666666666667,461,648,0.46575596928596497,False,-8.346615386444743,-0.8393628316487511,8.38871374957982,Middle,Left
522,17.4,461,648,0.46448570489883423,False,-4.147346524523285,-2.564542309595566,4.876203487569108,Middle,Left
523,17.433333333333334,460,646,0.4811810851097107,False,-2.0707920143614156,-2.6336058251815615,3.3502327097043962,Middle,Left
524,17.466666666666665,459,646,0.4074034094810486,False,-1.2488838742843174,-1.5343109644722583,1.9783379557464893,Middle,Left
525,17.5,459,649,0.5167862176895142,False,-0.5753260379550712,0.5753853949150491,0.8136758584538607,Middle,Left
526,17.533333333333335,458,656,0.5161789059638977,False,-0.6345767159782307,3.6629523787776153,3.7175136499620693,Middle,Left
527,17.566666666666666,457,664,0.4888743758201599,False,-0.7993711882631035,6.043605154488806,6.096241264909783,Middle,Left
528,17.6,457,664,0.48874470591545105,False,-0.49132937261712156,3.916827372316732,3.947523428293483,Middle,Left
529,17.633333333333333,456,674,0.4108705222606659,False,-0.6511515581315993,6.105534630751615,6.140158913168654,Middle,Left
530,17.666666666666668,457,686,0.38750356435775757,False,0.017297625422057372,8.983411006420278,8.983427659758732,Middle,Left
532,17.733333333333334,493,543,0.5303317308425903,False,15.324051074778254,-54.65341401149854,56.7610976325747,Middle,Left
533,17.766666666666666,510,476,0.6397461891174316,False,18.75839271149178,-71.20181976520722,73.63135497188411,Middle,Left
534,17.8,510,476,0.6399270296096802,False,11.452644817900724,-44.096939754401596,45.55988552474986,Middle,Left
536,17.866666666666667,541,359,0.5434914827346802,False,18.401695007067794,-70.03920974934925,72.4162501200282,Middle,Left
537,17.9,541,336,0.49764466285705566,False,11.8726608850975,-54.806493745618255,56.07773027843599,Front,Left
538,17.933333333333334,536,320,0.49253395199775696,False,3.587836157828704,-35.71319117474239,35.89296020362657,Front,Left
539,17.966666666666665,530,309,0.5178127884864807,False,-1.9349923642190774,-21.880646803212297,21.966039697144105,Front,Left
540,18.0,530,309,0.5177564024925232,False,-2.10217777372873,-10.180892613344376,10.395658988097347,Front,Left
541,18.033333333333335,524,298,0.5582115054130554,False,-3.7771647714935104,-8.442270288161994,9.248724308216481,Front,Left
542,18.066666666666666,517,290,0.45269331336021423,False,-5.435871870663815,-7.945853962856139,9.627320405663808,Front,Left
543,18.1,511,282,0.540033757686615,False,-5.969485066824027,-7.880269705609715,9.88602056422023,Front,Left
544,18.133333333333333,504,276,0.5623444318771362,False,-6.499512429362526,-7.074956809037947,9.607219976100806,Front,Left
545,18.166666666666668,497,273,0.43229979276657104,False,-6.805185720129473,-5.21151971384964,8.571492892915302,Front,Left
546,18.2,497,273,0.4323217570781708,False,-3.987293117142798,-2.6798507532201867,4.804175939903652,Front,Left
547,18.233333333333334,490,273,0.47798892855644226,False,-4.756886116882773,-1.0977069023115817,4.881897783892506,Front,Left
548,18.266666666666666,482,273,0.4268493950366974,False,-6.262853292151764,-0.3525194927865415,6.272766642543836,Front,Left
549,18.3,474,279,0.4080083668231964,False,-7.264365867305846,2.461525246932899,7.670079399547718,Front,Left
550,18.333333333333332,467,284,0.4962396025657654,False,-7.331204734049041,4.034303028465399,8.367924699591182,Front,Left
551,18.366666666666667,460,294,0.5171718001365662,False,-7.203316615461095,6.83251496732964,9.928294467901395,Front,Left
552,18.4,460,294,0.5160292387008667,False,-4.140139432543325,4.447141868593702,6.076004058614449,Front,Left
553,18.433333333333334,451,306,0.4958702325820923,False,-5.645685239622648,7.21010788794592,9.15747877861112,Front,Left
554,18.466666666666665,443,322,0.4633830785751343,False,-6.907618544261942,11.41239930700132,13.340091899813721,Front,Left
555,18.5,434,340,0.5738186836242676,False,-8.015593959439373,14.941563171533272,16.95582662483668,Front,Left
556,18.533333333333335,426,364,0.5276904106140137,False,-8.206401816931363,19.393703493918093,21.058508161570828,Middle,Left
557,18.566666666666666,417,387,0.42841053009033203,False,-8.575358778867527,21.709022689911492,23.34134624089605,Middle,Left
558,18.6,417,387,0.4299580156803131,False,-5.02158142432863,12.958507833186726,13.897453193442463,Middle,Left
559,18.633333333333333,408,418,0.532795250415802,False,-6.067683864354114,19.01456926986306,19.9592242333254,Middle,Left
560,18.666666666666668,397,452,0.5383679866790771,False,-8.335894797157918,26.418565507564082,27.702486270129963,Middle,Left
583,19.433333333333334,1207,550,0.5371421575546265,False,336.6652268212642,57.95088054846666,341.6164216002444,Middle,Right
584,19.466666666666665,1225,529,0.5084882974624634,False,263.6254173751057,30.244695230598317,265.35467260968005,Middle,Right
585,19.5,1241,515,0.2929466962814331,False,146.09477289917868,6.63383001145079,146.24530887889506,Middle,Right
586,19.533333333333335,1255,503,0.45166024565696716,False,69.4013829568344,-5.437542752238153,69.61407061437797,Middle,Right
587,19.566666666666666,1268,494,0.38365471363067627,False,31.93214711962799,-9.091751752751497,33.20123445902616,Middle,Right
588,19.6,1268,494,0.3766375780105591,False,11.778869789499609,-5.905293424766709,13.176276558670871,Middle,Right
591,19.7,1138,463,0.5107619762420654,False,-51.653880202067356,-15.929649437492973,54.05438993394474,Middle,Right
597,19.9,1410,612,0.5897936820983887,False,73.65396748244524,51.89838451316443,90.10188256069551,Middle,Right
598,19.933333333333334,1432,645,0.6071028113365173,False,74.17577731116735,56.00551577082017,92.94441207771168,Middle,Right
599,19.966666666666665,1454,678,0.5444449782371521,False,52.24626018711015,47.026991695649016,70.29373835187494,Middle,Right
600,20.0,1454,678,0.5449428558349609,False,26.287209060857784,25.57816801145861,36.677786724823626,Middle,Right
601,20.033333333333335,1469,680,0.5321727395057678,False,16.898378255505413,11.805052452210909,20.613453157236634,Middle,Right
602,20.066666666666666,1481,668,0.5647757053375244,False,13.158204926646878,-0.6963721142294599,13.176619104046022,Middle,Right
603,20.1,1489,659,0.5267873406410217,False,10.314691910599958,-6.4283612589504555,12.153875829798958,Middle,Right
604,20.133333333333333,1489,653,0.5203422904014587,False,5.4544595351335605,-7.268731917212526,9.087661553156208,Middle,Right
605,20.166666666666668,1490,649,0.5878657102584839,False,2.7084425551220996,-6.038772619373038,6.618340866326381,Middle,Right
606,20.2,1490,649,0.5880427360534668,False,1.0760437382836137,-3.2707910751185474,3.443246198542085,Middle,Right
607,20.233333333333334,1490,648,0.6295157074928284,False,0.3310468674790463,-1.8192041971028423,1.849079754695369,Middle,Right
608,20.266666666666666,1489,649,0.6032461524009705,False,-0.36348850706542535,-0.370662201236438,0.5191477267542385,Middle,Right
609,20.3,1489,653,0.5512771010398865,False,-0.3338003588647334,1.7321805184948884,1.7640498939178124,Middle,Right
610,20.333333333333332,1489,660,0.5911943316459656,False,-0.18762003871563326,4.330263593085726,4.334326252663885,Middle,Right
611,20.366666666666667,1489,669,0.5972480177879333,False,-0.08238636660173916,6.764135149388757,6.764636858885945,Middle,Right
612,20.4,1489,669,0.5976773500442505,False,-0.028864771826238533,4.342715425229036,4.342811352059261,Middle,Right
613,20.433333333333334,1489,682,0.5312357544898987,False,-0.0071463944291656825,7.565418617423058,7.565421992711626,Middle,Right
614,20.466666666666665,1489,699,0.4893650710582733,False,-0.0002608200027446328,12.121725883251862,12.12172588605786,Middle,Right
630,21.0,1615,506,0.5268858671188354,False,53.18346344588674,-73.64483027310692,90.8407497219981,Middle,Right
649,21.633333333333333,781,555,0.3292737603187561,False,-311.8062266545478,-37.15822059021709,314.0125098431247,Middle,Left
667,22.233333333333334,63,779,0.4378270208835602,False,-548.2777080978232,79.5722988567905,554.0218370627247,Back,Left
669,22.3,76,773,0.2687647342681885,False,-353.50048584970943,64.24969481728392,359.29182676494986,Back,Left
670,22.333333333333332,76,773,0.2626318037509918,False,-169.59387739636824,34.401249970906406,173.04776580440202,Back,Left
671,22.366666666666667,82,778,0.4549582302570343,False,-62.715163234509205,16.673891132518907,64.8938390375406,Back,Left
672,22.4,90,789,0.4599851667881012,False,-13.826708317739957,11.12084876091645,17.74404520020833,Back,Left
684,22.8,394,908,0.32290786504745483,False,129.03201792966073,55.665449768234204,140.52723561253205,Back,Left
689,22.966666666666665,1137,545,0.3812066316604614,False,413.6279165616294,-113.11010454716379,428.8145859340428,Middle,Right
690,23.0,571,504,0.6561316251754761,False,50.84595490885829,-112.74166595517853,123.6769759209155,Middle,Left
691,23.033333333333335,589,447,0.539277970790863,False,-27.64865347518534,-89.14844890110558,93.33752718207136,Middle,Left
705,23.5,363,472,0.25409573316574097,False,-125.35336987321685,-36.76517678788747,130.63363105577417,Middle,Left
706,23.533333333333335,363,472,0.25702571868896484,False,-89.85035924907967,-11.914973449434584,90.63693314256285,Middle,Left
723,24.1,311,790,0.5066560506820679,False,-67.54939857417266,131.76349651335073,148.0693765137013,Back,Left
724,24.133333333333333,311,790,0.5067368745803833,False,-35.06498745119328,101.74527307535465,107.61809298687108,Back,Left
737,24.566666666666666,539,616,0.6336628794670105,False,81.7573387784812,-19.98981887433358,84.16564205641164,Middle,Left
738,24.6,532,602,0.6456009149551392,False,65.10674102369775,-39.14916473790937,75.9706839932537,Middle,Left
741,24.7,364,847,0.3484136760234833,False,-36.24988480496398,77.37190196791558,85.44276073785244,Back,Left
742,24.733333333333334,364,847,0.34981924295425415,False,-39.00649136785704,65.47322670235442,76.21187429560175,Back,Left
743,24.766666666666666,502,560,0.614386260509491,False,35.213741127056295,-85.41932466765181,92.39301159092632,Middle,Left
744,24.8,494,554,0.5794066786766052,False,30.196580422440494,-78.77987149811142,84.36884272329368,Middle,Left
745,24.833333333333332,364,845,0.4685419797897339,False,-38.31340835715034,78.48056146366207,87.33336010708277,Back,Left
746,24.866666666666667,477,551,0.5037806630134583,False,13.34802409436847,-50.720432771253115,52.44742174527789,Middle,Left
747,24.9,469,553,0.5358004570007324,False,13.541067461232178,-51.48568434894213,53.23660583535116,Middle,Left
748,24.933333333333334,469,553,0.5352251529693604,False,7.8600120299245395,-29.890813367151583,30.9069654424443,Middle,Left
749,24.966666666666665,461,558,0.5497142672538757,False,0.1536790477023331,-11.316809999094382,11.317853409781613,Middle,Left
751,25.033333333333335,442,578,0.5644155144691467,False,-9.303663406516991,5.210490905754266,10.663365709789346,Middle,Left
752,25.066666666666666,434,590,0.5419803857803345,False,-10.438269451258284,11.020621404334463,15.179313728714709,Middle,Left
756,25.2,405,652,0.5906451940536499,False,-18.474984115162925,33.57321751757592,38.320829486559774,Middle,Left
757,25.233333333333334,395,678,0.5787009596824646,False,-16.329611678512013,34.394521268235714,38.074129154087224,Middle,Left
758,25.266666666666666,385,708,0.5210651755332947,False,-13.275787940624951,32.68598921578396,35.27917851167723,Middle,Left
770,25.666666666666668,417,625,0.381521999835968,False,6.378376775115967,-16.447416543582676,17.640895704114797,Middle,Left
782,26.066666666666666,617,553,0.31782105565071106,False,91.60412395067992,-48.64847899067761,103.7207309696472,Middle,Left
813,27.1,822,687,0.3607631325721741,False,154.6498045631361,22.70750199092644,156.30800586689125,Middle,Left
814,27.133333333333333,822,687,0.36026129126548767,False,100.60665176128552,25.83538806433423,103.87090860799918,Middle,Left
816,27.2,860,546,0.5241049528121948,False,64.5535019050895,-44.02565555043023,78.13714196754013,Middle,Left
817,27.233333333333334,828,470,0.6434931755065918,False,17.376966242382814,-69.96746036075724,72.09302646666353,Middle,Left
819,27.3,776,354,0.511796772480011,False,-20.310502001836248,-94.01861259559796,96.18740045332198,Front,Left
851,28.366666666666667,534,342,0.3407459557056427,False,-120.59590395785162,-63.68479546387405,136.3786098502505,Front,Left
852,28.4,534,342,0.3414214253425598,False,-87.56069454505885,-31.40048326533578,93.0207803585292,Front,Left
853,28.433333333333334,530,333,0.4286344647407532,False,-46.40585163411262,-16.194066617623562,49.15028849867824,Front,Left
854,28.466666666666665,523,326,0.5066006779670715,False,-22.441450745241536,-9.604334879265004,24.41028389888508,Front,Left
855,28.5,515,321,0.4508177638053894,False,-12.076624005745103,-6.4869416339318295,13.708583411066844,Front,Left
856,28.533333333333335,507,319,0.40271803736686707,False,-8.509421539963158,-4.037707572084717,9.418775790008977,Front,Left
857,28.566666666666666,500,318,0.46398308873176575,False,-7.236811299819584,-2.3192047146305277,7.599351834042222,Front,Left
858,28.6,500,318,0.4644377529621124,False,-3.955560247307753,-1.0341516814912368,4.088511534826889,Front,Left
859,28.633333333333333,492,320,0.4657576382160187,False,-5.078080604964079,0.4754472714052089,5.100289475941439,Front,Left
860,28.666666666666668,483,324,0.42212772369384766,False,-6.933434941831109,2.232039555965293,7.283853421918806,Front,Left
861,28.7,473,331,0.43606919050216675,False,-8.55831623449111,4.557455151325295,9.696142234203021,Front,Left
862,28.733333333333334,464,340,0.4922427535057068,False,-9.034221626010206,6.8468564509496765,11.335634241090425,Front,Left
863,28.766666666666666,454,355,0.4307571053504944,False,-9.526643971300446,10.696020229369774,14.323470044057151,Front,Left
864,28.8,454,355,0.43068063259124756,False,-5.593341642087779,6.867160240626362,8.856825644414183,Front,Left
865,28.833333333333332,443,371,0.4880940020084381,False,-7.174665279459577,10.039846394781,12.339948845237561,Middle,Left
867,28.9,420,418,0.47256913781166077,False,-14.135979655608054,26.20530364263665,29.77488639485549,Middle,Left
868,28.933333333333334,408,447,0.5560705065727234,False,-14.474603272693095,30.264830087111637,33.548086087042215,Middle,Left
869,28.966666666666665,395,483,0.5499104261398315,False,-13.912526136605528,33.40876379546947,36.18983119390312,Middle,Left
870,29.0,395,483,0.5503968596458435,False,-7.940157095267277,19.86761430822129,21.39551805864403,Middle,Left
873,29.1,418,488,0.4380706548690796,False,6.183138881919363,11.179851032058925,12.775769077911985,Middle,Left
875,29.166666666666668,499,369,0.5307581424713135,False,40.27813803589731,-45.31453436671998,60.62784367360795,Middle,Left
876,29.2,499,369,0.5308489799499512,False,29.351589619896668,-36.2527424911584,46.64522645828904,Middle,Left
877,29.233333333333334,530,326,0.5094053149223328,False,28.10075090771051,-37.48625068381695,46.84945241843451,Front,Left
879,29.3,539,285,0.3314829170703888,False,19.815817948703202,-39.18909647857095,43.914142639733846,Front,Left
881,29.366666666666667,510,276,0.26071101427078247,False,-2.2644721409053616,-26.75017704942461,26.845852682537384,Front,Left
882,29.4,510,276,0.25909504294395447,False,-5.242361083508139,-13.243358931400703,14.243205591291288,Front,Left
887,29.566666666666666,431,290,0.3914066255092621,False,-36.904686909719125,0.6618725803442356,36.910621658501036,Front,Left
888,29.6,431,290,0.39323312044143677,False,-26.968623499496676,2.859774651084593,27.11982604134087,Front,Left
889,29.633333333333333,423,300,0.48746705055236816,False,-17.192155270035144,6.265102527894927,18.298134126572375,Front,Left
890,29.666666666666668,415,313,0.488713800907135,False,-11.57059506305335,9.714455863066858,15.10792251862011,Front,Left
891,29.7,406,328,0.5058724880218506,False,-9.484090913100152,12.559905898852254,15.738462969298256,Front,Left
892,29.733333333333334,397,347,0.5025689601898193,False,-8.908046441607219,15.785083662406416,18.12518020972484,Front,Left
893,29.766666666666666,387,374,0.4748157560825348,False,-9.26631647575179,21.09327990451495,23.0389035797931,Middle,Left
894,29.8,387,374,0.47347864508628845,False,-5.418994095794331,13.135851044964372,14.20971779050328,Middle,Left
895,29.833333333333332,377,399,0.2846956253051758,False,-6.6671419669207435,16.72585549850008,18.00569421499158,Middle,Left
896,29.866666666666667,365,431,0.3217101991176605,False,-9.140409719452734,23.81237585337603,25.506397895859614,Middle,Left
904,30.133333333333333,454,419,0.49050965905189514,False,31.84231239491894,9.959089874079005,33.36339805498822,Middle,Left
905,30.166666666666668,497,357,0.5743737816810608,False,43.8529953367899,-22.881590969657402,49.46364731104273,Middle,Left
906,30.2,497,357,0.5749611854553223,False,27.483162289015073,-19.07435828809646,33.45377936058966,Middle,Left
907,30.233333333333334,533,307,0.49955788254737854,False,28.161625466866063,-31.449256455552316,42.21531571057047,Front,Left
908,30.266666666666666,565,267,0.4879627227783203,False,29.90260660535453,-37.26300764878153,47.777584920417894,Front,Left
909,30.3,586,233,0.483012855052948,False,26.45513471739359,-36.9214900433737,45.42103675543291,Front,Left
910,30.333333333333332,579,220,0.4825138747692108,False,11.720130331316803,-26.763806561960145,29.217508392555875,Front,Left
911,30.366666666666667,574,207,0.5092760324478149,False,2.037763039308027,-19.144717756734543,19.25286202592739,Front,Left
912,30.4,574,207,0.5090956091880798,False,-0.5472894159552619,-9.706700569107491,9.722117137904085,Front,Left
913,30.433333333333334,568,196,0.4504489302635193,False,-3.3093191721330526,-8.571162937795659,9.18784128559529,Front,Left
914,30.466666666666665,563,187,0.5085993409156799,False,-4.514991368904395,-8.549867429935416,9.668783797911278,Front,Left
915,30.5,557,180,0.47545215487480164,False,-5.35658226188686,-7.891901731733093,9.538086101084051,Front,Left
916,30.533333333333335,551,176,0.4258268177509308,False,-5.778090026912129,-6.131979402146108,8.425407749625268,Front,Left
917,30.566666666666666,545,173,0.4738631546497345,False,-5.946847449968104,-4.496489417906084,7.455428336355567,Front,Left
918,30.6,545,173,0.4740150272846222,False,-3.4668523058483864,-2.307231784881592,4.164418737319071,Front,Left
919,30.633333333333333,538,173,0.36453959345817566,False,-4.516311877455894,-0.9433656635280434,4.613784970018964,Front,Left
920,30.666666666666668,531,173,0.43032267689704895,False,-5.751598007925129,-0.3022099410902024,5.759532141872468,Front,Left
921,30.7,525,178,0.44309180974960327,False,-6.076514781410945,2.0499839617267632,6.4129919797269865,Front,Left
922,30.733333333333334,517,187,0.41205134987831116,False,-6.9462692050229,5.402515471766495,8.799876663415564,Front,Left
923,30.766666666666666,510,198,0.48137277364730835,False,-7.123897900015508,8.362380913769737,10.985414686611778,Front,Left
924,30.8,510,198,0.48166143894195557,False,-4.148670878395162,5.360077414249309,6.778045436849006,Front,Left
925,30.833333333333332,502,211,0.5007708072662354,False,-5.244201908270652,8.049883447452661,9.607407411590385,Front,Left
926,30.866666666666667,495,230,0.5143200159072876,False,-6.1804662337262535,13.150933956212388,14.530837098628915,Front,Left
927,30.9,486,251,0.4812075197696686,False,-7.537340774019105,17.37265734968091,18.93728410657434,Front,Left
928,30.933333333333334,478,275,0.5127637982368469,False,-7.974353174946885,20.922057472478453,22.390238887525896,Front,Left
929,30.966666666666665,470,303,0.5375522971153259,False,-8.06303357601571,24.541871089137846,25.832459174531113,Front,Left
930,31.0,470,303,0.5377047657966614,False,-4.675567418842196,14.828061026412657,15.547743389030984,Front,Left
931,31.033333333333335,460,337,0.5301758050918579,False,-6.31942767137912,21.189649714228466,22.111906772268522,Front,Left
932,31.066666666666666,451,375,0.4869631230831146,False,-7.743709781137381,29.418343227037255,30.420452978189715,Middle,Left
933,31.1,441,421,0.40204399824142456,False,-8.949791228947943,37.88314064476927,38.92596958526689,Middle,Left
938,31.266666666666666,493,487,0.4491540789604187,False,16.561177658433778,51.258807276209964,53.86778191845142,Middle,Left
939,31.3,508,496,0.4787932336330414,False,20.447102584397918,35.805029755264,41.2320768319064,Middle,Left
940,31.333333333333332,522,506,0.572350025177002,False,18.41818525451918,22.160033931895516,28.81486859127677,Middle,Left
941,31.366666666666667,534,517,0.5607464909553528,False,15.347723060452939,15.018674631675147,21.473546303125655,Middle,Left
942,31.4,534,517,0.5608505606651306,False,8.322704804707364,7.407297020093639,11.141609596920327,Middle,Left
946,31.533333333333335,516,585,0.6060665845870972,False,-4.039178874170185,31.6264187438334,31.883307992393753,Middle,Left
947,31.566666666666666,502,606,0.5847223401069641,False,-10.445780476265554,31.455917384400536,33.144970481998655,Middle,Left
948,31.6,502,606,0.5846171975135803,False,-7.178159013685621,18.14855158154655,19.51655428946954,Middle,Left
949,31.633333333333333,495,629,0.4608233869075775,False,-6.520822739589211,17.825507825008632,18.980776022612663,Middle,Left
950,31.666666666666668,494,649,0.48887065052986145,False,-4.073473589973065,18.685771385010266,19.12462390064381,Middle,Left
951,31.7,495,649,0.5567338466644287,False,-1.496045447508937,10.952094436874265,11.053801361306636,Middle,Left
952,31.733333333333334,499,643,0.5664839744567871,False,1.282916894923964,2.4191307623121254,2.738260287928485,Middle,Left
953,31.766666666666666,502,640,0.536612868309021,False,2.5027496302612153,-1.3883672565541119,2.862048104215623,Middle,Left
954,31.8,502,640,0.5364968180656433,False,1.6637005353549124,-1.4806812443396058,2.2271767820896717,Middle,Left
955,31.833333333333332,505,639,0.5301791429519653,False,2.078249468986268,-1.2942401996876611,2.4483011558689554,Middle,Left
956,31.866666666666667,790,810,0.5330426096916199,False,121.56840575053965,71.46134830892616,141.01631671142707,Back,Left
957,31.9,791,811,0.5470243096351624,False,91.96619870879064,54.682519491244356,106.99513840757011,Back,Left
958,31.933333333333334,514,649,0.594852864742279,False,-69.0416942142225,-39.764575655321856,79.67419291726789,Middle,Left
959,31.966666666666665,790,811,0.5352112650871277,False,47.910212538345206,28.570620087469003,55.782334100070585,Back,Left
960,32.0,790,811,0.5349859595298767,False,48.52355474462268,28.685623242134316,56.36843394883408,Back,Left
961,32.03333333333333,790,811,0.5010870695114136,False,28.151883455624183,16.59841360457695,32.68081817041384,Back,Left
962,32.06666666666667,524,685,0.43715283274650574,False,-99.63374766006537,-45.74325255222466,109.63269962399991,Middle,Left
963,32.1,527,689,0.2975078225135803,False,-79.07931346589288,-35.853890535353216,86.82764124838378,Middle,Left
975,32.5,544,676,0.6349136829376221,False,-34.8640761978551,-24.445839334567353,42.580545674067245,Middle,Left
976,32.53333333333333,545,678,0.6109676361083984,False,-11.849376297652569,-11.2511296940042,16.34000116385166,Middle,Left
977,32.56666666666667,545,683,0.5714132785797119,False,-2.7478113038717815,-2.041128368686852,3.422962456578189,Middle,Left
978,32.6,545,683,0.5713908672332764,False,0.0334680432238712,0.4611908419153039,0.4624036143714512,Middle,Left
979,32.63333333333333,545,690,0.55048006772995,False,0.5148366605577206,3.666904510465402,3.7028698972453427,Middle,Left
980,32.666666666666664,546,701,0.5080461502075195,False,0.8053731324528396,7.333184737553443,7.37727756544131,Middle,Left
981,32.7,546,716,0.5147626399993896,False,0.5171993897581684,11.222373805014163,11.234285425795193,Back,Left
982,32.733333333333334,546,731,0.49154219031333923,False,0.24755942337225145,13.509716469131515,13.51198448579718,Back,Left
983,32.766666666666666,547,746,0.5187870860099792,False,0.5171140511298786,14.54623727783194,14.555425994620135,Back,Left
984,32.8,547,746,0.5188309550285339,False,0.346871414159162,8.59118584871175,8.598185510040231,Back,Left
985,32.833333333333336,547,740,0.4938560426235199,False,0.17013374482246507,1.3715887477888096,1.3821002800767352,Back,Left
986,32.86666666666667,547,737,0.5142085552215576,False,0.06683682895711963,-1.7597792157220549,1.7610479975833633,Back,Left
987,32.9,548,737,0.5085135698318481,False,0.4423059014348118,-1.5748717431039951,1.6358042418552037,Back,Left
988,32.93333333333333,548,739,0.5043448209762573,False,0.3225075090352232,-0.03303922429546291,0.32419544063134276,Back,Left
989,32.96666666666667,549,746,0.5027420520782471,False,0.5871226797037261,3.2101661278016635,3.2634153289318864,Back,Left
990,33.0,549,746,0.5031365752220154,False,0.38645064794078293,2.433000039709299,2.4635002124049636,Back,Left
991,33.03333333333333,549,753,0.4499017000198364,False,0.1875861732042535,4.222195602303401,4.226360642028505,Back,Left
992,33.06666666666667,550,765,0.492617666721344,False,0.49506336442295285,7.823821869717261,7.839469139161137,Back,Left
993,33.1,551,769,0.4904758334159851,False,0.7629664161842505,6.8514964400543565,6.893846620015748,Back,Left
994,33.13333333333333,551,768,0.5009655952453613,False,0.48865957880974614,3.36429439943669,3.3995977688608394,Back,Left
995,33.166666666666664,552,769,0.5195729732513428,False,0.6556186447787222,1.745109699210271,1.8642005443780052,Back,Left
996,33.2,552,769,0.5203200578689575,False,0.40863788362632125,0.7200659771055604,0.8279371542089317,Back,Left
997,33.233333333333334,552,775,0.5391185283660889,False,0.19215850008010837,2.7660181991694888,2.7726849022724993,Back,Left
998,33.266666666666666,553,785,0.5275204181671143,False,0.49456763323279207,6.183848617498976,6.203594189498978,Back,Left
999,33.3,553,791,0.5509492754936218,False,0.33969459131823476,6.715148091375313,6.723734550417079,Back,Left
1000,33.333333333333336,554,791,0.5441310405731201,False,0.5908067217479531,3.9754549041848204,4.0191161065176635,Back,Left
1001,33.36666666666667,554,795,0.5104809999465942,False,0.3861741054815828,3.497728790968387,3.5189824004836505,Back,Left
1002,33.4,554,795,0.514565646648407,False,0.18672076212723923,1.9362902666444899,1.945272381881665,Back,Left
1003,33.43333333333333,555,801,0.5343673825263977,False,0.4944583191090456,3.37333491473826,3.409380805414427,Back,Left
1004,33.46666666666667,556,805,0.5147514343261719,False,0.7626631349674711,3.8938539012221955,3.9678398734704157,Back,Left
1005,33.5,557,808,0.5152980089187622,False,0.9106205080106928,3.609306189520212,3.7224079410132584,Back,Left
1006,33.53333333333333,557,814,0.5185313820838928,False,0.5526227183786059,4.567682871897047,4.6009910548804385,Back,Left
1007,33.56666666666667,558,817,0.545831561088562,False,0.6776742230028867,4.076729702742157,4.132670737155662,Back,Left
1008,33.6,558,817,0.5457812547683716,False,0.41391820721524364,2.268548613137364,2.3060011041696704,Back,Left
1009,33.63333333333333,558,821,0.5274428129196167,False,0.1922215200251439,2.6772298937915675,2.684121647200809,Back,Left
1010,33.666666666666664,558,824,0.5014628171920776,False,0.07159213182432118,2.8862735237799604,2.8871612853133684,Back,Left
1011,33.7,559,829,0.5035681128501892,False,0.4419662323538704,3.815682225583842,3.8411931736346636,Back,Left
1012,33.733333333333334,559,832,0.48092392086982727,False,0.3214035207833026,3.63697457476409,3.6511483509510176,Back,Left
1013,33.766666666666666,560,836,0.4996381103992462,False,0.586348499305829,3.7583638232443564,3.803827439633682,Back,Left
1014,33.8,560,836,0.49979397654533386,False,0.38606199194657775,2.1936503788500423,2.2273629803547275,Back,Left
1015,33.833333333333336,561,838,0.5327720046043396,False,0.6095126850211897,1.8331546424284015,1.9318285783833256,Back,Left
1016,33.86666666666667,562,843,0.5170798301696777,False,0.8141390662400746,3.1056008509206636,3.210541864610616,Back,Left
1017,33.9,562,848,0.4821469187736511,False,0.5069601860512623,4.131884322476203,4.1628688046305,Back,Left
1018,33.93333333333333,563,852,0.5924137830734253,False,0.6603386147328423,4.259054347001383,4.309940952822749,Back,Left
1019,33.96666666666667,564,856,0.5801692605018616,False,0.8310286382896613,4.1723678519886995,4.254322753384652,Back,Left
1020,34.0,564,856,0.580303966999054,False,0.5106750824834514,2.3958411368494437,2.449661975230361,Back,Left
1021,34.03333333333333,564,862,0.5631086230278015,False,0.23805596251572786,3.600598699562238,3.6084597318771023,Back,Left
1022,34.06666666666667,564,866,0.5665736794471741,False,0.08900864694300806,3.9838108557824077,3.984805073511173,Back,Left
1023,34.1,565,870,0.5314154028892517,False,0.4469687865865529,4.058914629295571,4.083450632013599,Back,Left
1024,34.13333333333333,566,875,0.5660805702209473,False,0.7441654334484112,4.469510245783192,4.531037853461433,Back,Left
1025,34.166666666666664,566,880,0.5481263399124146,False,0.4830129197767851,4.766569737513422,4.790979914719959,Back,Left
1026,34.2,566,880,0.5480861067771912,False,0.23261639093035885,2.8076065642864902,2.8172264738842094,Back,Left
1027,34.233333333333334,567,883,0.4802696704864502,False,0.5119064977016994,2.5398161400505486,2.5908906359880355,Back,Left
1028,34.266666666666666,568,887,0.491237074136734,False,0.7676787284782165,3.1084262825663487,3.2018189493328917,Back,Left
1029,34.3,569,892,0.5343396663665771,False,0.9113041979508358,4.00812626958878,4.1104198732210415,Back,Left
1030,34.333333333333336,569,897,0.4938409626483917,False,0.5522460906429053,4.587063533720623,4.620186966673525,Back,Left
1031,34.36666666666667,570,902,0.4711070656776428,False,0.6772676638242181,4.864496515084978,4.911417090182406,Back,Left
1032,34.4,570,902,0.47103574872016907,False,0.41367791713298324,2.8607036353897777,2.8904592556643616,Back,Left
1033,34.43333333333333,570,906,0.46903979778289795,False,0.19211227360306968,2.9845977372024817,2.9907742774377195,Back,Left
1034,34.46666666666667,571,910,0.4576519727706909,False,0.49363478268215255,3.435253380838838,3.4705390199849826,Back,Left
1035,34.5,572,915,0.47898006439208984,False,0.7610799657313649,4.175991371621313,4.244778751606885,Back,Left
1036,34.53333333333333,573,919,0.5047264099121094,False,0.9095702353999509,4.233673633701762,4.330278333990438,Back,Left
1037,34.56666666666667,573,924,0.5512189269065857,False,0.5521106848394597,4.56740283838666,4.60065157302924,Back,Left
1038,34.6,573,924,0.551618218421936,False,0.2553917586650309,2.699037356865273,2.7110934333121564,Back,Left
1039,34.63333333333333,574,928,0.5503621697425842,False,0.5168162814238257,2.9152948327381734,2.960750416792109,Back,Left
1040,34.666666666666664,575,934,0.4570655822753906,False,0.7673333608387294,4.25582176253592,4.324444399125789,Back,Left
1041,34.7,575,939,0.38800472021102905,False,0.48808593947944673,4.808746009405323,4.833452810081956,Back,Left
1042,34.733333333333334,1135,552,0.4883555769920349,False,236.5984911212491,-160.4683402329763,285.8827280861473,Middle,Right
1046,34.86666666666667,577,960,0.4165378510951996,False,-56.723663649017766,50.02745841709455,75.63280117410054,Back,Left
1047,34.9,576,964,0.5432749390602112,False,-85.46007757569718,68.1006579125156,109.27545226335901,Back,Left
1048,34.93333333333333,576,967,0.5832732319831848,False,-54.5083746806785,43.842618659411656,69.95239896703919,Back,Left
1059,35.3,582,1019,0.3942428529262543,False,-23.454695353235508,42.964049388846675,48.94928267094773,Back,Left
1060,35.333333333333336,583,1025,0.43672338128089905,False,-7.600473514021244,27.20565294975004,28.247384835761018,Back,Left
1061,35.36666666666667,583,1029,0.42734700441360474,False,-1.567960623604984,14.60353947915551,14.68747309227933,Back,Left
1062,35.4,583,1029,0.4274978041648865,False,0.16856182975949285,6.194530185491988,6.196823162671602,Back,Left
1063,35.43333333333333,584,1035,0.4586711823940277,False,0.8288649847571875,4.614327245646493,4.688180147228995,Back,Left
1064,35.46666666666667,584,1040,0.4420815110206604,False,0.596651004468882,4.495594121891752,4.535014766229698,Back,Left
1065,35.5,584,1045,0.4286899268627167,False,0.30344533902466797,4.687342254037333,4.697154083086862,Back,Left
1076,35.86666666666667,607,1045,0.2617490291595459,False,9.831026877795365,2.7430580139743546,10.206539900473803,Back,Left
1107,36.9,525,898,0.5661970376968384,False,-27.23186422825747,-60.807238553851604,66.62653142623638,Back,Left
1108,36.93333333333333,511,858,0.6636502146720886,False,-28.249813659871073,-63.34658178289605,69.3602292051762,Back,Left
1109,36.96666666666667,580,747,0.6218094229698181,False,12.616273674618888,-83.91264594024233,84.85577476003238,Back,Left
1110,37.0,580,747,0.620933473110199,False,14.57160611758037,-52.158509652029124,54.1557183865815,Back,Left
1111,37.03333333333333,485,803,0.5312762260437012,False,-31.328295302003948,-0.8495886842719145,31.339813136998846,Back,Left
1112,37.06666666666667,470,779,0.5309022665023804,False,-32.61364063065705,-1.4801024994273342,32.64720904755038,Back,Left
1113,37.1,457,764,0.5359508395195007,False,-24.564056208593136,-7.2989421277264945,25.625522699114327,Back,Left
1114,37.13333333333333,445,753,0.5212940573692322,False,-17.826926368451907,-9.897740815407047,20.390305956389682,Back,Left
1122,37.4,1519,845,0.4647011160850525,False,444.21429103530744,32.648520990970034,445.41246309785566,Back,Right
1123,37.43333333333333,1509,856,0.5021413564682007,False,334.8127146000452,31.090829552562845,336.2531688179575,Back,Right
1124,37.46666666666667,1498,872,0.45267465710639954,False,169.36095689664165,24.44374707119208,171.11583939491553,Back,Right
1125,37.5,780,546,0.4413185119628906,False,-234.65434531763333,-124.65660649413549,265.7102393944969,Middle,Left
1126,37.53333333333333,1476,907,0.5026915073394775,False,86.1817368263828,53.767756430868516,101.5788530847888,Back,Right
1127,37.56666666666667,1476,907,0.5029016733169556,False,106.96403773675286,62.86027075328591,124.06739703937494,Back,Right
1129,37.63333333333333,780,555,0.2915606200695038,False,-228.25054141040795,-110.62510070855575,253.64586052392508,Middle,Left
1131,37.7,1278,506,0.6010623574256897,False,18.567379923320175,-115.52126894053318,117.00389384481146,Middle,Right
1132,37.733333333333334,1254,461,0.4507168233394623,False,44.57193421804202,-86.6277495775788,97.42188828396402,Middle,Right
1133,37.766666666666666,1254,461,0.45105940103530884,False,30.39170806305473,-44.91621353018446,54.232113704695955,Middle,Right
1137,37.9,1290,457,0.3351961076259613,False,30.232611463561554,-20.215138527526214,36.36842891291495,Middle,Right
1140,38.0,1313,472,0.47524523735046387,False,27.151509536864904,-0.9508618176381205,27.168154304750036,Middle,Right
1141,38.03333333333333,1326,483,0.4601152539253235,False,20.629496497850084,7.525387089903123,21.959225318933488,Middle,Right
1144,38.13333333333333,1368,539,0.5090340971946716,False,28.48769075432217,29.49574414652744,41.006675642769444,Middle,Right
1145,38.166666666666664,1368,539,0.5089319944381714,False,17.86350220985249,20.960206382098242,27.539697942816233,Middle,Right
1148,38.266666666666666,1417,631,0.6460873484611511,False,29.11293388951875,49.42421917153778,57.361279277677305,Middle,Right
1149,38.3,1435,675,0.45429670810699463,False,26.426486233202382,52.205717470530324,58.51321313384243,Middle,Right
1150,38.333333333333336,1457,725,0.5667792558670044,False,24.079543836691414,51.77025675552643,57.09626884408712,Back,Right
1151,38.36666666666667,1457,725,0.5662978887557983,False,13.49787500552777,29.841361556622463,32.75209137166536,Back,Right
1152,38.4,1478,779,0.5935466885566711,False,14.77922797803753,36.131587299926125,39.03738183381399,Back,Right
1153,38.43333333333333,1497,835,0.35063058137893677,False,16.789019360979733,45.638321694907994,48.62846469128202,Back,Right
1154,38.46666666666667,1521,885,0.43253186345100403,False,20.190699209620963,49.17296834629283,53.15679778315193,Back,Right
1156,38.53333333333333,1128,857,0.2528609335422516,False,-153.60381799224962,17.229323512790074,154.56708087592432,Back,Right
1157,38.56666666666667,1128,857,0.2538093328475952,False,-119.73246019193351,4.266253705933762,119.80844270875211,Back,Right
1164,38.8,1433,513,0.5237802863121033,False,65.57395698792783,-145.04023394007083,159.17478850761853,Middle,Right
1165,38.833333333333336,1402,458,0.5513783693313599,False,57.824788363457216,-133.6353185248959,145.60942451135847,Middle,Right
1171,39.03333333333333,1428,405,0.46746233105659485,False,43.0115618435574,-97.56873991591516,106.62857713109398,Middle,Right
1172,39.06666666666667,1433,409,0.4145594835281372,False,24.32851962587948,-48.272967974014755,54.05697276214288,Middle,Right
1173,39.1,1438,416,0.51084965467453,False,12.841839915681067,-16.161000194360113,20.64196646887324,Middle,Right
1174,39.13333333333333,1443,426,0.5122762322425842,False,7.485543799819464,0.6019608395312765,7.509708571665403,Middle,Right
1175,39.166666666666664,1443,426,0.5123764276504517,False,3.371783841880501,3.3342653676068466,4.741967083182764,Middle,Right
1176,39.2,1448,439,0.51573246717453,False,3.326144200942818,7.900772080402491,8.572364592802446,Middle,Right
1177,39.233333333333334,1453,457,0.5670126676559448,False,4.024518475743443,12.977018395292596,13.586749257764447,Middle,Right
1178,39.266666666666666,1459,476,0.5261961817741394,False,4.982752420200393,16.423564656266578,17.162788167998276,Middle,Right
1179,39.3,1466,500,0.5070666074752808,False,6.004910015437488,20.23545955293993,21.10764713586451,Middle,Right
1180,39.333333333333336,1472,525,0.5933957695960999,False,6.18493862568034,22.92559115928402,23.745235223220558,Middle,Right
1181,39.36666666666667,1472,525,0.5934826135635376,False,3.6064573795029746,13.728358289272311,14.194166271704837,Middle,Right
1182,39.4,1479,555,0.5162169933319092,False,4.579446448632003,18.957812510113637,19.503076294382623,Middle,Right
1183,39.43333333333333,1487,591,0.530102014541626,False,6.196543531335357,27.082666620136294,27.782512179304064,Middle,Right
1184,39.46666666666667,1496,630,0.6065122485160828,False,7.667924924116457,33.56023567533766,34.42508520288792,Middle,Right
1185,39.5,1503,675,0.32064780592918396,False,7.64813741435755,39.5427614777928,40.2756004449159,Middle,Right
1189,39.63333333333333,1529,785,0.5109792947769165,False,15.390611144292954,70.34733308399292,72.01123650809699,Back,Right
1194,39.8,1548,721,0.573861837387085,False,18.293420264038474,19.129627788301946,26.468696308577563,Back,Right
1209,40.3,1114,809,0.3023146390914917,False,-172.09454447573592,39.073984671877845,176.47466820042246,Back,Right
1214,40.46666666666667,1406,422,0.37893614172935486,False,-10.126685315191736,-137.2112038543018,137.58438944378713,Middle,Right
1215,40.5,1420,435,0.5390007495880127,False,28.911919905276477,-105.21553093778981,109.11556746463873,Middle,Right
1216,40.53333333333333,1434,452,0.4757082164287567,False,29.57272789209623,-47.93035750459032,56.31931645091055,Middle,Right
1217,40.56666666666667,1434,452,0.4751936197280884,False,17.20832404737302,-17.494236141152616,24.539248453891307,Middle,Right
1218,40.6,1448,473,0.5113904476165771,False,13.651383914264471,4.175809169568932,14.275771957946608,Middle,Right
1219,40.63333333333333,1464,499,0.5452805161476135,False,14.009011881646105,17.24801318604198,22.22040442399687,Middle,Right
1220,40.666666666666664,1480,528,0.5423967838287354,False,14.913085710434547,24.53718048861073,28.713643999628925,Middle,Right
1221,40.7,1496,560,0.5035061240196228,False,15.532917141307067,28.985696857552146,32.88528754985456,Middle,Right
1226,40.86666666666667,1491,610,0.5430689454078674,False,6.976758558495964,38.647984356565885,39.27266039892012,Middle,Right
1227,40.9,1374,599,0.42586764693260193,False,-46.87596458298644,19.413813130694713,50.737088957279894,Middle,Right
1228,40.93333333333333,1364,660,0.4113708734512329,False,-40.90532322969531,33.53997578392374,52.89778297917638,Middle,Right
1229,40.96666666666667,1364,660,0.40107712149620056,False,-22.576213405464696,21.89996749447335,31.453044176805417,Middle,Right
1231,41.03333333333333,1411,554,0.28984493017196655,False,10.056081193697327,-34.15807213425688,35.60756465841675,Middle,Right
1232,41.06666666666667,1554,793,0.4805094003677368,False,71.98293519583662,71.15021275216222,101.21213234630501,Back,Right
1239,41.3,1409,616,0.6334946155548096,False,-8.569260473608665,-14.828585989683532,17.12656379773802,Middle,Right
1240,41.333333333333336,1413,638,0.5837483406066895,False,-17.61465889655802,-14.601317896463915,22.879569321901318,Middle,Right
1241,41.36666666666667,1413,638,0.5841726064682007,False,-11.791290853146174,-8.397869379980696,14.476144172627807,Middle,Right
1242,41.4,1415,648,0.5638109445571899,False,-4.9327752514476755,0.4727148275806403,4.955373950521723,Middle,Right
1243,41.43333333333333,1414,641,0.5617635846138,False,-2.0509507234455358,-1.1010604923837906,2.3278172346406842,Middle,Right
1244,41.46666666666667,1415,636,0.5624851584434509,False,-0.2497906213231902,-3.0271081122418266,3.0373967270841162,Middle,Right
1245,41.5,1414,631,0.5571392774581909,False,-0.24555769465419292,-4.202963426055773,4.2101306561870935,Middle,Right
1246,41.53333333333333,1414,630,0.5614644289016724,False,-0.14115799257167386,-3.0605316480603237,3.063785166692617,Middle,Right
1247,41.56666666666667,1414,630,0.5617414712905884,False,-0.0629785012335148,-1.5652066626095058,1.5664731687120617,Middle,Right
1248,41.6,1414,631,0.5435311198234558,False,-0.022468424969762812,-0.21608046524841895,0.2172454777034382,Middle,Right
1249,41.63333333333333,1414,635,0.5365686416625977,False,-0.00576788195189229,1.8038047370614396,1.8038139587849686,Middle,Right
1250,41.666666666666664,1414,642,0.506855309009552,False,-0.00035809862697547875,4.356877307434747,4.356877322151093,Middle,Right
1251,41.7,1413,650,0.4895239770412445,False,-0.4213256195686546,6.349414459096478,6.3633779748721775,Middle,Right
1252,41.733333333333334,1413,662,0.4877316653728485,False,-0.3184883475122146,9.089405033574446,9.094983160614952,Middle,Right
1253,41.766666666666666,1413,662,0.4879700839519501,False,-0.1657391797191127,5.74106592312094,5.743457792072165,Middle,Right
1254,41.8,1413,674,0.4810347855091095,False,-0.06857077020131269,7.786333471217381,7.7866354014764365,Middle,Right
1272,42.4,979,466,0.4538033604621887,False,-183.20609647881412,-82.92891701313523,201.1011662422076,Middle,Right
1285,42.833333333333336,767,476,0.44803109765052795,False,-227.98610456964082,-59.86650016023064,235.71521316680875,Middle,Left
1317,43.9,778,595,0.3438376188278198,False,-135.09198537873573,19.73856100588648,136.5263905043697,Middle,Left
1326,44.2,232,608,0.5547084808349609,False,-291.9796224670987,31.076259880677704,293.62873473861663,Middle,Left
1328,44.266666666666666,239,695,0.4103144407272339,False,-193.7356690126016,56.70054030271716,201.86247971918996,Middle,Left
1336,44.53333333333333,553,312,0.5060283541679382,False,38.07315389304199,-124.32427932885604,130.0234266507489,Front,Left
1337,44.56666666666667,553,312,0.5058580636978149,False,63.30071736344678,-104.09940497014452,121.83458841341043,Front,Left
1338,44.6,550,307,0.4189998209476471,False,39.810729689825266,-58.66815237645254,70.90025600590586,Front,Left
1339,44.63333333333333,548,304,0.4029141962528229,False,17.978329317579767,-27.07786218172609,32.50278365592554,Front,Left
1340,44.666666666666664,546,302,0.4443005621433258,False,5.656306896570635,-10.865013416223597,12.2491764720291,Front,Left
1341,44.7,544,303,0.452815443277359,False,0.22950171031492683,-2.9686224436374884,2.9774805201555377,Front,Left
1342,44.733333333333334,542,308,0.4671090543270111,False,-1.6783366194875016,1.801563535911571,2.4622032780091363,Front,Left
1343,44.766666666666666,542,308,0.4667978882789612,False,-1.3098284442275987,1.890980942606151,2.300317256077374,Front,Left
1344,44.8,539,313,0.4335799813270569,False,-1.957569126087689,3.2191733252523536,3.7676456549718176,Front,Left
1345,44.833333333333336,536,323,0.43399351835250854,False,-2.5129582188652075,6.317863432466757,6.799290945463565,Front,Left
1346,44.86666666666667,535,335,0.49852925539016724,False,-1.9733096804165162,9.268236257490335,9.475977755328682,Front,Left
1347,44.9,531,348,0.48765069246292114,False,-2.7325997538476465,11.368967705106972,11.692755367940162,Front,Left
1348,44.93333333333333,528,364,0.34427282214164734,False,-2.9807349520650304,13.697897959267147,14.01845887952585,Middle,Left
1349,44.96666666666667,528,364,0.34539794921875,False,-1.766825244849995,8.331163037913202,8.516451667809216,Middle,Left
1352,45.06666666666667,521,446,0.5331717133522034,False,-3.759394048461899,38.46938244929291,38.652638068333395,Middle,Left
1353,45.1,518,482,0.528683602809906,False,-3.793850433948014,42.796331357161236,42.9641627260105,Middle,Left
1354,45.13333333333333,516,521,0.5808302760124207,False,-3.042836193752258,41.96482801987878,42.075000212002514,Middle,Left
1355,45.166666666666664,516,521,0.5809159874916077,False,-1.6247125870103856,24.104075697184097,24.158769757708505,Middle,Left
1359,45.3,526,549,0.5590526461601257,False,3.5345182771099637,22.56651985092355,22.841642621172216,Middle,Left
1360,45.333333333333336,530,533,0.4728967249393463,False,4.6501254205925235,6.014347946644406,7.602371186054163,Middle,Left
1361,45.36666666666667,530,533,0.4711305797100067,False,2.886138548686483,0.5269684991878822,2.9338526754679495,Middle,Left
1362,45.4,535,522,0.5203213691711426,False,3.464101760956844,-5.315958824146157,6.34503106614,Middle,Left
1363,45.43333333333333,539,513,0.49866223335266113,False,3.793261216610921,-7.911866372335179,8.774192848982338,Middle,Left
1364,45.46666666666667,542,506,0.5477535724639893,False,3.517080523989785,-7.989453828479396,8.729331468653962,Middle,Left
1365,45.5,546,502,0.4860054850578308,False,3.67170977402638,-6.3193979043278175,7.308641634250763,Middle,Left
1366,45.53333333333333,540,506,0.4670758843421936,False,-0.38300133462551544,-1.6662348010478985,1.709686648058075,Middle,Left
1367,45.56666666666667,540,506,0.4699566662311554,False,-0.9437045227895635,-0.13396865463260088,0.9531662115064439,Middle,Left
1368,45.6,526,517,0.3155134916305542,False,-6.55442886412728,4.838462715718324,8.146855785289265,Middle,Left
1370,45.666666666666664,512,540,0.5594544410705566,False,-10.696644363389641,13.389985175981664,17.13796673032843,Middle,Left
1371,45.7,513,553,0.5056166648864746,False,-6.497646713343241,14.748863677364234,16.11671159340187,Middle,Left
1374,45.8,516,586,0.5919321775436401,False,-1.7407903196722803,22.694436914844133,22.76110317666753,Middle,Left
1375,45.833333333333336,516,606,0.654621422290802,False,-0.15858226643453555,22.97269477527243,22.97324212149989,Middle,Left
1376,45.86666666666667,518,631,0.5668937563896179,False,1.0343934435995215,23.87795734773364,23.900351815325827,Middle,Left
1377,45.9,519,657,0.5218161940574646,False,1.2324094763199656,24.934910062995925,24.96534744334672,Middle,Left
1378,45.93333333333333,523,658,0.5578472018241882,False,2.435838104952534,15.020704730165818,15.216927346358874,Middle,Left
1379,45.96666666666667,523,658,0.5577706694602966,False,1.6221087394959794,6.914477784188026,7.102199644531192,Middle,Left
1380,46.0,527,648,0.5037547945976257,False,2.4808060808191907,-1.6689796800684817,2.989965214364703,Middle,Left
1381,46.03333333333333,532,641,0.5515015721321106,False,3.6970936090902695,-5.448283478120379,6.584245895494457,Middle,Left
1383,46.1,540,632,0.43985193967819214,False,5.729960824670112,-7.62069718125966,9.534541235985772,Middle,Left
1405,46.833333333333336,522,580,0.5795974731445312,False,-3.9238763651611617,-26.739444910134978,27.0258158032503,Middle,Left
1406,46.86666666666667,513,594,0.6645508408546448,False,-7.7862847353314395,-12.9501140594552,15.110648038140344,Middle,Left
1407,46.9,503,608,0.6087169051170349,False,-9.40875698016422,0.8816745976578826,9.449976614148001,Middle,Left
1408,46.93333333333333,500,623,0.5437288880348206,False,-6.992782443523219,9.304954594356506,11.639638581394305,Middle,Left
1409,46.96666666666667,500,623,0.5429004430770874,False,-3.6108372361252363,6.878134192846391,7.768325142563949,Middle,Left
1410,47.0,500,639,0.5474158525466919,False,-1.4842605756841478,10.295966815322352,10.402401747613352,Middle,Left
1411,47.03333333333333,502,647,0.5554935336112976,False,0.365241890025394,9.935778678555478,9.942489607108822,Middle,Left
1412,47.06666666666667,506,641,0.5016943216323853,False,2.2289049607672586,3.1453975160950804,3.855067166521226,Middle,Left
1413,47.1,509,638,0.5929133892059326,False,2.886388896741966,-0.6581976223073975,2.960483908628185,Middle,Left
1414,47.13333333333333,514,637,0.5352821350097656,False,3.8956401504789424,-1.4800905194443708,4.1673348950825515,Middle,Left
1415,47.166666666666664,514,637,0.5354604721069336,False,2.4311605794156814,-1.0017934683347431,2.6294736956476568,Middle,Left
1416,47.2,518,637,0.5241653919219971,False,2.8324378627146825,-0.49374370139895873,2.8751499245797363,Middle,Left
1417,47.233333333333334,522,641,0.4971056282520294,False,3.3967343261151184,1.4934974946451047,3.710571229436235,Middle,Left
1418,47.266666666666666,526,646,0.5425887107849121,False,3.7518936127429403,3.327564775602517,5.01491704987948,Middle,Left
1419,47.3,530,653,0.2895703911781311,False,3.9198878628366804,5.204380861225105,6.515450944171131,Middle,Left
1455,48.5,614,632,0.3448871672153473,False,37.750225798193824,-5.521666644650389,38.15191149011099,Middle,Left
1456,48.53333333333333,617,640,0.5487473607063293,False,29.10976172441975,-1.7252924211429805,29.160844665251837,Middle,Left
1457,48.56666666666667,617,640,0.5473975539207458,False,15.283712793128142,-0.3207391021037387,15.287077886713574,Middle,Left
1458,48.6,619,637,0.37947380542755127,False,7.213730676043522,-1.2013818691254183,7.313086124335923,Middle,Left
1459,48.63333333333333,622,635,0.26635289192199707,False,3.9974926921699065,-1.6953542260951537,4.342139308669231,Middle,Left
1460,48.666666666666664,625,637,0.538289487361908,False,3.0034842105863095,-0.2236130432732224,3.0117968384941203,Middle,Left
1461,48.7,628,640,0.5416128635406494,False,2.8249274104918585,1.3992133869825307,3.152461415601999,Middle,Left
1462,48.733333333333334,631,644,0.5751909613609314,False,2.8670119419885265,2.7860720963141707,3.997743763845459,Middle,Left
1463,48.766666666666666,631,644,0.5748370289802551,False,1.6643940551213363,1.857193839822985,2.4938677850679434,Middle,Left
1464,48.8,633,642,0.5648404955863953,False,1.591796741631101,0.06365705807194799,1.5930690781349581,Middle,Left
1465,48.833333333333336,636,643,0.5579628944396973,False,2.173241137714961,0.13934596188275858,2.1777039146196273,Middle,Left
1466,48.86666666666667,639,645,0.5389299392700195,False,2.6257879404206013,0.9381796086751107,2.788358528990138,Middle,Left
1467,48.9,641,646,0.5902683138847351,False,2.4422766753169336,1.1065879894894668,2.681278116361575,Middle,Left
1468,48.93333333333333,644,647,0.5970976948738098,False,2.644988707221002,1.0916016278056595,2.8613911608087754,Middle,Left
1469,48.96666666666667,644,647,0.5969318151473999,False,1.5646992943918876,0.6281858747304562,1.6860905595730435,Middle,Left
1470,49.0,649,649,0.5676450133323669,False,2.822221966339069,1.1246453500369782,3.0380526642319023,Middle,Left
1471,49.03333333333333,652,649,0.5979159474372864,False,3.1212911267230927,0.7383983321939283,3.2074429682766126,Middle,Left
1472,49.06666666666667,655,650,0.6203631162643433,False,3.1233765154872017,0.7800045110538258,3.219299286298385,Middle,Left
1473,49.1,658,651,0.6035904884338379,False,3.0716729742316398,0.8802730338857208,3.1953177423867283,Middle,Left
1474,49.13333333333333,658,651,0.6033440232276917,False,1.7659625778934247,0.5265884404914469,1.8428020002645982,Middle,Left
1475,49.166666666666664,660,651,0.537162184715271,False,1.6321286741435497,0.24131452765354638,1.6498717253829873,Middle,Left
1476,49.2,663,652,0.5679263472557068,False,2.1856401515483945,0.5107197726047442,2.2445172216291702,Middle,Left
1477,49.233333333333334,666,653,0.59613037109375,False,2.6279771985932974,0.7652318756211646,2.7371233037247262,Middle,Left
1478,49.266666666666666,669,654,0.5733030438423157,False,2.863805421854883,0.9096656224390919,3.0048083198255635,Middle,Left
1479,49.3,671,656,0.5453796982765198,False,2.54122196514786,1.3956080073607693,2.8992293435255254,Middle,Left
1480,49.333333333333336,671,656,0.5444715619087219,False,1.4111473967850765,0.8931187524897254,1.6700293654610092,Middle,Left
1481,49.36666666666667,674,657,0.5887549519538879,False,1.8804473436171674,0.8487111873465087,2.063102734146795,Middle,Left
1482,49.4,677,658,0.631309449672699,False,2.436598329627052,0.9046561715971376,2.599117967455523,Middle,Left
1483,49.43333333333333,679,659,0.6945164799690247,False,2.351398133972878,0.9548659269550335,2.5378814241234413,Middle,Left
1484,49.46666666666667,486,742,0.4436545670032501,False,-80.11817544354945,35.593621386250945,87.6688537611343,Back,Left
1485,49.5,479,740,0.44119518995285034,False,-63.948527824259685,25.897032444952895,68.9932641664754,Back,Left
1486,49.53333333333333,479,740,0.4417254328727722,False,-34.076296425616704,13.238867695314527,36.557647571206495,Back,Left
1515,50.5,446,828,0.5197246074676514,False,-28.30016544383359,42.53913141603115,51.09282792896397,Back,Left
1516,50.53333333333333,446,828,0.5195308327674866,False,-15.326124099595273,29.804058082781683,33.51375774391793,Back,Left
1517,50.56666666666667,456,820,0.31249138712882996,False,-2.3250398374948116,11.578830002301377,11.809958275461112,Back,Left
1554,51.8,601,541,0.5402936339378357,False,62.174462296443636,-114.31628143640512,130.1302269393982,Middle,Left
1555,51.833333333333336,594,538,0.37687715888023376,False,44.46795406945695,-89.76029933641719,100.17140448294887,Middle,Left
1556,51.86666666666667,587,538,0.46722811460494995,False,19.58975646946801,-47.49931686207917,51.38038206258555,Middle,Left
1558,51.93333333333333,578,537,0.2636318802833557,False,3.090382161169668,-20.343826128631036,20.577213695105723,Middle,Left
1563,52.1,521,538,0.5234090685844421,False,-25.212135692839396,-6.497123842260224,26.03582924386724,Middle,Left
1564,52.13333333333333,521,538,0.5253360867500305,False,-19.612730994431754,-1.2879622821706587,19.654975550741298,Middle,Left
1584,52.8,1137,546,0.39731091260910034,False,249.66579567294482,3.5603543185887103,249.69118056487002,Middle,Right
1585,52.833333333333336,1138,548,0.40544185042381287,False,192.68126508322968,3.7655011507570424,192.71805549296664,Middle,Right
1586,52.86666666666667,1139,548,0.42301416397094727,False,101.6239704421929,2.212696879677445,101.64805652798793,Middle,Right
1587,52.9,134,657,0.5960739850997925,False,-381.6847592067131,47.00910473288735,384.5687342185713,Middle,Left
1588,52.93333333333333,1139,548,0.36783847212791443,False,117.50734443968497,-10.8589581945714,118.0080207881575,Middle,Right
1589,52.96666666666667,1139,548,0.3670819103717804,False,156.84242134333897,-16.584985573040885,157.7168566745465,Middle,Right
1590,53.0,1139,548,0.3353419303894043,False,97.64967441169989,-10.604866702381239,98.2238367733936,Middle,Right
1591,53.03333333333333,1139,548,0.4054376780986786,False,45.88806137358713,-5.063359060282579,46.166565624913495,Middle,Right
1592,53.06666666666667,1139,548,0.39669519662857056,False,17.297999439646198,-1.938964650614869,17.40633127716275,Middle,Right
1593,53.1,1138,547,0.4110386371612549,False,4.481313110721995,-0.9860220897818845,4.588508118971425,Middle,Right
1594,53.13333333333333,1138,546,0.4386553466320038,False,0.3064909005078027,-0.822151785314772,0.8774224924119228,Middle,Right
1595,53.166666666666664,1138,546,0.4391511082649231,False,-0.5666330764077039,-0.44594187094317994,0.7210667067196783,Middle,Right
1596,53.2,1137,546,0.4761703908443451,False,-0.9050998130306144,-0.1906944922701036,0.9249703027287988,Middle,Right
1597,53.233333333333334,420,548,0.5746095180511475,False,-303.2164818945586,0.7794324211169434,303.21748367700087,Middle,Left
1598,53.266666666666666,1138,545,0.4929513931274414,False,73.9632059932681,-0.6429680494976113,73.9660006267426,Middle,Right
1599,53.3,1137,544,0.46360501646995544,False,109.5184672137917,-1.047070711714508,109.52347245195295,Middle,Right
1600,53.333333333333336,1137,544,0.3785385191440582,False,69.6269426096517,-0.6771128890386993,69.63023494885131,Middle,Right
1601,53.36666666666667,1137,544,0.37819892168045044,False,33.131814577939885,-0.32540611546013753,33.133412537300906,Middle,Right
1602,53.4,1137,543,0.42681750655174255,False,12.645719478524978,-0.5474825254128667,12.657565257393639,Middle,Right
1603,53.43333333333333,1138,544,0.3027932643890381,False,4.080594466017976,0.066118966461169,4.081130102535623,Middle,Right
1604,53.46666666666667,1138,545,0.4860151708126068,False,0.8323394559351551,0.5696090585748158,1.0085848747214674,Middle,Right
1605,53.5,1138,545,0.35103902220726013,False,-0.09766469270861322,0.4188856427339873,0.4301204178954232,Middle,Right
1606,53.53333333333333,1138,547,0.42798951268196106,False,-0.22212571539447162,1.0593943320784378,1.0824306833601056,Middle,Right
1607,53.56666666666667,1138,547,0.42740631103515625,False,-0.15054352893705125,0.7263515072436818,0.7417882893251883,Middle,Right
1610,53.666666666666664,572,470,0.5341367721557617,False,-238.9729103837801,-32.13990939288759,241.1245024319951,Middle,Left
1621,54.03333333333333,426,367,0.2924453020095825,False,-242.27773866650423,-67.90395161587492,251.61369060209344,Middle,Left
1622,54.06666666666667,425,373,0.44158506393432617,False,-141.02740893073604,-43.08188375282752,147.46110937263828,Middle,Left
1623,54.1,424,382,0.29778772592544556,False,-63.886189073513265,-16.676894744867536,66.0269942725555,Middle,Left
1624,54.13333333333333,423,395,0.2601327896118164,False,-23.600047939683087,0.553344904887382,23.606534123820566,Middle,Left
1625,54.166666666666664,423,395,0.26140686869621277,False,-6.461761583586576,3.3894167266013904,7.296746433149543,Middle,Left
1626,54.2,421,412,0.3917839229106903,False,-1.5252831854786209,9.639461296265054,9.759390497264457,Middle,Left
1627,54.233333333333334,420,434,0.47385528683662415,False,-0.4241190454458008,15.970095492572653,15.975726180884525,Middle,Left
1628,54.266666666666666,418,457,0.535530686378479,False,-0.8930943836490519,20.06511992952041,20.08498581936623,Middle,Left
1629,54.3,416,485,0.5695573687553406,False,-1.443849445947214,24.14383676400694,24.186970767534643,Middle,Left
1630,54.333333333333336,414,519,0.3764631450176239,False,-1.776709818644935,29.030588227799505,29.084905890026885,Middle,Left
1631,54.36666666666667,414,519,0.37496623396873474,False,-1.0860920717282503,17.647879002304197,17.68126775059527,Middle,Left
1632,54.4,413,555,0.6202527284622192,False,-0.9267180914941999,23.366116546860006,23.384486500724098,Middle,Left
1635,54.5,406,693,0.3832993805408478,False,-3.461750694414587,72.76979035254016,72.85208374386369,Middle,Left
1639,54.63333333333333,399,838,0.3761671185493469,False,-5.40680874606662,112.05833518394888,112.188698472773,Back,Left
1640,54.666666666666664,401,814,0.402927041053772,False,-2.6270439028754793,61.62989620408978,61.6858611498171,Back,Left
1641,54.7,402,792,0.5638865232467651,False,-0.6009072845742596,17.34717826014797,17.357582871874897,Back,Left
1642,54.733333333333334,403,773,0.2748263478279114,False,0.43577107418204,-5.883452461892919,5.899568569009739,Back,Left
1643,54.766666666666666,403,773,0.25999870896339417,False,0.4365277233823533,-7.538770668249804,7.551398522243743,Back,Left
1644,54.8,403,758,0.39447838068008423,False,0.25241183636995423,-10.982925428101485,10.985825535405969,Back,Left
1645,54.833333333333336,404,746,0.48753902316093445,False,0.5351547672786747,-12.025803268328131,12.037704717821944,Back,Left
1646,54.86666666666667,406,738,0.5263895988464355,False,1.2038118850864363,-10.512374827819166,10.5810768627414,Back,Left
1647,54.9,408,733,0.4323660135269165,False,1.6589925712990445,-7.916075503613797,8.08804721366906,Back,Left
1648,54.93333333333333,410,731,0.5417022109031677,False,1.8840178907406937,-4.956463881356569,5.302457696184217,Back,Left
1649,54.96666666666667,410,731,0.5418489575386047,False,1.128896089394716,-2.33716208553304,2.5955217191739757,Back,Left
1650,55.0,411,736,0.2990112602710724,False,0.939963656286497,1.226363202036398,1.545153189314395,Back,Left
1653,55.1,551,506,0.4088076949119568,False,59.60110416576999,-95.73536964923345,112.77212696253598,Middle,Left
1664,55.46666666666667,518,429,0.39262107014656067,False,30.96649670596796,-105.10157956509947,109.56854450671351,Middle,Left
1665,55.5,500,444,0.5368025898933411,False,5.197240262726208,-56.07743565636692,56.317760041948354,Middle,Left
1666,55.53333333333333,480,464,0.5207282304763794,False,-10.028957854675053,-15.232658894722611,18.237705246379555,Middle,Left
1667,55.56666666666667,480,464,0.5195609927177429,False,-8.50851265194748,-1.5265775857459474,8.644375435718434,Middle,Left
1668,55.6,459,486,0.5182978510856628,False,-13.510077349942652,10.845365237367952,17.324668456664405,Middle,Left
1669,55.63333333333333,439,512,0.5437156558036804,False,-17.140406428959984,19.44597644681467,25.921796475553226,Middle,Left
1670,55.666666666666664,415,543,0.6245366334915161,False,-20.682476569012813,25.854956637312146,33.109569911810325,Middle,Left
1671,55.7,391,580,0.26439082622528076,False,-22.713777453820093,31.700866544664684,38.9982131116838,Middle,Left
1676,55.86666666666667,788,684,0.44682422280311584,False,154.0781544594335,63.2585310474902,166.5584565007473,Middle,Left
1699,56.63333333333333,74,831,0.3782370090484619,False,-180.82627468872312,104.22644573659406,208.71342460101778,Back,Left
1700,56.666666666666664,88,845,0.30148935317993164,False,-158.25795039826397,73.4420282653285,174.46865156808167,Back,Left
1701,56.7,101,862,0.461786687374115,False,-81.95234884552552,44.13448485453682,93.08082635362692,Back,Left
1708,56.93333333333333,488,348,0.5640880465507507,False,129.5783195649514,-196.66552454574588,235.51617661241457,Front,Left
1709,56.96666666666667,488,348,0.5642035603523254,False,112.5705334501367,-156.55584530528918,192.8259777636353,Front,Left
1710,57.0,527,300,0.5745545029640198,False,78.48770505657475,-103.5906459914074,129.96669489513442,Front,Left
1711,57.03333333333333,559,257,0.5025148391723633,False,52.79408294262174,-68.58045805033484,86.54764248751182,Front,Left
1712,57.06666666666667,559,238,0.47223448753356934,False,25.933216646980668,-41.41622677591906,48.86548440375466,Front,Left
1713,57.1,552,224,0.4836050868034363,False,7.247324528305278,-25.004913646621514,26.03400505672483,Front,Left
1714,57.13333333333333,544,211,0.5207017064094543,False,-2.517262115503714,-17.014116105179653,17.199324271571946,Front,Left
1715,57.166666666666664,544,211,0.5205081701278687,False,-3.194366109808328,-8.409167217646642,8.995447078263258,Front,Left
1716,57.2,536,202,0.5161048173904419,False,-5.343368294785953,-7.1255448544760025,8.906456882895306,Front,Left
1717,57.233333333333334,528,194,0.42593908309936523,False,-6.84753833473894,-7.265955088619368,9.984131639534457,Front,Left
1718,57.266666666666666,520,186,0.47747156023979187,False,-7.601945454159008,-7.600797142958809,10.74996241372125,Front,Left
1719,57.3,513,182,0.4645370543003082,False,-7.482275181880665,-6.140617210411271,9.679443249597904,Front,Left
1720,57.333333333333336,504,180,0.44481274485588074,False,-8.101560488744417,-4.132799101646865,9.094795806798402,Front,Left
1721,57.36666666666667,504,180,0.44534626603126526,False,-4.792361965198012,-2.030717174121585,5.204857869985395,Front,Left
1722,57.4,494,180,0.3637087643146515,False,-6.400868950221469,-0.7990936790686223,6.450556102061024,Front,Left
1723,57.43333333333333,484,184,0.3607539236545563,False,-8.206560255241898,1.4459376354699218,8.332968670803,Front,Left
1724,57.46666666666667,475,189,0.4524371325969696,False,-8.86314762107647,3.346005332021729,9.4737076920766,Front,Left
1725,57.5,464,198,0.4698440134525299,False,-9.882048881978012,6.070961074107146,11.597907503904619,Front,Left
1726,57.53333333333333,453,210,0.482681006193161,False,-10.535437332004772,9.058964931544883,13.894613539338179,Front,Left
1727,57.56666666666667,453,210,0.4823790192604065,False,-6.205017728122193,5.767658509495976,8.47160726712895,Front,Left
1728,57.6,443,228,0.4717451333999634,False,-7.035333323253388,10.344357014137744,12.510061430913131,Front,Left
1729,57.63333333333333,430,247,0.517737090587616,False,-9.700838091444725,14.813107181563264,17.706902723201086,Front,Left
1730,57.666666666666664,418,271,0.5193023085594177,False,-11.146143194886475,19.48685719134637,22.44936772643813,Front,Left
1731,57.7,406,299,0.5074307322502136,False,-11.764027446667033,23.91275060993469,26.649802691556033,Front,Left
1732,57.733333333333334,392,331,0.5324417352676392,False,-12.817870494097987,28.114725354406666,30.898795862576662,Front,Left
1733,57.766666666666666,392,331,0.532545268535614,False,-7.595418353893093,16.996590337085284,18.616510496259952,Front,Left
1734,57.8,378,369,0.41806894540786743,False,-9.368281225723054,23.881025115699714,25.65283714720295,Middle,Left
1750,58.333333333333336,229,865,0.36997926235198975,False,-68.62021972014203,224.38064093385358,234.63888548219688,Back,Left
1751,58.36666666666667,229,865,0.36599159240722656,False,-50.212775269654664,165.39323807945559,172.8474645538323,Back,Left
1754,58.46666666666667,256,805,0.37200868129730225,False,-14.343266408087516,59.74989272874525,61.4473674973138,Back,Left
1755,58.5,265,798,0.49024227261543274,False,1.899798093032576,12.755194248171136,12.895899080826752,Back,Left
1756,58.53333333333333,273,794,0.44940346479415894,False,7.36834639709815,-2.6891531091715155,7.8437282635361685,Back,Left
1757,58.56666666666667,273,794,0.4498666822910309,False,5.23253826142351,-4.305574674862647,6.776240103337511,Back,Left
1758,58.6,282,793,0.4014641046524048,False,6.442215826693386,-3.1983209484145867,7.192454493896109,Back,Left
1761,58.7,306,817,0.3807152509689331,False,14.068556615063066,8.47887395439104,16.426064311504614,Back,Left
1777,59.233333333333334,496,429,0.4497314989566803,False,89.68478954269253,-156.78756257357378,180.62585986806917,Middle,Left
1778,59.266666666666666,480,439,0.5321824550628662,False,58.548398753185616,-115.83226952909197,129.78840341425823,Middle,Left
1779,59.3,462,455,0.4980263113975525,False,20.691604110594575,-52.89185114341488,56.79516174857443,Middle,Left
1780,59.333333333333336,444,471,0.4712119698524475,False,-2.3837663131133553,-12.60074922006131,12.824243554393753,Middle,Left
1781,59.36666666666667,444,471,0.47109538316726685,False,-5.488580410744051,-0.1041899276259759,5.48956924231966,Middle,Left
1782,59.4,423,494,0.504196286201477,False,-12.588812011671887,11.873989796784462,17.30519637448116,Middle,Left
1783,59.43333333333333,402,519,0.4682546555995941,False,-17.403958488882495,19.548203893308603,26.173078659896138,Middle,Left
1784,59.46666666666667,380,549,0.4678580164909363,False,-20.2017025203578,25.326912265156608,32.39693302780328,Middle,Left
1790,59.666666666666664,244,787,0.30915772914886475,False,-69.5765586463111,116.12198576226575,135.37065077200234,Back,Left
1814,60.46666666666667,80,847,0.4143538177013397,False,-118.22734290332734,108.60934903083415,160.54188022719336,Back,Left
1815,60.5,93,865,0.5367908477783203,False,-71.50589746592902,69.0263306925234,99.38675817875112,Back,Left
1816,60.53333333333333,105,885,0.5280866026878357,False,-27.935931406648812,41.28132070993634,49.845398013393435,Back,Left
1817,60.56666666666667,105,885,0.5281460285186768,False,-8.382519587741402,18.914327086982254,20.68860565123273,Back,Left
1831,61.03333333333333,459,480,0.47334980964660645,False,148.05628907637472,-163.99722673699205,220.94287748757915,Middle,Left
1832,61.06666666666667,444,494,0.45352062582969666,False,107.1032274912655,-121.45407221668836,161.9326804479637,Middle,Left
1833,61.1,428,510,0.5387872457504272,False,47.84758201363175,-55.85790641651121,73.54928153141226,Middle,Left
1834,61.13333333333333,411,530,0.520361065864563,False,9.919950583091293,-12.15342395694639,15.687929546254717,Middle,Left
1835,61.166666666666664,411,530,0.5212966203689575,False,-1.0240299336313434,0.7624331813403433,1.2766916859531006,Middle,Left
1836,61.2,394,555,0.5146180391311646,False,-9.716915746209601,13.293690804837237,16.46634952967871,Middle,Left
1867,62.233333333333334,1545,840,0.3670108914375305,False,478.6526438642404,130.20864134680878,496.0470176904698,Back,Right
1870,62.333333333333336,1462,779,0.5801129937171936,False,328.5937138661893,70.33164913674827,336.0362624221823,Back,Right
1871,62.36666666666667,1462,779,0.5829141736030579,False,163.1665406594635,29.978594122814563,165.89766754344922,Back,Right
1872,62.4,1555,797,0.4435352087020874,False,104.07903173619786,17.7335984068429,105.57900056166312,Back,Right
1873,62.43333333333333,1404,631,0.6485656499862671,False,-14.112000101126611,-61.99861709277215,63.58440900307541,Middle,Right
1875,62.5,1366,543,0.5401346683502197,False,-45.25086160616738,-87.17792439304287,98.22235477517128,Middle,Right
1876,62.53333333333333,1350,511,0.5139603018760681,False,-38.45208641214029,-68.37407531049237,78.44473930106203,Middle,Right
1877,62.56666666666667,1350,511,0.5135822296142578,False,-21.010909756892783,-36.16460559062325,41.825076525185594,Middle,Right
1878,62.6,1338,482,0.5295946002006531,False,-14.100354803016518,-27.40231882926404,30.817317903925215,Middle,Right
1879,62.63333333333333,1327,461,0.5315866470336914,False,-11.560609332086413,-23.13897966136492,25.866195466248666,Middle,Right
1886,62.86666666666667,1402,507,0.4077966809272766,False,25.427568660449474,6.8028987630135305,26.321866946736193,Middle,Right
1887,62.9,1418,526,0.550808310508728,False,28.037934040140776,17.285334046052476,32.9379495160659,Middle,Right
1888,62.93333333333333,1433,546,0.49235162138938904,False,22.999896977313405,20.298630317462035,30.6762066385663,Middle,Right
1889,62.96666666666667,1433,546,0.49263936281204224,False,12.394499960944259,12.267764434469173,17.4390846520531,Middle,Right
1892,63.06666666666667,1486,630,0.6019084453582764,False,27.643978995971572,41.11395391666364,49.54338282143498,Middle,Right
1893,63.1,1504,666,0.5919374823570251,False,26.2901741883941,44.094495880084295,51.337099896418714,Middle,Right
1894,63.13333333333333,1518,701,0.5436945557594299,False,20.86152229232828,40.78686310538558,45.812348928326884,Middle,Right
1895,63.166666666666664,1518,700,0.5435605645179749,False,11.089106247981807,22.560095308234438,25.13814189027603,Middle,Right
1896,63.2,1520,729,0.5251566767692566,False,5.511763135018909,22.031101943352215,22.71010756678469,Back,Right
1897,63.233333333333334,1516,719,0.5557398200035095,False,0.5033912600080788,8.417094201688025,8.432133630389327,Back,Right
1898,63.266666666666666,1510,710,0.4946742057800293,False,-3.133835405765033,-1.3597397289514088,3.4161113097958826,Middle,Right
1899,63.3,1506,702,0.5550197958946228,False,-4.147413246829667,-5.904255018129961,7.215349191764112,Middle,Right
1900,63.333333333333336,1500,697,0.5365459322929382,False,-5.109930112197605,-6.332206550935115,8.136843709648687,Middle,Right
1901,63.36666666666667,1500,697,0.5366617441177368,False,-3.1245941718566046,-3.7357344573012554,4.870195137185795,Middle,Right
1902,63.4,1494,696,0.5535419583320618,False,-3.984557762755096,-2.1184581656363246,4.512711553410335,Middle,Right
1903,63.43333333333333,1489,697,0.4828234910964966,False,-4.566363698284171,-0.5140881611526311,4.595210992157464,Middle,Right
1904,63.46666666666667,1482,702,0.5212914943695068,False,-5.697209661573875,2.0991358967496847,6.071620001363212,Middle,Right
1905,63.5,1476,709,0.5120769143104553,False,-6.026476410660343,4.633259815642697,7.601678396742062,Middle,Right
1906,63.53333333333333,1470,721,0.5149775147438049,False,-6.073961234895184,8.194094755081787,10.19981342664013,Back,Right
1907,63.56666666666667,1470,721,0.5151073336601257,False,-3.518708445804818,5.36988675943779,6.420046178631696,Back,Right
1908,63.6,1464,734,0.4966282248497009,False,-4.110790591563452,8.087280793037236,9.072084099759856,Back,Right
1909,63.63333333333333,1456,752,0.48279285430908203,False,-5.85783914760513,12.755378999737639,14.036166602964043,Back,Right
1918,63.93333333333333,778,594,0.31868505477905273,False,-289.8684856521526,-58.48582963984202,295.7098768099111,Middle,Left
1919,63.96666666666667,778,594,0.3168354034423828,False,-218.11760311103893,-46.49186476192466,223.0174483665926,Middle,Left
1933,64.43333333333334,578,736,0.5100961327552795,False,-197.68780391806712,35.20400936873038,200.79788368800556,Back,Left
1939,64.63333333333334,180,805,0.42818108201026917,False,-278.59642248196917,64.02311654675758,285.8582272248108,Back,Left
1940,64.66666666666667,187,791,0.3975052833557129,False,-172.46534808986684,36.22515641119067,176.2287100581916,Back,Left
1941,64.7,195,781,0.3914511203765869,False,-77.38646202297215,11.76202329092835,78.27521763833846,Back,Left
1942,64.73333333333333,202,774,0.46174484491348267,False,-24.829773645315655,-0.5152921882303652,24.835119998036312,Back,Left
1943,64.76666666666667,202,774,0.46237465739250183,False,-4.9863996627997444,-2.4850441888904578,5.571321765784816,Back,Left
1944,64.8,211,771,0.3499179184436798,False,4.452182281964719,-3.053316377731405,5.39858018134059,Back,Left
1945,64.83333333333333,219,774,0.4632144570350647,False,7.6311710671973865,-0.5995575571331431,7.65468752602913,Back,Left
1946,64.86666666666666,228,781,0.44539526104927063,False,8.775277977099357,3.045228176682139,9.288644584837112,Back,Left
1947,64.9,237,792,0.4794436991214752,False,9.07395594625119,7.052129331014272,11.492136642759654,Back,Left
1948,64.93333333333334,247,802,0.43880409002304077,False,9.518033431769412,9.010217588242583,13.106371786110609,Back,Left
1949,64.96666666666667,247,802,0.4416375160217285,False,5.579752649938708,5.556003405866226,7.874186528175158,Back,Left
1952,65.06666666666666,429,490,0.6111647486686707,False,79.34202233900268,-129.09419011579968,151.52711450594256,Middle,Left
1953,65.1,471,418,0.5093873143196106,False,76.7216233133684,-128.98414991623702,150.07704159348523,Middle,Left
1954,65.13333333333334,506,357,0.5702472925186157,False,58.644825243989246,-100.26962995585193,116.16029536541957,Middle,Left
1955,65.16666666666667,506,357,0.569150447845459,False,30.671427880861735,-52.83198513249547,61.08973024405268,Middle,Left
1956,65.2,536,313,0.5315888524055481,False,25.404468896044776,-40.65297273479585,47.937993617444626,Front,Left
1957,65.23333333333333,560,276,0.5307526588439941,False,23.873339603959337,-36.941382349775935,43.98411160587776,Front,Left
1958,65.26666666666667,575,248,0.4598980247974396,False,19.855282594798986,-32.50614872852064,38.0904443670592,Front,Left
1959,65.3,564,236,0.4774501323699951,False,6.115978351533421,-23.060710653768556,23.85794557486583,Front,Left
1960,65.33333333333333,552,225,0.4098489582538605,False,-3.9781643277534045,-16.28735779933482,16.76615088510665,Front,Left
1961,65.36666666666666,552,225,0.4097781479358673,False,-4.097358740814195,-8.206052968436838,9.172112841200631,Front,Left
1962,65.4,540,219,0.4206351339817047,False,-7.454159761157456,-5.835203308822759,9.466472172892871,Front,Left
1963,65.43333333333334,528,212,0.3028491735458374,False,-9.970905243650204,-5.904468168918481,11.587997917484396,Front,Left
1964,65.46666666666667,515,209,0.41113466024398804,False,-11.697800184536884,-4.6908829394027105,12.603289725644276,Front,Left
1966,65.53333333333333,488,207,0.28797847032546997,False,-18.464242553109504,-3.3389039404085334,18.76370252864118,Front,Left
1967,65.56666666666666,488,207,0.2889269292354584,False,-11.876275972107315,-1.6887513095094935,11.995741408976086,Front,Left
1969,65.63333333333334,459,215,0.39146775007247925,False,-17.9302293242599,2.6946810969329693,18.13158652282578,Front,Left
1970,65.66666666666667,443,224,0.34571680426597595,False,-18.194046922651832,6.13696969125604,19.201191119694943,Front,Left
1971,65.7,427,235,0.4682031273841858,False,-17.314978294549288,8.802825450422954,19.424165599873966,Front,Left
1972,65.73333333333333,409,252,0.47596246004104614,False,-17.44750469884288,12.737640653112557,21.60238203587674,Front,Left
1973,65.76666666666667,409,252,0.4761893153190613,False,-10.10682939114706,8.06230764199588,12.9286041340873,Front,Left
1974,65.8,392,271,0.48243746161460876,False,-11.708548030461031,11.84598818072067,16.655855815880095,Front,Left
1975,65.83333333333333,372,294,0.47797998785972595,False,-15.493576232231245,17.227976967565258,23.170112102856127,Front,Left
1976,65.86666666666666,352,319,0.5225379467010498,False,-18.069974922621974,21.467232020608144,28.060043555397606,Front,Left
1981,66.03333333333333,261,477,0.2771289646625519,False,-49.311452551553984,79.85055441364116,93.84950928433258,Middle,Left
1982,66.06666666666666,235,529,0.3650316894054413,False,-45.03787905624765,78.49652271568213,90.4992520871791,Middle,Left
1983,66.1,206,591,0.33678799867630005,False,-37.50721948029776,71.29240454677162,80.55680268731977,Middle,Left
1984,66.13333333333334,179,659,0.5335813760757446,False,-31.730692628359584,68.61929891170442,75.60056241728148,Middle,Left
1985,66.16666666666667,179,659,0.5355562567710876,False,-17.308615472579994,39.18007441358155,42.83300597239731,Middle,Left
1990,66.33333333333333,63,955,0.5264058113098145,False,-56.39517112911412,142.33455191712596,153.0997713784416,Back,Left
1991,66.36666666666666,63,955,0.5284985899925232,False,-39.55516974641205,100.6349770216818,108.12959841700096,Back,Left
1993,66.43333333333334,38,910,0.4984571933746338,False,-30.411581536936094,31.73608169250356,43.95501305620295,Back,Left
1994,66.46666666666667,23,892,0.48709070682525635,False,-22.27766055879642,-1.5312303510017173,22.33022226402555,Back,Left
1999,66.63333333333334,14,830,0.2589375674724579,False,-15.224305993115298,-32.980727164714416,36.32503072655738,Back,Left
2002,66.73333333333333,52,796,0.33847782015800476,False,8.497319380884367,-39.01378498085933,39.928434169066506,Back,Left
2003,66.76666666666667,52,796,0.3384013772010803,False,9.13684271742037,-23.621562294862755,25.327062602934426,Back,Left
2006,66.86666666666666,92,804,0.372927725315094,False,22.27757283729432,-7.532476437210558,23.51655699285263,Back,Left
2007,66.9,103,815,0.46758532524108887,False,19.8585755723486,3.1560847925465847,20.10780681676707,Back,Left
2008,66.93333333333334,117,832,0.5450676679611206,False,16.9548206591495,10.903563825208717,20.15821538912418,Back,Left
2009,66.96666666666667,117,832,0.5450475811958313,False,9.281174226987584,7.681602172826909,12.047705465078305,Back,Left
2010,67.0,129,850,0.4931313395500183,False,9.061655210961078,11.462812684709597,14.61197008644205,Back,Left
2011,67.03333333333333,141,877,0.5166382193565369,False,10.262770850206444,18.694422837407675,21.326179000178087,Back,Left
2012,67.06666666666666,153,904,0.3488110303878784,False,11.210007828170923,23.48839839974524,26.02631619904761,Back,Left
2018,67.26666666666667,486,492,0.5386085510253906,False,147.20066668054503,-159.46954361643563,217.0220532859073,Middle,Left
2028,67.6,438,440,0.28700610995292664,False,89.03711652571832,-146.7031499252004,171.60833988239082,Middle,Left
2029,67.63333333333334,421,452,0.2662857174873352,False,33.91866654851348,-77.44295828538188,84.54518158015065,Middle,Left
2030,67.66666666666667,404,467,0.3637474477291107,False,2.6072419657903367,-26.085457314790943,26.21543045593489,Middle,Left
2039,67.96666666666667,1407,184,0.42825520038604736,False,419.2772160335395,-125.37505147122654,437.6211688392691,Front,Right
2040,68.0,1449,228,0.5158787965774536,False,334.2663782476962,-71.57361370512486,341.8432298666193,Front,Right
2041,68.03333333333333,1494,278,0.49790430068969727,False,197.02713375408155,-10.674607050082187,197.31608822146865,Front,Right
2042,68.06666666666666,1494,278,0.49843481183052063,False,89.4157767044258,4.680333592543461,89.53818540820015,Front,Right
2043,68.1,1542,335,0.5491774082183838,False,52.76355539799951,29.499083815653556,60.44988605614337,Front,Right
2045,68.16666666666667,915,636,0.5324424505233765,False,-240.68242962774278,148.5164024498705,282.8164665081672,Middle,Left
2073,69.1,778,595,0.27142995595932007,False,-249.198351376375,89.72821897888318,264.86028696243926,Middle,Left
2097,69.9,448,631,0.5738281011581421,False,-284.82045041631926,56.57715546660918,290.3853706646529,Middle,Left
2098,69.93333333333334,458,620,0.603813648223877,False,-166.72811993103443,22.148043912560034,168.1927519986818,Middle,Left
2099,69.96666666666667,467,611,0.579791784286499,False,-71.5177940142554,2.86733182197964,71.57525027859003,Middle,Left
2100,70.0,477,607,0.5751423835754395,False,-20.148503549710234,-3.4661763612369603,20.444475387250314,Middle,Left
2101,70.03333333333333,486,603,0.5606099963188171,False,1.3061912934164823,-4.819831143272976,4.9936868088278334,Middle,Left
2102,70.06666666666666,486,603,0.5603758096694946,False,4.5771017178553315,-3.026623506352402,5.487286213129322,Middle,Left
2103,70.1,496,601,0.5291626453399658,False,7.448736281919319,-2.273837379610253,7.788068350142676,Middle,Left
2104,70.13333333333334,505,606,0.5741380453109741,False,8.61508945438115,0.9304332008753451,8.665187375255105,Middle,Left
2105,70.16666666666667,517,610,0.5670492649078369,False,10.251590758740848,2.796895742347472,10.626275870607829,Middle,Left
2106,70.2,528,620,0.5211756229400635,False,10.859029734352301,6.169716561565393,12.489352634208135,Middle,Left
2107,70.23333333333333,538,631,0.49705755710601807,False,10.604665799787215,8.809374508517296,13.786370659332025,Middle,Left
2108,70.26666666666667,538,631,0.4976891279220581,False,6.083306732326477,5.561356748027405,8.242287891016582,Middle,Left
2109,70.3,549,644,0.649945855140686,False,7.353060291732987,8.122431431989146,10.956340083313663,Middle,Left
2110,70.33333333333333,560,660,0.6383991837501526,False,9.118580654293199,11.903679437674251,14.994869032564404,Middle,Left
2111,70.36666666666666,571,679,0.5642749071121216,False,10.227228507714205,15.5725546319679,18.6306376894251,Middle,Left
2127,70.9,476,595,0.35082268714904785,False,-33.98982730458735,-25.801648948289735,42.673568501432506,Middle,Left
2128,70.93333333333334,455,620,0.6124210357666016,False,-36.384476372306324,-11.730127740239014,38.228602089132714,Middle,Left
2129,70.96666666666667,433,648,0.6019153594970703,False,-30.739656801195675,7.546153503654994,31.65234482555787,Middle,Left
2130,71.0,408,682,0.5421323776245117,False,-27.311403599936355,22.1459962280449,35.161881569836325,Middle,Left
2147,71.56666666666666,59,917,0.41832828521728516,False,-162.47975580947457,114.5889479293457,198.82227751301107,Back,Left
2148,71.6,25,953,0.4890232980251312,False,-132.33143366224064,97.88697639054715,164.6009370629084,Back,Left
2161,72.03333333333333,444,448,0.604680597782135,False,105.74691503606527,-159.55654601193527,191.41760999161917,Middle,Left
2162,72.06666666666666,444,448,0.6051607131958008,False,103.5275107586631,-138.0750165242381,172.57652120741605,Middle,Left
2164,72.13333333333334,521,349,0.5006988048553467,False,91.93531944842307,-117.75512667023925,149.39334931384224,Front,Left
2165,72.16666666666667,551,313,0.49493664503097534,False,63.7283182124783,-79.62766203683898,101.98952447993834,Front,Left
2166,72.2,570,285,0.4991168975830078,False,39.82410207293992,-51.0439878850386,64.74139174534253,Front,Left
2167,72.23333333333333,563,275,0.5037868618965149,False,15.801848963842417,-28.62775725040188,32.699341214526406,Front,Left
2168,72.26666666666667,563,275,0.5032795071601868,False,4.852515443823618,-12.55095172442752,13.456347770530341,Front,Left
2169,72.3,556,269,0.4422457218170166,False,-2.1008862355877644,-6.921769470112054,7.233575573135144,Front,Left
2170,72.33333333333333,548,262,0.415775865316391,False,-5.8295720168176075,-5.951930195514141,8.33122937816118,Front,Left
2171,72.36666666666666,540,259,0.3668924868106842,False,-7.409950301429689,-4.533191949663547,8.686609967193895,Front,Left
2172,72.4,531,255,0.4396032989025116,False,-8.36263241793788,-4.055387683578574,9.294072854333901,Front,Left
2173,72.43333333333334,522,256,0.3848848342895508,False,-8.801377818230188,-1.836474769359854,8.990933826790725,Front,Left
2174,72.46666666666667,522,256,0.3854003846645355,False,-5.164634856571617,-0.6660237232434216,5.207402500444685,Front,Left
2175,72.5,514,259,0.4031117260456085,False,-5.713493893962018,1.0898605680410753,5.816511715290538,Front,Left
2176,72.53333333333333,504,264,0.4129599630832672,False,-7.620534057909673,3.05307884566896,8.209374505139388,Front,Left
2177,72.56666666666666,494,272,0.4506435990333557,False,-8.964610894333237,5.490841776089356,10.5125445015394,Front,Left
2178,72.6,484,283,0.46107912063598633,False,-9.641082563717465,8.25045693275377,12.689385824366822,Front,Left
2179,72.63333333333334,473,296,0.5155379772186279,False,-10.335173605560021,10.746790998762009,14.910041255078292,Front,Left
2180,72.66666666666667,473,296,0.5150288343429565,False,-6.096533116766998,6.6554900946080116,9.025700219000301,Front,Left
2181,72.7,462,315,0.4718647599220276,False,-7.411071380306059,11.137011031387242,13.377480843463491,Front,Left
2182,72.73333333333333,451,335,0.5040802955627441,False,-9.160084836692647,15.67632207214889,18.156382567162133,Front,Left
2183,72.76666666666667,439,361,0.4970276355743408,False,-10.670356179369156,20.842459787757573,23.41505137724222,Middle,Left
2185,72.83333333333333,414,425,0.49410706758499146,False,-16.987707469293774,39.97886564386849,43.438369021324775,Middle,Left
2186,72.86666666666666,414,425,0.4948357939720154,False,-10.942953233465186,26.51370780469864,28.683181954287146,Middle,Left
2187,72.9,401,463,0.6394740343093872,False,-10.734301906157658,28.963003883881,30.8881989016881,Middle,Left
2197,73.23333333333333,510,562,0.43524113297462463,False,39.840616422526026,58.96074100270104,71.15928397977626,Middle,Left
2198,73.26666666666667,510,562,0.43127772212028503,False,32.034694902721526,39.41865200740051,50.794210335342285,Middle,Left
2200,73.33333333333333,500,598,0.6022555232048035,False,12.901935382774656,34.494205783430125,36.82811655856048,Middle,Left
2201,73.36666666666666,496,618,0.6370832920074463,False,2.3593555214047015,27.49914827867417,27.60017598728116,Middle,Left
2206,73.53333333333333,493,638,0.431831032037735,False,-1.780932749036288,23.087694890280698,23.15628158412493,Middle,Left
2207,73.56666666666666,495,634,0.5113105773925781,False,-0.9226746318370996,10.868538283835147,10.907632781837952,Middle,Left
2212,73.73333333333333,498,633,0.4948424696922302,False,0.8859192113129156,3.6821501079654952,3.7872261969102934,Middle,Left
2213,73.76666666666667,500,640,0.45540907979011536,False,1.6783606290344726,3.802275459846851,4.15622341478975,Middle,Left
2214,73.8,501,650,0.5246009826660156,False,1.5332127999139429,6.4396269208565196,6.619632646124705,Middle,Left
2215,73.83333333333333,503,662,0.5471611618995667,False,1.7043768741391039,9.256416381146717,9.41202128930133,Middle,Left
2216,73.86666666666666,503,662,0.5463297367095947,False,1.0154828174659976,5.851266710483129,5.93873113297586,Middle,Left
2241,74.7,522,643,0.4329013228416443,False,8.483702772121788,-5.244656215683246,9.973947641050248,Middle,Left
2242,74.73333333333333,517,635,0.6137460470199585,False,4.122958770188969,-8.384416908890078,9.343298984981697,Middle,Left
2243,74.76666666666667,512,630,0.5765282511711121,False,-0.5045641147413313,-7.515273588893162,7.532192380827764,Middle,Left
2244,74.8,507,625,0.5526338815689087,False,-3.2264184622643044,-6.29877977463195,7.0770334705265086,Middle,Left
2245,74.83333333333333,503,623,0.602971076965332,False,-4.03784175944105,-4.26761758073217,5.875093691989966,Middle,Left
2246,74.86666666666666,503,623,0.6026979684829712,False,-2.4780976262727465,-2.1044723080555348,3.2511185061008177,Middle,Left
2247,74.9,497,622,0.590418815612793,False,-3.686756763657076,-1.2529218525249375,3.8938398275873802,Middle,Left
2248,74.93333333333334,493,626,0.5548344254493713,False,-4.034298193445888,1.1159509898658473,4.185798433444129,Middle,Left
2249,74.96666666666667,488,631,0.5647003650665283,False,-4.503819720808758,3.1773630674311057,5.511808064493999,Middle,Left
2250,75.0,483,639,0.49553975462913513,False,-4.796895647951031,5.580161387857833,7.358560251290398,Middle,Left
2254,75.13333333333334,537,466,0.4853477478027344,False,19.968029026693138,-69.36732179678103,72.18412232942251,Middle,Left
2257,75.23333333333333,542,365,0.48815104365348816,False,18.062246957084202,-96.07108273584674,97.75427204565848,Middle,Left
2258,75.26666666666667,542,365,0.4883853793144226,False,10.09896777183996,-60.27853646807328,61.11866416070873,Middle,Left
2259,75.3,535,347,0.5490202903747559,False,1.4631069796228893,-36.05693813278606,36.08661066857599,Front,Left
2260,75.33333333333333,528,333,0.4699179232120514,False,-3.6475314400700167,-22.431927244517183,22.726544953195404,Front,Left
2261,75.36666666666666,520,317,0.501359224319458,False,-6.395110555225917,-17.289779141171834,18.434584393581066,Front,Left
2262,75.4,513,304,0.5630631446838379,False,-7.13991484174691,-14.56304656572017,16.219146377745403,Front,Left
2263,75.43333333333334,505,292,0.47690942883491516,False,-7.635631239152385,-12.99545242874614,15.07264569503721,Front,Left
2264,75.46666666666667,505,292,0.4772951900959015,False,-4.501079025923136,-7.231027636058223,8.517480441482853,Front,Left
2265,75.5,497,282,0.45814013481140137,False,-5.4194804105762815,-7.372809297969042,9.150359821604766,Front,Left
2266,75.53333333333333,487,274,0.48581430315971375,False,-7.516453797619372,-7.662794391636102,10.73384812545046,Front,Left
2267,75.56666666666666,479,268,0.49468564987182617,False,-8.094133488417805,-7.012619961418119,10.709427419409801,Front,Left
2268,75.6,471,265,0.48160624504089355,False,-8.157317104657814,-5.203132629181313,9.675454072176365,Front,Left
2271,75.7,451,265,0.36844897270202637,False,-13.167161989674966,-2.6846150534760285,13.438054652653088,Front,Left
2272,75.73333333333333,441,270,0.40856868028640747,False,-12.722880361959916,1.0076089604471261,12.762717599395462,Front,Left
2273,75.76666666666667,430,277,0.4812049865722656,False,-11.916532448906317,4.194674944339949,12.633251501276721,Front,Left
2274,75.8,419,289,0.5193607807159424,False,-11.386026423516931,8.056952827219137,13.94833633725041,Front,Left
2275,75.83333333333333,408,303,0.4864392578601837,False,-11.128579897552353,11.253487338056376,15.826757968832451,Front,Left
2276,75.86666666666666,408,303,0.4861142337322235,False,-6.385536714441099,7.073062026981029,9.529075798260617,Front,Left
2277,75.9,397,320,0.5000474452972412,False,-7.488230485169834,10.518290470000803,12.911546391131335,Front,Left
2278,75.93333333333334,384,340,0.5079331994056702,False,-10.011100462877899,15.134133370821754,18.145636537847185,Front,Left
2279,75.96666666666667,372,368,0.4750930070877075,False,-11.300038367943692,21.386918722756604,24.188657663681887,Middle,Left
2290,76.33333333333333,471,387,0.44238877296447754,False,35.026042090467406,21.49339837920144,41.09488774057247,Middle,Left
2291,76.36666666666666,466,401,0.46054965257644653,False,26.38490994725963,18.349536237210682,32.13827862605134,Middle,Left
2292,76.4,460,418,0.4924638867378235,False,11.17635944248201,17.219830372820386,20.528847226677495,Middle,Left
2293,76.43333333333334,454,440,0.5284724235534668,False,1.217061914446667,19.03619488310619,19.075061083288695,Middle,Left
2294,76.46666666666667,454,440,0.5310338735580444,False,-1.0709231219614082,11.324943143057217,11.375465420220408,Middle,Left
2295,76.5,449,464,0.5387670993804932,False,-3.1369302191586437,15.301074919506721,15.619322164941355,Middle,Left
2296,76.53333333333333,441,492,0.4920312762260437,False,-5.5576131540833185,21.369430344051842,22.080299300501423,Middle,Left
2297,76.56666666666666,434,524,0.5502316355705261,False,-6.597672660579699,26.93750641005062,27.733707579904983,Middle,Left
2298,76.6,427,560,0.6454927325248718,False,-6.952778297072762,31.754598541434763,32.50685550120062,Middle,Left
2299,76.63333333333334,419,600,0.5937820076942444,False,-7.4580555317900235,36.09301995064281,36.85551086978396,Middle,Left
2300,76.66666666666667,419,600,0.5940281748771667,False,-4.400158203934325,21.63169534271423,22.07468313746893,Middle,Left
2301,76.7,410,646,0.3264410197734833,False,-5.7968952785543095,29.3407919963385,29.907959974610883,Middle,Left
2302,76.73333333333333,402,694,0.5189154148101807,False,-6.975620815022399,38.58991926356127,39.21531785569449,Middle,Left
2304,76.8,382,786,0.3453833758831024,False,-12.68297674772264,62.78114167646325,64.049431296331,Back,Left
2309,76.96666666666667,369,713,0.484910249710083,False,-13.833572624441171,9.780059073574598,16.94158454921785,Back,Left
2310,77.0,366,702,0.5456536412239075,False,-9.46589463505251,-8.433171924673225,12.677600323129475,Middle,Left
2311,77.03333333333333,362,693,0.35122209787368774,False,-6.380718990192841,-11.917172525744355,13.517861363402263,Middle,Left
2312,77.06666666666666,362,693,0.3501535654067993,False,-3.1378944413405616,-7.507830465969031,8.137192380098233,Middle,Left
2319,77.3,523,506,0.4714551866054535,False,66.7195494278995,-82.48278331099861,106.08915033400481,Middle,Left
2326,77.53333333333333,499,492,0.36745157837867737,False,40.87377478245483,-66.93445975234546,78.42759315002084,Middle,Left
2327,77.56666666666666,481,507,0.460550457239151,False,11.419670799087935,-29.58137342265919,31.70909230379118,Middle,Left
2328,77.6,462,525,0.4808962643146515,False,-6.667292348756131,-2.843524915735987,7.248339203582667,Middle,Left
2329,77.63333333333334,441,547,0.49178725481033325,False,-15.939133924875884,12.405934314788476,20.19809883375105,Middle,Left
2330,77.66666666666667,441,547,0.491971492767334,False,-10.863317210309953,9.88635313776593,14.688486619677015,Middle,Left
2332,77.73333333333333,401,599,0.5412370562553406,False,-22.257124434895285,27.212911555790445,35.155684369013294,Middle,Left
2333,77.76666666666667,391,628,0.538662850856781,False,-19.11345506204796,31.05399873106351,36.46470898825083,Middle,Left
2334,77.8,381,659,0.48736652731895447,False,-14.706769735630045,31.715510271142403,34.95944318515075,Middle,Left
2380,79.33333333333333,1188,222,0.40006372332572937,False,332.9062957110304,-166.00322549725033,371.9995599453458,Front,Right
2381,79.36666666666666,1214,258,0.4639485776424408,False,265.2950517648933,-115.96551300541248,289.5331841042506,Front,Right
2382,79.4,1242,296,0.5043224692344666,False,153.09179162907847,-42.06497560112665,158.7657357131083,Front,Right
2383,79.43333333333334,1270,338,0.46912816166877747,False,80.30332973794935,6.583020233041985,80.57270581524776,Front,Right
2384,79.46666666666667,1270,338,0.4691067337989807,False,33.44117881068386,12.471257920978697,35.690961242024635,Front,Right
2386,79.53333333333333,1331,438,0.5123022794723511,False,36.72461305447588,50.46461364372381,62.412934830941055,Middle,Right
2387,79.56666666666666,1361,494,0.6861188411712646,False,34.471227552303375,59.56965560994079,68.82448255126681,Middle,Right
2392,79.73333333333333,1043,706,0.46703967452049255,False,-114.70213704756738,125.52992324024044,170.0421767444171,Middle,Right
2393,79.76666666666667,1236,479,0.5294777154922485,False,-11.402238041726108,-11.515708826263534,16.20563427118698,Middle,Right
2394,79.8,1245,495,0.5462565422058105,False,15.6124358713427,-24.316982160243235,28.89747004874953,Middle,Right
2395,79.83333333333333,1254,511,0.4656538963317871,False,17.634203847121903,-9.580484697052508,20.06865297802287,Middle,Right
2396,79.86666666666666,1254,512,0.4650517404079437,False,10.55130126899315,-2.4892880204131496,10.840964593504994,Middle,Right
2397,79.9,1263,531,0.47760432958602905,False,8.634679746609013,7.844285229779405,11.665783518162645,Middle,Right
2398,79.93333333333334,1274,554,0.5015578269958496,False,9.29158689331264,16.08220944147356,18.573396229968296,Middle,Right
2401,80.03333333333333,1306,652,0.5362955927848816,False,18.993439678835028,52.125886134878954,55.47845308027172,Middle,Right
2402,80.06666666666666,1306,652,0.5367292165756226,False,12.70506217713707,36.54577518073344,38.691243046529685,Middle,Right
2403,80.1,1319,694,0.5141663551330566,False,11.70925324809444,36.07225505859589,37.92511300761551,Middle,Right
2404,80.13333333333334,1329,715,0.49983060359954834,False,10.81040053374251,29.626161553321648,31.536870613354363,Back,Right
2405,80.16666666666667,1336,702,0.5400031805038452,False,9.041963542833814,10.486012583869826,13.846066756267362,Middle,Right
2406,80.2,1344,689,0.5625545978546143,False,8.287115635484462,-2.8369071071560796,8.75924240391392,Middle,Right
2407,80.23333333333333,1352,680,0.578370988368988,False,8.031450305443851,-7.811766321054321,11.2039228426285,Middle,Right
2408,80.26666666666667,1352,680,0.5783342123031616,False,4.5959684652019295,-5.400845939740554,7.09168971387938,Middle,Right
2409,80.3,1360,675,0.47878536581993103,False,5.420706991426581,-4.802141794623291,7.241866479200567,Middle,Right
2410,80.33333333333333,1368,673,0.5153471827507019,False,6.656311405310932,-3.512745656948529,7.526344635670303,Middle,Right
2411,80.36666666666666,1376,672,0.53334641456604,False,7.443586124281502,-2.2224492916732834,7.768285218994936,Middle,Right
2412,80.4,1386,675,0.41035354137420654,False,8.662859346311093,0.2117257752435573,8.665446316138132,Middle,Right
2413,80.43333333333334,1393,682,0.5196460485458374,False,8.178213512808103,3.510594144330098,8.899856600377436,Middle,Right
2414,80.46666666666667,1393,682,0.519411563873291,False,4.639991801916766,2.6165392319723324,5.326894167740257,Middle,Right
2415,80.5,1402,688,0.4400690197944641,False,5.849927814701483,3.8853595207417575,7.022654344522211,Middle,Right
2416,80.53333333333333,1396,658,0.5510799884796143,False,1.063835804371874,-10.191010834066336,10.2463870919813,Middle,Right
2417,80.56666666666666,1390,631,0.49691587686538696,False,-2.770344707291368,-19.79354586499057,19.986477120961126,Middle,Right
2423,80.76666666666667,1367,548,0.25219908356666565,False,-11.991999990765544,-48.182606329482255,49.65250866250752,Middle,Right
2431,81.03333333333333,1414,610,0.4798647463321686,False,11.264616366506297,-6.7340759005008195,13.123999394935504,Middle,Right
2432,81.06666666666666,1414,610,0.48013898730278015,False,10.653269214003302,3.492463639643999,11.211130505897518,Middle,Right
2433,81.1,1424,633,0.4636560380458832,False,10.268622062124285,13.548146888905137,16.999908328520352,Middle,Right
2434,81.13333333333334,1424,650,0.5082130432128906,False,5.865890733109738,16.796569509268377,17.79138615657776,Middle,Right
2435,81.16666666666667,1419,647,0.5732303857803345,False,0.49522667893755123,9.019503279762262,9.033088556920813,Middle,Right
2436,81.2,1413,641,0.4719839096069336,False,-3.2030975116044362,1.294522440970364,3.4547969577129134,Middle,Right
2437,81.23333333333333,1407,638,0.5565658807754517,False,-5.04249065794377,-1.89435311313798,5.386583866673362,Middle,Right
2438,81.26666666666667,1407,638,0.557496190071106,False,-3.2418383813883453,-1.6628895450012788,3.6434486039900666,Middle,Right
2439,81.3,1402,637,0.5122900605201721,False,-3.6631348668890933,-1.3418594433377382,3.901172108314787,Middle,Right
2440,81.33333333333333,1396,638,0.5654565095901489,False,-4.724540084988302,-0.2962090304740912,4.733816515708617,Middle,Right
2441,81.36666666666666,1390,641,0.43367135524749756,False,-5.451982464845087,1.281349292386748,5.600532903758207,Middle,Right
2442,81.4,1384,646,0.4981294870376587,False,-5.812887512387614,3.131974131099029,6.602948068063642,Middle,Right
2443,81.43333333333334,1378,655,0.5131844878196716,False,-5.9561609363847685,5.938460262338528,8.4107766221372,Middle,Right
2444,81.46666666666667,1378,655,0.512336254119873,False,-3.4676946673595976,3.931926032370228,5.242608952617473,Middle,Right
2445,81.5,1371,666,0.5368252396583557,False,-4.515289531681292,6.557764671985064,7.961916669247803,Middle,Right
2460,82.0,1407,693,0.3056492507457733,False,12.39886996451518,15.653875817337065,19.969371660159137,Middle,Right
2465,82.16666666666667,1289,576,0.428752064704895,False,-39.62688511704117,-38.71649099065245,55.40087272515164,Middle,Right
2469,82.3,760,472,0.4587855637073517,False,-255.45125856307124,-75.95778963541468,266.505030548684,Middle,Left
2470,82.33333333333333,747,490,0.32489877939224243,False,-191.56672585383023,-42.93452741167773,196.31908745310696,Middle,Left
2476,82.53333333333333,674,604,0.4631829261779785,False,-130.1405342340712,29.18799350146677,133.37352666616837,Middle,Left
2478,82.6,649,629,0.34630635380744934,False,-74.81926462014945,40.26920075083024,84.96782265899611,Middle,Left
2503,83.43333333333334,516,604,0.5483284592628479,False,-89.52064880225362,14.694374029933293,90.71863750138672,Middle,Left
2504,83.46666666666667,516,604,0.5479819178581238,False,-54.35465920919705,3.9358896754655817,54.49697427642553,Middle,Left
2505,83.5,516,620,0.5969403982162476,False,-25.14756483567692,7.111276229468342,26.133699829461115,Middle,Left
2506,83.53333333333333,515,640,0.5324443578720093,False,-9.75195312711519,13.117086715049828,16.34498558223862,Middle,Left
2507,83.56666666666666,517,633,0.5590869188308716,False,-2.0488766299663963,5.695974338651775,6.0532651611673165,Middle,Left
2508,83.6,519,628,0.5849569439888,False,1.0324138037396864,-0.1407063980459311,1.0419580378322861,Middle,Left
2509,83.63333333333334,521,625,0.5896080136299133,False,1.989757888497115,-2.387389625728785,3.107855479245122,Middle,Left
2510,83.66666666666667,521,625,0.5897176265716553,False,1.3204703053406677,-1.7799690610503254,2.216287816503726,Middle,Left
2511,83.7,524,624,0.5187759399414062,False,1.9101343142353115,-1.3425436642368331,2.3347455083588162,Middle,Left
2512,83.73333333333333,527,623,0.5234127044677734,False,2.475198240579055,-1.120033095236662,2.716814396419282,Middle,Left
2513,83.76666666666667,529,627,0.552643895149231,False,2.375293572598142,1.0806840243525828,2.6095780341880825,Middle,Left
2529,84.3,537,524,0.3085950016975403,False,4.73158501302059,-42.45787943794684,42.72071421573696,Middle,Left
2530,84.33333333333333,530,533,0.42705294489860535,False,0.19967075204295437,-28.49496333878927,28.49566289960923,Middle,Left
2531,84.36666666666666,524,545,0.33334147930145264,False,-3.2244781877865436,-8.91520680862508,9.480409908019071,Middle,Left
2532,84.4,517,559,0.5113827586174011,False,-5.428084062292395,4.24510345138477,6.890936068508516,Middle,Left
2533,84.43333333333334,508,581,0.5302507281303406,False,-7.328307347867158,14.083689987448746,15.876221598584717,Middle,Left
2534,84.46666666666667,508,581,0.5306381583213806,False,-4.573689092025981,9.891991225224938,10.89817059466609,Middle,Left
2535,84.5,501,599,0.5608801245689392,False,-5.107047199531325,12.567473187607408,13.565519283074712,Middle,Left
2536,84.53333333333333,493,625,0.6802728176116943,False,-6.423131437204261,18.713753592290725,19.78537821151205,Middle,Left
2537,84.56666666666666,485,655,0.5630729794502258,False,-7.323165095409717,24.572461916465016,25.6404881320686,Middle,Left
2538,84.6,478,689,0.25236958265304565,False,-7.347107007455384,29.59541009769231,30.49374165676603,Middle,Left
2539,84.63333333333334,469,727,0.5071431398391724,False,-8.049029452942792,34.03769614729485,34.97644398948972,Back,Left
2540,84.66666666666667,469,727,0.5045350790023804,False,-4.776725459805921,20.462391484260614,21.012533673345995,Back,Left
2541,84.7,647,509,0.39787647128105164,False,72.95309356036684,-82.6068858668693,110.2091259953077,Middle,Left
2542,84.73333333333333,452,812,0.4923625886440277,False,-26.297356043404193,61.78884813306897,67.15216071345007,Back,Left
2543,84.76666666666667,447,798,0.5484784245491028,False,-34.98993958768326,55.524324043813024,65.62961551671683,Back,Left
2544,84.8,443,787,0.49738389253616333,False,-23.458245193321623,26.32952757230549,35.263767378582685,Back,Left
2545,84.83333333333333,437,778,0.5255262851715088,False,-14.035013742709937,6.216396658918121,15.350087888317292,Back,Left
2546,84.86666666666666,437,778,0.5252655148506165,False,-6.432298412169548,0.009338379121254015,6.432305190872359,Back,Left
2547,84.9,433,771,0.5452743768692017,False,-4.051216959479904,-4.05498996347265,5.731954505807031,Back,Left
2548,84.93333333333334,428,769,0.5485636591911316,False,-4.027483420117137,-3.9116894555949853,5.614440051895774,Back,Left
2549,84.96666666666667,424,770,0.5255904197692871,False,-4.0116549359265585,-1.8130220843388765,4.4023203430968545,Back,Left
2550,85.0,419,776,0.4659807085990906,False,-4.425998131286462,1.8586024628257833,4.800402334489612,Back,Left
2551,85.03333333333333,413,785,0.506680428981781,False,-5.164173407492003,5.526974044370763,7.564134389987771,Back,Left
2552,85.06666666666666,413,785,0.506600022315979,False,-3.1159750659922807,3.847668905575631,4.951147000324184,Back,Left
2553,85.1,408,798,0.3238596022129059,False,-3.546295027521171,7.411532915852328,8.216266097503409,Back,Left
2554,85.13333333333334,404,816,0.48482146859169006,False,-3.8144589740011,12.515654097834396,13.084024409980916,Back,Left
2555,85.16666666666667,398,837,0.45056265592575073,False,-4.784711832647721,17.006065015702312,17.66634412208064,Back,Left
2556,85.2,659,556,0.38666030764579773,False,107.2254939282587,-107.97707934599654,152.17212692293776,Middle,Left
2559,85.3,381,932,0.29750242829322815,False,-35.416402768809306,74.03495197718428,82.07006579348226,Back,Left
2560,85.33333333333333,377,929,0.5395797491073608,False,-47.568256299158485,73.94594761472953,87.92463918596854,Back,Left
2561,85.36666666666666,372,923,0.5361480712890625,False,-31.76583908628873,40.186310500193,51.22507281082098,Back,Left
2562,85.4,367,920,0.3803797960281372,False,-17.653191104230103,15.943726742750854,23.787340721694335,Back,Left
2563,85.43333333333334,363,922,0.432697594165802,False,-9.376200031149681,5.739421289130391,10.993365442768399,Back,Left
2564,85.46666666666667,363,922,0.4334319829940796,False,-3.944094995513254,1.4989787308963223,4.21933911523028,Back,Left
2565,85.5,357,930,0.4558856189250946,False,-3.844107402763537,3.4874956031381616,5.190355219625092,Back,Left
2567,85.56666666666666,1136,465,0.33508601784706116,False,326.59845703941903,-193.8985884185345,379.8199767405994,Middle,Right
2568,85.6,1137,466,0.38903912901878357,False,248.03859368808105,-146.80035538120643,288.22471840355655,Middle,Right
2569,85.63333333333334,1137,468,0.34068888425827026,False,129.35013734488368,-75.6036191191313,149.82444812196354,Middle,Right
2570,85.66666666666667,1137,468,0.33915120363235474,False,53.60894153863957,-31.00870514847282,61.931077884033314,Middle,Right
2573,85.76666666666667,310,1040,0.38834071159362793,False,-331.57419520853875,231.45542455698444,404.3674819827184,Back,Left
2574,85.8,317,1020,0.27387887239456177,False,-257.28972990717403,172.0794313416479,309.5308317544013,Back,Left
2575,85.83333333333333,326,1004,0.31966909766197205,False,-131.65946694505425,82.11635983242913,155.16865594695602,Back,Left
2576,85.86666666666666,326,1004,0.31926146149635315,False,-53.70683591969208,31.429242438506805,62.22717657714485,Back,Left
2579,85.96666666666667,355,985,0.2574149966239929,False,-4.910191985293139,1.1138529711238654,5.034943274131144,Back,Left
2580,86.0,362,988,0.4178738296031952,False,8.810188038504243,-3.4908328472073284,9.476567270955496,Back,Left
2581,86.03333333333333,368,995,0.36972567439079285,False,10.068391922402286,0.11682218946052458,10.069069635624036,Back,Left
2582,86.06666666666666,368,995,0.3693124055862427,False,6.04285402347924,0.7102302782131401,6.0844483560278455,Back,Left
2583,86.1,375,1005,0.5205679535865784,False,5.729684518842929,4.73699673226239,7.434273517091827,Back,Left
2584,86.13333333333334,377,992,0.5229336023330688,False,4.099657904834187,-2.0320952478865086,4.575653618135049,Back,Left
2585,86.16666666666667,379,984,0.46074241399765015,False,2.923034085040821,-5.7569810631348055,6.456543907045253,Back,Left
2586,86.2,628,744,0.5055432319641113,False,106.57818062763883,-105.29044790648429,149.8165111269305,Back,Left
2587,86.23333333333333,385,979,0.5086812973022461,False,-22.506094843327702,20.607930692639584,30.515751875539596,Back,Left
2588,86.26666666666667,385,979,0.5085302591323853,False,-36.00349404185903,34.33893269426581,49.753531350081026,Back,Left
2589,86.3,388,984,0.3294127881526947,False,-21.9454141685058,24.401711636943162,32.81835970672182,Back,Left
2590,86.33333333333333,390,992,0.43083009123802185,False,-9.333977971737804,15.708485591699809,18.27237434931561,Back,Left
2591,86.36666666666666,394,984,0.4801885485649109,False,-1.459167420240992,4.1528207372552135,4.401714397376287,Back,Left
2592,86.4,397,980,0.4319772720336914,False,1.8258945891950469,-1.3470248735508745,2.2690013355695715,Back,Left
2593,86.43333333333334,399,981,0.2787962555885315,False,2.4846270046678467,-1.3362041079381637,2.8211367868991286,Back,Left
2594,86.46666666666667,399,981,0.3037679195404053,False,1.5532651174382859,-0.7702880590041546,1.7337751350434578,Back,Left
2595,86.5,402,985,0.3492783308029175,False,1.9979810467383485,1.3439867400471157,2.4079511250330934,Back,Left
2596,86.53333333333333,405,979,0.44396185874938965,False,2.5001433896138687,-1.3791154670914754,2.85528920430153,Back,Left
2597,86.56666666666666,408,978,0.4750521183013916,False,2.8005861099477998,-1.7042279101117184,3.278364733954461,Back,Left
2598,86.6,410,977,0.4298904836177826,False,2.516197719082144,-1.4649056229581205,2.9115630588549,Back,Left
2599,86.63333333333334,413,975,0.4132690131664276,False,2.669737354689512,-1.6481234396750906,3.137484408794888,Back,Left
2600,86.66666666666667,413,975,0.4135717451572418,False,1.570241733584512,-0.9851203873560049,1.8536777712091546,Back,Left
2601,86.7,415,974,0.31330978870391846,False,1.5557560632281655,-0.8732844389537839,1.7840971497062665,Back,Left
2602,86.73333333333333,417,972,0.28104251623153687,False,1.7406829540606799,-1.3289273172750167,2.1899828677770947,Back,Left
2603,86.76666666666667,420,970,0.4263710379600525,False,2.3051639548684926,-1.6933497258033898,2.8602821806079493,Back,Left
2604,86.8,421,968,0.4516160786151886,False,1.854841482489182,-1.887704580954791,2.6464817229900475,Back,Left
2605,86.83333333333333,986,666,0.3026639521121979,False,239.46829771728554,-128.59445963560088,271.8117007426036,Middle,Right
2606,86.86666666666666,986,666,0.2937942445278168,False,180.7246236463742,-96.89025913700631,205.0588010980261,Middle,Right
2607,86.9,990,666,0.25784608721733093,False,95.66686700266443,-50.346365085518904,108.1059939107441,Middle,Right
2613,87.1,1056,663,0.4597824215888977,False,67.99165897542125,-22.070334112743886,71.48402155781477,Middle,Right
2619,87.3,449,946,0.4814450442790985,False,-221.84090525143196,111.73197332803738,248.3896557961947,Back,Left
2620,87.33333333333333,451,945,0.5128217339515686,False,-178.99630050103158,87.98714786637908,199.45278584847006,Back,Left
2621,87.36666666666666,452,944,0.4585748016834259,False,-95.39010272752631,46.19700951561923,105.98790207638906,Back,Left
2622,87.4,455,943,0.47867515683174133,False,-38.96662407306492,18.83091753361521,43.27818442136152,Back,Left
2623,87.43333333333334,457,941,0.5491805076599121,False,-11.623286325884031,5.16318559097558,12.71846179615839,Back,Left
2624,87.46666666666667,457,941,0.5490208268165588,False,-1.8459875821142262,0.5489401519213359,1.9258778371722716,Back,Left
2625,87.5,458,940,0.5397144556045532,False,1.097114639157247,-0.9268846612871338,1.43623664720773,Back,Left
2626,87.53333333333333,460,939,0.571672260761261,False,2.002530911751943,-1.2206688453725019,2.3452425210594114,Back,Left
2627,87.56666666666666,462,938,0.5305231809616089,False,2.1627658145649526,-1.179867106647025,2.4636644166765946,Back,Left
2628,87.6,463,937,0.5431900024414062,False,1.7005292045722755,-1.0966793832397184,2.0234883852461976,Back,Left
2629,87.63333333333334,464,936,0.4619987905025482,False,1.3224990184717715,-1.0410525219507045,1.6830906117374433,Back,Left
2630,87.66666666666667,464,936,0.4628661274909973,False,0.6969479718956669,-0.5917324080729491,0.9142667653881412,Back,Left
2638,87.93333333333334,856,500,0.3601495325565338,False,165.7476509397191,-184.2898685675104,247.8609276361751,Middle,Left
2639,87.96666666666667,858,500,0.4661855399608612,False,126.03701750874717,-139.23083289103587,187.80456493395417,Middle,Left
2650,88.33333333333333,368,703,0.4123843312263489,False,-141.05598197631053,13.246221039931498,141.6765768330812,Middle,Left
2651,88.36666666666666,375,706,0.5167962312698364,False,-126.14772757251319,36.08580507263996,131.20760076858951,Middle,Left
2652,88.4,382,712,0.5214283466339111,False,-67.2924507967106,27.456068855797145,72.67812360842835,Middle,Left
2653,88.43333333333334,389,721,0.4831957221031189,False,-25.4496332212341,18.1286678157984,31.246318629094645,Back,Left
2654,88.46666666666667,389,721,0.47977572679519653,False,-7.2533419047285825,8.815165515339688,11.415695854818736,Back,Left
2658,88.6,1260,733,0.3550317585468292,False,366.68370648180127,8.500194389316219,366.78221590459907,Back,Right
2659,88.63333333333334,1226,733,0.456516832113266,False,264.18037611573004,4.85629836198361,264.225007821798,Back,Right
2681,89.36666666666666,1244,731,0.3550346791744232,False,142.01062625875568,1.313202071310911,142.01669785656927,Back,Right
2689,89.63333333333334,1282,539,0.44463780522346497,False,76.34458820484375,-80.91212132910779,111.24417974053037,Middle,Right
2718,90.6,874,511,0.6102067232131958,False,-139.78739776149507,-73.22758029595231,157.80619471025395,Middle,Left
2720,90.66666666666667,800,351,0.574546754360199,False,-150.52438082103905,-108.48366641726484,185.54324321001178,Front,Left
2721,90.7,778,308,0.5181503295898438,False,-98.18932855511696,-87.12515887829966,131.27047479031097,Front,Left
2722,90.73333333333333,778,308,0.5183428525924683,False,-47.421659878880774,-46.546064480012646,66.4480996285503,Front,Left
2742,91.4,261,343,0.5117411017417908,False,-236.57798937736513,-4.897591377223456,236.62867843762078,Front,Left
2743,91.43333333333334,268,365,0.5255604982376099,False,-167.4668757026615,13.875234486515932,168.04069920607472,Middle,Left
2744,91.46666666666667,277,397,0.25502029061317444,False,-80.67091339199,24.869826001883723,84.41744199430543,Middle,Left
2745,91.5,283,431,0.2767949402332306,False,-28.625630779282517,30.682238034516935,41.96220285350334,Middle,Left
2746,91.53333333333333,283,431,0.2747538685798645,False,-7.271200925480436,18.767306178143873,20.12665258017102,Middle,Left
2748,91.6,300,516,0.3575497567653656,False,6.777615057959615,44.60027537687706,45.1123112860242,Middle,Left
2756,91.86666666666666,1137,541,0.3206242322921753,False,359.70275231019923,40.92957942580451,362.0238949178711,Middle,Right
2757,91.9,1137,541,0.35171443223953247,False,270.75341576279277,22.999975009243137,271.72856124751684,Middle,Right
2758,91.93333333333334,1137,541,0.35423997044563293,False,140.62650997384418,10.097866097528096,140.9885889253003,Middle,Right
2759,91.96666666666667,1137,541,0.3736177682876587,False,58.087954497122084,3.537177156597851,58.195550344479805,Middle,Right
2760,92.0,396,935,0.31348997354507446,False,-293.89757910084353,167.17586803751618,338.11766865313854,Back,Left
2762,92.06666666666666,419,880,0.48172521591186523,False,-222.8481607618837,102.55215512909724,245.31255018155264,Back,Left
2763,92.1,431,853,0.57160884141922,False,-111.06516725294536,36.357519108611896,116.8646249840293,Back,Left
2764,92.13333333333334,431,853,0.5719907283782959,False,-44.271969215721214,9.218836903985416,45.221612223582326,Back,Left
2765,92.16666666666667,445,834,0.5221322178840637,False,-7.776946460166982,-7.526692208430209,10.822753431763461,Back,Left
2766,92.2,457,819,0.5560754537582397,False,7.0722745577474555,-13.66432026775885,15.386055888370068,Back,Left
2767,92.23333333333333,469,808,0.5289968252182007,False,11.797622918764382,-13.633197918435142,18.02908738723563,Back,Left
2768,92.26666666666667,481,803,0.5463439226150513,False,12.724880488981189,-9.983732114539642,16.17397571389744,Back,Left
2769,92.3,494,802,0.5422792434692383,False,13.006197865316135,-5.541691118159153,14.13759255887784,Back,Left
2770,92.33333333333333,494,802,0.5418714284896851,False,7.566627829721122,-2.4112750723400436,7.941542934971682,Back,Left
2771,92.36666666666666,505,805,0.5976182222366333,False,8.046715023344058,0.4304239615328669,8.058218627809289,Back,Left
2772,92.4,517,814,0.47878554463386536,False,9.80085644919803,4.553750403503947,10.807100900574536,Back,Left
2773,92.43333333333334,529,826,0.5244039297103882,False,11.041582912090558,8.431266998784317,13.892545353870892,Back,Left
2774,92.46666666666667,542,841,0.6089231967926025,False,12.089236245055051,11.894607342269586,16.959696837370835,Back,Left
2775,92.5,553,864,0.5545071959495544,False,11.816131951243099,17.1990050800819,20.86688165572113,Back,Left
2776,92.53333333333333,553,864,0.5546553730964661,False,6.780095631919758,10.884604524796043,12.823584227476648,Back,Left
2777,92.56666666666666,564,890,0.5256097316741943,False,7.6640552338525705,16.139614428954907,17.866865884728423,Back,Left
2780,92.66666666666667,777,458,0.26838603615760803,False,94.49023247299009,-172.07604880119166,196.3124310985675,Middle,Left
2781,92.7,665,543,0.5949627161026001,False,22.802726110682386,-97.10005819502466,99.7415942300702,Middle,Left
2782,92.73333333333333,665,543,0.5947068929672241,False,0.40670946206681435,-42.75858704398921,42.760521261847785,Middle,Left
2783,92.76666666666667,682,484,0.5575157403945923,False,3.420515337486892,-39.932674279519176,40.07890218416861,Middle,Left
2784,92.8,695,437,0.5234599709510803,False,8.00076792714126,-42.41222187254375,43.16026936419479,Middle,Left
2791,93.03333333333333,613,439,0.44256696105003357,False,-29.170987410272183,-24.10834317818978,37.84387291606962,Middle,Left
2793,93.1,578,463,0.5063849687576294,False,-38.25359279836399,-0.5417546507126794,38.257428822185815,Middle,Left
2794,93.13333333333334,578,464,0.5058923363685608,False,-23.72552172100604,4.307465182045213,24.113370507427227,Middle,Left
2796,93.2,539,505,0.4898136854171753,False,-27.584382821525463,20.658645726779994,34.462701851553575,Middle,Left
2798,93.26666666666667,496,555,0.5468047857284546,False,-34.77851408505635,35.95613759988977,50.02388302667707,Middle,Left
2801,93.36666666666666,446,633,0.5949507355690002,False,-42.48489629254699,56.427416686328286,70.63299347246294,Middle,Left
2802,93.4,417,682,0.5186945199966431,False,-38.16607798610753,56.93946631472081,68.54744585356093,Middle,Left
2819,93.96666666666667,64,878,0.4946233928203583,False,-170.28253513519962,115.7256992116618,205.88486887116915,Back,Left
2827,94.23333333333333,149,863,0.49202367663383484,False,-86.06928039192114,71.0216552936497,111.58851440821829,Back,Left
2828,94.26666666666667,160,879,0.5547547936439514,False,-30.095148275823753,39.83379499902777,49.92443463644218,Back,Left
2829,94.3,170,896,0.5022838115692139,False,-3.199697857261974,24.63982191639863,24.846707839261224,Back,Left
2830,94.33333333333333,170,896,0.4996853768825531,False,2.942359374935866,11.532924953684683,11.902345847714049,Back,Left
2844,94.8,474,473,0.38698920607566833,False,131.1077325509419,-174.21083314014976,218.0336027268146,Middle,Left
2845,94.83333333333333,459,486,0.4989165961742401,False,92.27134513073122,-128.2833444927747,158.02094040501854,Middle,Left
2846,94.86666666666666,901,711,0.5068963170051575,False,232.96682754576932,29.013498518899752,234.76653473833622,Middle,Left
2847,94.9,425,524,0.5441754460334778,False,-41.210216383064335,-34.139009367372005,53.514053247016314,Middle,Left
2848,94.93333333333334,425,524,0.544401228427887,False,-72.66173139017118,-30.980378756505463,78.99057587151725,Middle,Left
2849,94.96666666666667,406,548,0.5477219223976135,False,-55.61525704849937,-7.211404945946228,56.08084501739499,Middle,Left
2859,95.3,198,873,0.2917434573173523,False,-116.897290690141,137.2437235088605,180.2798275272968,Back,Left
2860,95.33333333333333,198,873,0.2937450706958771,False,-78.47461104135162,105.05075698255851,131.1256119936147,Back,Left
2868,95.6,43,872,0.2654137909412384,False,-103.92949578279318,54.553302224488256,117.37718209797839,Back,Left
2870,95.66666666666667,21,885,0.5151156783103943,False,-73.88337327340923,28.01808034215236,79.01750231636802,Back,Left
2871,95.7,292,981,0.3778221905231476,False,77.03866705111511,51.984709946997675,92.93743212121824,Back,Left
2872,95.73333333333333,292,981,0.3762992024421692,False,71.40930122109377,34.312617729821554,79.2252739746463,Back,Left
2880,96.0,141,877,0.4253537058830261,False,-23.468651114964956,-27.215056106807822,35.93656722688804,Back,Left
2894,96.46666666666667,485,473,0.43210551142692566,False,114.73056642607784,-197.21074048761676,228.1560409809979,Middle,Left
2895,96.5,471,486,0.5081783533096313,False,85.01634105066414,-138.76981900622923,162.74163853379522,Middle,Left
2896,96.53333333333333,471,486,0.5088136196136475,False,43.838740527201146,-69.78605538902535,82.41315852320783,Middle,Left
2897,96.56666666666666,455,502,0.5169146060943604,False,11.245921679920862,-21.287562881970437,24.075528818382363,Middle,Left
2898,96.6,439,522,0.5322845578193665,False,-6.060631004483703,4.779372795909126,7.718397015882595,Middle,Left
2899,96.63333333333334,421,543,0.5241400599479675,False,-14.18325343713551,16.269732790397537,21.583995995481306,Middle,Left
2900,96.66666666666667,256,545,0.49401360750198364,False,-79.28742819539777,12.29377799356264,80.23486304092107,Middle,Left
2901,96.7,1901,658,0.5786046385765076,False,636.9054751951546,54.09177533329356,639.1983295443389,Middle,Right
2902,96.73333333333333,1901,658,0.5814523100852966,False,495.67119228172385,38.70704992966265,497.1802153869792,Middle,Right
2903,96.76666666666667,258,624,0.5400677919387817,False,-432.18575777381784,5.2778368544300704,432.2179829488717,Middle,Left
2904,96.8,1660,788,0.3974541425704956,False,176.69079959319424,66.31614061555537,188.72591016345487,Back,Right
2913,97.1,1659,789,0.2756541967391968,False,210.16417568644425,49.62153731578868,215.94276488816388,Back,Right
2914,97.13333333333334,1659,789,0.27110692858695984,False,127.42096953377732,25.702954297119405,129.98748146082227,Back,Right
2917,97.23333333333333,283,394,0.6856950521469116,False,-521.8876211467993,-156.1295566783158,544.741340064101,Middle,Left
2918,97.26666666666667,272,327,0.5737640261650085,False,-421.927581413588,-150.9036498543128,448.10132280196734,Front,Left
2919,97.3,267,293,0.5197638869285583,False,-228.1415308032071,-100.62965799052235,249.348924490402,Front,Left
2920,97.33333333333333,266,294,0.5198138952255249,False,-97.74539924253048,-48.7770719730556,109.23994609732434,Front,Left
2921,97.36666666666666,264,276,0.5084818601608276,False,-34.102408973684355,-26.54888615938494,43.218256028123214,Front,Left
2922,97.4,1547,750,0.46680888533592224,False,533.1616170143055,188.6840402666768,565.5642995351333,Back,Right
2923,97.43333333333334,1650,343,0.570472002029419,False,452.65807265658583,-24.399215375985563,453.3151800371775,Front,Right
2924,97.46666666666667,1650,343,0.5859783887863159,False,247.25705353769848,-52.06228121854504,252.67871230046896,Front,Right
2925,97.5,1650,344,0.5221017599105835,False,106.30126475495578,-34.59389846233483,111.78862508916342,Front,Right
2926,97.53333333333333,1650,344,0.5212802886962891,False,36.321588204115656,-16.880366338851328,40.05252223522482,Front,Right
2927,97.56666666666666,1660,789,0.4988372027873993,False,12.744577661737285,181.22695512863638,181.67452635131002,Back,Right
2928,97.6,1650,343,0.5400381684303284,False,-1.0558381699077994,-48.22099893987192,48.23255677444607,Front,Right
2929,97.63333333333334,1650,343,0.40056362748146057,False,-3.0687809938479695,-68.74473795770865,68.81319941451808,Front,Right
2930,97.66666666666667,1650,343,0.5754824876785278,False,-2.132115406423762,-43.38516891090329,43.43752752556156,Front,Right
2931,97.7,1650,343,0.565368115901947,False,-1.0653165987633522,-20.55515276313442,20.58274045338456,Front,Right
2932,97.73333333333333,1650,343,0.5669623613357544,False,-0.42561113533503236,-7.811934466213803,7.8235199841848875,Front,Right
2933,97.76666666666667,1650,344,0.6369536519050598,False,-0.13200232607591728,-1.8223216192814489,1.8270962476536408,Front,Right
2934,97.8,1650,344,0.6124610304832458,False,-0.023978999757088698,0.013919347270144877,0.027726172793542017,Front,Right
2935,97.83333333333333,1157,172,0.4918670654296875,False,-208.0812562520428,-72.26300259725633,220.2719926540807,Front,Right
2940,98.0,1154,472,0.27811431884765625,False,-158.58620927198643,71.98628113993189,174.15972681310566,Middle,Right
2941,98.03333333333333,1650,343,0.5416633486747742,False,126.520855512776,12.852028357594776,127.17193681229031,Front,Right
2942,98.06666666666666,1650,344,0.5879269242286682,False,123.91147018097526,-2.685483912187596,123.94056747592106,Front,Right
2943,98.1,1650,344,0.5426123142242432,False,71.14574309986673,-4.320051844781362,71.27678169764565,Front,Right
2944,98.13333333333334,1650,344,0.5417833924293518,False,31.715970706422354,-2.7878379590839915,31.838260604762166,Front,Right
2945,98.16666666666667,1650,344,0.6355628967285156,False,11.304661025411214,-1.3381711109204881,11.3835874319809,Front,Right
2946,98.2,1651,344,0.576996386051178,False,3.3188965279992138,-0.5150892345658534,3.358629345898543,Front,Right
2947,98.23333333333333,1651,344,0.587693989276886,False,0.49535599606201464,-0.15104412518333354,0.5178724655617338,Front,Right
2948,98.26666666666667,1650,344,0.6110082268714905,False,-0.6388313843420512,-0.022435110342441167,0.6392252121095187,Front,Right
2949,98.3,1650,344,0.5906233191490173,False,-0.5712514242054566,0.009946513028986526,0.571338010969162,Front,Right
2950,98.33333333333333,1650,344,0.5855641961097717,False,-0.31809661673052714,0.011517166876106951,0.31830504662706804,Front,Right
2951,98.36666666666666,1650,344,0.5378608703613281,False,-0.1387331835757578,0.006935790590705645,0.1389064484326881,Front,Right
2952,98.4,1650,344,0.5858600735664368,False,-0.04822210398942896,0.0031921265559093984,0.04832764203968824,Front,Right
2953,98.43333333333334,1650,344,0.5913358926773071,False,-0.01174352721236839,0.001177838814786344,0.011802446172775125,Front,Right
2954,98.46666666666667,1650,344,0.5216631889343262,False,-0.0002880013052997919,0.0003218411481863279,0.0004318871108522201,Front,Right
2955,98.5,1650,344,0.5128672122955322,False,0.0018744020138527794,3.3498596617848194e-05,0.0018747013270147116,Front,Right
2956,98.53333333333333,1650,344,0.5109550356864929,False,0.0014684897443964556,-3.200983249947956e-05,0.001468838574784245,Front,Right
2957,98.56666666666666,1650,344,0.5635466575622559,False,0.0007763512828321658,-3.0169605870817843e-05,0.0007769372686861855,Front,Right
2958,98.6,1659,789,0.38452181220054626,False,3.7990673235585657,187.8266688638248,187.86508576371986,Back,Right
2959,98.63333333333334,1650,343,0.4985489845275879,False,-0.9265150878146242,-46.238438241769074,46.24771995726752,Front,Right
2960,98.66666666666667,1650,343,0.4756677448749542,False,-1.3773287932970828,-68.42154369016524,68.43540513177398,Front,Right
2961,98.7,1650,344,0.4175358712673187,False,-0.8762965734759379,-43.07192890902934,43.08084209517222,Front,Right
2962,98.73333333333333,1650,344,0.41599664092063904,False,-0.41716649033778314,-20.375899253807592,20.380169240758956,Front,Right
2963,98.76666666666667,1650,344,0.5180296301841736,False,-0.15929216907622468,-7.732210889738669,7.733851513865667,Front,Right
2964,98.8,1650,343,0.5430302619934082,False,-0.04611650642392898,-2.638144459791919,2.6385475024898724,Front,Right
2965,98.83333333333333,1338,252,0.5236948728561401,False,-131.69621028890805,-39.0266058789186,137.35708125498567,Front,Right
2969,98.96666666666667,1650,345,0.2531948387622833,False,32.126232571604675,10.216771217893978,33.71167799685474,Front,Right
2978,99.26666666666667,687,639,0.5767582654953003,False,-358.71352042200033,138.76957320297868,384.6197917170692,Middle,Left
2979,99.3,713,591,0.5216751098632812,False,-265.96220260845143,82.8395586816356,278.56468853554844,Middle,Left
2980,99.33333333333333,713,591,0.5221531987190247,False,-137.18024716179443,37.91030291388383,142.32220936450304,Middle,Left
2981,99.36666666666666,725,567,0.551295816898346,False,-51.2709171454855,3.774743122008715,51.40968421004345,Middle,Left
2982,99.4,735,557,0.5531810522079468,False,-10.104483657415237,-8.12070647409589,12.963273646012201,Middle,Left
3010,100.33333333333333,1544,821,0.4717721939086914,False,342.9590835039352,104.61744838554537,358.56065520991206,Back,Right
3011,100.36666666666666,1544,821,0.4712679982185364,False,261.1016173320669,80.54496708565405,273.2426509464622,Back,Right
3034,101.13333333333334,1410,547,0.5519967079162598,False,79.75296130948254,-73.39083672732941,108.38242363579688,Middle,Right
3035,101.16666666666667,1410,547,0.5511578321456909,False,13.782723297942681,-69.8380687967603,71.18510598972706,Middle,Right
3038,101.26666666666667,674,644,0.2597928047180176,False,-314.4402328133141,1.2142887789406842,314.4425774428931,Middle,Left
3052,101.73333333333333,424,675,0.44407975673675537,False,-345.7152388853228,26.444546789835915,346.7251655886195,Middle,Left
3053,101.76666666666667,424,675,0.44456806778907776,False,-205.3666616771322,19.7776288983953,206.31679605221754,Middle,Left
3054,101.8,433,682,0.47906094789505005,False,-89.88265559191686,13.196680777481514,90.84626662553555,Middle,Left
3055,101.83333333333333,442,690,0.4981737434864044,False,-27.5721331425261,9.830833562826884,29.272304565394055,Middle,Left
3084,102.8,1715,572,0.5006624460220337,False,532.4773697614961,-44.72395437671811,534.3523008308393,Middle,Right
3085,102.83333333333333,1693,604,0.5500440001487732,False,398.21703594372343,-22.059251608551424,398.8275545863577,Middle,Right
3086,102.86666666666666,1673,644,0.570777416229248,False,197.7760088099538,8.172666843572362,197.94479569852538,Middle,Right
3098,103.26666666666667,1433,923,0.3568882346153259,False,-22.710845192720086,127.87005324379092,129.87121700337462,Back,Right
3110,103.66666666666667,1229,855,0.3149292767047882,False,-138.5103378818451,66.52126185191251,153.65608344128,Back,Right
3111,103.7,1210,875,0.5117929577827454,False,-108.69721775271945,35.955946906863346,114.48980419736635,Back,Right
3112,103.73333333333333,1192,896,0.5071518421173096,False,-65.104200472266,24.197983858734737,69.45573656625194,Back,Right
3113,103.76666666666667,1192,896,0.5073654055595398,False,-29.858608283514876,11.889716492488283,32.138790377052636,Back,Right
3114,103.8,1175,918,0.5510339736938477,False,-18.152086863149442,13.964327653654669,22.901980357732103,Back,Right
3135,104.5,552,679,0.439423143863678,False,-271.3622113257368,-92.43787367394853,286.67439757493986,Middle,Left
3136,104.53333333333333,513,726,0.42524924874305725,False,-218.39649392250698,-52.539529447554436,224.62731515159518,Back,Left
3137,104.56666666666666,513,726,0.4222814738750458,False,-116.77913628010465,-23.255483523012128,119.07218056379224,Back,Left
3152,105.06666666666666,57,882,0.35284608602523804,False,-241.8548095558678,57.62216622300846,248.62434101579254,Back,Left
3157,105.23333333333333,381,530,0.37675154209136963,False,-25.30011041037659,-100.86351396390728,103.98819181005392,Middle,Left
3160,105.33333333333333,106,857,0.47500741481781006,False,-92.11405285009968,51.49536983057723,105.53090469838152,Back,Left
3161,105.36666666666666,106,857,0.47739851474761963,False,-65.13747210195616,56.90336004427775,86.49209591726762,Back,Left
3162,105.4,111,872,0.47157981991767883,False,-30.72770210339982,40.18014042866761,50.58295524603847,Back,Left
3163,105.43333333333334,117,890,0.4344320297241211,False,-9.095360034592282,27.838991076400788,29.28711317816731,Back,Left
3171,105.7,553,420,0.4157387912273407,False,182.62545505660833,-184.48872521457162,259.5922698501074,Middle,Left
3177,105.9,530,425,0.5515692234039307,False,129.99031199264553,-142.33580581719067,192.7614142653408,Middle,Left
3178,105.93333333333334,525,432,0.5296546816825867,False,63.63613216657154,-71.7940906896235,95.93721267095081,Middle,Left
3179,105.96666666666667,525,432,0.529660165309906,False,24.955203090944366,-28.92380613954336,38.2014230482081,Middle,Left
3180,106.0,519,444,0.582220733165741,False,4.998409184422435,-4.013091228214204,6.410069857722952,Middle,Left
3181,106.03333333333333,514,458,0.5297427177429199,False,-2.7771181732347374,8.0278514795537,8.494632701057954,Middle,Left
3182,106.06666666666666,508,476,0.4936431348323822,False,-5.522678085303272,14.382057390959858,15.405958199045982,Middle,Left
3183,106.1,502,498,0.5748236775398254,False,-6.213278629143422,18.72948177046033,19.733178119942465,Middle,Left
3184,106.13333333333334,496,522,0.5015805959701538,False,-6.246290428583857,21.728584212046584,22.608571736804127,Middle,Left
3185,106.16666666666667,496,522,0.5016435384750366,False,-3.6157220915974264,13.091631217899856,13.581761821985973,Middle,Left
3186,106.2,489,552,0.6618831753730774,False,-4.5755211863991185,18.689652624204477,19.241582817965377,Middle,Left
3188,106.26666666666667,476,626,0.6831497550010681,False,-8.302337414060183,43.03248661388214,43.826062003228735,Middle,Left
3189,106.3,469,672,0.5356618165969849,False,-8.416589337244554,48.621785086161935,49.344877758859006,Middle,Left
3202,106.73333333333333,667,624,0.5754722356796265,False,78.68787403638387,8.835179811349434,79.18233339997434,Middle,Left
3203,106.76666666666667,667,624,0.576207160949707,False,60.993076682943055,-1.9821208683103944,61.02527514389397,Middle,Left
3204,106.8,671,616,0.42570430040359497,False,33.78490818094807,-6.449302890291397,34.394963709325424,Middle,Left
3205,106.83333333333333,673,610,0.3797217607498169,False,15.521823768276068,-7.055504528567629,17.050136575583732,Middle,Left
3206,106.86666666666666,677,607,0.5483601689338684,False,7.405030286134705,-5.451744276145552,9.19543306163761,Middle,Left
3208,106.93333333333334,686,605,0.3258332312107086,False,6.6322031257287755,-3.709107987657664,7.598921000052075,Middle,Left
3209,106.96666666666667,686,605,0.32638779282569885,False,3.6951847149323385,-1.8331017318465705,4.124882063376901,Middle,Left
3220,107.33333333333333,1550,668,0.382215678691864,False,366.2915002623642,25.86602930762452,367.20364191630296,Middle,Right
3221,107.36666666666666,1550,668,0.3824276924133301,False,276.2841239990162,19.883132071490127,276.9986572438142,Middle,Right
3222,107.4,1544,668,0.5707284808158875,False,141.10181516831457,10.424936564080294,141.48640056966008,Middle,Right
3223,107.43333333333334,1539,671,0.5235331058502197,False,55.351591330256284,5.605989768115526,55.634753383761115,Middle,Right
3224,107.46666666666667,1532,676,0.5648773312568665,False,13.757369581303145,4.491699473174925,14.472062118229212,Middle,Right
3225,107.5,1524,685,0.5679125189781189,False,-2.836193849434302,6.1960591491028305,6.814333755456204,Middle,Right
3226,107.53333333333333,1517,697,0.558741569519043,False,-7.549866148455123,8.949438456223781,11.708668905615433,Middle,Right
3227,107.56666666666666,1517,697,0.5584118962287903,False,-5.202957845501839,5.66256203104963,7.689953127136345,Middle,Right
3228,107.6,1508,715,0.4634997844696045,False,-6.387512533003955,10.28440913362128,12.106584472385075,Back,Right
3229,107.63333333333334,1501,733,0.513295590877533,False,-6.857065403741432,14.36442319301151,15.917160538837152,Back,Right
3230,107.66666666666667,1493,755,0.5622867941856384,False,-7.423130555295847,18.31413522303208,19.7613363973308,Back,Right
3241,108.03333333333333,968,702,0.2874886691570282,False,-225.9840852345116,-11.082653642165305,226.25567836196115,Middle,Right
3249,108.3,637,701,0.26819461584091187,False,-309.246876759015,-12.064085954700298,309.4821044182164,Middle,Left
3268,108.93333333333334,125,868,0.41286924481391907,False,-409.6589747429142,63.34087474408306,414.52688935792963,Back,Left
3269,108.96666666666667,125,868,0.41139212250709534,False,-254.6378903396097,50.039467942954055,259.50800286045325,Back,Left
3270,109.0,130,884,0.2520137131214142,False,-117.43173380179923,33.30231291729585,122.06250918827666,Back,Left
3283,109.43333333333334,626,443,0.5271028280258179,False,165.93079828572996,-169.87414899462323,237.4663266999914,Middle,Left
3284,109.46666666666667,621,447,0.531227171421051,False,144.2659611741958,-132.6815392453077,196.00270000696088,Middle,Left
3285,109.5,617,451,0.4917115569114685,False,77.82583402373385,-68.36466478755182,103.58855068492896,Middle,Left
3286,109.53333333333333,613,459,0.42717525362968445,False,31.4520393742636,-24.674198858859803,39.975578421416074,Middle,Left
3287,109.56666666666666,613,459,0.4271596074104309,False,9.91502800450423,-6.476039589701532,11.842587094781473,Middle,Left
3288,109.6,609,470,0.5331783890724182,False,0.204843208710491,4.142357189758956,4.147418935639673,Middle,Left
3289,109.63333333333334,603,483,0.4995715618133545,False,-4.1440164018022365,9.77271815211519,10.615031418657585,Middle,Left
3290,109.66666666666667,599,499,0.5531898140907288,False,-4.857994544192458,13.404213470068974,14.257385796231446,Middle,Left
3291,109.7,594,518,0.4777761399745941,False,-5.045130320264136,16.41306061968342,17.170960918185422,Middle,Left
3300,110.0,557,750,0.4956425130367279,False,-18.566058606552435,107.94455901943749,109.52956840087869,Back,Left
3301,110.03333333333333,553,732,0.5242602825164795,False,-14.826782909865887,71.09223691120734,72.6218950489143,Back,Left
3302,110.06666666666666,548,717,0.569933295249939,False,-10.012905021922919,28.18884210372081,29.914362539197658,Back,Left
3303,110.1,544,705,0.5379868149757385,False,-6.617353785841539,3.5824438951208535,7.5248438780269735,Middle,Left
3304,110.13333333333334,539,695,0.4910496473312378,False,-5.32976752215651,-6.53418526179021,8.43220012070579,Middle,Left
3305,110.16666666666667,539,695,0.4908669590950012,False,-2.850778128937446,-5.578534167972592,6.264740968600836,Middle,Left
3306,110.2,534,688,0.5605648756027222,False,-3.316286089953148,-6.0082572654904505,6.862718761448375,Middle,Left
3307,110.23333333333333,528,682,0.5018844604492188,False,-4.531966519192898,-6.081328729738202,7.584278452840762,Middle,Left
3308,110.26666666666667,524,681,0.5697383284568787,False,-4.524010621053301,-3.9496070425148213,6.005503133767041,Middle,Left
3345,111.5,1412,626,0.27762117981910706,False,372.1961192562805,-25.11730762068677,373.0426655646075,Middle,Right
3346,111.53333333333333,1433,638,0.2575804591178894,False,291.0764464242027,-13.221845615182637,291.3765859921031,Middle,Right
3347,111.56666666666666,1433,638,0.2638816237449646,False,153.7664289294895,-5.521917532388811,153.86554597752627,Middle,Right
3348,111.6,1456,653,0.5204615592956543,False,74.10994340988593,4.511793304672057,74.24715476730793,Middle,Right
3349,111.63333333333334,1478,672,0.5344796776771545,False,37.924162745245226,12.41455251478804,39.904426246599215,Middle,Right
3350,111.66666666666667,1500,692,0.564993143081665,False,24.756226667589623,17.024141597145757,30.04483576152055,Middle,Right
3351,111.7,1494,701,0.5691989064216614,False,9.428648419888617,14.458507157053136,17.2611656685296,Middle,Right
3352,111.73333333333333,1484,711,0.5562809705734253,False,-1.5025059554763338,12.119572598624531,12.212352931338515,Middle,Right
3353,111.76666666666667,1484,711,0.5561681985855103,False,-2.815748931451986,6.587424239638264,7.163979352144084,Middle,Right
3376,112.53333333333333,431,588,0.4871689975261688,False,-446.31403942292667,-49.09472409779579,449.0061399582955,Middle,Left
3377,112.56666666666666,431,588,0.48927295207977295,False,-336.94353153458496,-38.29267756986971,339.1124777982489,Middle,Left
3378,112.6,452,611,0.5551486015319824,False,-166.3771039886423,-10.497691313127671,166.7079549828178,Middle,Left
3379,112.63333333333334,472,636,0.5787948369979858,False,-57.323580304455206,9.43703735221603,58.09518510951183,Middle,Left
3380,112.66666666666667,494,668,0.5625114440917969,False,-4.4142135866299625,22.51191109618982,22.940606417249366,Middle,Left
3381,112.7,514,703,0.5633554458618164,False,15.316590703364675,30.112249786745416,33.78380585419213,Middle,Left
3382,112.73333333333333,537,741,0.532060444355011,False,22.074736398200642,34.79555824210517,41.20709720945868,Back,Left
3383,112.76666666666667,537,741,0.53215491771698,False,13.961365681883656,20.943312302625877,25.170261458884355,Back,Left
3384,112.8,555,752,0.5088927745819092,False,14.220576219130868,14.278587485473489,20.151993662772686,Back,Left
3385,112.83333333333333,574,735,0.5259922742843628,False,16.28406635906085,-0.11089968129463479,16.284443985767783,Back,Left
3386,112.86666666666666,590,722,0.4809938669204712,False,16.531785106095267,-8.114701344579412,18.415979384920917,Back,Left
3387,112.9,609,709,0.5154346823692322,False,17.61770725513322,-11.602606094873789,21.095119746528486,Middle,Left
3388,112.93333333333334,627,701,0.5319955945014954,False,17.972527235319316,-10.703392063173585,20.91827757924399,Middle,Left
3389,112.96666666666667,627,701,0.5324797630310059,False,10.449851531967266,-6.025480015984886,12.062578765056493,Middle,Left
3392,113.06666666666666,658,667,0.5882880091667175,False,17.78351669114668,-16.99964687099686,24.60165562808499,Middle,Left
3393,113.1,641,633,0.500152587890625,False,4.408523831123322,-26.130284590970366,26.49956330158453,Middle,Left
3397,113.23333333333333,596,557,0.3458681106567383,False,-18.8287494305409,-48.806071628820355,52.31208687249666,Middle,Left
3398,113.26666666666667,585,545,0.4889720678329468,False,-19.664175337353647,-37.310647881815186,42.17539848133017,Middle,Left
3399,113.3,574,533,0.5612063407897949,False,-16.1560131885744,-24.57951688746538,29.413762298804716,Middle,Left
3400,113.33333333333333,565,523,0.3478362262248993,False,-12.510594009745915,-16.157662173350793,20.43489685280602,Middle,Left
3401,113.36666666666666,565,523,0.34504538774490356,False,-6.5806474585031385,-7.837413070151499,10.233765905339313,Middle,Left
3405,113.5,513,554,0.5694352984428406,False,-24.69491737419647,10.037459234912383,26.656885264616317,Middle,Left
3408,113.6,523,581,0.5229847431182861,False,-13.27792413190303,20.381522445228587,24.32508430484732,Middle,Left
3409,113.63333333333334,527,598,0.6178100109100342,False,-3.9512374565623247,20.797073159039982,21.169093731678792,Middle,Left
3410,113.66666666666667,532,619,0.6037048697471619,False,1.4885053747766097,20.95675686532264,21.009552745429552,Middle,Left
3411,113.7,538,642,0.5721245408058167,False,4.361837730918088,21.84762213888505,22.278784112117986,Middle,Left
3412,113.73333333333333,543,663,0.5628169775009155,False,5.143089283214762,21.64856656153686,22.251107872292796,Middle,Left
3413,113.76666666666667,543,663,0.5626956224441528,False,3.1114643734212644,12.475624291382676,12.857776324341907,Middle,Left
3414,113.8,548,653,0.6176038384437561,False,3.5466408353771004,1.3548653772713433,3.7966197341441763,Middle,Left
3415,113.83333333333333,555,645,0.594819188117981,False,5.081771346558477,-4.57486211559246,6.8376723667770065,Middle,Left
3416,113.86666666666666,561,639,0.6386284232139587,False,5.742828543719404,-6.232790011441981,8.47512542734851,Middle,Left
3417,113.9,567,634,0.4016999304294586,False,5.969145810127615,-6.0078167957034285,8.469035621208608,Middle,Left
3418,113.93333333333334,573,633,0.5091944932937622,False,6.022488054578432,-3.8540254763235255,7.150096134996415,Middle,Left
3419,113.96666666666667,573,633,0.50983065366745,False,3.490004711469637,-1.8436033498884337,3.9470249806404976,Middle,Left
3420,114.0,580,634,0.41423851251602173,False,4.520341098313899,-0.28520439631260186,4.529329441846966,Middle,Left
3421,114.03333333333333,587,637,0.49250122904777527,False,5.7505197014600204,1.379057055196971,5.9135670452247675,Middle,Left
3422,114.06666666666666,594,642,0.5412229895591736,False,6.497064125244882,3.2038876362656428,7.244082980844428,Middle,Left
3423,114.1,601,650,0.6823751330375671,False,6.842344093184155,5.5533425598524095,8.812337163125354,Middle,Left
3424,114.13333333333334,609,663,0.5582609176635742,False,7.392483188088326,9.11500972581861,11.735936689840157,Middle,Left
3425,114.16666666666667,609,663,0.5578787326812744,False,4.370255096372532,5.902247956079094,7.3440901779873276,Middle,Left
3426,114.2,617,675,0.5263163447380066,False,5.363885909567264,7.9036369878520905,9.551897700802595,Middle,Left
3427,114.23333333333333,616,664,0.39912688732147217,False,2.8548203075319574,0.2812983898143484,2.8686456338155475,Middle,Left
3428,114.26666666666667,611,637,0.3600926101207733,False,-0.907560452380908,-12.591605570060832,12.624270149466573,Middle,Left
3433,114.43333333333334,590,552,0.5446391105651855,False,-10.058507996025515,-45.4472714043288,46.54705212153431,Middle,Left
3434,114.46666666666667,585,540,0.5555411577224731,False,-9.553674720960297,-37.1831201703755,38.390846907544265,Middle,Left
3440,114.66666666666667,531,577,0.5621495246887207,False,-28.22375030237483,-4.399439591899771,28.564578587011898,Middle,Left
3441,114.7,519,591,0.6331539750099182,False,-24.702131107258364,9.207171045901228,26.362232073719845,Middle,Left
3442,114.73333333333333,506,609,0.5155391693115234,False,-19.135477961963282,15.34253623372398,24.52671879636401,Middle,Left
3443,114.76666666666667,506,608,0.5146130323410034,False,-10.067009503301579,9.5376759706919,13.867658175102168,Middle,Left
3444,114.8,493,629,0.6426823139190674,False,-9.689393109968279,13.341564994586584,16.488835475687143,Middle,Left
3445,114.83333333333333,480,656,0.5508579611778259,False,-11.01946843048315,19.784227045702906,22.64606641971928,Middle,Left
3446,114.86666666666666,471,664,0.4914184808731079,False,-10.404043955704019,15.958095087092563,19.05006376474654,Middle,Left
3447,114.9,463,656,0.556063175201416,False,-9.279699138696031,5.164164714966926,10.619859382686068,Middle,Left
3452,115.06666666666666,458,650,0.5617492198944092,False,-7.273007220527551,-1.4710105808198142,7.420276690173334,Middle,Left
3453,115.1,457,655,0.5689664483070374,False,-4.267781662146059,0.07820908101324853,4.268498210858605,Middle,Left
3454,115.13333333333334,456,663,0.5129389762878418,False,-2.3531166921283813,3.6978569633260907,4.383070189717759,Middle,Left
3455,115.16666666666667,456,663,0.5132924914360046,False,-1.018803024883488,2.78190972408414,2.962597056041479,Middle,Left
3458,115.26666666666667,468,632,0.583501935005188,False,4.71391789206814,-11.640020458837377,12.558307934403935,Middle,Left
3459,115.3,478,605,0.6228198409080505,False,7.966385119915715,-20.692516693918645,22.173036305542738,Middle,Left
3460,115.33333333333333,487,583,0.556917130947113,False,8.982094512475774,-22.85711710940488,24.55862016449818,Middle,Left
3461,115.36666666666666,487,583,0.5567070245742798,False,5.371862411984979,-13.595160667009907,14.617978633693179,Middle,Left
3477,115.9,493,618,0.5722891092300415,False,4.9938124612982495,8.566054096295115,9.915414549037877,Middle,Left
3478,115.93333333333334,490,646,0.2747752368450165,False,1.5524136350657374,20.716881300524605,20.774964715117186,Middle,Left
3479,115.96666666666667,490,646,0.2727205753326416,False,0.2840695560821589,14.137362929176795,14.14021662153572,Middle,Left
3480,116.0,486,652,0.4757634997367859,False,-1.7501210234938342,9.530560130549603,9.68991744025184,Middle,Left
3481,116.03333333333333,482,641,0.499484658241272,False,-3.062153779808317,0.044252767377376045,3.0624735229247158,Middle,Left
3482,116.06666666666666,478,633,0.575102686882019,False,-3.6917455422520393,-5.041104750972015,6.248337559624194,Middle,Left
3483,116.1,475,628,0.6127299666404724,False,-3.51193592615126,-5.929729837806135,6.891689916033678,Middle,Left
3484,116.13333333333334,471,624,0.4665980637073517,False,-3.6859054735135555,-5.273536504837435,6.433979050908561,Middle,Left
3485,116.16666666666667,471,624,0.46440136432647705,False,-2.1611427950240367,-2.930766151720087,3.6414184621590078,Middle,Left
3486,116.2,468,623,0.5708171725273132,False,-2.243567751528804,-1.6984507218774978,2.81395293321445,Middle,Left
3487,116.23333333333333,464,625,0.47874194383621216,False,-2.9996112629521576,0.08214179796115917,3.000735743747145,Middle,Left
3489,116.3,457,634,0.4101818799972534,False,-4.822796966672123,4.163432094360949,6.37130578344005,Middle,Left
3492,116.4,483,554,0.6862388253211975,False,7.862157324586243,-30.633378211465583,31.626213469892967,Middle,Left
3493,116.43333333333334,503,498,0.5983608961105347,False,15.245197683384202,-47.53936039441275,49.92401064733605,Middle,Left
3494,116.46666666666667,522,442,0.5652636289596558,False,18.14534892740565,-54.12230916524927,57.08308012954562,Middle,Left
3496,116.53333333333333,558,353,0.5445369482040405,False,26.198155969818927,-70.01634596094031,74.75715402515696,Front,Left
3497,116.56666666666666,558,353,0.5444555878639221,False,16.575010820330384,-43.295255449699525,46.35957428782976,Front,Left
3498,116.6,562,326,0.4795692563056946,False,9.552921743796116,-31.656856153505245,33.066824089513275,Front,Left
3499,116.63333333333334,559,308,0.48213788866996765,False,3.0035435466282143,-23.81911440471707,24.00773802051106,Front,Left
3500,116.66666666666667,555,293,0.5161479711532593,False,-1.1193244199291978,-18.70039927227131,18.73386826310613,Front,Left
3501,116.7,552,278,0.4905363917350769,False,-2.647628273171696,-16.226608258006934,16.441190681690816,Front,Left
3502,116.73333333333333,548,266,0.49689310789108276,False,-3.4907134446286783,-14.001916388516566,14.430479649114933,Front,Left
3503,116.76666666666667,548,266,0.49691611528396606,False,-2.1675432422381404,-7.6956165138119434,7.995045793153865,Front,Left
3504,116.8,545,257,0.42463308572769165,False,-2.283181104987975,-7.122683938752694,7.479675290381241,Front,Left
3505,116.83333333333333,541,250,0.4694240689277649,False,-3.028421513876447,-6.968831209428841,7.598417288568664,Front,Left
3506,116.86666666666666,537,241,0.40721943974494934,False,-3.571274983960111,-7.798742473868846,8.577551467918177,Front,Left
3507,116.9,534,238,0.38808736205101013,False,-3.426861137228515,-5.9211292079385345,6.8412826539290075,Front,Left
3508,116.93333333333334,530,237,0.4236855208873749,False,-3.643045142373957,-3.509503445048517,5.058497043607112,Front,Left
3509,116.96666666666667,530,237,0.4231151044368744,False,-2.143893714103024,-1.5985638875106618,2.674263779028475,Front,Left
3510,117.0,525,237,0.3059607446193695,False,-3.082326821628971,-0.5833974050329056,3.1370513492023817,Front,Left
3511,117.03333333333333,522,240,0.47434771060943604,False,-3.2147633396255766,1.109947266283754,3.4009831319386703,Front,Left
3512,117.06666666666666,518,244,0.45296964049339294,False,-3.5697919861787897,2.631463203318176,4.434863404323054,Front,Left
3513,117.1,514,253,0.5394118428230286,False,-3.8146248612130753,5.590574277218016,6.768004401659074,Front,Left
3514,117.13333333333334,510,265,0.5036353468894958,False,-3.936486306955051,8.823056578372217,9.66137939582138,Front,Left
3515,117.16666666666667,510,265,0.5039820075035095,False,-2.2966746135843437,5.6748776413033335,6.122005433225887,Front,Left
3516,117.2,507,278,0.5073091387748718,False,-2.301397574739009,8.205823794058983,8.522439494426415,Front,Left
3517,117.23333333333333,502,295,0.5436550378799438,False,-3.441271684491799,12.368588282547837,12.838392691831196,Front,Left
3518,117.26666666666667,498,316,0.5188369750976562,False,-3.8801737562040812,16.753367027524767,17.196832706556428,Front,Left
3519,117.3,493,339,0.5391724109649658,False,-4.431024728182938,20.17112517608591,20.65207667550882,Front,Left
3520,117.33333333333333,490,367,0.5010503530502319,False,-3.925150394934546,24.084441639129157,24.402195284266394,Middle,Left
3521,117.36666666666666,490,367,0.5009560585021973,False,-2.178290010583397,14.61599309969367,14.777422023495857,Middle,Left
3522,117.4,485,397,0.40702053904533386,False,-3.0580748064213408,19.422474209363394,19.66174778434143,Middle,Left
3535,117.83333333333333,443,429,0.43527546525001526,False,-19.651514442145423,25.587518837130666,32.263030547522455,Middle,Left
3536,117.86666666666666,416,453,0.5099459886550903,False,-25.70936194271446,26.01577982345339,36.57584026818658,Middle,Left
3537,117.9,395,475,0.503194272518158,False,-24.80085021986099,24.397085906183115,34.789365793898256,Middle,Left
3538,117.93333333333334,391,499,0.4208987355232239,False,-15.859321975182722,23.941106791080802,28.71749793931304,Middle,Left
3539,117.96666666666667,391,499,0.42140740156173706,False,-7.572415327621751,13.75475169645644,15.70142248731535,Middle,Left
3540,118.0,386,523,0.5949323773384094,False,-5.010301848351867,16.26435540948715,17.018589292233127,Middle,Left
3541,118.03333333333333,381,555,0.5629695057868958,False,-4.549503913753892,23.35318958141326,23.79221405180045,Middle,Left
3542,118.06666666666666,378,588,0.3823634684085846,False,-3.8133927157578458,28.68784009652911,28.940181986446085,Middle,Left
3553,118.43333333333334,670,658,0.5961347818374634,False,121.17538683038212,47.0753644880747,129.99832427834534,Middle,Left
3572,119.06666666666666,1058,457,0.2814042568206787,False,256.06457005803946,-54.35708733768844,261.7704280144067,Middle,Right
3577,119.23333333333333,1173,544,0.3390565514564514,False,220.5546838456171,-12.763298026813224,220.92367537853738,Middle,Right
3585,119.5,1439,812,0.4476725459098816,False,233.41014020784598,113.1520427161108,259.39097579267263,Back,Right
3602,120.06666666666666,1887,884,0.5065909624099731,False,326.2749975676811,118.21475764607058,347.0304063956205,Back,Right
3603,120.1,1882,900,0.46444299817085266,False,202.99384555239897,75.9736441175164,216.74523277951522,Back,Right
3622,120.73333333333333,1138,465,0.283351868391037,False,-218.67860718548587,-147.2247644363474,263.6199243303169,Middle,Right
3623,120.76666666666667,1138,465,0.2829616069793701,False,-201.50066678035023,-124.84737355876784,237.04300326617587,Middle,Right
3638,121.26666666666667,506,556,0.3840946853160858,False,-380.146564238466,-29.755374935347945,381.30931360229494,Middle,Left
3644,121.46666666666667,582,653,0.5778369307518005,False,-219.4415165736667,40.68682364981579,223.18153331954247,Middle,Left
3645,121.5,597,660,0.5519683361053467,False,-91.8576885233838,39.01773723247301,99.8008955851665,Middle,Left
3646,121.53333333333333,609,649,0.5582964420318604,False,-25.29166535441415,17.60877490743486,30.817808003496623,Middle,Left
3647,121.56666666666666,609,649,0.5582438707351685,False,-2.7575217548322506,6.36233680124861,6.934209096998411,Middle,Left
3648,121.6,622,640,0.6141946911811829,False,7.907989982434314,-2.125429089607632,8.188635684729892,Middle,Left
3657,121.9,733,657,0.6035325527191162,False,53.32141632254718,4.434952759279521,53.505534710153505,Middle,Left
3658,121.93333333333334,745,666,0.3227617144584656,False,43.97093685785859,7.5305345941866495,44.6111223735968,Middle,Left
3659,121.96666666666667,745,666,0.30710551142692566,False,23.74575507090085,4.9035171814016945,24.246759879116116,Middle,Left
3666,122.2,612,544,0.28833135962486267,False,-46.01706442207726,-49.12824161785928,67.3138495592725,Middle,Left
3667,122.23333333333333,596,537,0.27999842166900635,False,-45.7758851133518,-40.97260220064982,61.434402324784415,Middle,Left
3673,122.43333333333334,511,605,0.6545364260673523,False,-62.28872828783301,6.475776083581422,62.62444688458472,Middle,Left
3674,122.46666666666667,495,624,0.6195659041404724,False,-45.6928911243096,20.215129842235324,49.96490542207044,Middle,Left
3675,122.5,497,641,0.49403589963912964,False,-22.605951338174624,21.30579514031411,31.063900953759035,Middle,Left
3676,122.53333333333333,504,652,0.521571159362793,False,-5.996778023636974,17.150205911881688,18.16840415349452,Middle,Left
3677,122.56666666666666,504,652,0.5215855240821838,False,-0.5066595264887335,9.171072022491526,9.185056663815883,Middle,Left
3678,122.6,513,645,0.5193158984184265,False,4.484018826841955,0.9240351601765173,4.578238287454634,Middle,Left
3679,122.63333333333334,521,641,0.4907270669937134,False,6.857159988380452,-2.6235528116431155,7.341912043992784,Middle,Left
3680,122.66666666666667,530,640,0.5264747142791748,False,8.184398738995954,-2.570295199349293,8.578508036405665,Middle,Left
3681,122.7,539,640,0.520403265953064,False,8.765102053161694,-1.4759306944593509,8.8884973655386,Middle,Left
3682,122.73333333333333,548,642,0.609183132648468,False,8.967702729905168,0.18616357713324505,8.969634838130236,Middle,Left
3683,122.76666666666667,548,642,0.6103187799453735,False,5.218686914200989,0.4036952557409334,5.234277693049957,Middle,Left
3684,122.8,557,646,0.6203615069389343,False,6.146812155972016,1.9603863872849339,6.451853568414074,Middle,Left
3685,122.83333333333333,566,653,0.6019551753997803,False,7.51644148458317,4.364848907668331,8.691881187518401,Middle,Left
3686,122.86666666666666,576,664,0.5702958106994629,False,8.808712300653045,7.593793294613093,11.630094969388129,Middle,Left
3687,122.9,585,675,0.5752082467079163,False,9.119674160197677,9.606741356364369,13.246053611406634,Middle,Left
3688,122.93333333333334,595,675,0.5533826947212219,False,9.54664320953275,5.910518437120674,11.228206658485636,Middle,Left
3689,122.96666666666667,595,675,0.5527967214584351,False,5.593238813619709,2.7572970217382946,6.2359447794435185,Middle,Left
3690,123.0,604,673,0.5545766949653625,False,6.326859717032955,0.18756778104317018,6.329639448775876,Middle,Left
3691,123.03333333333333,613,673,0.48595917224884033,False,7.5858424862214,-0.34940776623406333,7.5938851724836045,Middle,Left
3692,123.06666666666666,623,676,0.5126401782035828,False,8.829108276761575,0.968654317983598,8.882085574375425,Middle,Left
3693,123.1,632,680,0.557628870010376,False,9.12273093188252,2.4829495886099866,9.454589272681527,Middle,Left
3694,123.13333333333334,642,688,0.30853989720344543,False,9.545320730110308,5.081376823433474,10.813581195071338,Middle,Left
3695,123.16666666666667,642,688,0.31142258644104004,False,5.591694350248332,3.3995360243761863,6.543996553149349,Middle,Left
3717,123.9,817,721,0.27083638310432434,False,76.3916127012791,15.59374612550584,77.96693792453924,Back,Left
3736,124.53333333333333,689,583,0.35587045550346375,False,2.734761394855255,-47.063034803263356,47.142424256501364,Middle,Left
3737,124.56666666666666,689,583,0.35449567437171936,False,-11.541765597748789,-38.361084461417335,40.059769771796894,Middle,Left
3756,125.2,1311,655,0.516360878944397,False,253.32167442562218,9.770675054428722,253.51003298650755,Middle,Right
3757,125.23333333333333,1311,655,0.5172927379608154,False,193.58541564958097,14.221490264666766,194.10709399084064,Middle,Right
3758,125.26666666666667,1653,601,0.49748972058296204,False,245.5863768570456,-13.780674140504836,245.97271287185006,Middle,Right
3761,125.36666666666666,779,544,0.33365628123283386,False,-217.7072155694765,-37.01147868912733,220.8308883869515,Middle,Left
3842,128.06666666666666,1743,809,0.2875061631202698,False,198.53323471439302,86.32361211320551,216.48836295383506,Back,Right
3843,128.1,1733,859,0.44522401690483093,False,184.66974716151506,92.96464203433575,206.74946235787434,Back,Right
3855,128.5,1462,472,0.7278285026550293,False,-10.130281758929954,-108.43688207586538,108.90904463289743,Middle,Right
3856,128.53333333333333,1432,391,0.644358217716217,False,-53.22126472281608,-132.73665977583718,143.008824438013,Middle,Right
3857,128.56666666666666,1405,322,0.5467182993888855,False,-49.83054247865668,-110.16362742359341,120.90950240093419,Front,Right
3858,128.6,1382,269,0.5344643592834473,False,-37.90177230383929,-82.0143973880377,90.348800338992,Front,Right
3859,128.63333333333333,1382,269,0.5342921018600464,False,-19.77894656594088,-42.38267410421861,46.77069372462576,Front,Right
3860,128.66666666666666,1361,223,0.5068402886390686,False,-17.065685376839344,-36.848950204515276,40.608899868823265,Front,Right
3861,128.7,1345,185,0.5448087453842163,False,-16.132501080399734,-36.34893535186677,39.76811150058912,Front,Right
3862,128.73333333333332,1344,162,0.5532679557800293,False,-9.579087965989887,-30.62550470270972,32.08863450749918,Front,Right
3863,128.76666666666668,1357,144,0.543241024017334,False,1.11866263440149,-24.276851169565138,24.302611151866426,Front,Right
3864,128.8,1368,132,0.445494681596756,False,7.195244260692213,-17.9639724714064,19.35137842440355,Front,Right
3865,128.83333333333334,1368,132,0.44566652178764343,False,5.24082281424263,-9.257033150556918,10.637616580832184,Front,Right
3866,128.86666666666667,1383,118,0.43889981508255005,False,9.011812946779326,-9.707783705748945,13.245898877212683,Front,Right
3867,128.9,1398,108,0.3430841863155365,False,12.211136968385912,-9.91142590036292,15.72730839778587,Front,Right
3881,129.36666666666667,1600,160,0.44161924719810486,False,92.88765448351657,16.18402024407594,94.2870026393342,Front,Right
3882,129.4,1611,183,0.5118541121482849,False,72.69712438185053,23.70992293454708,76.4658900357042,Front,Right
3883,129.43333333333334,1611,183,0.5115029811859131,False,38.41592936317487,15.04314735680243,41.25627117463372,Front,Right
3884,129.46666666666667,1622,211,0.5368898510932922,False,20.736829150673742,18.967990187750424,28.103393656048528,Front,Right
3885,129.5,1632,243,0.5656269192695618,False,13.055406992128546,25.167797519142436,28.352454632618162,Front,Right
3886,129.53333333333333,1645,280,0.5793454647064209,False,11.663547766851327,31.266480328980883,33.37111233795139,Front,Right
3887,129.56666666666666,1657,322,0.5441185235977173,False,11.557593633631045,36.883412721037146,38.651831839519765,Front,Right
3891,129.7,1699,483,0.39908936619758606,False,24.38792269511795,90.27152142272622,93.50785182730255,Middle,Right
3892,129.73333333333332,1714,549,0.4749772846698761,False,22.711214511857303,89.538221469437,92.37365624740393,Middle,Right
3894,129.8,1747,702,0.6352980732917786,False,26.755218622963774,116.19368380617288,119.23428147983059,Middle,Right
3895,129.83333333333334,1747,702,0.6375869512557983,False,16.182764489677393,71.89913640250613,73.6978132779701,Middle,Right
3902,130.06666666666666,1838,905,0.5117573738098145,False,45.87828521500897,119.34327636482817,127.85786900993409,Back,Right
3903,130.1,1847,877,0.5554512739181519,False,35.602972113887915,65.60461039420247,74.64272589018557,Back,Right
3904,130.13333333333333,1857,854,0.5443576574325562,False,22.965823281749856,18.632424134203937,29.573573813887105,Back,Right
3905,130.16666666666666,1867,831,0.41427332162857056,False,15.241823562033389,-7.308154490630134,16.903322382155338,Back,Right
3911,130.36666666666667,1541,688,0.3473826050758362,False,-130.1664163406635,-69.20270690105666,147.41882710632487,Middle,Right
3914,130.46666666666667,1800,742,0.30982160568237305,False,8.188894941802573,-28.22774420576441,29.391555646374794,Back,Right
3915,130.5,1791,749,0.5503048300743103,False,25.582259131006232,-6.0588954019990275,26.289963783510935,Back,Right
3916,130.53333333333333,1781,760,0.525591254234314,False,13.662302573853287,5.090824722119141,14.579952262296937,Back,Right
3917,130.56666666666666,1771,774,0.568428099155426,False,1.5512771469788849,10.837593793608137,10.948054622716885,Back,Right
3918,130.6,1762,794,0.535672664642334,False,-5.059854276170492,15.728692085772934,16.522526441956053,Back,Right
3919,130.63333333333333,1762,794,0.5355944633483887,False,-4.101975409025882,9.961254048722406,10.772779793509267,Back,Right
3920,130.66666666666666,1753,816,0.44397446513175964,False,-5.998696025855306,14.015107547906425,15.244920255284901,Back,Right
3921,130.7,1743,842,0.5795930624008179,False,-8.025483752428341,19.79592874179449,21.360879762095394,Back,Right
3922,130.73333333333332,1733,872,0.42887985706329346,False,-9.219971891310319,25.132762068825784,26.770573600219336,Back,Right
3950,131.66666666666666,652,613,0.2783859968185425,False,-461.8123040577678,-93.84391154097773,471.25076542373387,Middle,Left
3953,131.76666666666668,649,556,0.515113115310669,False,-348.78663427178174,-99.48886455566992,362.6984290250153,Middle,Left
3954,131.8,648,546,0.6147458553314209,False,-181.85607450803064,-62.72285484177777,192.36888614059475,Middle,Left
3955,131.83333333333334,648,546,0.6147534251213074,False,-75.35854086544559,-29.69864271106527,80.99950037036366,Middle,Left
3956,131.86666666666667,644,542,0.5941597819328308,False,-26.26643622472693,-12.968315049164804,29.29339289263095,Middle,Left
3957,131.9,635,549,0.5003447532653809,False,-10.23264217655349,-1.5594720268454907,10.350793153951775,Middle,Left
3958,131.93333333333334,625,557,0.46349501609802246,False,-7.277970084345567,4.507939557075292,8.560979359797173,Middle,Left
3963,132.1,644,659,0.6412556767463684,False,4.339885087335318,46.738557481367444,46.939613952506726,Middle,Left
3964,132.13333333333333,572,652,0.6005539894104004,False,-25.812077343011904,31.579992039390604,40.78675316778234,Middle,Left
3965,132.16666666666666,563,666,0.6110948920249939,False,-24.087674956553506,21.459233298041436,32.26011126069383,Middle,Left
3966,132.2,557,655,0.6378146409988403,False,-16.145976500307306,5.955711426875549,17.20938859311079,Middle,Left
3967,132.23333333333332,557,655,0.6376978158950806,False,-7.916201273914691,0.6799021891420942,7.945345152724882,Middle,Left
3968,132.26666666666668,551,649,0.639129638671875,False,-5.64124239143065,-3.0794715656828773,6.427033595891929,Middle,Left
3969,132.3,544,645,0.5831254124641418,False,-5.809458034734889,-4.137756371031065,7.1323790170849675,Middle,Left
3970,132.33333333333334,538,642,0.41696497797966003,False,-5.919850672586795,-3.8460666189740773,7.059522676733394,Middle,Left
3971,132.36666666666667,531,642,0.5486688017845154,False,-6.395429581036579,-2.1707438590835504,6.7537877097038415,Middle,Left
3972,132.4,526,644,0.5711355209350586,False,-5.891169346282031,-0.11188135462992976,5.892231640396267,Middle,Left
3973,132.43333333333334,526,644,0.5703146457672119,False,-3.3147744425376957,0.3021355398071017,3.3285155083483717,Middle,Left
3974,132.46666666666667,518,650,0.5108848214149475,False,-4.8333318872923545,2.7808626707588875,5.576225813786357,Middle,Left
3975,132.5,512,659,0.5474638342857361,False,-5.596298466485447,5.8474454600658765,8.093897388429902,Middle,Left
3976,132.53333333333333,505,669,0.47467443346977234,False,-6.3247014677730435,8.146488536273218,10.313443853925877,Middle,Left
3977,132.56666666666666,499,683,0.534677267074585,False,-6.317418286942109,11.02673570920959,12.708212864637911,Middle,Left
3983,132.76666666666668,864,346,0.27834242582321167,False,150.41044130602268,-135.35611185450435,202.3476658383822,Front,Left
3984,132.8,893,327,0.3952989876270294,False,127.08685623939495,-112.32286950207781,169.60983474431382,Front,Left
3985,132.83333333333334,893,327,0.3955713212490082,False,69.2905454877241,-60.80990389815607,92.19015189318944,Front,Left
4007,133.56666666666666,1654,198,0.35428887605667114,False,350.95234004013304,-80.41452649829179,360.04727613410665,Front,Right
4008,133.6,1633,219,0.5026988983154297,False,244.13684752330826,-41.1018694911927,247.57254289256332,Front,Right
4009,133.63333333333333,1633,219,0.5022619962692261,False,122.0614080489732,-16.74980127200446,123.20528875640682,Front,Right
4010,133.66666666666666,1612,247,0.5271023511886597,False,39.92952245099609,6.476712347143643,40.451385217223944,Front,Right
4011,133.7,1590,279,0.531998872756958,False,-0.8419315008136294,21.387530589039375,21.404095714352366,Front,Right
4012,133.73333333333332,1568,316,0.5165073275566101,False,-17.035961434382788,30.633695525631943,35.05206532504041,Front,Right
4013,133.76666666666668,1544,359,0.5291443467140198,False,-22.860384339354844,37.50053294137845,43.91909770282662,Middle,Right
4014,133.8,1518,409,0.3642302453517914,False,-25.223202808979476,43.999690214401255,50.71669053582053,Middle,Right
4015,133.83333333333334,1518,409,0.36451151967048645,False,-14.997876397597123,26.58604176980072,30.52464436194449,Middle,Right
4016,133.86666666666667,1495,467,0.5329262614250183,False,-16.55375368283114,36.74301799763218,40.29982794710379,Middle,Right
4017,133.9,1468,532,0.6041972637176514,False,-21.240115939739315,50.47929566191736,54.765881857748234,Middle,Right
4019,133.96666666666667,1412,691,0.5534084439277649,False,-36.74654487503046,98.73114651208496,105.34774725566473,Middle,Right
4029,134.3,1110,909,0.3445286154747009,False,-151.4678964631973,157.66867553757862,218.63653607016394,Back,Right
4032,134.4,1054,823,0.44677308201789856,False,-131.61059397700973,65.32033849544948,146.92887758416114,Back,Right
4033,134.43333333333334,1054,823,0.4471370577812195,False,-72.52242363484733,21.29758316680646,75.58497852496421,Back,Right
4034,134.46666666666667,1036,805,0.4223971366882324,False,-38.982696546221256,-3.1320483860954162,39.10831570277111,Back,Right
4041,134.7,1203,548,0.5081984996795654,False,53.93420535964163,-114.63747941652542,126.69116068120256,Middle,Right
4042,134.73333333333332,1228,524,0.4620830714702606,False,58.275064670131684,-96.24608336427545,112.51351796682516,Middle,Right
4043,134.76666666666668,1254,501,0.3863716423511505,False,45.42566626514058,-62.05370458209123,76.90353313075661,Middle,Right
4054,135.13333333333333,1400,461,0.27506402134895325,False,85.58716007810916,-46.65372822215403,97.47682969435606,Middle,Right
4061,135.36666666666667,1304,506,0.5067500472068787,False,16.09732257092142,-5.224737923465334,16.923997173280107,Middle,Right
4062,135.4,1289,521,0.5684965252876282,False,-9.408175005205603,10.692492021455761,14.242301167910703,Middle,Right
4063,135.43333333333334,1289,521,0.568725049495697,False,-9.98104540762336,9.015090496779935,13.449651448798638,Middle,Right
4064,135.46666666666667,1274,537,0.4781031310558319,False,-12.201516926937375,11.664463048179638,16.880068528317278,Middle,Right
4065,135.5,1260,552,0.5172746777534485,False,-13.356210016254005,13.544329846757957,19.02201926705107,Middle,Right
4086,136.2,778,595,0.3122071921825409,False,-211.368237279229,26.31195600050203,212.9996496689626,Middle,Left
4087,136.23333333333332,778,595,0.31292325258255005,False,-157.42996869185947,17.480739790643035,158.39751041587752,Middle,Left
4114,137.13333333333333,1713,586,0.5334641337394714,False,313.27483444126045,4.730371675814203,313.31054612060296,Middle,Right
4115,137.16666666666666,1711,629,0.5531735420227051,False,264.06061178052005,18.611785982911627,264.7157065067659,Middle,Right
4118,137.26666666666668,1702,733,0.5498916506767273,False,140.03883211413137,57.12567547964801,151.2422470703736,Back,Right
4121,137.36666666666667,779,541,0.28171205520629883,False,-330.7461172185188,-41.16451004627139,333.29793120041376,Middle,Left
4134,137.8,1536,829,0.48932522535324097,False,44.500391271639444,80.25930057494284,91.77058435091291,Back,Right
4135,137.83333333333334,1536,829,0.48757404088974,False,92.56906882787061,68.01534647109021,114.87001288082756,Back,Right
4136,137.86666666666667,1518,827,0.47223740816116333,False,54.463413729932775,36.28179383182025,65.44182148116401,Back,Right
4137,137.9,1502,829,0.26792168617248535,False,17.933384983979018,16.15860441600158,24.13932048870535,Back,Right
4138,137.93333333333334,1484,837,0.5555846095085144,False,-3.7414214767415785,9.129982388076613,9.866854264314044,Back,Right
4139,137.96666666666667,1466,848,0.3324453830718994,False,-13.621161603541086,8.667109762981624,16.144808300916843,Back,Right
4142,138.06666666666666,1432,888,0.47448304295539856,False,-23.982822583236064,21.809710120306967,32.41665057637507,Back,Right
4143,138.1,1416,912,0.5250320434570312,False,-22.459380411580174,25.075594407233083,33.6631728057254,Back,Right
4149,138.3,1225,498,0.6004707217216492,False,-93.3260097448587,-159.66867499511523,184.94277458066102,Middle,Right
4150,138.33333333333334,1208,452,0.3711811602115631,False,-73.73528546446043,-144.6039774337731,162.31821404941786,Middle,Right
4151,138.36666666666667,1215,448,0.32435140013694763,False,-36.1681813580769,-82.57367761080911,90.14737698305248,Middle,Right
4152,138.4,1225,446,0.4457820951938629,False,-9.988688372016465,-37.51402275000936,38.82107415156717,Middle,Right
4153,138.43333333333334,1225,446,0.4448549151420593,False,-1.1086678399657792,-13.65247335992916,13.697414837222016,Middle,Right
4154,138.46666666666667,1235,447,0.31609708070755005,False,5.162113297174689,-3.2169010436334524,6.082422709529299,Middle,Right
4155,138.5,1245,451,0.3695828914642334,False,8.321262472635093,1.6883607960213336,8.490816881550732,Middle,Right
4156,138.53333333333333,1255,456,0.470615416765213,False,9.59264186079104,3.960035542279298,10.377892819137992,Middle,Right
4157,138.56666666666666,1266,464,0.4827970266342163,False,10.413163816463692,6.069940603030398,12.053138993342179,Middle,Right
4158,138.6,1279,478,0.4874601364135742,False,11.65120087487812,9.792966579413708,15.22014048070104,Middle,Right
4159,138.63333333333333,1279,478,0.4873594343662262,False,6.9539943183422395,6.322797777218945,9.39871314123061,Middle,Right
4160,138.66666666666666,1291,492,0.547837495803833,False,8.24700051616279,8.944987008934957,12.166585803075755,Middle,Right
4161,138.7,1304,511,0.5405527353286743,False,10.483511828936429,13.656183846375125,17.216137125192947,Middle,Right
4162,138.73333333333332,1318,532,0.4476834833621979,False,12.36620224934314,17.595196303450635,21.506136125037017,Middle,Right
4163,138.76666666666668,1333,554,0.4388076066970825,False,13.813290082052335,20.156135793533295,24.435154859715528,Middle,Right
4167,138.9,1384,669,0.5650945901870728,False,29.766951241476825,60.64430600830628,67.55592673808532,Middle,Right
4168,138.93333333333334,1403,722,0.5873702168464661,False,28.06461213902899,64.63089140711213,70.46115652323664,Back,Right
4169,138.96666666666667,1425,775,0.6063550710678101,False,25.201568030887255,60.43192086475305,65.47622538463266,Back,Right
4172,139.06666666666666,1467,892,0.40759897232055664,False,31.781829614938516,83.56025209242311,89.40022608149424,Back,Right
4173,139.1,1481,877,0.46924370527267456,False,25.448728777733734,46.080095521794746,52.64041222958252,Back,Right
4174,139.13333333333333,1494,858,0.2518652677536011,False,19.066074327832737,11.933705668482581,22.492854893419285,Back,Right
4175,139.16666666666666,1508,843,0.47717180848121643,False,15.790680530843554,-5.517840366465322,16.726988788689845,Back,Right
4176,139.2,1523,839,0.49933314323425293,False,14.873425010746164,-7.986242116249246,16.881908502584736,Back,Right
4177,139.23333333333332,1523,839,0.4998069107532501,False,8.432201124694913,-5.055144178915466,9.83140368802589,Back,Right
4178,139.26666666666668,1539,836,0.2528979480266571,False,10.478909005698098,-3.665518298669629,11.101511534362453,Back,Right
4179,139.3,1554,835,0.30767586827278137,False,12.751810475258903,-2.292882995841433,12.956310540795998,Back,Right
4184,139.46666666666667,1620,875,0.35472604632377625,False,35.631861804490626,15.802740172110044,38.97891959253794,Back,Right
4185,139.5,1611,853,0.2953112721443176,False,20.869699858293814,3.070667514001247,21.094391936171363,Back,Right
4187,139.56666666666666,1594,828,0.3876504898071289,False,2.2556324305012403,-11.045732740945258,11.273690143245865,Back,Right
4191,139.7,1565,826,0.42094698548316956,False,-14.252984052829579,-9.74257512420294,17.26456847016317,Back,Right
4193,139.76666666666668,1552,845,0.37702733278274536,False,-16.66519072040419,2.6213233303565158,16.87008944107047,Back,Right
4194,139.8,1543,865,0.6237623691558838,False,-13.85959158427972,12.159230442325196,18.437330713327377,Back,Right
4195,139.83333333333334,1543,865,0.6239761710166931,False,-7.509873797310531,8.726245143546402,11.512843209077351,Back,Right
4196,139.86666666666667,1538,885,0.5344700813293457,False,-5.319275142986696,12.873100462349182,13.928797635134586,Back,Right
4200,140.0,1356,501,0.46013110876083374,False,-79.50284365289589,-153.90128915647483,173.22329217781797,Middle,Right
4201,140.03333333333333,1356,501,0.46110284328460693,False,-59.1621581743526,-118.65371309473917,132.58531061552708,Middle,Right
4210,140.33333333333334,1492,543,0.3481632173061371,False,26.836127888269502,-44.56511972454105,52.02141536039012,Middle,Right
4222,140.73333333333332,1671,835,0.5200781226158142,False,106.38272946102754,110.69225598370359,153.5254397887853,Back,Right
4223,140.76666666666668,1679,825,0.48648613691329956,False,79.02861928095606,87.40983235264288,117.83887922655848,Back,Right
4224,140.8,1687,816,0.5263733267784119,False,44.17545348404451,42.56908776422624,61.34816968418354,Back,Right
4225,140.83333333333334,1687,816,0.5270497798919678,False,19.32055378540246,16.61288384678099,25.48081058917212,Back,Right
4226,140.86666666666667,1695,812,0.5179288983345032,False,10.114357294188082,3.2883567100055338,10.635483690304548,Back,Right
4227,140.9,1703,812,0.4831518530845642,False,7.581807284844933,-0.4734132126013253,7.596573028306461,Back,Right
4228,140.93333333333334,1713,814,0.42011669278144836,False,8.151301100271072,-0.09960173097647901,8.151909600338676,Back,Right
4229,140.96666666666667,1722,823,0.4223657548427582,False,8.610979368718448,3.8077762302892912,9.415313351580545,Back,Right
4234,141.13333333333333,1507,496,0.34051603078842163,False,-85.6893951680599,-135.12426386193704,160.00387222970045,Middle,Right
4239,141.3,1051,637,0.4726152718067169,False,-258.7909488864369,-43.32830194110876,262.39302005701734,Middle,Right
4240,141.33333333333334,1385,336,0.47722816467285156,False,-39.422961162531436,-135.7332212353325,141.34241123506484,Front,Right
4241,141.36666666666667,1389,335,0.40697580575942993,False,17.986302026008673,-95.32696219615183,97.00895207205035,Front,Right
4242,141.4,1392,334,0.39797887206077576,False,21.888513228830035,-48.314687834113386,53.041644694301205,Front,Right
4243,141.43333333333334,1392,334,0.397794246673584,False,13.344949069787962,-19.54650120036873,23.66755954574216,Front,Right
4244,141.46666666666667,1395,336,0.4660899043083191,False,7.456461124478424,-5.326945766571342,9.163796358543243,Front,Right
4245,141.5,1399,340,0.4212866425514221,False,4.948494331549748,1.1430590626327648,5.078797118417596,Front,Right
4246,141.53333333333333,1402,347,0.4156368672847748,False,3.679265810074713,4.767825551547085,6.022388013999928,Front,Right
4247,141.56666666666666,1406,355,0.49011579155921936,False,3.5885244665078035,6.777834780660502,7.669195013862687,Front,Right
4248,141.6,1411,370,0.4460594356060028,False,4.168117608429931,10.606356694719674,11.395964493333967,Middle,Right
4249,141.63333333333333,1411,370,0.44560176134109497,False,2.5120849533839413,6.8116646873273705,7.260120290022796,Middle,Right
4250,141.66666666666666,1414,388,0.37053653597831726,False,2.422997170133121,10.858026569240437,11.125091292425621,Middle,Right
4251,141.7,1419,406,0.5146077871322632,False,3.4948335053457016,14.593402025529324,15.006040247474026,Middle,Right
4252,141.73333333333332,1424,429,0.5025733709335327,False,4.321089339835368,18.80714994832705,19.297168244633642,Middle,Right
4253,141.76666666666668,1427,455,0.5219311714172363,False,3.9106811675761817,22.593819956440203,22.929765097324278,Middle,Right
4254,141.8,1432,489,0.5527337789535522,False,4.297347830914049,28.08277710746999,28.409673853244115,Middle,Right
4255,141.83333333333334,1432,489,0.5527608394622803,False,2.5523988241032667,17.20740741564886,17.3956779035889,Middle,Right
4256,141.86666666666667,1436,527,0.5363245010375977,False,2.8525369373395666,24.04610952067953,24.214713503558148,Middle,Right
4262,142.06666666666666,1436,695,0.5599626898765564,False,1.7020018668505297,86.02485822406283,86.0416936306165,Middle,Right
4263,142.1,1417,657,0.5627942085266113,False,-7.240921551154587,44.717879763548694,45.30032798399116,Middle,Right
4264,142.13333333333333,1402,625,0.5596505999565125,False,-12.10910619853465,4.977623492287705,13.092256816850362,Middle,Right
4271,142.36666666666667,1396,589,0.3135889172554016,False,-10.397844300269343,-19.398181014962006,22.00919336963252,Middle,Right
4272,142.4,1413,605,0.5709531307220459,False,1.471172127874567,-8.799867383305084,8.921996043127997,Middle,Right
4273,142.43333333333334,1413,605,0.575626015663147,False,2.9647240505987273,-3.19747029895331,4.36043633239692,Middle,Right
4274,142.46666666666667,1421,622,0.5990498065948486,False,5.356107242966229,6.325614387913748,8.288623660339315,Middle,Right
4275,142.5,1421,639,0.532833456993103,False,3.521421919261349,12.527656808013148,13.013170153072327,Middle,Right
4276,142.53333333333333,1422,657,0.536255419254303,False,2.130318231854665,15.942352877766284,16.084056423930978,Middle,Right
4277,142.56666666666666,1418,651,0.572150707244873,False,-0.705011558865495,7.289211378891515,7.3232263261690544,Middle,Right
4278,142.6,1413,647,0.46893906593322754,False,-3.022974932602175,0.9826452977032485,3.1786741299226366,Middle,Right
4279,142.63333333333333,1413,647,0.4700794816017151,False,-2.1599837841899028,-0.5556493933323856,2.2303085428419944,Middle,Right
4280,142.66666666666666,1410,645,0.5408838391304016,False,-2.360794910330711,-1.4393371384406926,2.764967270464161,Middle,Right
4281,142.7,1404,646,0.5927832722663879,False,-3.9326146979689334,-0.567167907245769,3.9733031343821263,Middle,Right
4282,142.73333333333332,1400,649,0.5775446891784668,False,-4.2410821831669585,1.0938511048655961,4.379873094507636,Middle,Right
4283,142.76666666666668,1396,654,0.5295406579971313,False,-4.194280215763368,3.038484457254859,5.17922526304112,Middle,Right
4284,142.8,1391,662,0.5936957597732544,False,-4.5260224502134525,5.479096451667218,7.1067135264134915,Middle,Right
4285,142.83333333333334,1391,662,0.593978226184845,False,-2.6747689180426937,3.6012698302551227,4.485926120126483,Middle,Right
4286,142.86666666666667,1387,672,0.5231529474258423,False,-2.904318230946652,5.9675199282736315,6.63674306274938,Middle,Right
4287,142.9,1382,688,0.4736807644367218,False,-3.8297637396682607,10.623609541541096,11.292837109991485,Middle,Right
4299,143.3,1333,720,0.3709389865398407,False,-23.060198729688757,20.47570765646372,30.83873164521696,Back,Right
4300,143.33333333333334,1328,727,0.4849431812763214,False,-18.863276939091477,16.54303469644603,25.089743200134144,Back,Right
4301,143.36666666666667,1324,736,0.39138901233673096,False,-11.842052067336613,12.65863241157102,17.334219673720177,Back,Right
4302,143.4,1302,599,0.2947893738746643,False,-14.878687127665616,-51.20166857984274,53.319660501573125,Middle,Right
4303,143.43333333333334,1302,599,0.2917441725730896,False,-9.139641981922626,-40.96728500927931,41.974414785548156,Middle,Right
4340,144.66666666666666,1226,649,0.576745331287384,False,-36.337793583543146,-0.7482992187979605,36.345497578669125,Middle,Right
4341,144.7,1228,650,0.572825014591217,False,-25.00153236231026,7.154783745228644,26.005144700705575,Middle,Right
4342,144.73333333333332,1230,653,0.5771822929382324,False,-11.585064094823048,6.809085057072782,13.43790718064424,Middle,Right
4343,144.76666666666668,1234,660,0.5949758291244507,False,-2.6166902683450495,6.828079440952525,7.312300377611018,Middle,Right
4344,144.8,1236,666,0.581637978553772,False,0.9296815887178762,6.481945567293489,6.548276581953202,Middle,Right
4345,144.83333333333334,1236,666,0.5813717842102051,False,1.169078180304089,3.6843651728094127,3.865396553818774,Middle,Right
4346,144.86666666666667,1240,668,0.5584046244621277,False,2.4066099318843577,2.4750252294213926,3.452176306406851,Middle,Right
4347,144.9,1242,671,0.6255555748939514,False,2.4554577394787516,2.481159613537829,3.490762916357582,Middle,Right
4348,144.93333333333334,1245,673,0.5849916338920593,False,2.694001877807315,2.279163452172088,3.528772046951507,Middle,Right
4349,144.96666666666667,1248,681,0.5592279434204102,False,2.8656558057532457,4.6578417627227395,5.468772539026592,Middle,Right
4350,145.0,1251,682,0.5972440242767334,False,2.95294089400975,3.537701057079806,4.608165436784868,Middle,Right
4351,145.03333333333333,1251,682,0.5966718196868896,False,1.7221065466713412,1.8449424774788472,2.523779646342778,Middle,Right
4352,145.06666666666666,1255,686,0.5568474531173706,False,2.4642878210470904,2.4529834037519467,3.4770450161082906,Middle,Right
4353,145.1,1257,693,0.5334743857383728,False,2.400542340347929,4.480523936912712,5.083079605618123,Middle,Right
4354,145.13333333333333,1260,694,0.5445752739906311,False,2.6422064062329955,3.3726695175202783,4.2844082867473245,Middle,Right
4358,145.26666666666668,1270,707,0.402201771736145,False,5.790855202203829,7.238828423848176,9.270093900430751,Middle,Right
4359,145.3,1274,712,0.3416033089160919,False,5.595909743654302,6.982628334176654,8.948257054442044,Middle,Right
4360,145.33333333333334,1277,715,0.3932337164878845,False,4.46549159142338,5.255987882907194,6.896812581065268,Back,Right
4361,145.36666666666667,1281,719,0.4842935800552368,False,4.067627716492439,4.41825026323706,6.005541659881467,Back,Right
4362,145.4,858,468,0.6034457683563232,False,-176.26099967596144,-103.53855408832749,204.42155509992284,Middle,Left
4364,145.46666666666667,807,346,0.5462040901184082,False,-155.51672296290508,-130.56369811210902,203.0574558735308,Front,Left
4365,145.5,807,346,0.5462061166763306,False,-86.18017771857296,-80.26968012022265,117.77200252270353,Front,Left
4366,145.53333333333333,790,326,0.4781959056854248,False,-44.62788527128713,-45.87084676999672,63.998302533611664,Front,Left
4367,145.56666666666666,773,313,0.29771095514297485,False,-25.563950107270824,-25.86836401564976,36.368775095309374,Front,Left
4376,145.86666666666667,190,289,0.4252738356590271,False,-257.4516099828965,-21.51624633116989,258.34914425824803,Front,Left
4377,145.9,190,289,0.42346569895744324,False,-190.09742442785213,-11.659271197494434,190.45463863859993,Front,Left
4408,146.93333333333334,1343,705,0.4638547897338867,False,388.79980387126056,170.6042531149341,424.58344135309284,Middle,Right
4409,146.96666666666667,1320,718,0.4962256848812103,False,318.11895512885326,136.55316588611691,346.1884410632376,Back,Right
4415,147.16666666666666,365,807,0.3775081932544708,False,-231.834247051945,110.41548626743409,256.7853144434397,Back,Left
4416,147.2,1192,712,0.3631824553012848,False,117.1049605418076,19.05669516433187,118.64539356453997,Middle,Right
4417,147.23333333333332,1178,688,0.3601059019565582,False,123.93263014660621,-15.39267609721555,124.88487215227183,Middle,Right
4418,147.26666666666668,1163,670,0.4317636489868164,False,66.50798039256426,-22.630460775263757,70.25275233610753,Middle,Right
4419,147.3,1163,670,0.431520938873291,False,28.205722417222525,-14.367977962770036,31.65440834727534,Middle,Right
4480,149.33333333333334,529,357,0.43495509028434753,False,-258.1233695665069,-138.94331965519712,293.14317319899124,Middle,Left
4481,149.36666666666667,529,357,0.4351200759410858,False,-200.18458247032075,-102.49132812956947,224.8962858754669,Middle,Left
4482,149.4,523,355,0.5111735463142395,False,-107.90067729842988,-53.58165009037285,120.47219342183098,Front,Left
4483,149.43333333333334,518,354,0.4332713484764099,False,-48.027399626079436,-22.674424344384217,53.11083349178714,Front,Left
4484,149.46666666666667,511,354,0.4939925968647003,False,-20.04381551748828,-7.597714867922569,21.43548020720216,Front,Left
4485,149.5,505,357,0.4038613736629486,False,-9.13079171998479,-0.43863564838573144,9.141321494498351,Middle,Left
4486,149.53333333333333,499,362,0.4213278889656067,False,-5.865145181589207,3.132332597319639,6.649168030765224,Middle,Left
4487,149.56666666666666,499,362,0.421888142824173,False,-2.807783747132205,2.446410810728869,3.7240536281733174,Middle,Left
4488,149.6,492,373,0.4177912473678589,False,-4.032564709046743,5.9345311834639505,7.174973066162359,Middle,Left
4489,149.63333333333333,485,383,0.252269446849823,False,-5.503266159357832,8.271915337341238,9.935316893228634,Middle,Left
4490,149.66666666666666,478,397,0.4362616240978241,False,-6.397021969440369,11.106052660489558,12.81664136094437,Middle,Left
4491,149.7,471,416,0.5397074222564697,False,-6.810754211082895,14.942860946525014,16.421798506587695,Middle,Left
4492,149.73333333333332,462,437,0.5338137745857239,False,-7.808504298964361,18.183014136769863,19.788752928997766,Middle,Left
4493,149.76666666666668,462,437,0.5342788696289062,False,-4.6904245052657405,11.085528067951195,12.036985278088991,Middle,Left
4494,149.8,456,462,0.5244882702827454,False,-4.687676227768513,15.69413973954103,16.37926526376037,Middle,Left
4495,149.83333333333334,447,492,0.5573660731315613,False,-6.5073427537913995,22.553432848084174,23.473449745368992,Middle,Left
4496,149.86666666666667,439,525,0.5331820845603943,False,-7.461547284741893,28.184753073231775,29.155702592828852,Middle,Left
4497,149.9,430,564,0.590045154094696,False,-8.280896120641634,33.75291878419059,34.75388851643832,Middle,Left
4498,149.93333333333334,422,610,0.6707289814949036,False,-8.30830473424159,39.91418540289026,40.76972067519373,Middle,Left
4499,149.96666666666667,422,610,0.6708140969276428,False,-4.806398139360217,24.164760367432464,24.638123035034145,Middle,Left
4524,150.8,1224,516,0.2514721751213074,False,336.356292525301,-28.51632661110787,337.56293695362535,Middle,Right
4554,151.8,380,836,0.32875174283981323,False,-101.07201503243448,109.20097045409884,148.7965193505333,Back,Left
4556,151.86666666666667,416,849,0.5005240440368652,False,-121.14574623904112,93.13106047012162,152.80604129452342,Back,Left
4557,151.9,436,832,0.5548756718635559,False,-65.1468124249681,43.783761606570486,78.49283374649545,Back,Left
4558,151.93333333333334,454,820,0.464307576417923,False,-20.075592028235334,11.44701709806094,23.109816003755753,Back,Left
4559,151.96666666666667,454,819,0.4584372639656067,False,-3.5724375919881126,0.4324427364572685,3.5985159536904203,Back,Left
4560,152.0,474,808,0.4739668369293213,False,9.317170543751509,-6.355276519403043,11.278262569182651,Back,Left
4561,152.03333333333333,1137,534,0.26596376299858093,False,287.5215443564393,-120.53267109184601,311.7639544104594,Middle,Right
4562,152.06666666666666,1137,536,0.38953498005867004,False,215.72685622071594,-89.15489458867296,233.423802822229,Middle,Right
4563,152.1,536,796,0.4805220067501068,False,-141.7896895629803,63.80731881170263,155.48533693022176,Back,Left
4568,152.26666666666668,618,508,0.5835385322570801,False,-111.0248461170631,-57.43360594434196,125.00054218717412,Middle,Left
4569,152.3,630,469,0.574284017086029,False,-53.61735164248881,-71.25261013590243,89.17261265844577,Middle,Left
4570,152.33333333333334,639,438,0.5255712866783142,False,-16.960316019176965,-56.724595376189185,59.20584464444988,Middle,Left
4571,152.36666666666667,639,438,0.5255966186523438,False,-3.2710820780123377,-30.19392179602728,30.37059254255183,Middle,Left
4576,152.53333333333333,590,428,0.4873724579811096,False,-20.13366922790497,-16.943887353324897,26.314633860664884,Middle,Left
4577,152.56666666666666,590,428,0.4900256395339966,False,-14.639731364391583,-7.431628872643291,16.4180035973396,Middle,Left
4580,152.66666666666666,541,465,0.4535311460494995,False,-28.163832668116203,13.016824436097544,31.026427267054704,Middle,Left
4581,152.7,522,485,0.5246515274047852,False,-26.705306963474662,19.607265514706157,33.130322681458956,Middle,Left
4582,152.73333333333332,504,506,0.5010770559310913,False,-22.7711081707691,21.369224999718664,31.227666329930393,Middle,Left
4583,152.76666666666668,504,506,0.5011318922042847,False,-12.458931638917116,12.663549764182068,17.764866174928695,Middle,Left
4584,152.8,485,531,0.2888485789299011,False,-13.382650501908799,16.319601519453688,21.105087732819186,Middle,Left
4585,152.83333333333334,464,557,0.6515666842460632,False,-16.762363795674833,21.056866466590783,26.91409417777953,Middle,Left
4586,152.86666666666667,443,595,0.6318607926368713,False,-19.15310367082658,29.05222635659545,34.797603890214766,Middle,Left
4587,152.9,420,632,0.5680392980575562,False,-21.20272994445714,33.8312440912514,39.92629251332275,Middle,Left
4588,152.93333333333334,395,677,0.44311395287513733,False,-23.17063922789777,39.39677899057428,45.7054123388199,Middle,Left
4589,152.96666666666667,395,677,0.44320759177207947,False,-13.741309374011411,23.759610373909986,27.447088523781623,Middle,Left
4593,153.1,310,771,0.4160098433494568,False,-42.13848248051154,50.621027769436736,65.8645591968432,Back,Left
4606,153.53333333333333,408,448,0.5049585700035095,False,11.952451961911066,-102.29238956381234,102.98832006871719,Middle,Left
4607,153.56666666666666,408,448,0.5045105218887329,False,16.54402583630398,-86.35864186295628,87.92906126694767,Middle,Left
4608,153.6,435,418,0.5101796984672546,False,21.775314281242984,-59.73199446962724,63.57731887525994,Middle,Left
4609,153.63333333333333,510,671,0.3663020133972168,False,45.17249231655113,77.01032167182942,89.28126178592858,Middle,Left
4610,153.66666666666666,486,372,0.3789903521537781,False,20.14428913257912,-57.33589846511529,60.77168450404312,Middle,Left
4611,153.7,510,355,0.253680944442749,False,17.312852824502535,-64.24508495348161,66.5369507386907,Front,Left
4612,153.73333333333332,531,341,0.2733355462551117,False,18.364702369218392,-44.26841323151528,47.926555302318285,Front,Left
4613,153.76666666666668,531,341,0.27268150448799133,False,10.800674745096474,-22.024577629528956,24.53031990636307,Front,Left
4621,154.03333333333333,646,324,0.31072062253952026,False,53.433821585719514,-15.940972552147144,55.76098900811223,Front,Left
4622,154.06666666666666,658,329,0.4280763864517212,False,43.540581068983165,-6.018339690018005,43.95455166929975,Front,Left
4623,154.1,669,337,0.4811933934688568,False,28.04325691984301,1.6663079682269384,28.092718645892912,Front,Left
4624,154.13333333333333,678,344,0.4551214873790741,False,17.244528688189124,5.286613258427007,18.036686209555068,Front,Left
4625,154.16666666666666,678,344,0.4545324444770813,False,8.042083772270542,3.7001970045439974,8.852489439285064,Front,Left
4626,154.2,686,354,0.4845576584339142,False,6.384872384798442,6.076607481531477,8.814292589582335,Front,Left
4627,154.23333333333332,695,368,0.4138515293598175,False,7.193433678305559,9.844298381286613,12.192444328516856,Middle,Left
4632,154.4,735,448,0.5401261448860168,False,21.184557346362148,40.12701577401288,45.37579602485432,Middle,Left
4687,156.23333333333332,353,802,0.3443054258823395,False,-146.49999568374537,178.0022656391096,230.53645114817212,Back,Left
4688,156.26666666666668,370,800,0.5389744639396667,False,-107.36312302244013,126.58944033377657,165.98712778149513,Back,Left
4689,156.3,388,802,0.2853233516216278,False,-47.47717589449609,64.84304609213407,80.36605538051214,Back,Left
4690,156.33333333333334,407,808,0.5469578504562378,False,-8.749431002315042,29.00608801138833,30.296958338893976,Back,Left
4691,156.36666666666667,407,808,0.5463696718215942,False,1.84303683601817,10.378644986825659,10.541017813355655,Back,Left
4692,156.4,427,818,0.32249078154563904,False,11.393858293351956,6.9002798049364795,13.320430480859068,Back,Left
4696,156.53333333333333,569,524,0.556102454662323,False,68.22193041069308,-120.72412784004369,138.6670358509933,Middle,Left
4697,156.56666666666666,569,524,0.5561345219612122,False,49.55077639568843,-92.50533929247337,104.94054144624532,Middle,Left
4698,156.6,592,470,0.5690193772315979,False,35.01782684894173,-71.22563333011682,79.36837556923231,Middle,Left
4699,156.63333333333333,610,428,0.29010501503944397,False,25.245803878572204,-55.09895075585999,60.60730144027215,Middle,Left
4707,156.9,494,433,0.366150826215744,False,-36.112490656053986,-26.859212617565003,45.005880547092396,Middle,Left
4708,156.93333333333334,474,444,0.5171075463294983,False,-40.242891511005496,-5.848493134228981,40.665651219520406,Middle,Left
4709,156.96666666666667,474,444,0.5149906277656555,False,-23.992919379790102,0.3631881509620394,23.995668067343043,Middle,Left
4710,157.0,453,459,0.43488219380378723,False,-19.834669848687014,7.647762714704983,21.25799620253154,Middle,Left
4711,157.03333333333333,430,477,0.5100274085998535,False,-20.429893056126826,13.315033376056054,24.38586976284147,Middle,Left
4712,157.06666666666666,406,501,0.4986858367919922,False,-22.04281365659644,18.834614758009863,28.99359148125802,Middle,Left
4718,157.26666666666668,529,527,0.3478977084159851,False,38.88986350226841,22.842331266323868,45.102035219106746,Middle,Left
4725,157.5,530,487,0.4541347324848175,False,33.75259241914501,-2.968324204518975,33.88286356841845,Middle,Left
4726,157.53333333333333,249,832,0.25487619638442993,False,-100.01417317496305,139.30473441098584,171.48948616514892,Back,Left
4727,157.56666666666666,249,832,0.25125226378440857,False,-81.63097593079384,105.85310780562844,133.6730962592093,Back,Left
4728,157.6,249,818,0.3896683156490326,False,-43.90094187882817,49.30568832185551,66.0177521484957,Back,Left
4729,157.63333333333333,251,807,0.461251825094223,False,-17.805219430185645,13.777590638520628,22.513281474714244,Back,Left
4730,157.66666666666666,251,803,0.4968610107898712,False,-5.640902415436685,-0.055476225519491607,5.6411752031006195,Back,Left
4731,157.7,251,802,0.46902647614479065,False,-1.0928598546746002,-2.9185535991247664,3.116455963578423,Back,Left
4732,157.73333333333332,251,805,0.48828577995300293,False,0.1786671934571047,-0.9305035549365925,0.9475013624092974,Back,Left
4733,157.76666666666668,251,805,0.4890254735946655,False,0.3297820123591182,-0.18357609820432508,0.3774339140929887,Back,Left
4734,157.8,511,644,0.5507902503013611,False,109.95894296296316,-67.92829694747726,129.24868534618383,Middle,Left
4737,157.9,513,510,0.4835478961467743,False,83.9221970620557,-107.88496759681135,136.68248385615308,Middle,Left
4743,158.1,520,466,0.4273574948310852,False,46.81614874373205,-88.03866874965213,99.71238126936002,Middle,Left
4744,158.13333333333333,505,475,0.46097803115844727,False,14.114062238673355,-43.54466131403349,45.77493071355794,Middle,Left
4745,158.16666666666666,505,475,0.46118730306625366,False,2.3307704089096255,-17.238457399247526,17.395312707873938,Middle,Left
4746,158.2,488,487,0.47172966599464417,False,-7.9276440398472285,-0.21087337292789599,7.930448133739686,Middle,Left
4747,158.23333333333332,472,504,0.48278579115867615,False,-13.162417068830711,10.087059224890544,16.58306325442605,Middle,Left
4748,158.26666666666668,453,523,0.46823185682296753,False,-16.558951907902404,15.683668643908327,22.80737491295607,Middle,Left
4749,158.3,435,546,0.5686824917793274,False,-17.77229786651856,19.768819677491624,26.583092425401528,Middle,Left
4752,158.4,394,604,0.6345497369766235,False,-27.79246500173541,36.63331387478477,45.98283153875135,Middle,Left
4756,158.53333333333333,298,782,0.3673507273197174,False,-58.366796538764476,99.30617986916826,115.18854239205012,Back,Left
4757,158.56666666666666,298,782,0.36174139380455017,False,-39.17812343580502,68.55618097662183,78.96122659920184,Back,Left
4758,158.6,274,814,0.4615727365016937,False,-29.353173122430874,47.64823631182033,55.96394550049587,Back,Left
4759,158.63333333333333,262,800,0.5084861516952515,False,-20.2783533271515,17.90277295587188,27.050339982526907,Back,Left
4760,158.66666666666666,249,790,0.542121946811676,False,-15.589576499635296,0.8262414747128375,15.611456383454962,Back,Left
4761,158.7,236,782,0.4828403890132904,False,-13.661239323069926,-5.941405394402061,14.897307068823611,Back,Left
4762,158.73333333333332,221,776,0.3140369951725006,False,-13.882766512729457,-7.17181771030099,15.625817588745536,Back,Left
4763,158.76666666666668,221,776,0.31383877992630005,False,-8.062560407076226,-4.363921756066234,9.16780744839361,Back,Left
4771,159.03333333333333,413,350,0.6406440138816833,False,77.41722391108976,-181.82886988110332,197.62379532925434,Front,Left
4772,159.06666666666666,458,271,0.5455049276351929,False,78.96301308014218,-170.04262652288025,187.48240522644903,Front,Left
4773,159.1,498,206,0.53493732213974,False,62.79279731891672,-123.60621685019117,138.64137996698906,Front,Left
4774,159.13333333333333,531,150,0.5154067277908325,False,47.336998788593256,-86.7980069303094,98.86700896348245,Front,Left
4775,159.16666666666666,531,150,0.5151209235191345,False,24.603376879264218,-43.604577735371215,50.06680889914139,Front,Left
4776,159.2,535,115,0.5165327191352844,False,11.856977009016317,-32.27767224281608,34.38656756943038,Front,Left
4777,159.23333333333332,525,91,0.4972389340400696,False,0.3607139619869013,-26.765883304618924,26.768313798946142,Front,Left
4778,159.26666666666668,516,66,0.4697836935520172,False,-5.638379523804484,-25.038590002699237,25.665586160805443,Front,Left
4779,159.3,505,40,0.4554591178894043,False,-8.970185398950704,-25.13666078392804,26.68924767500602,Front,Left
4819,160.63333333333333,778,595,0.33560365438461304,False,109.45090540405896,219.71136509541537,245.46401904527508,Middle,Left
4820,160.66666666666666,778,594,0.28820762038230896,False,84.35074219035229,170.17352744851655,189.93176972885365,Middle,Left
4821,160.7,778,594,0.3149360716342926,False,44.276090980525254,89.52092625070054,99.87176011916038,Middle,Left
4822,160.73333333333332,778,594,0.3069456219673157,False,18.4484876087013,37.367165070766255,41.67315347408088,Middle,Left
4823,160.76666666666668,778,594,0.3003155589103699,False,6.060424766481534,12.303761244693703,13.715366896901063,Middle,Left
4824,160.8,778,594,0.2685302495956421,False,1.295448066369941,2.645424391558427,2.945582438858891,Middle,Left
4826,160.86666666666667,1139,463,0.30007845163345337,False,152.27152547564586,-55.48462983181498,162.06530047562248,Middle,Right
4827,160.9,1138,461,0.4175582230091095,False,114.47523562469141,-43.265784391561866,122.37854252419308,Middle,Right
4849,161.63333333333333,508,525,0.25242364406585693,False,-206.48823322696475,4.186050792135596,206.53065990895328,Middle,Left
4850,161.66666666666666,515,507,0.6166447997093201,False,-173.55939185849132,3.2754229543914963,173.59029609347263,Middle,Left
4851,161.7,511,480,0.581887423992157,False,-96.12495876410406,-9.665533065144064,96.60967977813662,Middle,Left
4852,161.73333333333332,501,458,0.5187584161758423,False,-45.977904017909076,-17.17717269724447,49.08179825302879,Middle,Left
4853,161.76666666666668,501,458,0.5222220420837402,False,-17.637560431691067,-11.265215267086203,20.928177488623955,Middle,Left
4885,162.83333333333334,1489,571,0.43164628744125366,False,411.87332907060056,42.23818646717932,414.0334570970508,Middle,Right
4887,162.9,523,256,0.4471563696861267,False,-93.18390280775202,-99.01395616782868,135.9669197212663,Front,Left
4888,162.93333333333334,542,280,0.43204188346862793,False,-135.81080457635974,-72.25650115569931,153.83620054766612,Front,Left
4889,162.96666666666667,542,280,0.43241915106773376,False,-86.08158418074018,-36.99136423865275,93.69311694731121,Front,Left
4890,163.0,559,302,0.469066858291626,False,-33.71321860451431,-5.809534639593576,34.21011256053402,Front,Left
4891,163.03333333333333,579,335,0.4922372102737427,False,-1.7122000693720452,16.12644322744473,16.217083592482208,Front,Left
4892,163.06666666666666,594,363,0.4767252504825592,False,11.042822343222683,25.04603617605703,27.372392175992502,Middle,Left
4894,163.13333333333333,627,440,0.5478939414024353,False,22.582914461030896,48.56394948831695,53.55786791366921,Middle,Left
4895,163.16666666666666,627,440,0.5478857755661011,False,15.106971613420225,32.255759776678005,35.61817836582106,Middle,Left
4896,163.2,640,483,0.5094283223152161,False,12.885789862370581,33.88535242407222,36.25273354218616,Middle,Left
4897,163.23333333333332,656,528,0.5222851037979126,False,13.804531781957042,38.8669677715816,41.24568197370756,Middle,Left
4899,163.3,683,619,0.49033045768737793,False,19.537784377482758,61.75889787987724,64.77566275784537,Middle,Left
4900,163.33333333333334,696,671,0.5841861367225647,False,17.799699904819565,61.71811789754841,64.23360019115633,Middle,Left
4901,163.36666666666667,696,671,0.5847735404968262,False,9.977113148451418,35.660718979245516,37.03011834836237,Middle,Left
4902,163.4,708,725,0.5256674885749817,False,9.437316281165169,38.75918839571911,39.89157334181734,Back,Left
4909,163.63333333333333,1787,885,0.4744076430797577,False,460.7847772225473,90.48480947111577,469.58504199458554,Back,Right
4910,163.66666666666666,1787,885,0.515954315662384,False,346.70478287612116,61.50786517931179,352.11847998662995,Back,Right
4911,163.7,1787,885,0.4139196276664734,False,180.04302188782668,30.38412879066193,182.58884142484715,Back,Right
4912,163.73333333333332,1787,885,0.43969210982322693,False,74.35863338561401,12.01471629936319,75.32303609607312,Back,Right
4913,163.76666666666668,1787,885,0.43640774488449097,False,24.145107095688097,3.6709388063017787,24.42257128931882,Back,Right
4916,163.86666666666667,605,545,0.5107038021087646,False,-493.89328296467943,-142.87300361981642,514.1432389139985,Middle,Left
4927,164.23333333333332,787,695,0.4467830955982208,False,-300.90099377529265,-45.36378044933309,304.30129909616556,Middle,Left
4928,164.26666666666668,1700,840,0.5203627943992615,False,245.84756854612039,52.35704638659203,251.36087059518056,Back,Right
4936,164.53333333333333,1787,884,0.3063732087612152,False,276.2060164461731,66.23899962810592,284.03761827053097,Back,Right
4937,164.56666666666666,1787,884,0.3148266077041626,False,165.0327733488412,40.75380077373134,169.99026018191446,Back,Right
4938,164.6,1787,884,0.4488182067871094,False,75.56942565158685,19.012057510065084,77.92429931720102,Back,Right
4939,164.63333333333333,1787,884,0.4709138572216034,False,27.734681803109204,7.11403234068084,28.63253448201835,Back,Right
4940,164.66666666666666,1787,885,0.4048405885696411,False,7.506428449297193,2.4137307937548496,7.884958110804311,Back,Right
4941,164.7,790,710,0.26787659525871277,False,-420.08183213670094,-73.30686523569162,426.43011406561243,Middle,Left
4945,164.83333333333334,792,686,0.4333272874355316,False,-318.10488454696315,-65.98519898243512,324.87653663720977,Middle,Left
4946,164.86666666666667,791,683,0.30490997433662415,False,-166.0929220676613,-38.09587138572556,170.40585135966415,Middle,Left
4959,165.3,1278,923,0.48226144909858704,False,136.64760858093936,84.25209640579868,160.5334378865089,Back,Right
4960,165.33333333333334,1288,897,0.45295652747154236,False,137.12618819054808,59.51335175803927,149.48388048597656,Back,Right
4961,165.36666666666667,1300,873,0.48427435755729675,False,84.39788199682084,19.85653635918296,86.70227518198614,Back,Right
4962,165.4,1312,851,0.27503007650375366,False,44.4462704273448,-4.875376545133996,44.71286449510373,Back,Right
4963,165.43333333333334,1312,851,0.2682015299797058,False,18.56875725251171,-7.223644699623927,19.924351649404077,Back,Right
4964,165.46666666666667,1325,833,0.5572446584701538,False,11.60811082013241,-12.190507437010597,16.833202558761236,Back,Right
4965,165.5,1338,820,0.2971920073032379,False,10.955538675757357,-13.41704444369899,17.321688984628757,Back,Right
4968,165.6,1377,802,0.4194583296775818,False,22.676355282830578,-15.569941475774725,27.50709302111381,Back,Right
4969,165.63333333333333,1377,802,0.4200589060783386,False,15.19316942105068,-9.381688908611203,17.85632895739513,Back,Right
4970,165.66666666666666,1374,774,0.33741629123687744,False,6.180995673882089,-16.137691701025126,17.28090856864547,Back,Right
4971,165.7,1371,752,0.2856540381908417,False,0.7003075396269383,-19.81567522189755,19.828046175803173,Back,Right
4972,165.73333333333332,1368,741,0.43542414903640747,False,-1.837931544380944,-16.749979465857628,16.850513477887926,Back,Right
4973,165.76666666666668,1365,735,0.5521718263626099,False,-2.780616630187645,-11.666437204814557,11.993230836515963,Back,Right
4974,165.8,1170,693,0.571124792098999,False,-84.08098578126433,-23.5640501291555,87.32053955650142,Middle,Right
4975,165.83333333333334,1170,693,0.5744400024414062,False,-63.0758304592473,-15.73768075831924,65.00949918107723,Middle,Right
4976,165.86666666666667,1168,694,0.5679023861885071,False,-33.554651135216695,-7.278703844909897,34.3350279229245,Middle,Right
4977,165.9,1356,738,0.5440722703933716,False,65.21898066842999,15.872133688842721,67.12257494513706,Back,Right
4978,165.93333333333334,1354,746,0.5016839504241943,False,54.44390602332293,16.67384902710956,56.93993453153298,Back,Right
4979,165.96666666666667,1351,755,0.4090678095817566,False,28.278223791091904,13.577680565447281,31.36895519963011,Back,Right
4980,166.0,1347,775,0.4917305111885071,False,9.99264218962654,15.736835309521421,18.641375579310246,Back,Right
4981,166.03333333333333,1347,775,0.492037296295166,False,2.5172814451246808,9.479254619560502,9.807801691328597,Back,Right
4982,166.06666666666666,1344,801,0.4504442512989044,False,-1.143228498404727,15.337560704107705,15.380108574121106,Back,Right
4983,166.1,1341,820,0.30547815561294556,False,-2.5790721198280515,17.9270902595514,18.11165862568575,Back,Right
4999,166.63333333333333,1244,815,0.25565004348754883,False,-42.68828847373349,8.711302029465141,43.56807037114739,Back,Right
5013,167.1,1137,544,0.3519928455352783,False,-76.97873336452562,-110.99175265997025,135.07366341718412,Middle,Right
5014,167.13333333333333,419,950,0.27950379252433777,False,-353.6515196643502,85.89585945616,363.9333675724399,Back,Left
5022,167.4,778,464,0.4037327170372009,False,-102.14407626122897,-120.41510631711807,157.9025336865201,Middle,Left
5023,167.43333333333334,778,464,0.40488389134407043,False,-14.223902212852323,-106.345042866536,107.29206651214322,Middle,Left
5026,167.53333333333333,282,805,0.4509892761707306,False,-201.90983895541547,84.9780767866537,219.0635903142287,Back,Left
5027,167.56666666666666,288,801,0.4472828805446625,False,-147.59166951183965,81.50689293882942,168.6021189245079,Back,Left
5028,167.6,498,524,0.6186003684997559,False,13.018471714722097,-70.43097517962562,71.62403835682584,Middle,Left
5029,167.63333333333333,498,524,0.6185600161552429,False,36.13687608813392,-67.77157342477427,76.8040362082535,Middle,Left
5030,167.66666666666666,516,514,0.2798701822757721,False,32.600245820744234,-42.913424768215535,53.891910830014616,Middle,Left
5042,168.06666666666666,583,507,0.46901735663414,False,46.48971464718883,-23.326430462985563,52.01361289241062,Middle,Left
5048,168.26666666666668,533,514,0.47527071833610535,False,8.237559102564731,-7.036683401114708,10.833849420024736,Middle,Left
5050,168.33333333333334,503,541,0.5700376629829407,False,-14.716601858760978,10.231679853407531,17.923884704268566,Middle,Left
5051,168.36666666666667,487,559,0.5210381746292114,False,-19.347667778140625,16.586972225039396,25.484503056711336,Middle,Left
5052,168.4,468,584,0.45088738203048706,False,-20.025964316670468,21.270181648471603,29.214035568054218,Middle,Left
5053,168.43333333333334,468,584,0.4500461518764496,False,-11.694197387855429,13.126742025872357,17.580261908172137,Middle,Left
5054,168.46666666666667,448,609,0.6764431595802307,False,-13.715596663650937,16.68745275185465,21.60066367464977,Middle,Left
5055,168.5,427,643,0.589879035949707,False,-17.150334931303636,24.62912832989806,30.01213005680338,Middle,Left
5056,168.53333333333333,406,679,0.5519242286682129,False,-19.38712189917403,30.843411580627343,36.43043416520602,Middle,Left
5068,168.93333333333334,217,798,0.3174002170562744,False,-91.37623102929284,69.15985640526297,114.59799882683507,Back,Left
5081,169.36666666666667,469,471,0.26444387435913086,False,40.731728554754326,-91.22605050228272,99.90628609503621,Middle,Left
5082,169.4,453,484,0.4433891475200653,False,40.32176892176125,-75.80738929124745,85.86387668941258,Middle,Left
5083,169.43333333333334,453,484,0.44336172938346863,False,23.229622515675462,-41.06353162645482,47.17869213805774,Middle,Left
5084,169.46666666666667,437,501,0.4596284329891205,False,3.6264605259438625,-10.3661916489689,10.982219504698564,Middle,Left
5085,169.5,426,520,0.5321767926216125,False,-6.039485241901238,7.497603399493215,9.627535443883604,Middle,Left
5086,169.53333333333333,413,543,0.5856897830963135,False,-10.699419202618142,17.22339194451655,20.276163378405478,Middle,Left
5087,169.56666666666666,400,567,0.5685280561447144,False,-12.500637907750773,21.816363320769685,25.143978536510897,Middle,Left
5088,169.6,389,595,0.633338451385498,False,-12.18813856986978,25.244622104083664,28.032867619570013,Middle,Left
5089,169.63333333333333,389,595,0.6328850388526917,False,-6.988066420726398,15.20006699741839,16.729468282838265,Middle,Left
5096,169.86666666666667,302,791,0.5266143083572388,False,-39.833287102491305,89.72307042380865,98.1678161500256,Back,Left
5097,169.9,290,775,0.5552985072135925,False,-33.93683922156344,58.37575919008676,67.52361303550963,Back,Left
5134,171.13333333333333,1782,784,0.5530300736427307,False,611.1847790886295,31.950482332403553,612.0193358962526,Back,Right
5135,171.16666666666666,1766,840,0.31573885679244995,False,461.3918269771543,37.39360359366657,462.9046333652717,Back,Right
5157,171.9,1335,888,0.2828328609466553,False,58.04275521825679,42.84008884689629,72.14038151920492,Back,Right
5158,171.93333333333334,1313,911,0.5165896415710449,False,-47.599969977368715,35.4362466105169,59.34209901653104,Back,Right
5165,172.16666666666666,960,450,0.4046473503112793,False,-195.32459032241727,-175.4197969028009,262.5334278335619,Middle,Right
5166,172.2,949,443,0.46494805812835693,False,-143.8420883422062,-141.89751840009163,202.05309229692924,Middle,Left
5167,172.23333333333332,949,443,0.4640473425388336,False,-73.95707629575993,-76.03295340684379,106.06912433872608,Middle,Left
5172,172.4,882,448,0.37713488936424255,False,-58.570351017503796,-30.09635820563566,65.850412265646,Middle,Left
5173,172.43333333333334,882,448,0.37727758288383484,False,-31.10763403327262,-9.209444701631067,32.44223738986603,Middle,Left
5174,172.46666666666667,867,456,0.4797632098197937,False,-19.416303026399362,1.7754382669841977,19.49730761548468,Middle,Left
5175,172.5,850,467,0.4836200773715973,False,-16.313571398686307,7.625960092682762,18.007994866592615,Middle,Left
5176,172.53333333333333,832,483,0.4525902271270752,False,-16.472620530897174,12.2027867386863,20.500127593378373,Middle,Left
5199,173.3,393,824,0.4401610195636749,False,-194.84234316021684,151.79769498564872,246.99408675334666,Back,Left
5200,173.33333333333334,398,805,0.46888279914855957,False,-142.26960507297173,104.57632063268156,176.56966717046492,Back,Left
5201,173.36666666666667,402,791,0.5144187808036804,False,-71.16575136814741,46.11468064853333,84.80051850731333,Back,Left
5202,173.4,406,782,0.48027047514915466,False,-26.772201047086114,12.436590904555182,29.519816094157218,Back,Left
5203,173.43333333333334,406,782,0.4884670078754425,False,-7.5632548882873465,1.1874517917413918,7.655904013433834,Back,Left
5204,173.46666666666667,410,778,0.6304177641868591,False,0.7395346044846569,-3.006154997678504,3.095784117359885,Back,Left
5205,173.5,413,778,0.5985386371612549,False,3.1728090809708656,-2.4844158499107514,4.029769171997194,Back,Left
5206,173.53333333333333,417,782,0.5487502813339233,False,3.955448417619858,0.34549191687642633,3.970508386728126,Back,Left
5207,173.56666666666666,421,792,0.5445574522018433,False,4.113682862979613,4.924648467387997,6.416739765996366,Back,Left
5208,173.6,424,802,0.5033039450645447,False,3.671806916303523,7.882658390621923,8.695888070453565,Back,Left
5209,173.63333333333333,424,802,0.5032047629356384,False,2.0432799077655845,5.082506777056026,5.4778524916520865,Back,Left
5210,173.66666666666666,428,819,0.531644880771637,False,2.5790491721937254,9.613814347223952,9.95373904296683,Back,Left
5211,173.7,432,837,0.4775641858577728,False,3.274256781246493,13.960744748150416,14.339565941566994,Back,Left
5214,173.8,474,760,0.5768123865127563,False,19.743566713660552,-23.6577671333157,30.813931464695603,Back,Left
5215,173.83333333333334,474,760,0.5765573382377625,False,14.344220524584621,-20.37411185740415,24.91708442887994,Back,Left
5217,173.9,503,667,0.566517174243927,False,19.568254803078595,-50.44322899561864,54.105784788159475,Middle,Left
5218,173.93333333333334,515,632,0.5699466466903687,False,17.30450778895348,-49.281834274229,52.23164921051721,Middle,Left
5219,173.96666666666667,526,603,0.5948228240013123,False,14.24019110650915,-40.51432153333257,42.94407167533323,Middle,Left
5230,174.33333333333334,506,584,0.5706839561462402,False,-0.7579113220838387,-29.87154035799118,29.88115380856701,Middle,Left
5231,174.36666666666667,492,601,0.6762166619300842,False,-9.019130165133634,-8.191836582537565,12.18404265958652,Middle,Left
5232,174.4,483,622,0.6492294669151306,False,-10.482821423948915,7.991842023012008,13.181770894958804,Middle,Left
5233,174.43333333333334,483,622,0.6496960520744324,False,-6.318968422463563,7.501806224810537,9.808489106824647,Middle,Left
5234,174.46666666666667,481,640,0.47053226828575134,False,-3.754202344965061,11.845607838127819,12.426281032620194,Middle,Left
5235,174.5,480,664,0.4501499831676483,False,-2.134779622693805,17.749627179590313,17.877543149211522,Middle,Left
5236,174.53333333333333,483,662,0.5139949321746826,False,0.32102665729696156,10.465478563265037,10.470401122825013,Middle,Left
5237,174.56666666666666,487,656,0.4948382079601288,False,2.311367400382835,2.2179919887034316,3.203421252583729,Middle,Left
5238,174.6,492,650,0.5416622161865234,False,3.8007783510306066,-2.719997437674805,4.673788841466893,Middle,Left
5239,174.63333333333333,492,650,0.5417453050613403,False,2.4618804518664774,-2.451654807657017,3.4744016254874817,Middle,Left
5240,174.66666666666666,495,649,0.4767017364501953,False,2.450481801292828,-1.7911306019002247,3.035294037079572,Middle,Left
5241,174.7,499,648,0.5770716071128845,False,3.102475513544076,-1.3395335105729986,3.3793053040659995,Middle,Left
5242,174.73333333333332,504,650,0.5088810920715332,False,4.019542297679659,0.15047858478332166,4.022358025749854,Middle,Left
5243,174.76666666666668,508,656,0.5180147290229797,False,4.174672573621319,2.88490985749387,5.074504506137653,Middle,Left
5244,174.8,513,663,0.5483454465866089,False,4.550665802895157,5.108965885470203,6.841790092405478,Middle,Left
5245,174.83333333333334,513,663,0.5475069284439087,False,2.6968942177185085,3.348784654605222,4.299720582140535,Middle,Left
5246,174.86666666666667,518,675,0.5278449058532715,False,3.338738670352564,6.686728140753101,7.473921938129072,Middle,Left
5253,175.1,828,326,0.48930594325065613,False,132.88941911525163,-142.8477274820827,195.10271899587758,Front,Left
5254,175.13333333333333,846,306,0.44619202613830566,False,107.47653107302764,-117.63595844244085,159.3405894622056,Front,Left
5278,175.93333333333334,1445,290,0.4431943893432617,False,310.4125591968666,-70.2456379961794,318.26153799137984,Front,Right
5283,176.1,1557,788,0.2634330093860626,False,262.819883244551,178.04362317965743,317.448929410101,Back,Right
5290,176.33333333333334,1137,462,0.4539692997932434,False,-33.865205330187734,9.529283010638437,35.18038326614163,Middle,Right
5300,176.66666666666666,645,739,0.2776104807853699,False,-280.0913700751531,92.40254189444052,294.9396638960759,Back,Left
5301,176.7,621,720,0.5180795192718506,False,-215.8657739671375,60.145653440071364,224.08822369362576,Back,Left
5309,176.96666666666667,485,618,0.6452563405036926,False,-170.71381289724442,-14.039860028695266,171.29017363392663,Middle,Left
5316,177.2,582,538,0.40239787101745605,False,-49.67252962339545,-55.09689216539986,74.1823949833975,Middle,Left
5317,177.23333333333332,582,538,0.4029257595539093,False,-7.14268837224553,-39.15591898802369,39.80206010974414,Middle,Left
5321,177.36666666666667,536,608,0.6054097414016724,False,-15.96683353951482,9.756819224516995,18.711902486344883,Middle,Left
5322,177.4,525,633,0.5422996282577515,False,-15.442473427352619,24.90467790267606,29.303804650429488,Middle,Left
5323,177.43333333333334,525,633,0.5425204038619995,False,-8.83105992295842,17.09149602753346,19.238161445992557,Middle,Left
5324,177.46666666666667,513,660,0.5444993376731873,False,-8.99076685658979,19.8817551919103,21.82013011374143,Middle,Left
5325,177.5,502,666,0.5314977765083313,False,-9.867281248076115,14.519604761022634,17.55511781917016,Middle,Left
5326,177.53333333333333,494,657,0.5018916130065918,False,-9.235288804448313,3.6371062560716236,9.92567887952878,Middle,Left
5327,177.56666666666666,484,649,0.4530595541000366,False,-9.445468251595184,-3.213468090055117,9.977136245320851,Middle,Left
5328,177.6,475,642,0.41701480746269226,False,-9.294888147161606,-6.032151108424339,11.08069459298966,Middle,Left
5329,177.63333333333333,475,642,0.4032939672470093,False,-5.344852689240163,-3.988244536684408,6.668848832749984,Middle,Left
5331,177.7,456,640,0.3179997205734253,False,-10.40473760642979,-2.7849121443685596,10.77099346905873,Middle,Left
5332,177.73333333333332,447,644,0.38253623247146606,False,-10.71325917458888,0.2932581127481759,10.717272155852225,Middle,Left
5333,177.76666666666668,437,649,0.5294356346130371,False,-10.46716922542561,2.8282782858906286,10.842545349507994,Middle,Left
5334,177.8,426,657,0.3679267168045044,False,-10.648225932029897,5.462794143625235,11.967741447540556,Middle,Left
5335,177.83333333333334,426,657,0.3691580593585968,False,-6.186052646501175,3.6263931088589554,7.170632770213792,Middle,Left
5336,177.86666666666667,415,670,0.5287377834320068,False,-7.422983119033096,7.255666550123291,10.380046987948962,Middle,Left
5337,177.9,405,685,0.5371682047843933,False,-8.731060292976219,11.170981791690124,14.178231484563167,Middle,Left
5338,177.93333333333334,393,702,0.5393334627151489,False,-10.34386098192258,14.328835474596547,17.672322599799855,Middle,Left
5394,179.8,576,589,0.3455813229084015,False,70.97586146785717,-38.8518471747647,80.91377472344078,Middle,Left
5395,179.83333333333334,576,589,0.3446810245513916,False,55.50559685717209,-31.927494051288278,64.03308643869948,Middle,Left
5399,179.96666666666667,1136,548,0.42269426584243774,False,265.6877425722846,-34.52324115951873,267.9213144438398,Middle,Right
5402,180.06666666666666,1255,637,0.3037964403629303,False,241.21812528631654,17.15130825648098,241.82711043543884,Middle,Right
5430,181.0,1139,547,0.2529451847076416,False,86.08327713622057,-18.8693711146203,88.12708873424006,Middle,Right
5453,181.76666666666668,1290,448,0.3128109872341156,False,85.84565635815106,-59.108315721652964,104.22701042921824,Middle,Right
5467,182.23333333333332,1843,877,0.40208348631858826,False,282.98096876533185,139.74492105259282,315.6055633910168,Back,Right
5479,182.63333333333333,1769,781,0.4619569480419159,False,167.42593322523473,75.66754678107289,183.73083778235653,Back,Right
5480,182.66666666666666,1752,796,0.5083051323890686,False,68.99644124166976,38.64522654471491,79.08199819622368,Back,Right
5481,182.7,1752,796,0.5077682733535767,False,22.33868793202646,15.738095885490257,27.32589688601913,Back,Right
5482,182.73333333333332,1734,815,0.520987331867218,False,-2.9998100015637164,13.03390085149919,13.374656311554066,Back,Right
5483,182.76666666666668,1718,838,0.601483941078186,False,-13.001106204507558,16.758654257370175,21.210404405832445,Back,Right
5489,182.96666666666667,1429,526,0.386947900056839,False,-131.27715962941525,-121.3410226514022,178.76615009127167,Middle,Right
5501,183.36666666666667,1490,488,0.5022362470626831,False,-71.19164997520136,-110.76719315974631,131.67240449950071,Middle,Right
5502,183.4,1509,505,0.3416309952735901,False,-22.41888921079638,-54.95513882289606,59.3521177085514,Middle,Right
5512,183.73333333333332,1675,806,0.49145016074180603,False,65.79845761480759,105.23039248823838,124.10830966424581,Back,Right
5514,183.8,1710,858,0.37749677896499634,False,68.5152061915265,111.30040542968882,130.69856054402626,Back,Right
5515,183.83333333333334,1723,841,0.5469789505004883,False,45.56721098621699,58.22845177899268,73.93864560323573,Back,Right
5516,183.86666666666667,1736,827,0.45098456740379333,False,27.732895448214865,18.28713170238818,33.219462305132325,Back,Right
5517,183.9,1736,827,0.45153576135635376,False,12.850079982935608,3.4527651053318085,13.305868721749789,Back,Right
5536,184.53333333333333,1429,396,0.3826422691345215,False,-124.8044492858297,-182.56491383498533,221.1472322348052,Middle,Right
5537,184.56666666666666,1441,407,0.49708667397499084,False,-91.5853415603649,-134.00427928274098,162.31149575681798,Middle,Right
5538,184.6,1455,419,0.5037075877189636,False,-41.1015197446196,-63.72718556905092,75.83197944053423,Middle,Right
5539,184.63333333333333,1468,437,0.5034052729606628,False,-9.272344346468703,-16.711459345623872,19.111495052452845,Middle,Right
5540,184.66666666666666,1482,457,0.5587559342384338,False,6.220985300716377,7.15982325283554,9.484921039395834,Middle,Right
5541,184.7,1482,457,0.5585432648658752,False,6.355408886577897,8.390542190384876,10.525797849294937,Middle,Right
5542,184.73333333333332,1498,481,0.5147287845611572,False,10.450169484179996,15.198277228436423,18.4443398624211,Middle,Right
5543,184.76666666666668,1513,507,0.5019019842147827,False,13.100069337884422,20.97031714907138,24.7258168316037,Middle,Right
5544,184.8,1530,541,0.45797935128211975,False,15.21825075183915,27.498227097416713,31.428452864354547,Middle,Right
5552,185.06666666666666,1667,838,0.3692174553871155,False,66.99755028462728,142.41316366187286,157.38545335679706,Back,Right
5553,185.1,1667,838,0.3668878674507141,False,47.943728677923104,102.77557608973603,113.40820146761622,Back,Right
5554,185.13333333333333,1684,824,0.5475205183029175,False,31.48841750750244,46.425077570902836,56.09641935623995,Back,Right
5555,185.16666666666666,1701,808,0.4754052758216858,False,22.44153818692899,10.037505077360784,24.5840221357986,Back,Right
5556,185.2,1718,798,0.30481451749801636,False,18.533026472111775,-4.902550508016425,19.17050003780934,Back,Right
5574,185.8,1393,405,0.3242289125919342,False,-127.16254707403834,-171.37329358173466,213.3989670345394,Middle,Right
5575,185.83333333333334,1398,420,0.49963679909706116,False,-97.33524563923167,-122.36575892694466,156.35705612928604,Middle,Right
5576,185.86666666666667,1403,436,0.5025101900100708,False,-48.82749469669712,-55.23313366989551,73.72125401370036,Middle,Right
5577,185.9,1403,436,0.5021951198577881,False,-19.576436774631922,-19.960279860892122,27.957997941846564,Middle,Right
5578,185.93333333333334,1409,456,0.5110205411911011,False,-3.56989104723003,3.1902379927989557,4.787665458215625,Middle,Right
5579,185.96666666666667,1415,483,0.5401157736778259,False,3.3210154487282617,17.36426823033983,17.678997561679818,Middle,Right
5580,186.0,1421,511,0.5660085082054138,False,5.679407492249229,24.378578172681614,25.0313951505817,Middle,Right
5581,186.03333333333333,1427,541,0.5618097186088562,False,6.234879961173206,28.000906088914935,28.686660138999674,Middle,Right
5584,186.13333333333333,1439,618,0.660434901714325,False,8.767195308806965,49.327893933271646,50.10094643292544,Middle,Right
5585,186.16666666666666,1449,668,0.6158760786056519,False,9.738681582668077,53.41105747543886,54.29164742032822,Middle,Right
5586,186.2,1454,722,0.5244932770729065,False,7.911641059952089,54.38707000268099,54.95950734620937,Back,Right
5587,186.23333333333332,1462,781,0.3807317614555359,False,7.62344199522808,56.507986885455956,57.01990397836065,Back,Right
5588,186.26666666666668,1469,809,0.5708568692207336,False,7.308954379442124,44.853115159662266,45.444721955873945,Back,Right
5589,186.3,1469,809,0.5720110535621643,False,4.167945981644846,23.845045656247475,24.206568861663065,Back,Right
5590,186.33333333333334,1475,789,0.5552129149436951,False,4.381641901393297,1.5961588597558816,4.663315221773311,Back,Right
5591,186.36666666666667,1479,770,0.5311656594276428,False,4.258628250819592,-11.060837112357541,11.852342899392704,Back,Right
5592,186.4,1484,755,0.5315019488334656,False,4.5496329249105525,-14.978377823566468,15.65410367849076,Back,Right
5593,186.43333333333334,1489,744,0.511974036693573,False,4.7915684854057705,-13.997098330910282,14.794522305079848,Back,Right
5594,186.46666666666667,1494,737,0.5286781191825867,False,4.922645455538644,-10.868927530825026,11.931723427538097,Back,Right
5595,186.5,1494,737,0.5284329056739807,False,2.8682350808468144,-5.724049227079139,6.40246140425896,Back,Right
5596,186.53333333333333,1499,732,0.5380529761314392,False,3.4020150438944547,-4.5018622405299356,5.642736037738555,Back,Right
5597,186.56666666666666,1484,691,0.5742956399917603,False,-4.270057559033297,-19.689348300566476,20.14705507160978,Middle,Right
5598,186.6,1469,652,0.5789857506752014,False,-10.165785099671862,-30.54574040653383,32.19294089821655,Middle,Right
5599,186.63333333333333,1454,615,0.6063516139984131,False,-13.256567328433961,-35.20407523655539,37.61732965794296,Middle,Right
5603,186.76666666666668,1419,549,0.5306817293167114,False,-22.984722391893342,-49.03239337163809,54.15231355337888,Middle,Right
5604,186.8,1410,537,0.518997311592102,False,-18.815122351015784,-35.86523487479847,40.500912356490865,Middle,Right
5605,186.83333333333334,1401,525,0.3232215344905853,False,-13.929502354940462,-23.44636178848597,27.272017104953328,Middle,Right
5614,187.13333333333333,1407,554,0.3327760696411133,False,-4.647218640811824,0.9027933649247082,4.734097269307103,Middle,Right
5618,187.26666666666668,1426,639,0.6113189458847046,False,6.987529245843465,40.73663688943749,41.33157570216017,Middle,Right
5619,187.3,1426,639,0.6113536357879639,False,6.110987913311613,30.63895986529201,31.242439643914096,Middle,Right
5620,187.33333333333334,1429,659,0.5579121112823486,False,4.641735560761353,24.34950434520089,24.787982388104798,Middle,Right
5621,187.36666666666667,1429,648,0.5744291543960571,False,2.4207879115976687,8.308610226840695,8.654086781082057,Middle,Right
5622,187.4,1430,640,0.5418155789375305,False,1.4254284935136292,-1.4327105945590617,2.0210160904560643,Middle,Right
5623,187.43333333333334,1430,634,0.6058216094970703,False,0.64645330620633,-5.0959344941558555,5.136774303571512,Middle,Right
5624,187.46666666666667,1430,629,0.5410718321800232,False,0.23481949372846966,-5.708058704544228,5.71288669318393,Middle,Right
5625,187.5,1430,629,0.5404694080352783,False,0.0623722687553625,-3.407839480119754,3.4084102191744123,Middle,Right
5626,187.53333333333333,1430,628,0.5448362827301025,False,0.0053239377389758605,-1.981740411768928,1.9817475631248114,Middle,Right
5627,187.56666666666666,1430,628,0.5618085265159607,False,-0.007086567667666757,-0.8912179188540625,0.8912460930225024,Middle,Right
5628,187.6,1431,631,0.6226570010185242,False,0.41577601244466583,0.9454773296592534,1.0328586899590764,Middle,Right
5629,187.63333333333333,1431,636,0.5685727596282959,False,0.3156187436941833,2.9840339987514426,3.000678939352829,Middle,Right
5630,187.66666666666666,1431,646,0.5658743381500244,False,0.16455823748429985,6.308526232064871,6.310672122220781,Middle,Right
5631,187.7,1431,646,0.5638523697853088,False,0.06818912406435162,4.238078299394765,4.238626832883674,Middle,Right
5632,187.73333333333332,1431,658,0.5589665770530701,False,0.022239188989775942,7.1453914280381685,7.145426036382173,Middle,Right
5633,187.76666666666668,1430,673,0.3412780165672302,False,-0.41741616828882017,10.978632043257615,10.98656442200162,Middle,Right
5644,188.13333333333333,1402,634,0.621656060218811,False,-12.137866642828923,-9.433565373238338,15.372701853944232,Middle,Right
5647,188.23333333333332,1116,549,0.2916584610939026,False,-129.81830450661116,-44.96533668945178,137.38512906631118,Middle,Right
5666,188.86666666666667,220,790,0.3044118881225586,False,-474.1753363832995,69.40549799204746,479.2278923286283,Back,Left
5667,188.9,219,790,0.31065231561660767,False,-335.8047759314675,60.4862304108156,341.20878008587846,Back,Left
5668,188.93333333333334,232,799,0.5131414532661438,False,-163.92919328023007,37.165797124384035,168.0894907047966,Back,Left
5675,189.16666666666666,520,505,0.5455358624458313,False,57.442434978875355,-106.76808952635594,121.23967286911606,Middle,Left
5684,189.46666666666667,523,435,0.4222710132598877,False,73.90138868212736,-116.89126269384636,138.29310374457816,Middle,Left
5685,189.5,523,435,0.42200908064842224,False,45.64113183127236,-69.35699288265471,83.02713638663084,Middle,Left
5686,189.53333333333333,506,447,0.5044726133346558,False,14.166743926547024,-26.549234136667337,30.092498512485456,Middle,Left
5687,189.56666666666666,490,462,0.4810074269771576,False,-4.173384055997321,-1.38567624627348,4.3974120955783995,Middle,Left
5688,189.6,472,483,0.5026933550834656,False,-13.276715432538795,12.545902700246856,18.266659443934326,Middle,Left
5689,189.63333333333333,454,505,0.5021734237670898,False,-16.892122043070373,19.01827191484429,25.436950559077225,Middle,Left
5690,189.66666666666666,435,531,0.5266342163085938,False,-18.425917969421945,23.118212531749,29.56291940385765,Middle,Left
5691,189.7,435,531,0.5264242887496948,False,-10.921912791756753,14.090840094262527,17.828066456932905,Middle,Left
5692,189.73333333333332,415,562,0.5881381034851074,False,-13.416748559265436,19.619640795899457,23.768454869062765,Middle,Left
5693,189.76666666666668,394,597,0.6130359172821045,False,-17.061969773091775,27.096396016710436,32.020704077710384,Middle,Left
5700,190.0,250,830,0.39061111211776733,False,-71.28969258175013,115.33670242797086,135.5904686744564,Back,Left
5701,190.03333333333333,230,813,0.43997830152511597,False,-59.30207727532549,75.20003117402307,95.7694160875105,Back,Left
5702,190.06666666666666,212,797,0.26553019881248474,False,-39.733559045764565,29.55560751953263,49.520598242467884,Back,Left
5703,190.1,212,797,0.271330863237381,False,-19.47651977379916,8.948986793674202,21.434066042926737,Back,Left
5708,190.26666666666668,233,793,0.2542157769203186,False,1.2167726684381428,-0.18769654029945393,1.2311643748494605,Back,Left
5709,190.3,233,793,0.2539999485015869,False,4.389778555849501,-1.7362060310133016,4.720653254743786,Back,Left
5718,190.6,509,390,0.3653755187988281,False,119.59696603540002,-171.3784799472407,208.98329520298842,Middle,Left
5719,190.63333333333333,500,394,0.33161088824272156,False,85.84301842296921,-127.57668265711165,153.76876721154918,Middle,Left
5720,190.66666666666666,491,407,0.4696733355522156,False,39.79805892840854,-60.43828609832386,72.36485280142512,Middle,Left
5721,190.7,491,407,0.4695814251899719,False,14.796922419939346,-22.96740067164778,27.321244604038643,Middle,Left
5722,190.73333333333332,481,418,0.5450899004936218,False,-0.12346524422078531,-1.9547846751994875,1.9586798597334032,Middle,Left
5723,190.76666666666668,471,434,0.5394308567047119,False,-6.950297710559878,9.367087558234893,11.6640030688033,Middle,Left
5724,190.8,460,452,0.5305888652801514,False,-9.875830623909614,15.027920453363397,17.982503264695072,Middle,Left
5725,190.83333333333334,450,475,0.5005800724029541,False,-10.449434518074602,19.4012929260957,22.036352895878665,Middle,Left
5726,190.86666666666667,439,501,0.5279344916343689,False,-10.78400813124304,22.965623302275752,25.37153296584081,Middle,Left
5727,190.9,439,501,0.527134895324707,False,-6.291873151199537,13.907235213800453,15.264300149130877,Middle,Left
5728,190.93333333333334,427,532,0.5771806836128235,False,-7.9008833039161335,19.50800676198877,21.047239363106517,Middle,Left
5730,191.0,402,605,0.642588198184967,False,-15.404771136826849,43.08383534734537,45.755041711435254,Middle,Left
5731,191.03333333333333,390,652,0.4522005617618561,False,-15.304521556430743,48.936898097649085,51.274246708176456,Middle,Left
5762,192.06666666666666,790,811,0.2953717112541199,False,160.00608422751156,96.43534486585551,186.82002764483795,Back,Left
5763,192.1,790,811,0.2844979465007782,False,123.70253888893882,64.19369780953038,139.3669579420844,Back,Left
5764,192.13333333333333,790,811,0.40516701340675354,False,65.02226258874987,31.354700123554736,72.18733858508973,Back,Left
5765,192.16666666666666,790,811,0.46532297134399414,False,27.12340563728845,12.270046563628544,29.76966872570979,Back,Left
5776,192.53333333333333,1433,524,0.5724347829818726,False,280.32228427272247,-117.4465845026784,303.9313792144895,Middle,Right
5777,192.56666666666666,1410,446,0.6074353456497192,False,197.40356262565882,-123.90635690170814,233.06855604726238,Middle,Right
5779,192.63333333333333,1376,337,0.45235931873321533,False,84.95991455082712,-118.76547702412152,146.025427968046,Front,Right
5785,192.83333333333334,1431,279,0.42721372842788696,False,52.282121521852474,-92.20157000273022,105.99315893865091,Front,Right
5786,192.86666666666667,1432,280,0.4451257884502411,False,24.81517249534574,-48.13036858139385,54.15094796727559,Front,Right
5787,192.9,1432,280,0.4467869997024536,False,9.44778845114098,-19.963942560137546,22.086640966022518,Front,Right
5788,192.93333333333334,1433,283,0.40813493728637695,False,3.144370703506043,-5.253315829423901,6.122450026316492,Front,Right
5789,192.96666666666667,1434,290,0.4100487232208252,False,1.1162930050453812,2.53934453014383,2.7738746755909207,Front,Right
5790,193.0,1436,300,0.4590874910354614,False,1.1279808944171217,7.076646589026895,7.1659798942054005,Front,Right
5791,193.03333333333333,1438,310,0.5030388236045837,False,1.4981270859742977,9.118879365580561,9.241122531908164,Front,Right
5792,193.06666666666666,1439,325,0.4779627323150635,False,1.3538192614526192,11.965028208731171,12.041375611964472,Front,Right
5793,193.1,1439,325,0.47787144780158997,False,0.756686967241972,7.4218515271772665,7.4603254123300395,Front,Right
5794,193.13333333333333,1441,344,0.5092090368270874,False,1.1750863064538384,11.499401469892367,11.559284666162437,Front,Right
5795,193.16666666666666,1443,366,0.46334677934646606,False,1.597807234195429,16.65794986934121,16.734404136602297,Middle,Right
5797,193.23333333333332,1448,419,0.44325608015060425,False,3.109122308806018,32.91630497550161,33.062815590499056,Middle,Right
5798,193.26666666666668,1450,454,0.5469587445259094,False,2.910227458865031,36.69228032891711,36.80751091283095,Middle,Right
5799,193.3,1450,454,0.5457773804664612,False,1.64643772010083,21.877816656058243,21.939681374219415,Middle,Right
5800,193.33333333333334,1453,492,0.5788143873214722,False,1.9926039158947693,26.04345731108762,26.119573868654182,Middle,Right
5801,193.36666666666667,1456,532,0.36457788944244385,False,2.4794788628081217,32.67639273125516,32.77032891745729,Middle,Right
5803,193.43333333333334,1463,627,0.614294171333313,False,4.474249974168844,60.163774214876156,60.329914972672945,Middle,Right
5804,193.46666666666667,1467,685,0.4016053080558777,False,4.62945301541807,64.14745870811694,64.3142930765124,Middle,Right
5805,193.5,1467,685,0.40175220370292664,False,2.70309216745207,37.7816504719524,37.87822355457713,Middle,Right
5806,193.53333333333333,1362,471,0.5357986688613892,False,-43.099679905568614,-73.18812630128903,84.93576537275631,Middle,Right
5808,193.6,1479,788,0.4792706370353699,False,16.31565557828938,71.73376653415556,73.56584722631897,Back,Right
5809,193.63333333333333,1483,756,0.5447362661361694,False,21.70248872532341,53.76792017340111,57.98264616802189,Back,Right
5810,193.66666666666666,1485,735,0.48039063811302185,False,14.346097847394791,19.009014000718878,23.81497715150178,Back,Right
5811,193.7,1485,735,0.4807845652103424,False,6.980294439493394,4.793219185128578,8.467553402176279,Back,Right
5812,193.73333333333332,1490,716,0.47038236260414124,False,4.832202635353184,-7.7820756642424325,9.16028842084727,Back,Right
5813,193.76666666666668,1493,698,0.5254855751991272,False,3.676171816743051,-14.335215982033683,14.79907620352601,Middle,Right
5814,193.8,1497,683,0.5065418481826782,False,3.6069029701789024,-15.783275092998736,16.190167438836436,Middle,Right
5833,194.43333333333334,690,763,0.45232248306274414,False,-338.5483773222155,24.38718648230939,339.42560105570726,Back,Left
5834,194.46666666666667,669,750,0.4403926432132721,False,-265.472973599369,15.76322337297827,265.94055524270397,Back,Left
5835,194.5,669,750,0.44029897451400757,False,-140.4028477893381,7.5734536257570255,140.60695881490906,Back,Left
5837,194.56666666666666,626,729,0.27185943722724915,False,-77.00912461914194,-5.945936263770198,77.23832877955964,Back,Left
5838,194.6,602,722,0.4105079174041748,False,-43.34108479399687,-8.799365853744103,44.225314815707804,Back,Left
5839,194.63333333333333,781,638,0.44099318981170654,False,56.50326491846202,-41.04858174795643,69.83985259122876,Middle,Left
5842,194.73333333333332,580,642,0.5574964284896851,False,-34.39671255433275,-27.77967990065324,44.21362289982749,Middle,Left
5844,194.8,614,543,0.565049409866333,False,-21.721818202945354,-55.47662396044742,59.577623249762965,Middle,Left
5845,194.83333333333334,626,513,0.5431371927261353,False,-5.230352994634799,-49.65769826527569,49.93239018366384,Middle,Left
5846,194.86666666666667,619,508,0.2672226130962372,False,-3.039276248080805,-29.771805517405294,29.926536783903888,Middle,Left
5847,194.9,619,508,0.2685457766056061,False,-1.3661029316299644,-13.662906076513416,13.731031996009447,Middle,Left
5855,195.16666666666666,480,626,0.6656281352043152,False,-59.16087225887666,44.77955283817072,74.19715061117674,Middle,Left
5856,195.2,457,658,0.5567172169685364,False,-54.194348484917185,49.797261647663454,73.59887686174633,Middle,Left
5857,195.23333333333332,431,695,0.3230075538158417,False,-41.409205048647706,45.28968504149861,61.36674860149504,Middle,Left
5890,196.33333333333334,1140,468,0.4664665460586548,False,277.6030626628485,-70.44205065133309,286.4010176304518,Middle,Right
5896,196.53333333333333,965,316,0.44743624329566956,False,143.400437072659,-125.48425272868639,190.5517857053732,Front,Right
5897,196.56666666666666,990,331,0.4892708957195282,False,69.5170125861684,-75.9942822091688,102.993912283165,Front,Right
5903,196.76666666666668,1121,462,0.39195936918258667,False,82.30530490216543,20.19118531444009,84.74577971462932,Middle,Right
5905,196.83333333333334,1176,538,0.4614161252975464,False,73.05849531466222,60.88289201869457,95.10136843496284,Middle,Right
5910,197.0,1287,684,0.5131677985191345,False,87.42558591261829,104.05870216342217,135.90970005154304,Middle,Right
5911,197.03333333333333,1302,662,0.5276157855987549,False,59.41556658160796,58.54346294899984,83.41190925925629,Middle,Right
5930,197.66666666666666,1529,610,0.5691429972648621,False,125.15992780821415,3.776305233203331,125.2168838862064,Middle,Right
5931,197.7,1529,610,0.5692774057388306,False,84.04471378392685,-7.5745724637477,84.38535455297175,Middle,Right
5932,197.73333333333332,1520,621,0.5762425065040588,False,37.44735108764977,-1.7567711605600405,37.48853622632231,Middle,Right
5934,197.8,707,667,0.3013335168361664,False,-329.8130295637022,19.43698552341977,330.38527642167276,Middle,Left
5939,197.96666666666667,514,637,0.5706719160079956,False,-337.4954061546149,2.346245792666725,337.5035615290423,Middle,Left
5940,198.0,507,634,0.5271995663642883,False,-199.36774153106788,-2.9550872570621376,199.38964091420482,Middle,Left
5941,198.03333333333333,500,631,0.5664945840835571,False,-93.56475688916473,-3.9184956331491203,93.64677431580601,Middle,Left
5942,198.06666666666666,493,632,0.5973584651947021,False,-38.178111875585095,-2.0141196507308035,38.23120328151014,Middle,Left
5943,198.1,493,632,0.5971755385398865,False,-12.196471793469083,-0.8247237020445577,12.224323841980015,Middle,Left
5944,198.13333333333333,486,636,0.5128387212753296,False,-5.374409934180802,1.4236026063052556,5.559759574055375,Middle,Left
5945,198.16666666666666,478,642,0.5422907471656799,False,-5.267250609181079,3.755766981823334,6.469135537432556,Middle,Left
5946,198.2,472,651,0.5543792843818665,False,-5.557440442175225,6.38474909984883,8.464642067822195,Middle,Left
5947,198.23333333333332,464,663,0.4493236243724823,False,-6.640100300637164,9.223210496283848,11.364794052743864,Middle,Left
5948,198.26666666666668,456,677,0.48811444640159607,False,-7.406969821148461,11.74509154508486,13.885617643224514,Middle,Left
5949,198.3,456,677,0.4871397018432617,False,-4.4172384786193355,7.23697679670912,8.478551110484707,Middle,Left
5950,198.33333333333334,450,693,0.47462213039398193,False,-4.552662962823469,10.13255820481416,11.10835162510673,Middle,Left
5957,198.56666666666666,787,332,0.5082204341888428,False,139.586592183117,-146.00011945596643,201.9912166368931,Front,Left
5958,198.6,804,314,0.4672864079475403,False,113.52386945298647,-119.78911315862803,165.03666431102303,Front,Left
5959,198.63333333333333,822,300,0.4379786550998688,False,68.56175399135657,-70.46780133325511,98.31797971436562,Front,Left
5960,198.66666666666666,839,287,0.2904171049594879,False,38.788280910834956,-37.424882911253945,53.89946750144116,Front,Left
5961,198.7,839,287,0.2902596890926361,False,17.11217763432078,-15.74178257622896,23.251458923384014,Front,Left
5982,199.4,1333,436,0.454436719417572,False,214.53647794887166,57.655753137723664,222.1487930207698,Middle,Right
5983,199.43333333333334,1330,446,0.48201194405555725,False,157.88999762304087,50.61713078130879,165.80514249544845,Middle,Right
5984,199.46666666666667,1327,456,0.4224221706390381,False,79.8893811610839,32.219397282992986,86.14175981241783,Middle,Right
5985,199.5,1327,456,0.4215439260005951,False,32.27338662924559,15.342533244178647,35.73464440664683,Middle,Right
5986,199.53333333333333,1325,467,0.46654126048088074,False,9.324231760757538,10.502952357941297,14.044689607161287,Middle,Right
5987,199.56666666666666,1323,480,0.5212348699569702,False,0.45599813714044224,10.694723628508518,10.704440564142246,Middle,Right
5988,199.6,1320,494,0.5201956629753113,False,-2.5826256163566645,12.12398748517173,12.396008535607837,Middle,Right
5989,199.63333333333333,1317,506,0.45364758372306824,False,-3.3001337344133543,12.326283026946466,12.760412843062781,Middle,Right
5990,199.66666666666666,1316,522,0.517902135848999,False,-2.4571143191408957,13.912934128514815,14.12823933976628,Middle,Right
5991,199.7,1316,522,0.5146355628967285,False,-1.26982257870735,8.323196522868823,8.419504126710233,Middle,Right
5992,199.73333333333332,1329,542,0.5033785700798035,False,4.964739240939301,12.25593842846003,13.223337796968128,Middle,Right
5996,199.86666666666667,1389,645,0.498232901096344,False,29.304865957685667,51.25804546225157,59.043732888496926,Middle,Right
5997,199.9,1389,645,0.5031217932701111,False,21.272077489105506,36.57128979257057,42.307924999870714,Middle,Right
5998,199.93333333333334,1401,648,0.5018949508666992,False,15.927426319934149,19.784939673700393,25.399345406307127,Middle,Right
5999,199.96666666666667,1412,636,0.5442484021186829,False,12.895477419715188,3.3785262911056293,13.330708075045235,Middle,Right
6000,200.0,1422,625,0.5614712238311768,False,11.133194673717476,-5.6132585604018885,12.468227432510856,Middle,Right
6001,200.03333333333333,1433,615,0.512029230594635,False,10.763018549194042,-9.066743812735702,14.072967407625022,Middle,Right
6002,200.06666666666666,1444,609,0.5542047023773193,False,10.797096054062564,-8.387575883784294,13.672187550165235,Middle,Right
6003,200.1,1444,609,0.5513221621513367,False,6.24590243219834,-4.726331183472372,7.832592396416686,Middle,Right
6004,200.13333333333333,1455,605,0.2677548825740814,False,7.441712068938639,-3.767495670676478,8.341049223302365,Middle,Right
6005,200.16666666666666,1465,605,0.2579778730869293,False,8.734558257624432,-2.0064819184050973,8.962057668009159,Middle,Right
6007,200.23333333333332,1491,612,0.32471638917922974,False,16.25232322786279,2.1087268648136113,16.388555131350504,Middle,Right
6008,200.26666666666668,1495,618,0.5326648950576782,False,12.420149531229917,4.484304129770993,13.204889166759102,Middle,Right
6009,200.3,1495,618,0.5315454006195068,False,6.495107019060008,3.0147757089633087,7.160676487902369,Middle,Right
6010,200.33333333333334,1497,623,0.5824140310287476,False,3.5422337050615305,3.590902263832849,5.044006214277875,Middle,Right
6011,200.36666666666667,1499,632,0.5531976819038391,False,2.3652189678694127,5.9766264486150895,6.427621992016539,Middle,Right
6012,200.4,1501,644,0.5280219912528992,False,2.001377057863369,8.944011976412012,9.165198326383523,Middle,Right
6013,200.43333333333334,1503,659,0.5658519268035889,False,1.9359760847398262,12.028788554604146,12.183585576178315,Middle,Right
6014,200.46666666666667,1505,674,0.4807469844818115,False,1.9513480372144905,13.832448743277824,13.969409343195192,Middle,Right
6015,200.5,1505,674,0.4800904095172882,False,1.1304568640902102,8.31534355261497,8.391833596990828,Middle,Right
6038,201.26666666666668,266,566,0.3060590922832489,False,-522.4530774720356,-41.762212585058776,524.1195479659202,Middle,Left
6039,201.3,266,566,0.3145328164100647,False,-395.2130920105144,-33.056612209428316,396.59315136204236,Middle,Left
6040,201.33333333333334,289,596,0.45432472229003906,False,-196.02442977971586,-4.890589516238279,196.08542764896907,Middle,Left
6047,201.56666666666666,447,910,0.5963231921195984,False,-11.11075993930811,134.72540668244937,135.18278067927258,Back,Left
6056,201.86666666666667,660,844,0.2895964980125427,False,116.42549000408253,74.87582763557569,138.42429081199282,Back,Left
6057,201.9,660,844,0.2911509871482849,False,90.00537539393378,32.60963842464838,95.73064356823913,Back,Left
6062,202.06666666666666,998,530,0.49882757663726807,False,189.97271357708001,-121.21807681758935,225.3518450139565,Middle,Right
6063,202.1,998,530,0.49705803394317627,False,127.59810685217981,-97.45901430628632,160.56007082027966,Middle,Right
6064,202.13333333333333,1003,522,0.31805723905563354,False,64.7393388319461,-55.46717303557928,85.2513300597499,Middle,Right
6070,202.33333333333334,896,865,0.4855937063694,False,-18.94733537705433,120.19982089811923,121.68401070736661,Back,Left
6076,202.53333333333333,796,531,0.2610710561275482,False,-68.06732301191329,-40.21424293344039,79.05912848443184,Middle,Left
6094,203.13333333333333,429,605,0.5443018674850464,False,-202.99245879109029,-20.58475734301994,204.03350352558155,Middle,Left
6112,203.73333333333332,111,860,0.32569175958633423,False,-275.5725192928736,99.23179282808,292.89445555915904,Back,Left
6142,204.73333333333332,778,595,0.26530253887176514,False,109.34039180507312,-33.158303021914165,114.25757891439844,Middle,Left
6143,204.76666666666668,778,595,0.27541300654411316,False,131.7633479945125,-42.74853595372201,138.5244281739133,Middle,Left
6144,204.8,778,595,0.28031960129737854,False,80.14308258430242,-26.41366396746659,84.38362003552918,Middle,Left
6145,204.83333333333334,778,595,0.3422697186470032,False,37.119759289138905,-12.35480419148548,39.12183170933541,Middle,Left
6156,205.2,1373,166,0.45428088307380676,False,264.92645338380663,-185.7087889222835,323.53327492779397,Front,Right
6157,205.23333333333332,1360,174,0.3710431456565857,False,188.2031572694092,-134.83134468054783,231.5165650974864,Front,Right
6158,205.26666666666668,1346,186,0.48428574204444885,False,89.18822482601288,-63.79241323001456,109.65405342860956,Front,Right
6159,205.3,1346,186,0.48424404859542847,False,33.90357590776463,-24.210915358069762,41.66078349970361,Front,Right
6160,205.33333333333334,1334,200,0.540927529335022,False,4.679324084026625,-1.0311731501673478,4.791595970966006,Front,Right
6161,205.36666666666667,1320,215,0.5102653503417969,False,-8.411295884754498,9.864857743357023,12.96400080058463,Front,Right
6162,205.4,1306,233,0.53082674741745,False,-13.102330653017415,15.239725422020923,20.097768519902665,Front,Right
6163,205.43333333333334,1292,252,0.5186366438865662,False,-14.316945789927678,17.784423246232475,22.83113328227186,Front,Right
6164,205.46666666666667,1277,278,0.49794602394104004,False,-14.821639020666115,21.705420975532245,26.28319392661416,Front,Right
6165,205.5,1277,278,0.4979743957519531,False,-8.655598361440134,13.242483728647496,15.820327376450173,Front,Right
6166,205.53333333333333,1263,304,0.47070473432540894,False,-9.812874189610213,17.119504707014695,19.73245907824508,Front,Right
6167,205.56666666666666,1249,333,0.49724650382995605,False,-11.786359309197536,22.824758345426886,25.68828252905674,Front,Right
6168,205.6,1235,360,0.48748791217803955,False,-13.072281626030886,25.603465929659226,28.747556670463066,Middle,Right
6170,205.66666666666666,1205,440,0.5067571401596069,False,-20.446265980154188,49.05832450049411,53.148555910080866,Middle,Right
6171,205.7,1205,440,0.5061797499656677,False,-13.129957897827854,32.53023434892029,35.08007897930684,Middle,Right
6172,205.73333333333332,1191,482,0.5385846495628357,False,-12.193760866879007,33.58271760660993,35.72795440441474,Middle,Right
6173,205.76666666666668,1176,528,0.4755918085575104,False,-13.211438269774735,39.01133812923673,41.18769966615892,Middle,Right
6178,205.93333333333334,1119,685,0.26166215538978577,False,-31.875124145044524,89.77940868521694,95.26996254396873,Middle,Right
6180,206.0,846,362,0.4242151081562042,False,-136.97470275919153,-75.40301762519803,156.35755262524032,Middle,Left
6181,206.03333333333333,847,358,0.3698870539665222,False,-97.46187037496425,-74.69289936602503,122.79187836615856,Middle,Left
6186,206.2,1050,553,0.4342572093009949,False,36.39716191698038,39.26624786771319,53.54056048660284,Middle,Right
6190,206.33333333333334,1083,467,0.4958861768245697,False,58.810746210461744,6.69579506187079,59.19068796138387,Middle,Right
6205,206.83333333333334,1442,627,0.5468713045120239,False,189.50841945523285,65.600265022813,200.5413568705562,Middle,Right
6216,207.2,1755,776,0.39136481285095215,False,264.9163063719995,111.2958712728319,287.3454721135551,Back,Right
6217,207.23333333333332,1755,767,0.45537644624710083,False,166.53397078383685,68.6619324975989,180.13335171293699,Back,Right
6220,207.33333333333334,1755,760,0.3260999619960785,False,78.71574005683391,29.130970286082245,83.93319464016399,Back,Right
6221,207.36666666666667,1755,762,0.3044707775115967,False,29.8460756344019,10.636881442651585,31.684877743167394,Back,Right
6223,207.43333333333334,1754,780,0.3105563223361969,False,8.120182767303977,10.449936236015526,13.23399166960637,Back,Right
6224,207.46666666666667,1753,797,0.4189240336418152,False,0.40016803432742876,13.181298175160617,13.187371081386543,Back,Right
6225,207.5,1753,797,0.42022427916526794,False,-1.1440841785373446,8.10430559937894,8.184662354410492,Back,Right
6232,207.73333333333332,1484,546,0.31313303112983704,False,-114.47647687029523,-102.16355645830188,153.43485922320218,Middle,Right
6240,208.0,1364,419,0.522338330745697,False,-136.99843121500007,-132.29119825812697,190.4456124250232,Middle,Right
6241,208.03333333333333,1373,426,0.40709927678108215,False,-79.3874240164123,-78.8661768119987,111.90280129158107,Middle,Right
6242,208.06666666666666,1383,436,0.3901440501213074,False,-31.39495439454199,-31.839464856973493,44.7145913971471,Middle,Right
6243,208.1,1383,436,0.39106738567352295,False,-9.593664840651503,-10.022608434343777,13.874115643994461,Middle,Right
6244,208.13333333333333,1393,449,0.4505296051502228,False,2.5604549553377307,3.5815815351114413,4.4026873464924545,Middle,Right
6245,208.16666666666666,1403,464,0.4746192693710327,False,7.865856315330463,10.824730700351267,13.380825471866501,Middle,Right
6246,208.2,1415,483,0.47812512516975403,False,10.555982050667645,15.565761318364975,18.80749006311913,Middle,Right
6247,208.23333333333332,1426,505,0.5237924456596375,False,11.222649778134006,19.12617209135085,22.175624611510255,Middle,Right
6248,208.26666666666668,1438,528,0.5480067133903503,False,11.669524903453143,21.395546777222407,24.37103266931102,Middle,Right
6249,208.3,1438,528,0.5478832125663757,False,6.823635760349917,12.769159419470155,14.478032921283525,Middle,Right
6250,208.33333333333334,1451,555,0.5985793471336365,False,8.567258120794163,17.238925494272213,19.250414642427366,Middle,Right
6252,208.4,1478,626,0.7004091739654541,False,16.6580273731474,40.72683587635442,44.00187537439783,Middle,Right
6253,208.43333333333334,1492,671,0.5669425129890442,False,16.97752025258088,46.71491889135996,49.7043241675524,Middle,Right
6254,208.46666666666667,1507,717,0.5032724738121033,False,16.19976248078637,47.47996264629073,50.16751097400645,Back,Right
6255,208.5,1507,717,0.49847567081451416,False,9.22356686277211,27.57579943189058,29.077463781765502,Back,Right
6302,210.06666666666666,778,595,0.3637866675853729,False,-303.61047205806824,-39.103517077490245,306.11828398701147,Middle,Left
6303,210.1,778,595,0.3611432611942291,False,-231.19432909253513,-34.47776854206622,233.75100925597675,Middle,Left
6304,210.13333333333333,422,674,0.4072816073894501,False,-270.97141565461754,14.243298625413168,271.34549868682217,Middle,Left
6305,210.16666666666666,433,681,0.5410195589065552,False,-159.04266304700514,19.86586231826233,160.27857359838018,Middle,Left
6338,211.26666666666668,1218,231,0.3168977200984955,False,259.36167670733073,-177.4545876157423,314.258826463651,Front,Right
6339,211.3,1218,231,0.31921452283859253,False,224.42990098699698,-137.70746805922903,263.30994515269805,Front,Right
6340,211.33333333333334,1250,262,0.368085652589798,False,136.98539764852092,-59.417916328227335,149.31673700463597,Front,Right
6341,211.36666666666667,1283,298,0.502842903137207,False,77.51643535671747,-5.1961249229884885,77.69039493159666,Front,Right
6342,211.4,1317,337,0.5170575976371765,False,48.55430320784622,23.11808994439494,53.7770066355185,Front,Right
6370,212.33333333333334,398,553,0.5227915644645691,False,-364.993086010048,109.57443617391121,381.08596129740704,Middle,Left
6371,212.36666666666667,417,599,0.607040286064148,False,-276.5912977451134,98.1432911623929,293.4873959619258,Middle,Left
6372,212.4,437,646,0.5982223749160767,False,-135.65622336496986,74.52010653783151,154.77679805467082,Middle,Left
6373,212.43333333333334,458,701,0.6600555777549744,False,-44.426293343621325,62.072457268773604,76.3327288365693,Middle,Left
6374,212.46666666666667,480,765,0.584652304649353,False,-0.13598211560425,60.66844584816741,60.668598242977275,Back,Left
6375,212.5,480,765,0.5851673483848572,False,7.8118913392624885,34.81123050013788,35.67698719385052,Back,Left
6379,212.63333333333333,590,497,0.5629003047943115,False,52.359639782048,-97.60662829616452,110.76364821299201,Middle,Left
6380,212.66666666666666,608,447,0.5489920377731323,False,45.79338032684461,-101.1034229051901,110.99070143442088,Middle,Left
6381,212.7,608,447,0.5486541390419006,False,25.294995933276684,-59.05240993483282,64.24191729996876,Middle,Left
6382,212.73333333333332,1555,824,0.32428786158561707,False,410.6786326684482,132.48919416227892,431.52094491483984,Back,Right
6394,213.13333333333333,447,425,0.3958592116832733,False,-161.67147371374728,-57.71923821786794,171.66588441861668,Middle,Left
6395,213.16666666666666,421,443,0.4932495951652527,False,-206.3731511731514,-59.64579177433541,214.8196871832835,Middle,Left
6396,213.2,398,466,0.5417206287384033,False,-136.9383281859598,-25.105676720269713,139.22069073937365,Middle,Left
6401,213.36666666666667,281,600,0.44813448190689087,False,-116.15264722613087,48.20348096337449,125.75775536572054,Middle,Left
6402,213.4,256,644,0.2590789496898651,False,-73.97567182687249,59.489554823536174,94.92843175434666,Middle,Left
6403,213.43333333333334,240,688,0.5480108261108398,False,-41.99117934486998,54.96234025861937,69.16731879635994,Middle,Left
6404,213.46666666666667,223,737,0.531624972820282,False,-25.744689331409727,51.63920162034058,57.700920033886696,Back,Left
6405,213.5,223,737,0.5332949161529541,False,-11.98393756780525,29.251172314085327,31.610850057810307,Back,Left
6406,213.53333333333333,206,795,0.2820223569869995,False,-11.649602160940749,37.3970399468094,39.169526768796345,Back,Left
6412,213.73333333333332,157,864,0.45960572361946106,False,-27.354986178397702,52.18730998323939,58.92207219800613,Back,Left
6413,213.76666666666668,154,849,0.4128473103046417,False,-19.87314466644857,26.46366587460316,33.09482573539599,Back,Left
6439,214.63333333333333,653,496,0.46165522933006287,False,200.46701538368225,-138.28404371069314,243.53542042549455,Middle,Left
6440,214.66666666666666,658,484,0.4304543435573578,False,157.218210274568,-114.33216168681312,194.3949815142301,Middle,Left
6441,214.7,658,484,0.42978566884994507,False,83.15423466760643,-61.807450181957066,103.60882028645275,Middle,Left
6442,214.73333333333332,652,487,0.31880486011505127,False,32.32903484492936,-25.09589772048912,40.92640439132062,Middle,Left
6444,214.8,638,501,0.47491124272346497,False,3.719671124817882,-2.0539110652419303,4.2490591830106546,Middle,Left
6445,214.83333333333334,631,512,0.49504342675209045,False,-5.901774577373143,7.560928136046741,9.591588890303377,Middle,Left
6446,214.86666666666667,623,525,0.48286476731300354,False,-8.501493743218976,11.569582948970805,14.357250623956782,Middle,Left
6447,214.9,623,525,0.4829517900943756,False,-5.376311810400233,7.40042137551699,9.147183458193993,Middle,Left
6448,214.93333333333334,615,541,0.5280619263648987,False,-5.926962154537399,10.28740142069269,11.872636959487501,Middle,Left
6452,215.06666666666666,580,647,0.5832163095474243,False,-18.296281251474372,51.200334453829264,54.37120704763716,Middle,Left
6453,215.1,580,647,0.5833882093429565,False,-12.77738077032985,36.87835809234613,39.02915262899396,Middle,Left
6454,215.13333333333333,571,683,0.5486047863960266,False,-10.199802762372268,33.95610711089145,35.454945868208995,Middle,Left
6455,215.16666666666666,560,729,0.5939058065414429,False,-10.078347198665774,38.51901332032143,39.815668642231216,Back,Left
6456,215.2,549,775,0.5806527733802795,False,-10.445722917968517,42.489504540560986,43.75466973228487,Back,Left
6457,215.23333333333332,541,784,0.539660632610321,False,-9.478875522225836,29.061529987761205,30.568310492982693,Back,Left
6458,215.26666666666668,535,769,0.5669862627983093,False,-7.838255920875436,8.071690057643313,11.251241543394077,Back,Left
6459,215.3,535,769,0.5674986839294434,False,-4.237583467393777,0.9253561568500626,4.337441372531666,Back,Left
6460,215.33333333333334,528,757,0.5006121397018433,False,-4.762078267503585,-5.803354727306716,7.50708435524626,Back,Left
6461,215.36666666666667,520,748,0.5527517795562744,False,-6.222188803863322,-8.351346541463002,10.414442979176952,Back,Left
6462,215.4,513,744,0.5475291609764099,False,-6.81061318040009,-6.96865345429754,9.744053717992962,Back,Left
6463,215.43333333333334,507,740,0.493873655796051,False,-6.573297504061515,-5.46930522716689,8.551113362879503,Back,Left
6464,215.46666666666667,514,687,0.3057841658592224,False,-0.8019683306013796,-25.264062606052043,25.27678801916503,Middle,Left
6465,215.5,514,687,0.30473002791404724,False,0.564711410509303,-18.127052427822996,18.13584651176236,Middle,Left
6466,215.53333333333333,522,639,0.6005842089653015,False,3.9464950607824503,-29.464415080586,29.72753907248032,Middle,Left
6470,215.66666666666666,549,514,0.5019402503967285,False,14.279451570966943,-71.80809972485784,73.2141101377509,Middle,Left
6471,215.7,549,514,0.5012669563293457,False,10.09319906577657,-49.042841037776654,50.07067928876163,Middle,Left
6472,215.73333333333332,553,498,0.5378574132919312,False,6.775570836621387,-31.040325572995172,31.771216090033636,Middle,Left
6473,215.76666666666668,558,482,0.573074996471405,False,5.435086197185972,-21.484855555209826,22.16166014086201,Middle,Left
6476,215.86666666666667,535,487,0.40221670269966125,False,-6.805676523632147,-8.60372183502342,10.9700165158844,Middle,Left
6477,215.9,535,487,0.39819249510765076,False,-6.113855748049206,-2.677421756297055,6.674415282932814,Middle,Left
6478,215.93333333333334,521,498,0.5560358762741089,False,-9.319208406771642,4.151369410374024,10.202034763233874,Middle,Left
6479,215.96666666666667,507,511,0.4999969005584717,False,-11.865933417467387,9.102794641390007,14.955308293415014,Middle,Left
6480,216.0,493,528,0.495701402425766,False,-13.220393643005997,13.318180514478847,18.76573314028198,Middle,Left
6482,216.06666666666666,485,556,0.4469411373138428,False,-11.258259101319894,20.26610482392155,23.183256948207873,Middle,Left
6483,216.1,485,556,0.4473935663700104,False,-6.156784319581972,12.949935477064237,14.338996548502875,Middle,Left
6487,216.23333333333332,490,644,0.281060129404068,False,-0.5388555384058948,43.32384805354029,43.32719902621813,Middle,Left
6488,216.26666666666668,492,672,0.44663292169570923,False,1.5336049639960962,42.267142331988154,42.294955551438264,Middle,Left
6489,216.3,492,672,0.4436509907245636,False,1.2555135095500547,24.238667834233034,24.271162571062515,Middle,Left
6490,216.33333333333334,496,680,0.48381707072257996,False,2.364370075064588,14.172773895581532,14.368638270453404,Middle,Left
6491,216.36666666666667,500,668,0.5653965473175049,False,3.2522875193890535,1.332430511762233,3.514647233713331,Middle,Left
6492,216.4,505,656,0.4850033223628998,False,4.148151945503556,-6.582507520396358,7.780525034922743,Middle,Left
6493,216.43333333333334,511,648,0.5640191435813904,False,5.089385952082171,-8.590880802625264,9.985243228593216,Middle,Left
6494,216.46666666666667,516,642,0.5843344330787659,False,5.2193419252817135,-7.855114413928521,9.431031364008447,Middle,Left
6495,216.5,516,642,0.5848723649978638,False,3.0395014709629358,-4.408529131631607,5.3547827496949285,Middle,Left
6496,216.53333333333333,522,640,0.34601131081581116,False,3.9007295199615726,-2.7779097488567506,4.788786209541309,Middle,Left
6498,216.6,533,641,0.2860111594200134,False,7.050637794840368,-0.8928196912753321,7.106941699153048,Middle,Left
6499,216.63333333333333,539,645,0.5276617407798767,False,7.168349486691134,1.5081891389833773,7.3252896763399376,Middle,Left
6500,216.66666666666666,545,654,0.5238156914710999,False,6.696180444199499,5.098099284392401,8.416023339725367,Middle,Left
6501,216.7,545,654,0.5237224698066711,False,3.7857216527049076,3.585836464660514,5.214394651639612,Middle,Left
6502,216.73333333333332,551,662,0.5160431265830994,False,4.20182098921184,5.179562336878872,6.669570123103534,Middle,Left
6503,216.76666666666668,558,675,0.5723587870597839,False,5.457012803852065,8.764359730615785,10.324388128554881,Middle,Left
6508,216.93333333333334,602,487,0.6058214902877808,False,21.948947822848154,-73.64777689285916,76.84888647072559,Middle,Left
6521,217.36666666666667,411,470,0.30193206667900085,False,-64.99496638007625,-64.41976268860569,91.51093639343614,Middle,Left
6526,217.53333333333333,328,549,0.4736016094684601,False,-88.08394504760749,-2.240795426904185,88.11244259067598,Middle,Left
6540,218.0,263,810,0.418429434299469,False,-82.4540015460107,119.9459279372943,145.55304187713884,Back,Left
6541,218.03333333333333,264,800,0.5230262875556946,False,-46.226538287040064,86.86603654315297,98.40020907863747,Back,Left
6542,218.06666666666666,265,794,0.5067035555839539,False,-19.838993247168062,41.77561191780152,46.24702589537992,Back,Left
6543,218.1,265,794,0.5063917636871338,False,-6.764266775311201,16.1098388279493,17.472327036490643,Back,Left
6544,218.13333333333333,267,791,0.5219668745994568,False,-0.7357142533696468,3.4714618942920623,3.5485663508145215,Back,Left
6545,218.16666666666666,268,792,0.4888888895511627,False,1.0709085075818423,0.17672904859050487,1.0853931030861004,Back,Left
6546,218.2,270,797,0.5209585428237915,False,1.7849180363260952,1.6255785494407753,2.4142158181911118,Back,Left
6547,218.23333333333332,272,807,0.45299506187438965,False,2.0029037147644018,5.418392526957877,5.776729253375997,Back,Left
6554,218.46666666666667,623,359,0.4322752058506012,False,149.34728473268922,-185.28584569351727,237.98204989324054,Middle,Left
6555,218.5,623,359,0.43226757645606995,False,112.56034825404987,-141.05458777056066,180.46115573772596,Middle,Left
6556,218.53333333333333,647,329,0.4707511365413666,False,68.6268556722493,-86.30043911478826,110.26065078197668,Front,Left
6557,218.56666666666666,641,322,0.4377211928367615,False,29.30126104169659,-43.07446829180018,52.09581285722439,Front,Left
6558,218.6,633,315,0.37433841824531555,False,6.551058027802476,-20.147206948319127,21.18552121383927,Front,Left
6559,218.63333333333333,626,313,0.3554239273071289,False,-3.2216358744902127,-8.403015716847422,8.999422806235248,Front,Left
6563,218.76666666666668,602,314,0.3392462432384491,False,-13.732858980084627,-2.341898107883588,13.931112752203239,Front,Left
6564,218.8,593,322,0.30161839723587036,False,-13.607814406341669,3.1030453238341593,13.957130908578915,Front,Left
6565,218.83333333333334,585,330,0.46447694301605225,False,-11.218577277201899,6.140000104557888,12.788904464750749,Front,Left
6566,218.86666666666667,575,342,0.478666752576828,False,-10.278586042730671,9.15444754725339,13.764201427370619,Front,Left
6567,218.9,575,342,0.47891828417778015,False,-5.772712552420584,5.827550609304959,8.202716398662384,Front,Left
6568,218.93333333333334,565,357,0.49592670798301697,False,-6.75423883197399,9.106381811090946,11.337809836503405,Middle,Left
6570,219.0,648,672,0.43309032917022705,False,30.954586902235906,138.80284221266825,142.21257137328948,Middle,Left
6571,219.03333333333333,531,432,0.5165374875068665,False,-24.77648365711705,2.0227037211273284,24.85891133486844,Middle,Left
6572,219.06666666666666,518,464,0.5481364130973816,False,-29.73452679457729,-9.692278141065419,31.274307974137646,Middle,Left
6573,219.1,517,464,0.5484674572944641,False,-18.48948076867064,-7.688403764708127,20.024296530570542,Middle,Left
6589,219.63333333333333,1139,461,0.41597992181777954,False,253.8532275950494,-5.352513455180858,253.9096503890938,Middle,Right
6618,220.6,1392,561,0.3226209282875061,False,302.0119254566739,39.53107976099342,304.5880979045596,Middle,Right
6619,220.63333333333333,1386,550,0.49431076645851135,False,180.58514503643747,26.19897140581024,182.47569895893977,Middle,Right
6620,220.66666666666666,1380,541,0.4845537543296814,False,80.19821525298835,8.966940736949038,80.69795385227935,Middle,Right
6621,220.7,1380,541,0.48384228348731995,False,28.463665267637104,2.112204441884912,28.541927896909996,Middle,Right
6622,220.73333333333332,1375,534,0.5269544720649719,False,5.122544142321811,-2.9550929015893104,5.913800178147637,Middle,Right
6623,220.76666666666668,1374,533,0.5957692265510559,False,-1.6199786716166678,-3.032639714015547,3.4382022237671253,Middle,Right
6625,220.83333333333334,1553,805,0.399090975522995,False,73.41533808722977,113.03999279937534,134.78817395656444,Back,Right
6626,220.86666666666667,1554,806,0.5114566683769226,False,56.217906259416104,86.42863499248395,103.10364654490411,Back,Right
6627,220.9,1554,806,0.5092768669128418,False,29.42553103368083,45.207716981226184,53.94070403015482,Back,Right
6628,220.93333333333334,1554,806,0.47667717933654785,False,12.232373348517765,18.782679091759977,22.41472711414451,Back,Right
6629,220.96666666666667,1553,806,0.4302431046962738,False,3.584198208926056,6.147124790808816,7.115730461073204,Back,Right
6630,221.0,1427,630,0.6130293607711792,False,-52.651719824130254,-72.98504746598873,89.9945595802954,Middle,Right
6631,221.03333333333333,1429,654,0.578323245048523,False,-39.602819036181415,-46.14704224428449,60.810630513984236,Middle,Right
6632,221.06666666666666,1429,650,0.5858228206634521,False,-20.562456056228967,-23.576228914525785,31.28343281825812,Middle,Right
6633,221.1,1429,650,0.5859702229499817,False,-8.491295470904548,-9.604045334690282,12.819508007914745,Middle,Right
6634,221.13333333333333,1428,642,0.5559117794036865,False,-3.1788306456240596,-6.4378113496063465,7.179859277637616,Middle,Right
6635,221.16666666666666,1427,636,0.5773031115531921,False,-1.3127498278506433,-5.688942926652946,5.8384401798114265,Middle,Right
6636,221.2,1426,632,0.554789662361145,False,-0.8482946269302332,-4.842656179147414,4.9163932555800836,Middle,Right
6637,221.23333333333332,1425,630,0.5543121099472046,False,-0.8295824412110054,-3.492051902615995,3.5892385706901124,Middle,Right
6638,221.26666666666668,1423,632,0.5589004755020142,False,-1.3202614976978975,-0.9333382370546195,1.6168520918908198,Middle,Right
6639,221.3,1423,632,0.5588129162788391,False,-0.8504185365272564,-0.08354853995394596,0.8545127534435029,Middle,Right
6640,221.33333333333334,1422,636,0.5210161209106445,False,-0.8298500370505142,1.7914386755159915,1.9743109208347174,Middle,Right
6641,221.36666666666667,1421,641,0.5577765107154846,False,-0.8980029966933091,3.4797517665239535,3.593755937552902,Middle,Right
6642,221.4,1420,651,0.5487829446792603,False,-0.9531958349506605,6.532613085095636,6.601788849950444,Middle,Right
6643,221.43333333333334,1418,663,0.5235527157783508,False,-1.4048662936239757,9.384179289604885,9.488754936365995,Middle,Right
6646,221.53333333333333,1419,639,0.6071583032608032,False,-0.47028117173090467,-4.198679828793601,4.224935110176587,Middle,Right
6650,221.66666666666666,1424,550,0.44372138381004333,False,2.00512814616563,-42.41166306118347,42.45903558134476,Middle,Right
6651,221.7,1424,550,0.4448522925376892,False,1.5998018129400413,-31.318224828530397,31.35905885467649,Middle,Right
6713,223.76666666666668,1558,797,0.4104400873184204,False,57.41139023129234,88.13134651840383,105.18175681855053,Back,Right
6761,225.36666666666667,728,642,0.2775045335292816,False,-307.20634033940746,6.790243984877435,307.28137424534214,Middle,Left
6775,225.83333333333334,1554,834,0.39708763360977173,False,106.14220085531548,70.47282064220815,127.40716326674483,Back,Right
6780,226.0,1702,640,0.56376051902771,False,197.4491679483031,-29.811233482177627,199.68696393406887,Middle,Right
6786,226.2,1436,366,0.43868985772132874,False,18.102075804461464,-150.74498787792206,151.8279833191014,Middle,Right
6788,226.26666666666668,1391,313,0.4196785092353821,False,-40.483530034970045,-131.0333269312659,137.14462793258923,Front,Right
6789,226.3,1391,313,0.41977056860923767,False,-33.83337867889237,-72.21475743513338,79.74753102287544,Front,Right
6790,226.33333333333334,1396,307,0.5068204998970032,False,-16.257743122961358,-33.787931919919956,37.49584716841777,Front,Right
6791,226.36666666666667,1402,303,0.41327083110809326,False,-3.731978079164234,-14.369092138481093,14.845823293691783,Front,Right
6792,226.4,1408,301,0.4709073603153229,False,2.6072289442472423,-5.6887795909408485,6.257783633366187,Front,Right
6793,226.43333333333334,1414,300,0.3679748475551605,False,5.168610497799512,-2.1632992466402943,5.603070417947447,Front,Right
6794,226.46666666666667,1421,302,0.4188833236694336,False,6.39792715829804,0.22203322684458282,6.40177871194488,Front,Right
6795,226.5,1421,302,0.4208199381828308,False,3.916481621904866,0.5532724357140446,3.9553683371892836,Front,Right
6796,226.53333333333333,1428,306,0.49679070711135864,False,4.775902161937116,2.0670870704351314,5.204045581771523,Front,Right
6797,226.56666666666666,1435,314,0.4037124216556549,False,5.8677636565855344,4.840956944784384,7.606938574144148,Front,Right
6798,226.6,1442,325,0.5018914937973022,False,6.540179776719956,7.9347557345178235,10.282718515950934,Front,Right
6799,226.63333333333333,1450,339,0.4942033588886261,False,7.276137602496172,11.045960185870314,13.227071287261246,Front,Right
6800,226.66666666666666,1458,357,0.47543880343437195,False,7.712780735899173,14.535410512442159,16.45494288793709,Middle,Right
6801,226.7,1458,357,0.4762909710407257,False,4.535140960961377,9.021927061874834,10.097656730429053,Middle,Right
6802,226.73333333333332,1466,378,0.4450557231903076,False,5.4314891972982124,13.095414467987382,14.177127882217203,Middle,Right
6803,226.76666666666668,1475,400,0.48792898654937744,False,7.097382598484488,17.57959005084742,18.958239003270425,Middle,Right
6804,226.8,1485,432,0.5350103974342346,False,8.619311318938985,24.46506383604478,25.93900298998664,Middle,Right
6805,226.83333333333334,1494,466,0.5654069185256958,False,9.051130386386841,29.716264810505418,31.064116848213438,Middle,Right
6806,226.86666666666667,1502,506,0.5722438097000122,False,8.68439682331442,34.99236914250161,36.053913052398244,Middle,Right
6807,226.9,1502,506,0.5722155570983887,False,4.953530519309618,21.162661489362847,21.73466599511235,Middle,Right
6808,226.93333333333334,1514,550,0.5879179239273071,False,7.2630543410787025,28.338089041440625,29.25404670950806,Middle,Right
6809,226.96666666666667,1524,604,0.5027655959129333,False,8.829720995911758,40.447859196726114,41.40040200848086,Middle,Right
6816,227.2,1597,918,0.5032687783241272,False,36.19397624155265,158.06681334427083,162.15770532721112,Back,Right
6817,227.23333333333332,1605,895,0.46499812602996826,False,29.168834158761225,102.59592941472002,106.66182831102947,Back,Right
6823,227.43333333333334,1642,822,0.3949801027774811,False,31.22267749050138,18.597634088241378,36.34181590614288,Back,Right
6824,227.46666666666667,1628,795,0.27192145586013794,False,12.50087897016736,-15.61292415429105,20.000884372307578,Back,Right
6825,227.5,1628,795,0.27209433913230896,False,3.889121915689879,-15.117716672144516,15.609952807562731,Back,Right
6826,227.53333333333333,1615,774,0.3958391845226288,False,-4.773695283616506,-17.512302185207414,18.151278040040122,Back,Right
6835,227.83333333333334,1514,778,0.5346512198448181,False,-46.93244076067407,-8.858941177855108,47.7612273140764,Back,Right
6836,227.86666666666667,1505,797,0.5508178472518921,False,-38.432555302940756,4.441455999629783,38.688342410993094,Back,Right
6837,227.9,1505,797,0.550896406173706,False,-20.696563491447467,4.936308871242009,21.277097678673627,Back,Right
6838,227.93333333333334,1493,818,0.6030401587486267,False,-13.866166198981947,11.804670638324868,18.21045891615911,Back,Right
6839,227.96666666666667,1483,842,0.6331406235694885,False,-11.01746556003193,18.175728298664936,21.254214795032514,Back,Right
6868,228.93333333333334,239,755,0.41455554962158203,False,-530.9302364134533,-25.08207299908142,531.522366720326,Back,Left
6869,228.96666666666667,243,748,0.5179283022880554,False,-397.7699015772913,-25.156479944909172,398.564603400787,Back,Left
6871,229.03333333333333,252,744,0.3283289670944214,False,-202.35647761602587,-16.239957124054378,203.00709406460726,Back,Left
6872,229.06666666666666,257,748,0.3156111240386963,False,-80.02134718874579,-6.108516108355003,80.25415861466512,Back,Left
6873,229.1,257,748,0.31494614481925964,False,-24.451299446056957,-1.7252661690316033,24.51209064838718,Back,Left
6875,229.16666666666666,1137,548,0.3859972357749939,False,367.20171554025086,-84.63265799404665,376.8285906016694,Middle,Right
6889,229.63333333333333,509,561,0.49575576186180115,False,16.91893604542929,-58.193876646074386,60.60344607369987,Middle,Left
6890,229.66666666666666,494,584,0.5631555318832397,False,-58.95761982492766,-19.213203327596027,62.00925832106243,Middle,Left
6891,229.7,494,584,0.5630279183387756,False,-47.59032432809061,-4.159100824302401,47.77171850917199,Middle,Left
6892,229.73333333333332,481,605,0.650748610496521,False,-30.965231360606552,9.142056201748314,32.28657220597777,Middle,Left
6893,229.76666666666668,465,630,0.5575063228607178,False,-21.686850049239183,18.20506464815746,28.31508156268984,Middle,Left
6894,229.8,450,662,0.559562087059021,False,-17.21147115459948,25.642272085464818,30.883018910246097,Middle,Left
6895,229.83333333333334,434,695,0.5611370801925659,False,-15.902825652264788,30.072805017689,34.01872227697965,Middle,Left
6896,229.86666666666667,432,689,0.4835467040538788,False,-9.801547183029264,15.6364227761754,18.454485753237496,Middle,Left
6897,229.9,432,689,0.4829961061477661,False,-4.577521587044991,6.464670019761623,7.921215963743675,Middle,Left
6898,229.93333333333334,431,681,0.5317270755767822,False,-2.136833649256382,-1.2745938494285571,2.4881011887773887,Middle,Left
6899,229.96666666666667,430,675,0.5278894305229187,False,-1.222178818666185,-4.647882424298935,4.805885152071698,Middle,Left
6900,230.0,429,673,0.5142884254455566,False,-0.9654520022191247,-4.131221206648141,4.242532996553856,Middle,Left
6901,230.03333333333333,428,673,0.49591580033302307,False,-0.9342973023368295,-2.2954602290534813,2.478315781396741,Middle,Left
6902,230.06666666666666,428,676,0.5211565494537354,False,-0.534396495401184,0.26670794947124676,0.5972543382916735,Middle,Left
6903,230.1,428,676,0.5206131935119629,False,-0.2375933554962787,0.6105946574617948,0.6551919095172555,Middle,Left
6904,230.13333333333333,427,681,0.5363847613334656,False,-0.5065152687213806,2.5245502266531896,2.574861465077794,Middle,Left
6905,230.16666666666666,426,691,0.5244148969650269,False,-0.7627159117170002,6.020784358984413,6.068902689891941,Middle,Left
6906,230.2,425,702,0.5459631085395813,False,-0.908512422172711,8.745290497804344,8.792354673932865,Middle,Left
6938,231.26666666666668,1764,752,0.5698094367980957,False,564.6173682229864,26.64355950190631,565.2456561195169,Back,Right
6939,231.3,1764,752,0.5708012580871582,False,427.05275544459556,18.58642170168237,427.4570282548812,Back,Right
6940,231.33333333333334,1739,800,0.511784017086029,False,211.74159610413002,29.565968614417372,213.7958138524542,Back,Right
6952,231.73333333333332,1068,490,0.2830353081226349,False,-199.20658625529686,-111.80281842975798,228.43628042919642,Middle,Right
6959,231.96666666666667,1113,474,0.46540743112564087,False,-169.34316691594438,-96.5514874596144,194.93408606958783,Middle,Right
6961,232.03333333333333,1257,878,0.45772725343704224,False,-31.766243086042238,117.43958521685951,121.65997852913478,Back,Right
6964,232.13333333333333,1208,923,0.4542873799800873,False,-14.530486863872984,124.98738538040587,125.82917607904487,Back,Right
6984,232.8,602,659,0.40002837777137756,False,-261.10877059526115,-37.85269185092946,263.8382390066499,Middle,Left
6986,232.86666666666667,534,746,0.5308279395103455,False,-223.5297550378375,-14.165106767522037,223.9781275861796,Back,Left
6987,232.9,534,746,0.5311110615730286,False,-122.48693413469628,-3.9662356970654358,122.55113242774259,Back,Left
6990,233.0,431,830,0.5400623679161072,False,-96.26070048736636,34.97973319674064,102.41925694337768,Back,Left
7006,233.53333333333333,52,930,0.449541300535202,False,-210.92769643435255,69.36201012101148,222.03959460224584,Back,Left
7009,233.63333333333333,79,924,0.3237006962299347,False,-130.9309302670944,43.678354922248914,138.02429927125397,Back,Left
7019,233.96666666666667,561,476,0.3540864884853363,False,142.0281633674052,-168.426080295659,220.31646264697994,Middle,Left
7020,234.0,553,474,0.32575854659080505,False,127.33255154053445,-135.96772002343596,186.2815062484581,Middle,Left
7022,234.06666666666666,532,480,0.3719601035118103,False,62.10591024520407,-70.26306500617233,93.77655565996727,Middle,Left
7023,234.1,532,480,0.3726578950881958,False,24.271736005627353,-28.9007391195344,37.7408252477639,Middle,Left
7027,234.23333333333332,484,522,0.5148138403892517,False,-12.973188530876719,8.39406457510215,15.451988245810183,Middle,Left
7028,234.26666666666668,471,540,0.5419988632202148,False,-19.61982206561456,19.092764276760043,27.376469195539084,Middle,Left
7029,234.3,471,540,0.5419957637786865,False,-12.522761290474946,12.940055459662446,18.00734810118796,Middle,Left
7030,234.33333333333334,458,562,0.6034026741981506,False,-11.459828539067704,15.667971818661261,19.41167203141435,Middle,Left
7031,234.36666666666667,444,587,0.5489729046821594,False,-12.342625026443384,20.092845130164406,23.580984245110677,Middle,Left
7032,234.4,427,618,0.6277894377708435,False,-14.465694581431764,25.484870725458336,29.304179831836063,Middle,Left
7033,234.43333333333334,411,657,0.6102181673049927,False,-15.491530412369041,32.14997816998472,35.68765347914947,Middle,Left
7034,234.46666666666667,395,698,0.5837257504463196,False,-15.888902829201033,37.07282977699065,40.334252699033826,Middle,Left
7035,234.5,395,698,0.5837324857711792,False,-9.253269269232057,22.302062982229447,24.14549658698788,Middle,Left
7036,234.53333333333333,571,652,0.44714316725730896,False,70.12104463059603,-9.15850352424301,70.71661111004693,Middle,Left
7064,235.46666666666667,1730,775,0.5597557425498962,False,543.8585500930592,41.01846740508364,545.4031877222451,Back,Right
7065,235.5,1730,775,0.5602750778198242,False,398.7034416943371,32.64449991172432,400.0376204726203,Back,Right
7066,235.53333333333333,1714,824,0.5543761849403381,False,197.80449783036653,38.05601696068475,201.43207239373626,Back,Right
7090,236.33333333333334,1209,924,0.473061203956604,False,-134.62780709750768,65.16556565969346,149.57004175847368,Back,Right
7098,236.6,1126,908,0.3945344090461731,False,-172.06062367133435,35.736668959414075,175.73265981735807,Back,Right
7139,237.96666666666667,86,849,0.4959017038345337,False,-545.0713842635064,-9.49287896231963,545.1540412524962,Back,Left
7140,238.0,102,869,0.479523628950119,False,-374.7062099588981,-5.102258813115548,374.740946290578,Back,Left
7148,238.26666666666668,439,492,0.5403781533241272,False,-43.95634920801177,-161.2915602606538,167.1739454789914,Middle,Left
7149,238.3,439,491,0.5388410091400146,False,33.52112785724751,-121.4609915556016,126.00173999787407,Middle,Left
7151,238.36666666666667,508,396,0.3577572703361511,False,62.299027204116626,-103.19631299838201,120.54313670648898,Middle,Left
7152,238.4,536,360,0.5436259508132935,False,52.94889607901126,-71.58001123221537,89.03529414782663,Middle,Left
7153,238.43333333333334,532,347,0.5174165964126587,False,27.246007650712578,-41.22185958258307,49.412413828398265,Front,Left
7154,238.46666666666667,522,342,0.4836057424545288,False,6.946060090443087,-20.524835099328627,21.66833188398864,Front,Left
7155,238.5,522,342,0.4824970066547394,False,0.3977416331516146,-8.174413470902829,8.18408418822899,Front,Left
7156,238.53333333333333,512,337,0.4092369079589844,False,-5.157568948457523,-4.634277378646004,6.9337611929113425,Front,Left
7157,238.56666666666666,501,336,0.3707040250301361,False,-8.61325500860996,-2.4696247721604547,8.96031296097481,Front,Left
7158,238.6,490,336,0.3054925203323364,False,-10.236301024524733,-1.0415988961581633,10.289158708328102,Front,Left
7159,238.63333333333333,479,338,0.29731231927871704,False,-10.847796420573337,0.49661452000452,10.859158031987702,Front,Left
7160,238.66666666666666,466,344,0.41250079870224,False,-11.86514385750718,3.0935351306465937,12.261794255486633,Front,Left
7161,238.7,466,343,0.4122891426086426,False,-7.0383190771938375,1.8283765534939276,7.271925209582195,Front,Left
7162,238.73333333333332,454,352,0.34084269404411316,False,-8.27264132357406,4.630000341332872,9.48016337566224,Front,Left
7163,238.76666666666668,351,554,0.5261908173561096,False,-48.4752949800549,88.43553078191528,100.84987520112468,Middle,Left
7164,238.8,427,375,0.4395885169506073,False,-3.0987056421594303,-9.514054881300268,10.005959071530532,Middle,Left
7165,238.83333333333334,413,393,0.36132383346557617,False,0.38405156477819435,-15.35092543240399,15.355728808351502,Middle,Left
7166,238.86666666666667,397,414,0.4625921845436096,False,-5.910903215823416,-1.0476975381340523,6.00303647817034,Middle,Left
7167,238.9,397,414,0.4619947671890259,False,-4.5374835325110086,1.9426885431772498,4.93586827048704,Middle,Left
7168,238.93333333333334,382,439,0.5148057341575623,False,-8.708848373355021,12.207522836951144,14.995587811245416,Middle,Left
7169,238.96666666666667,365,467,0.5463563203811646,False,-12.951541492455364,20.701967181738915,24.419538738980883,Middle,Left
7176,239.2,241,757,0.49136582016944885,False,-60.5789968558717,135.881253789866,148.77341829631288,Back,Left
7181,239.36666666666667,161,850,0.5411668419837952,False,-77.26126324567053,138.30143254109743,158.41902992139714,Back,Left
7184,239.46666666666667,112,796,0.25554752349853516,False,-68.30468587454864,57.56553812899112,89.32704681394709,Back,Left
7185,239.5,112,796,0.253390371799469,False,-37.87883098959078,18.884746166076887,42.32539987873876,Back,Left
7192,239.73333333333332,6,796,0.41047975420951843,False,-61.211105077886025,4.022704602092091,61.343145804333325,Back,Left
7195,239.83333333333334,5,800,0.4921166002750397,False,-39.953783217911685,1.3653953811685327,39.977107173616226,Back,Left
7199,239.96666666666667,39,801,0.3132927417755127,False,-4.952121793207603,0.7377592388807866,5.006775304456516,Back,Left
7200,240.0,53,812,0.3577824831008911,False,9.282907539382395,4.957455233402921,10.523722477142606,Back,Left
7201,240.03333333333333,67,827,0.3343310058116913,False,13.809930965957376,9.947991011455136,17.019891845969546,Back,Left
7202,240.06666666666666,81,848,0.4754754602909088,False,14.696661227218977,15.501931783827576,21.36122047679124,Back,Left
7203,240.1,81,848,0.4755289852619171,False,8.651432767201758,9.948293053526118,13.183922921659104,Back,Left
7204,240.13333333333333,92,867,0.5149582028388977,False,8.565742624977,12.779458953320686,15.38461952265821,Back,Left
7205,240.16666666666666,104,895,0.4738488495349884,False,10.000016352574978,19.708164421263238,22.100046875681354,Back,Left
7212,240.4,456,552,0.38693854212760925,False,154.60772507083342,-132.15020903660226,203.3893468203192,Middle,Left
7213,240.43333333333334,498,504,0.5269737243652344,False,132.84036360774635,-123.68599731628936,181.50699197431322,Middle,Left
7214,240.46666666666667,498,504,0.5271524786949158,False,72.89284524160442,-69.97238005280676,101.04207469005634,Middle,Left
7215,240.5,533,463,0.32019519805908203,False,46.219075251271576,-48.1743736179463,66.76056613423965,Middle,Left
7223,240.76666666666668,449,481,0.4561064541339874,False,-13.49613760428894,-16.35993948578232,21.208332094070045,Middle,Left
7224,240.8,430,498,0.5445525646209717,False,-26.457700613555,3.388560726019829,26.673812355012785,Middle,Left
7225,240.83333333333334,410,519,0.4975827932357788,False,-26.04116751581687,14.34030613384954,29.72855169024146,Middle,Left
7226,240.86666666666667,410,519,0.4970986843109131,False,-14.975441115004084,10.23860744763958,18.140918363076757,Middle,Left
7227,240.9,395,537,0.5503045916557312,False,-13.014408143785849,12.783822625313604,18.24283257195876,Middle,Left
7228,240.93333333333334,382,565,0.5125377178192139,False,-12.658961662263827,19.65974311722955,23.382788751603602,Middle,Left
7229,240.96666666666667,366,593,0.5763651132583618,False,-14.0058312117914,24.404988991748976,28.13835097550279,Middle,Left
7236,241.2,264,829,0.488186776638031,False,-51.38657435437938,114.56091018278183,125.5578837261347,Back,Left
7237,241.23333333333332,254,813,0.5004183053970337,False,-40.577541507893656,75.51504329663481,85.72665069228742,Back,Left
7238,241.26666666666668,254,813,0.5005674362182617,False,-21.5248057953995,36.68530831312227,42.5338584019661,Back,Left
7239,241.3,244,797,0.5307230949401855,False,-13.266074440839306,7.530108258411381,15.25422110280578,Back,Left
7240,241.33333333333334,233,786,0.5396950244903564,False,-10.838281600150651,-5.485228510244902,12.147266353125204,Back,Left
7241,241.36666666666667,222,777,0.4987885653972626,False,-10.474020095210914,-9.287480762641724,13.998656930981706,Back,Left
7242,241.4,211,772,0.30940118432044983,False,-10.631132483495755,-8.155195294712987,13.398812939083353,Back,Left
7248,241.6,392,466,0.5762790441513062,False,70.22501343351263,-133.66853660381668,150.99281502622205,Middle,Left
7249,241.63333333333333,428,412,0.5739606022834778,False,70.18404862547662,-122.40249815766344,141.09632254846358,Middle,Left
7250,241.66666666666666,428,412,0.5743375420570374,False,40.553296078032965,-68.73146787137753,79.80341157210515,Middle,Left
7251,241.7,461,367,0.5290911793708801,False,32.08635759998289,-49.153145462625616,58.69894422307792,Middle,Left
7252,241.73333333333332,489,329,0.4798298478126526,False,28.8531623555096,-40.95765025337169,50.10024044045012,Front,Left
7253,241.76666666666668,514,298,0.5316287875175476,False,26.650804856696112,-35.29464406940122,44.22643213617187,Front,Left
7261,242.03333333333333,464,267,0.338034451007843,False,-6.094511801855965,-32.47306535805884,33.04002191058176,Front,Left
7262,242.06666666666666,464,267,0.33801642060279846,False,-9.355820990771964,-18.26408031796687,20.52091655537135,Front,Left
7263,242.1,454,273,0.4332214295864105,False,-10.208731567663255,-5.491256438492984,11.591897924580552,Front,Left
7264,242.13333333333333,444,283,0.4858631491661072,False,-10.272578716419861,3.3228552673308958,10.796630984370587,Front,Left
7265,242.16666666666666,432,295,0.4547160565853119,False,-11.013067505904766,8.555591303716868,13.945816521303122,Front,Left
7266,242.2,421,311,0.4596706032752991,False,-11.139472674718995,12.629976185465154,16.84055076047776,Front,Left
7267,242.23333333333332,409,330,0.4877585470676422,False,-11.525205682366042,16.04451766180789,19.754921235502508,Front,Left
7268,242.26666666666668,409,330,0.48736146092414856,False,-6.729338460745398,9.88072130250562,11.954607880522707,Front,Left
7269,242.3,397,351,0.5568612217903137,False,-8.0995911998578,13.47587116271724,15.722674110944615,Front,Left
7270,242.33333333333334,384,378,0.4043852388858795,False,-10.412083144967477,19.824657307980864,22.392599509583405,Middle,Left
7275,242.5,324,528,0.4833686649799347,False,-31.75425083850199,75.90044265102529,82.27520672071316,Middle,Left
7282,242.73333333333332,394,457,0.5685876607894897,False,7.392247957108637,23.88644759682068,25.004153828015003,Middle,Left
7283,242.76666666666668,434,399,0.4305307865142822,False,28.129496673497115,-19.942863805490973,34.481682091635946,Middle,Left
7284,242.8,460,360,0.5166015625,False,30.925088753343207,-35.79489537657415,47.30365365827511,Middle,Left
7285,242.83333333333334,488,325,0.4750211834907532,False,30.188504909352574,-38.28348027358884,48.754186389686275,Front,Left
7286,242.86666666666667,488,325,0.47508928179740906,False,17.31524203207337,-22.56804581793155,28.44528605357201,Front,Left
7287,242.9,512,293,0.527353823184967,False,17.843343037252417,-23.74934704530873,29.705494034329387,Front,Left
7288,242.93333333333334,532,268,0.44982001185417175,False,18.847713159260454,-24.487678746872625,30.901176381228545,Front,Left
7289,242.96666666666667,539,250,0.479065865278244,False,14.025933615403762,-21.880879909602548,25.990377438624503,Front,Left
7290,243.0,534,241,0.49556222558021545,False,5.136403805440143,-15.979676120949442,16.78489478617551,Front,Left
7291,243.03333333333333,529,230,0.46615585684776306,False,-0.7256958672738225,-12.826521651981743,12.8470343729802,Front,Left
7292,243.06666666666666,529,230,0.466310054063797,False,-1.4637464656446884,-6.850926314078903,7.005551018772618,Front,Left
7293,243.1,525,226,0.40393465757369995,False,-2.6657409079663656,-4.583026637262429,5.301915478981376,Front,Left
7294,243.13333333333333,519,221,0.47916972637176514,False,-4.287212743240035,-4.35498931057679,6.111147600986074,Front,Left
7295,243.16666666666666,514,219,0.4409491717815399,False,-4.87693875088206,-3.32036400768612,5.899944806809001,Front,Left
7296,243.2,509,219,0.4438701570034027,False,-5.033942546529612,-1.7345744559792087,5.324408521619712,Front,Left
7297,243.23333333333332,504,221,0.42409563064575195,False,-5.04758678294336,0.12423794024353274,5.049115506416985,Front,Left
7298,243.26666666666668,504,221,0.4243257939815521,False,-2.9195198051931683,0.4029533822208776,2.9471965189241116,Front,Left
7299,243.3,498,228,0.46569889783859253,False,-3.840613639016746,3.23710507358579,5.022863962087398,Front,Left
7300,243.33333333333334,492,235,0.506683886051178,False,-4.916148873977505,5.330271235490692,7.251228254234571,Front,Left
7301,243.36666666666667,487,246,0.5201583504676819,False,-5.143151421373888,8.096269247583955,9.591745527929413,Front,Left
7302,243.4,481,260,0.5761809945106506,False,-5.545253478440373,11.08090279699814,12.39097425292605,Front,Left
7303,243.43333333333334,474,277,0.5098733305931091,False,-6.230912364000599,14.110972960481734,15.425427928563348,Front,Left
7304,243.46666666666667,474,277,0.5098275542259216,False,-3.7231062571409628,8.694796924024377,9.458383252543003,Front,Left
7305,243.5,468,297,0.5374451875686646,False,-4.237368472487417,12.501613441473966,13.200213263870886,Front,Left
7306,243.53333333333333,461,321,0.5379570722579956,False,-5.495044387561741,18.033078516253486,18.851722297833607,Front,Left
7307,243.56666666666666,455,347,0.4930599331855774,False,-5.932236759648203,22.381226520042958,23.154065161737705,Front,Left
7309,243.63333333333333,441,416,0.39805835485458374,False,-9.415385345657608,42.83283035966839,43.8554539119977,Middle,Left
7310,243.66666666666666,441,416,0.39501887559890747,False,-6.061851934639382,28.397371366176426,29.03716152426108,Middle,Left
7311,243.7,433,458,0.5716100335121155,False,-6.282466195335894,31.567073263397052,32.186169326470264,Middle,Left
7312,243.73333333333332,426,505,0.5468917489051819,False,-6.624627836439697,38.64573440374018,39.209418276426376,Middle,Left
7313,243.76666666666668,419,557,0.5865907073020935,False,-6.8440231588071105,45.543424285806054,46.054795067128865,Middle,Left
7314,243.8,412,610,0.5448146462440491,False,-6.948944308118512,49.9195621511008,50.40089793203042,Middle,Left
7317,243.9,427,654,0.30298104882240295,False,2.2966275902889413,48.20064356799164,48.25532653145195,Middle,Left
7318,243.93333333333334,458,603,0.35066086053848267,False,16.05894885704835,6.023562332555173,17.151476366991616,Middle,Left
7319,243.96666666666667,485,557,0.5665678977966309,False,23.128781315834555,-23.44866810373921,32.936007059068565,Middle,Left
7330,244.33333333333334,602,640,0.6130515933036804,False,64.00969038836146,16.230861951426085,66.03545519870477,Middle,Left
7331,244.36666666666667,613,667,0.6080157160758972,False,48.918311475069075,27.84537660905368,56.28824207658211,Middle,Left
7332,244.4,622,694,0.5661265254020691,False,29.3809098732473,29.55772542836063,41.67609623607083,Middle,Left
7333,244.43333333333334,628,683,0.5780332684516907,False,16.031580209616077,12.744082786542332,20.479824464276994,Middle,Left
7334,244.46666666666667,628,683,0.577801525592804,False,6.886700754803185,4.369618485062041,8.155992458996185,Middle,Left
7335,244.5,632,673,0.6120986938476562,False,4.039081982735226,-3.1874860026928458,5.1453134288028695,Middle,Left
7336,244.53333333333333,637,667,0.5307615399360657,False,3.9373551072960966,-5.720924042205272,6.944907280708143,Middle,Left
7337,244.56666666666666,642,662,0.5765219926834106,False,4.367755849170631,-5.8679757360071445,7.315082391629834,Middle,Left
7338,244.6,648,662,0.47780683636665344,False,5.133374879446918,-3.4174040038796383,6.166862069048508,Middle,Left
7342,244.73333333333332,667,675,0.389661967754364,False,11.122631626362566,3.9486720858810704,11.802751608738411,Middle,Left
7343,244.76666666666668,673,685,0.5263928174972534,False,10.027466338134701,7.815124213133255,12.71323120332224,Middle,Left
7355,245.16666666666666,359,778,0.45093709230422974,False,-126.93394502966868,44.45898678261564,134.49471330328095,Back,Left
7360,245.33333333333334,1090,556,0.44672778248786926,False,210.78474153319826,-61.48043708192877,219.56787425987937,Middle,Right
7361,245.36666666666667,1102,538,0.4521360695362091,False,187.04698794855165,-62.00159640063991,197.0552553393425,Middle,Right
7365,245.5,1149,472,0.4718531370162964,False,123.70664757047012,-63.78209875126057,139.18150298886724,Middle,Right
7366,245.53333333333333,1164,460,0.4610006809234619,False,66.53917167047526,-42.242987021550206,78.81580627701423,Middle,Right
7367,245.56666666666666,1180,444,0.41752544045448303,False,35.022883895049134,-27.329013012211703,44.42383761616874,Middle,Right
7369,245.63333333333333,1212,422,0.2788657546043396,False,28.132237983842117,-22.42275223671245,35.975027892254964,Middle,Right
7370,245.66666666666666,1212,422,0.27776846289634705,False,15.030521039860428,-12.084434299112612,19.286008271782325,Middle,Right
7380,246.0,1372,425,0.49870848655700684,False,73.88547463812493,-3.8757510395372172,73.98705838605477,Middle,Right
7383,246.1,1412,455,0.5230394601821899,False,70.06823187499303,11.885014992106667,71.0690558502812,Middle,Right
7384,246.13333333333333,1432,474,0.4870455861091614,False,48.25525489068782,17.695962221781127,51.39763324823387,Middle,Right
7385,246.16666666666666,1451,496,0.4997279942035675,False,32.02106543073018,20.54786208054556,38.04685620915644,Middle,Right
7386,246.2,1470,518,0.4986715018749237,False,23.6329232813934,21.668860185490807,32.06328998344641,Middle,Right
7387,246.23333333333332,1481,541,0.5706450939178467,False,16.80641058575762,22.43042075972833,28.028186031841546,Middle,Right
7388,246.26666666666668,1481,541,0.5706124305725098,False,8.49655207171045,13.098608774213178,15.612973737478123,Middle,Right
7389,246.3,1474,558,0.5205134749412537,False,0.4752984582893287,13.082821730098841,13.091452671342422,Middle,Right
7390,246.33333333333334,1463,581,0.3598378598690033,False,-5.79723861844742,17.265876017467377,18.213139494600412,Middle,Right
7392,246.4,1447,628,0.6557120084762573,False,-11.221120017603901,30.561353754480905,32.55625712141976,Middle,Right
7393,246.43333333333334,1438,660,0.5556558966636658,False,-11.24990818409601,33.53721811547806,35.373795853367795,Middle,Right
7394,246.46666666666667,1438,660,0.5552748441696167,False,-6.5066481987492555,19.911908158352695,20.948044235416337,Middle,Right
7395,246.5,1430,693,0.5869547128677368,False,-6.291936993370366,23.008764067076854,23.85354680174312,Middle,Right
7396,246.53333333333333,1422,710,0.5056849718093872,False,-6.9746288242446015,21.02428625290102,22.150983266661246,Middle,Right
7397,246.56666666666666,1413,691,0.4887511432170868,False,-7.9511264309259,3.7771959967017246,8.802705329503423,Middle,Right
7398,246.6,1404,675,0.48631104826927185,False,-8.56780409743768,-7.643042139083743,11.481435458681972,Middle,Right
7399,246.63333333333333,1396,663,0.5518000721931458,False,-8.438007296322594,-11.516593928041607,14.276971066588255,Middle,Right
7400,246.66666666666666,1396,663,0.5514818429946899,False,-4.853348819067996,-7.345729001591091,8.80424496049293,Middle,Right
7401,246.7,1388,654,0.519719123840332,False,-5.542875264522425,-7.300913196280371,9.166613316687652,Middle,Right
7402,246.73333333333332,1378,645,0.5026757121086121,False,-7.546990959206861,-8.01008380437389,11.005385731151952,Middle,Right
7403,246.76666666666668,1369,642,0.29012101888656616,False,-8.517320959779337,-6.021756692947457,10.431026315802002,Middle,Right
7407,246.9,1340,645,0.49944546818733215,False,-17.335567884380552,-1.8596040054249157,17.435023399208813,Middle,Right
7408,246.93333333333334,1332,649,0.5322716236114502,False,-14.966190925456434,1.3551343816439774,15.027416944023617,Middle,Right
7409,246.96666666666667,1322,659,0.5654267072677612,False,-12.447935937260173,5.576697531900835,13.640039019755116,Middle,Right
7410,247.0,1312,671,0.5880047678947449,False,-10.966069005131487,9.039947328747449,14.211802036752188,Middle,Right
7411,247.03333333333333,1302,686,0.5545246601104736,False,-10.29430833321744,12.172571277245957,15.941903134788623,Middle,Right
7412,247.06666666666666,1302,686,0.5546705722808838,False,-5.829584976893835,7.592830878303678,9.5726246008787,Middle,Right
7413,247.1,1293,704,0.5674944519996643,False,-6.372355008303326,11.169617041466516,12.859519944572881,Middle,Right
7414,247.13333333333333,1283,725,0.569497287273407,False,-8.000216686981107,15.956066353573654,17.84935630543287,Back,Right
7415,247.16666666666666,1274,726,0.46047133207321167,False,-8.712217063949403,10.496096479955472,13.640775912165143,Back,Right
7416,247.2,1266,715,0.5159748196601868,False,-8.538448168246813,0.4502584038673749,8.550311675728,Back,Right
7417,247.23333333333332,1258,707,0.5262543559074402,False,-8.280221099383747,-4.906149367594542,9.624570799356619,Middle,Right
7418,247.26666666666668,1258,707,0.5259806513786316,False,-4.739281092380157,-3.789613124769283,6.068109500331686,Middle,Right
7419,247.3,1249,703,0.5591464042663574,False,-5.906824564940369,-3.679498794395541,6.959115448025074,Middle,Right
7420,247.33333333333334,1240,700,0.5295785665512085,False,-7.420401658120653,-3.3730770221390074,8.151074123397596,Middle,Right
7421,247.36666666666667,1231,701,0.43166375160217285,False,-8.3567715686566,-1.4726878629374338,8.485543034617791,Middle,Right
7422,247.4,1223,705,0.4892101585865021,False,-8.373002212133455,1.17579873014182,8.455156337891976,Middle,Right
7423,247.43333333333334,1214,710,0.525473952293396,False,-8.640538515898715,3.261764319954617,9.235692303431193,Middle,Right
7424,247.46666666666667,1214,710,0.5261566042900085,False,-5.041181484893522,2.2566531269285894,5.523223162149963,Middle,Right
7425,247.5,1204,721,0.5277866721153259,False,-6.492973341076353,5.7680021484005835,8.684961231455324,Back,Right
7426,247.53333333333333,1196,732,0.5511654019355774,False,-7.387704757004716,8.6018959912595,11.338906306214739,Back,Right
7427,247.56666666666666,1187,742,0.5128148198127747,False,-8.227625878475546,9.69687949499518,12.717047595122795,Back,Right
7428,247.6,1179,736,0.4661976099014282,False,-8.281183952345568,3.2665775296400597,8.902164703583905,Back,Right
7429,247.63333333333333,1170,731,0.4078388512134552,False,-8.594125146872805,-1.3681810449945573,8.70235062566396,Back,Right
7430,247.66666666666666,1170,731,0.4077457785606384,False,-5.022447428065625,-1.6163947131823004,5.276145376739225,Back,Right
7443,248.1,440,287,0.4942936897277832,False,-310.38643484693864,-188.3829665743589,363.08109429210015,Front,Left
7461,248.7,693,705,0.4398176074028015,False,-126.99260308771957,34.287501153549215,131.53993300268067,Middle,Left
7468,248.93333333333334,359,837,0.3805055618286133,False,-181.6945214877614,115.1997735521133,215.13690284357253,Back,Left
7469,248.96666666666667,357,840,0.3308340013027191,False,-115.59396228470968,82.25703083873373,141.87382859105224,Back,Left
7470,249.0,357,840,0.32903262972831726,False,-55.02772889928311,41.66891476052573,69.0242667844647,Back,Left
7475,249.16666666666666,1702,827,0.5963433980941772,False,546.6894832191343,11.363207357308795,546.8075653681552,Back,Right
7530,251.0,1138,543,0.4278213083744049,False,185.08503501823378,-118.70348646888812,219.87948491746639,Middle,Right
7531,251.03333333333333,1138,546,0.4878687858581543,False,42.54276242416955,-90.50642988364116,100.00650221341503,Middle,Right
7532,251.06666666666666,1138,546,0.4875768721103668,False,-0.8082076484528073,-47.281848328888664,47.28875533357851,Middle,Right
7533,251.1,1138,551,0.4732884466648102,False,-8.190208187755943,-17.513983970217563,19.33440313709793,Middle,Right
7534,251.13333333333333,1138,552,0.4921175241470337,False,-6.0483950000900535,-4.396304637411767,7.4773375303006455,Middle,Right
7535,251.16666666666666,779,466,0.40406665205955505,False,-154.64149807545812,-36.50282990106741,158.8913135379281,Middle,Left
7545,251.5,490,547,0.3837226927280426,False,-237.82425669363002,7.373158670585113,237.93852260754088,Middle,Left
7546,251.53333333333333,521,507,0.5840867161750793,False,-139.17756517484924,-4.805555025391035,139.26050411764805,Middle,Left
7548,251.6,573,437,0.34741416573524475,False,-40.91061003027117,-34.49266698352159,53.51095297866638,Middle,Left
7557,251.9,535,428,0.5170665383338928,False,-22.17548215403706,-29.02152535880903,36.52397764367966,Middle,Left
7558,251.93333333333334,521,440,0.4770183563232422,False,-15.38702447078824,-10.73235632443707,18.76017042404787,Middle,Left
7559,251.96666666666667,508,456,0.5041550993919373,False,-13.17011527394787,3.8091829274789877,13.709916517035118,Middle,Left
7560,252.0,494,475,0.4915684759616852,False,-13.125444720037097,12.811587439591484,18.341594037079982,Middle,Left
7561,252.03333333333333,480,497,0.5574582815170288,False,-13.48662092746649,18.293665687149293,22.72767362301651,Middle,Left
7562,252.06666666666666,480,497,0.5571296215057373,False,-7.858499890553325,11.54888253149766,13.96899095339955,Middle,Left
7563,252.1,466,523,0.5717397332191467,False,-9.448049296496698,16.446838149679014,18.96744897530421,Middle,Left
7564,252.13333333333333,450,552,0.5849611759185791,False,-12.496696566275283,22.61789569782348,25.840600435500303,Middle,Left
7565,252.16666666666666,433,587,0.612759530544281,False,-14.940589314406822,28.943560533380534,32.57224133232515,Middle,Left
7566,252.2,416,625,0.5588767528533936,False,-16.245218660394226,33.89306448199032,37.58519587955309,Middle,Left
7567,252.23333333333332,398,671,0.5481017231941223,False,-17.21830544757487,39.88496125077155,43.44283803415167,Middle,Left
7568,252.26666666666668,398,671,0.5481765866279602,False,-10.124119966054536,24.117697370553373,26.156473989141983,Middle,Left
7573,252.43333333333334,318,757,0.37494879961013794,False,-38.35364734816389,47.42813607179648,60.99533060941765,Back,Left
7574,252.46666666666667,318,757,0.37317129969596863,False,-27.194437825575065,31.562390912768457,41.66199669698365,Back,Left
7575,252.5,363,791,0.42390188574790955,False,5.265619872849939,29.76472350272673,30.226900566203035,Back,Left
7590,253.0,516,561,0.6709017753601074,False,73.40458326212831,-80.197665815757,108.71935635471067,Middle,Left
7591,253.03333333333333,503,584,0.5598707795143127,False,49.07392660530897,-56.22993722134906,74.63280855213817,Middle,Left
7592,253.06666666666666,503,584,0.5601168274879456,False,24.026090159575354,-28.2263312873265,37.06721983502338,Middle,Left
7593,253.1,492,604,0.660957396030426,False,4.779830651445398,-2.881900855166929,5.5814096423313,Middle,Left
7594,253.13333333333333,479,632,0.5961094498634338,False,-6.153513817288401,14.668008400349702,15.906483040958133,Middle,Left
7596,253.2,451,697,0.40587663650512695,False,-17.322346548479615,39.03883752048965,42.709419627253354,Middle,Left
7597,253.23333333333332,439,712,0.5418186783790588,False,-17.065645136596586,33.23421692909852,37.35972990826649,Middle,Left
7598,253.26666666666668,439,712,0.5419566035270691,False,-9.816803713407879,18.17252356684299,20.654545454573494,Middle,Left
7599,253.3,429,700,0.5524194240570068,False,-8.602720551743769,2.7539364961882526,9.032771840162479,Middle,Left
7600,253.33333333333334,418,694,0.4802378714084625,False,-9.398276842012114,-3.6878229682202903,10.09592223841063,Middle,Left
7601,253.36666666666667,408,688,0.5143014192581177,False,-9.793984827331482,-5.811374844234142,11.388336857425525,Middle,Left
7602,253.4,397,685,0.5014846324920654,False,-10.373519451337405,-5.003061271933432,11.51696695740661,Middle,Left
7603,253.43333333333334,386,685,0.5326423645019531,False,-10.741192061927936,-2.7473529989705883,11.086981348057568,Middle,Left
7604,253.46666666666667,386,685,0.5333110690116882,False,-6.273025698008331,-1.1858810216799542,6.3841338649384225,Middle,Left
7605,253.5,374,688,0.5631927251815796,False,-7.89426112468841,0.859087688058948,7.9408683631288834,Middle,Left
7612,253.73333333333332,299,782,0.488979697227478,False,-36.507244058843256,40.53654976629349,54.55264187669682,Back,Left
7619,253.96666666666667,715,453,0.28417426347732544,False,149.3906122759488,-108.36965679895354,184.55768082338335,Middle,Left
7620,254.0,724,452,0.44739967584609985,False,123.25256986461874,-89.57898478289218,152.36663182260855,Middle,Left
7621,254.03333333333333,734,452,0.4487329423427582,False,70.79406279704614,-48.42164266641426,85.76977792804422,Middle,Left
7622,254.06666666666666,734,452,0.44882825016975403,False,31.567460831302135,-20.651389454195222,37.72246637913062,Middle,Left
7623,254.1,744,453,0.4376216232776642,False,15.475854505019477,-6.565347948369752,16.810885352761602,Middle,Left
7624,254.13333333333333,756,459,0.3917804956436157,False,11.141979973836566,1.2477435915639763,11.2116270811896,Middle,Left
7625,254.16666666666666,767,465,0.38439902663230896,False,10.309957428901662,4.645517853123403,11.30822967176794,Middle,Left
7642,254.73333333333332,977,499,0.49802732467651367,False,94.44739011757218,17.64085498468045,96.08074346408544,Middle,Right
7643,254.76666666666668,982,486,0.5459089875221252,False,71.68260280149022,7.023054054775935,72.0258205968701,Middle,Right
7644,254.8,982,489,0.4809271991252899,False,37.37100637200207,3.433394265321887,37.52839343000662,Middle,Right
7645,254.83333333333334,984,494,0.47751787304878235,False,16.328791721790605,3.4551202711961357,16.69033538255142,Middle,Right
7646,254.86666666666667,984,494,0.4775996506214142,False,5.687949455857639,2.0006452411708544,6.029539816056513,Middle,Right
7647,254.9,985,502,0.40000641345977783,False,1.8135440962631413,4.2737475954684045,4.642613563378161,Middle,Right
7648,254.93333333333334,988,514,0.35587045550346375,False,1.6240870892262764,7.939824402265264,8.10422546652044,Middle,Right
7649,254.96666666666667,989,525,0.33134493231773376,False,1.3269184423049074,9.88459551801357,9.973261307479257,Middle,Right
7656,255.2,1003,682,0.5084570646286011,False,6.623061973141767,72.32589240922016,72.6285044778575,Middle,Right
7657,255.23333333333332,1006,724,0.5040141344070435,False,6.037358098391046,70.65000672000937,70.90749708137763,Back,Right
7658,255.26666666666668,1006,724,0.5039628148078918,False,3.38475001283821,40.5313144243128,40.672398277110666,Back,Right
7661,255.36666666666667,1012,752,0.4432833790779114,False,4.016029465665766,29.876313598243136,30.145026237999254,Back,Right
7662,255.4,1013,745,0.5485594272613525,False,2.85548108711662,12.413242551147196,12.737439415851684,Back,Right
7663,255.43333333333334,1014,738,0.5430331826210022,False,1.8655592458532952,1.1081450213386947,2.1698609835900666,Back,Right
7664,255.46666666666667,1014,738,0.5436833500862122,False,0.9017813203221877,-1.373627204030186,1.643186308771411,Back,Right
7665,255.5,1015,737,0.5585544109344482,False,0.7715372063267255,-1.6580623447389664,1.828781124079021,Back,Right
7666,255.53333333333333,1016,738,0.5358020067214966,False,0.844763883791219,-0.5868140440136063,1.0285799636438708,Back,Right
7667,255.56666666666666,1017,745,0.46959981322288513,False,0.9233319177730456,2.8062936692209943,2.9542894218895146,Back,Right
7685,256.1666666666667,1400,613,0.40163347125053406,False,162.20518157329903,-53.4885814335703,170.79680697543085,Middle,Right
7686,256.2,1420,638,0.5995495915412903,False,130.91581144992512,-30.389063339800423,134.3965954117244,Middle,Right
7687,256.23333333333335,1428,655,0.5309509634971619,False,73.46089228494881,-6.271709843351683,73.72812922935212,Middle,Right
7688,256.26666666666665,1428,655,0.5309656858444214,False,32.21853968616567,0.6720617745599595,32.22554835123612,Middle,Right
7689,256.3,1418,648,0.5622326135635376,False,7.051362395500977,-1.3291229645932034,7.175533393950189,Middle,Right
7690,256.3333333333333,1407,644,0.5065680742263794,False,-5.051423592628009,-2.8129715001597964,5.781841313359449,Middle,Right
7691,256.3666666666667,1397,641,0.5318921208381653,False,-9.296285529291564,-3.156265884200819,9.81748129480702,Middle,Right
7692,256.4,1387,641,0.5110191106796265,False,-10.349548428559196,-1.8852206030279168,10.519848354285962,Middle,Right
7693,256.43333333333334,1376,643,0.4748157560825348,False,-10.811735178198164,-0.018895934044399487,10.811751690628633,Middle,Right
7694,256.46666666666664,1376,643,0.475580096244812,False,-6.330631836455486,0.32157214122918837,6.338793898744341,Middle,Right
7695,256.5,1364,648,0.4403063952922821,False,-7.925247954641222,2.3569099977189736,8.268287602635295,Middle,Right
7696,256.53333333333336,1352,655,0.5313554406166077,False,-9.92921582242821,4.679279495646785,10.976565193481026,Middle,Right
7697,256.56666666666666,1342,664,0.5580915808677673,False,-10.316106643678832,6.916718205539292,12.420267590458478,Middle,Right
7698,256.6,1330,676,0.5284942388534546,False,-11.095774448246408,9.46088992121264,14.581654525727208,Middle,Right
7751,258.3666666666667,992,443,0.4940977692604065,False,-149.21520835709535,-92.424340878989,175.52047513599928,Middle,Right
7752,258.4,984,434,0.3886745870113373,False,-114.21722110788133,-75.36361076981314,136.8402259055083,Middle,Right
7753,258.43333333333334,982,431,0.2816988229751587,False,-60.61728562130307,-41.78077108404063,73.62124794155314,Middle,Right
7754,258.46666666666664,982,431,0.2806403338909149,False,-25.482773034597642,-18.162937929441107,31.29319471964387,Middle,Right
7759,258.6333333333333,1053,470,0.41858378052711487,False,21.500250689610546,10.172136092838844,23.78514520467204,Middle,Right
7760,258.6666666666667,1053,470,0.4027540385723114,False,20.795566589865054,10.926651127135216,23.49143023844306,Middle,Right
7762,258.73333333333335,1137,546,0.3323809504508972,False,47.34750608708841,38.52738858286226,61.04216578465856,Middle,Right
7763,258.76666666666665,1138,545,0.4337886869907379,False,32.51536086154698,26.7607423150223,42.11159010542877,Middle,Right
7782,259.4,393,462,0.45706096291542053,False,-298.30261995521954,-21.66360989329889,299.08822288040227,Middle,Left
7787,259.56666666666666,244,635,0.4564419090747833,False,-294.22101552373294,51.87350960573922,298.7588776499092,Middle,Left
7806,260.2,558,501,0.5059701800346375,False,-36.774452529687835,-13.479533353370279,39.16705475629851,Middle,Left
7807,260.23333333333335,588,454,0.5035572648048401,False,37.27489987423175,-39.270812709099545,54.14438928889287,Middle,Left
7817,260.56666666666666,529,440,0.5024473071098328,False,9.831112894859313,-33.199255327494704,34.62428822447697,Middle,Left
7818,260.6,511,458,0.5291140675544739,False,-6.805120231462052,-10.507278969885231,12.518489234554087,Middle,Left
7819,260.6333333333333,492,477,0.5356409549713135,False,-14.916169441374192,5.989882319325282,16.073916790973843,Middle,Left
7820,260.6666666666667,472,501,0.5350680351257324,False,-18.50697755694086,16.530665192054254,24.814735742798206,Middle,Left
7821,260.7,454,528,0.5030599236488342,False,-18.93270657664256,22.82746585010632,29.65704933831103,Middle,Left
7822,260.73333333333335,454,528,0.5034049153327942,False,-11.017388733400757,14.314190976870382,18.06319234867368,Middle,Left
7823,260.76666666666665,432,560,0.6529629230499268,False,-14.242813836695305,20.262389958172147,24.76736144210349,Middle,Left
7824,260.8,409,599,0.6035856008529663,False,-18.513689393492847,29.230899113243787,34.60060921324025,Middle,Left
7831,261.03333333333336,259,829,0.40100908279418945,False,-74.77262404942783,115.56978324088948,137.64926482035148,Back,Left
7848,261.6,806,612,0.5251959562301636,False,177.64395149362505,-9.420500607714999,177.89356181146456,Middle,Left
7853,261.76666666666665,27,873,0.4067508280277252,False,-181.16974391235377,82.4517768760458,199.049671236315,Back,Left
7854,261.8,41,886,0.48176026344299316,False,-162.71596882776518,69.504777135076,176.93897410167958,Back,Left
7855,261.8333333333333,55,902,0.5167826414108276,False,-84.83965523441547,44.61479579159139,95.85534468051263,Back,Left
7856,261.8666666666667,69,924,0.520803689956665,False,-29.247227777584605,30.635248151252426,42.35467815912112,Back,Left
7860,262.0,1708,724,0.5352770090103149,False,684.7946236217063,-69.2023467768516,688.2823848832817,Back,Right
7861,262.03333333333336,1708,723,0.5353882312774658,False,522.9639544454635,-58.20175941141596,526.192685665452,Back,Right
7862,262.06666666666666,1699,710,0.4508138597011566,False,269.6005962395384,-37.163096396771294,272.1499168225306,Middle,Right
7863,262.1,1690,700,0.4540562629699707,False,106.87058573846838,-21.949917110357063,109.10142509259386,Middle,Right
7864,262.1333333333333,1681,693,0.45953604578971863,False,28.972711142106903,-12.929537161192863,31.726817081557876,Middle,Right
7865,262.1666666666667,1672,690,0.38604339957237244,False,-0.9326891834520588,-7.131440844926932,7.192173359814169,Middle,Right
7866,262.2,1663,692,0.2598472833633423,False,-9.66551374341912,-2.2442683553554117,9.922645633855598,Middle,Right
7867,262.23333333333335,1663,692,0.25960707664489746,False,-7.14165413049159,-0.4263347842750973,7.154368250785703,Middle,Right
7888,262.93333333333334,1440,630,0.6409690380096436,False,-97.8020368908415,-26.09162627633165,101.22258335836565,Middle,Right
7889,262.96666666666664,1443,656,0.5520046353340149,False,-71.40673950469431,-8.677029261379712,71.93200458414954,Middle,Right
7892,263.06666666666666,1447,679,0.4822826385498047,False,-34.87646197744855,7.795761468772778,35.737116516899015,Middle,Right
7893,263.1,1445,670,0.4943528473377228,False,-14.491884718115358,3.641252227841046,14.94233718231197,Middle,Right
7894,263.1333333333333,1443,662,0.5149233937263489,False,-5.587693983615109,-2.012456642972224,5.939049233199833,Middle,Right
7895,263.1666666666667,1442,658,0.5710731744766235,False,-2.0649953972005113,-3.8585923057374,4.3764072676517625,Middle,Right
7896,263.2,1439,655,0.573178231716156,False,-1.8320630344577993,-3.825091259489032,4.241200078473794,Middle,Right
7897,263.23333333333335,1439,655,0.5729705095291138,False,-1.0172836621036083,-2.204619074446815,2.4280056244987693,Middle,Right
7898,263.26666666666665,1437,657,0.48960641026496887,False,-1.2869151048332816,-0.14123026305390818,1.2946414462121674,Middle,Right
7899,263.3,1435,661,0.44753602147102356,False,-1.635931526137779,1.9743104296299077,2.5640151385584513,Middle,Right
7900,263.3333333333333,1433,666,0.5046429634094238,False,-1.8517769632494003,3.628292029090235,4.0735219368478806,Middle,Right
7901,263.3666666666667,1430,675,0.5375109910964966,False,-2.3748753834550422,6.190258392408445,6.6301834101119645,Middle,Right
7902,263.4,1427,688,0.5567348599433899,False,-2.7319213667939204,9.520954244605782,9.905148362453842,Middle,Right
7903,263.43333333333334,1427,688,0.5563675761222839,False,-1.6424343518270972,6.095702053793101,6.313095447455164,Middle,Right
7904,263.46666666666664,1425,704,0.5253497958183289,False,-1.599260514064287,9.665911338835048,9.797319847900502,Middle,Right
7930,264.3333333333333,186,876,0.40309178829193115,False,-523.8766927970131,78.82032522730873,529.7730013174272,Back,Left
7931,264.3666666666667,194,855,0.4455091655254364,False,-392.426478016787,49.008025610570854,395.4748123748289,Back,Left
7940,264.6666666666667,256,808,0.48385679721832275,False,-177.20271399280261,3.1735557662819787,177.2311296093796,Back,Left
7944,264.8,457,526,0.41492539644241333,False,20.772895946653705,-125.35876977219677,127.06822720416436,Middle,Left
7945,264.8333333333333,457,526,0.4141181707382202,False,47.27508627824116,-95.34552907654823,106.42228947688567,Middle,Left
7946,264.8666666666667,492,475,0.5153308510780334,False,46.815448163173116,-71.28109347186516,85.28001215562487,Middle,Left
7947,264.9,522,435,0.5257319211959839,False,39.636056587602866,-53.79072769170167,66.81660996652298,Middle,Left
7956,265.2,478,393,0.29932844638824463,False,3.0557113609469297,-45.69809718105426,45.80014691996631,Middle,Left
7957,265.23333333333335,478,393,0.30076825618743896,False,-4.750970444264043,-24.968001652359867,25.41599548856026,Middle,Left
7958,265.26666666666665,461,407,0.38851627707481384,False,-11.311859093622697,-4.8271515514414425,12.298762061872651,Middle,Left
7959,265.3,442,422,0.503242552280426,False,-15.725734212804264,7.129705641552917,17.266482533132045,Middle,Left
7960,265.3333333333333,423,441,0.5092426538467407,False,-17.89409198949917,14.270105444441887,22.887429683652737,Middle,Left
7961,265.3666666666667,404,463,0.5413641333580017,False,-18.747177056106963,18.804846036172272,26.553321487474356,Middle,Left
7973,265.76666666666665,278,822,0.30614322423934937,False,-64.1686904666845,163.2031271287109,175.3649951980136,Back,Left
7974,265.8,271,802,0.4647215008735657,False,-48.13079559838852,111.60137580241226,121.537815374167,Back,Left
7975,265.8333333333333,271,802,0.4647855758666992,False,-24.958423444123216,55.30335768583702,60.6744120049283,Back,Left
7976,265.8666666666667,262,784,0.501097559928894,False,-14.094411925551286,14.333603746069315,20.10235418741931,Back,Left
7977,265.9,254,769,0.5157285332679749,False,-9.586605051687865,-5.346503910015539,10.976707178241512,Back,Left
7978,265.93333333333334,246,758,0.5063475370407104,False,-8.113844957797758,-11.238827097664085,13.861663483520607,Back,Left
7979,265.96666666666664,239,750,0.42824286222457886,False,-7.381333067045733,-10.921513560884614,13.18193977786461,Back,Left
7992,266.4,498,400,0.2542705535888672,False,105.1840496875012,-153.98405805469588,186.47995721700138,Middle,Left
7993,266.43333333333334,498,400,0.25551387667655945,False,80.8416359571882,-114.47719644329047,140.1442064794341,Middle,Left
7995,266.5,471,421,0.252292662858963,False,30.986886767540923,-50.25636166521731,59.04141799931237,Middle,Left
7996,266.53333333333336,456,433,0.5142404437065125,False,2.6948270036844377,-12.53787256147801,12.824209174356524,Middle,Left
7997,266.56666666666666,440,452,0.48544150590896606,False,-10.236263116501314,7.493393764339647,12.685898970813598,Middle,Left
7998,266.6,425,471,0.5438684821128845,False,-14.550672887672315,15.91877214255695,21.566858556838763,Middle,Left
7999,266.6333333333333,425,471,0.54363614320755,False,-9.177716940279122,10.700749324231637,14.097394239217763,Middle,Left
8000,266.6666666666667,408,498,0.505549430847168,False,-11.522153891475394,16.650767346485978,20.248656338770857,Middle,Left
8001,266.7,391,524,0.5178373456001282,False,-14.25192639615335,21.656931330908147,25.925664517482353,Middle,Left
8002,266.73333333333335,372,556,0.5750108361244202,False,-16.74232365198231,26.9144250641733,31.69687173527896,Middle,Left
8008,266.93333333333334,262,804,0.32043781876564026,False,-56.54842447252061,121.16740543159452,133.71336675646444,Back,Left
8010,267.0,220,841,0.49153730273246765,False,-57.49938959242827,102.43332803516435,117.46815098511357,Back,Left
8011,267.03333333333336,220,841,0.4919102191925049,False,-33.39932475931279,55.860475883677985,65.0838509949205,Back,Left
8012,267.06666666666666,204,822,0.450702041387558,False,-21.761862319381017,15.966062890807699,26.990624591530334,Back,Left
8013,267.1,186,805,0.4641239643096924,False,-18.10079062000221,-5.0556661393083395,18.793572868970628,Back,Left
8030,267.6666666666667,7,878,0.3556177616119385,False,-85.36128851759061,24.14516348992066,88.71041932793658,Back,Left
8032,267.73333333333335,29,896,0.46035948395729065,False,-52.0286727861621,26.75363041421678,58.504183886539515,Back,Left
8033,267.76666666666665,42,912,0.5231688618659973,False,-18.64288684218002,22.679419583763277,29.358360009828786,Back,Left
8034,267.8,55,933,0.4819902181625366,False,0.6608175604401474,21.244730795889275,21.25500567955681,Back,Left
8035,267.8333333333333,55,933,0.48431840538978577,False,3.8209222435901418,12.022108023183423,12.614694927450808,Back,Left
8043,268.1,469,357,0.5318455100059509,False,177.51329236103118,-237.8147416555663,296.76054372769414,Middle,Left
8044,268.1333333333333,505,317,0.5093947052955627,False,148.7269352552429,-198.82994355893544,248.30031761169107,Front,Left
8045,268.1666666666667,533,284,0.46633005142211914,False,92.64182304231305,-121.89075469341667,153.10082774542377,Front,Left
8046,268.2,532,269,0.450840562582016,False,43.12548996150648,-63.06705166038838,76.40196914709786,Front,Left
8047,268.23333333333335,532,267,0.45097723603248596,False,16.101465587965382,-26.812067802956307,31.27529654456948,Front,Left
8048,268.26666666666665,524,257,0.49076542258262634,False,1.1142333124146209,-13.257033794719684,13.303776189820477,Front,Left
8049,268.3,515,249,0.4509180188179016,False,-5.824836148041445,-8.623254218006295,10.406211100102364,Front,Left
8050,268.3333333333333,506,242,0.46965140104293823,False,-8.401237166525977,-7.112582665746898,11.007707213825261,Front,Left
8051,268.3666666666667,498,238,0.4753420352935791,False,-8.690877085763583,-5.529684623256038,10.300910472017742,Front,Left
8052,268.4,488,234,0.49448296427726746,False,-9.295035270569473,-4.602032641147361,10.37190363970454,Front,Left
8053,268.43333333333334,488,234,0.49337926506996155,False,-5.479397047524117,-2.494330945618816,6.020421818335295,Front,Left
8054,268.46666666666664,478,234,0.4616544246673584,False,-6.707694539566475,-1.0660230366710093,6.791875378041266,Front,Left
8055,268.5,468,237,0.4971529543399811,False,-8.316144466274482,0.9046320658898441,8.365202804390568,Front,Left
8056,268.53333333333336,458,240,0.4446711838245392,False,-9.313421442325232,2.140129351264239,9.556148418819483,Front,Left
8057,268.56666666666666,447,248,0.447131872177124,False,-10.20296510584948,4.8335861275036125,11.2899978655081,Front,Left
8058,268.6,435,258,0.5030479431152344,False,-11.1199373734193,7.494087687568735,13.40948759116979,Front,Left
8059,268.6333333333333,435,258,0.5031998753547668,False,-6.589768968084925,4.804942762703011,8.155521442899106,Front,Left
8060,268.6666666666667,424,273,0.5020668506622314,False,-7.64418429592273,8.629016588356688,11.527943478008842,Front,Left
8061,268.7,412,291,0.5086750388145447,False,-9.670545490464566,13.265616602565832,16.41633436335331,Front,Left
8062,268.73333333333335,398,312,0.502705991268158,False,-11.858935729702141,17.356190943444222,21.020745008360226,Front,Left
8063,268.76666666666665,386,336,0.5054614543914795,False,-12.308346050902456,20.889176573087912,24.24568168582626,Front,Left
8064,268.8,371,366,0.4531169831752777,False,-13.524509978934429,25.364109219949402,28.744571777847366,Middle,Left
8065,268.8333333333333,371,366,0.45213454961776733,False,-8.03271576753699,15.455589402492585,17.418374389720714,Middle,Left
8072,269.06666666666666,714,639,0.5039772391319275,False,141.11041239373844,122.39532439291645,186.79604899241895,Middle,Left
8104,270.1333333333333,1770,728,0.4637596607208252,False,553.8396253948674,127.3514417016412,568.292812167296,Back,Right
8105,270.1666666666667,1762,724,0.3934853971004486,False,390.22617474488993,72.79325471363839,396.95758638402924,Back,Right
8106,270.2,1754,724,0.3511912226676941,False,192.99357605325613,32.34876343665189,195.6858781151681,Back,Right
8107,270.23333333333335,1754,724,0.3500964641571045,False,76.39668166595382,11.489587247433555,77.25583204318929,Back,Right
8108,270.26666666666665,1747,730,0.4418708086013794,False,20.424251840608726,5.456391816164193,21.140536296416716,Back,Right
8109,270.3,1738,739,0.46805503964424133,False,-1.9668973002743257,5.8772512021416,6.197642026037105,Back,Right
8110,270.3333333333333,1730,753,0.512080729007721,False,-8.502427535766454,9.380698446396071,12.66052042149837,Back,Right
8111,270.3666666666667,1720,771,0.5125120878219604,False,-10.298854727137016,13.642905972172844,17.09372083708582,Back,Right
8127,270.9,1436,423,0.4521212875843048,False,-126.14334200719648,-138.24088677160233,187.1434890883023,Middle,Right
8128,270.93333333333334,1452,440,0.537214457988739,False,-86.78524421133575,-99.77507684119536,132.2374552518598,Middle,Right
8129,270.96666666666664,1467,461,0.4659857153892517,False,-36.81169365995417,-41.94521567429604,55.80772265625538,Middle,Right
8130,271.0,1484,486,0.5337594151496887,False,-5.195755418731114,-3.3862184977344327,6.201802164344858,Middle,Right
8131,271.03333333333336,1484,486,0.5336073637008667,False,2.6297744957119047,4.9124685076114165,5.572078672862645,Middle,Right
8132,271.06666666666666,1501,515,0.5052462220191956,False,10.089340565829286,16.557833435872013,19.389601366283156,Middle,Right
8133,271.1,1520,548,0.5152820348739624,False,15.179321894236612,25.572446752341563,29.73822197223962,Middle,Right
8136,271.2,1366,737,0.2542508542537689,False,-55.321500724858126,96.158332946412,110.93643872724373,Back,Right
8137,271.23333333333335,1366,737,0.2715551257133484,False,-44.53124109262901,68.14671789345905,81.40642844948145,Back,Right
8140,271.3333333333333,1645,810,0.5100064277648926,False,93.94793814123312,65.20483336403747,114.35858242834624,Back,Right
8141,271.3666666666667,1659,791,0.49228349328041077,False,84.87387974035633,29.139344525562485,89.73670855095978,Back,Right
8142,271.4,1674,776,0.5526158213615417,False,53.764766012286046,4.083706086407275,53.919632043959915,Back,Right
8143,271.43333333333334,1674,776,0.552587628364563,False,25.529402184143375,-2.1037063938856573,25.615931692433517,Back,Right
8158,271.93333333333334,1415,311,0.44982263445854187,False,-99.59569358275449,-198.5864133689419,222.16180084562285,Front,Right
8159,271.96666666666664,1384,275,0.413424551486969,False,-92.93414040515671,-164.9656421699078,189.34206492318458,Front,Right
8160,272.0,1386,260,0.5320732593536377,False,-51.67732715692501,-95.67811697947153,108.74211792503075,Front,Right
8161,272.03333333333336,1386,260,0.5322665572166443,False,-22.515185550952776,-42.950242762171186,48.493885529242455,Front,Right
8162,272.06666666666666,1396,249,0.579630970954895,False,-3.595756567428495,-20.07094642683618,20.390496702168225,Front,Right
8163,272.1,1406,240,0.5484059453010559,False,5.51333767103973,-11.322065643302087,12.593095834867109,Front,Right
8164,272.1333333333333,1417,232,0.4677201807498932,False,9.45197930460144,-8.36123558016869,12.619436326623024,Front,Right
8165,272.1666666666667,1428,227,0.41835713386535645,False,10.807054790367728,-6.4150345690705075,12.567621165693199,Front,Right
8166,272.2,1439,223,0.42056310176849365,False,11.129905133052663,-5.048968194400458,12.221573879775855,Front,Right
8167,272.23333333333335,1439,223,0.4180605709552765,False,6.489684559681382,-2.674517753459797,7.019191612838231,Front,Right
8168,272.26666666666665,1451,221,0.4172830581665039,False,7.988820010812251,-1.966798792019445,8.22736547464882,Front,Right
8169,272.3,1463,224,0.45085224509239197,False,9.948945006714766,0.25568243422137016,9.952229913632625,Front,Right
8170,272.3333333333333,1476,226,0.2511005997657776,False,11.58594504200342,1.3878712505355648,11.668774962453718,Front,Right
8171,272.3666666666667,1489,235,0.42618465423583984,False,12.474430236871168,4.802520627838666,13.366959793288135,Front,Right
8172,272.4,1503,243,0.5150018334388733,False,13.27663326947246,6.760452557466859,14.898748596906493,Front,Right
8173,272.43333333333334,1503,243,0.5150599479675293,False,7.815714846335278,4.2557968392515395,8.89928116738701,Front,Right
8174,272.46666666666664,1518,258,0.4822186529636383,False,9.875193253852949,8.344522930235298,12.928669874900722,Front,Right
8175,272.5,1534,275,0.4946543574333191,False,12.827270096736923,12.726269031792128,18.069221942413364,Front,Right
8176,272.53333333333336,1550,295,0.4862879514694214,False,14.692346754119658,16.577006932605276,22.150896414974582,Front,Right
8177,272.56666666666666,1567,321,0.4825107753276825,False,15.998636763280375,21.240309609857484,26.59148605486332,Front,Right
8178,272.6,1584,346,0.2696911692619324,False,16.654014852064577,23.657993001624945,28.93193466669179,Front,Right
8179,272.6333333333333,1584,346,0.2664564251899719,False,9.741405578108058,14.103088548097825,17.140364326136208,Front,Right
8183,272.76666666666665,1669,523,0.5340062379837036,False,40.27523063757706,81.15677396808364,90.60086182711865,Middle,Right
8184,272.8,1693,584,0.35664424300193787,False,38.84545201558282,84.59480816572572,93.08732841203943,Middle,Right
8185,272.8333333333333,1693,584,0.35710233449935913,False,22.19474864158639,49.50132321395375,54.249312135689955,Middle,Right
8186,272.8666666666667,1719,650,0.6074814200401306,False,20.834495897704592,50.21309476863785,54.36387684442377,Middle,Right
8187,272.9,1745,728,0.6680841445922852,False,22.772430570178365,62.068264194673205,66.1139396361565,Back,Right
8195,273.1666666666667,1882,889,0.5598675012588501,False,71.33113184668477,105.93765362655131,127.71419978384661,Back,Right
8196,273.2,1869,850,0.4603344202041626,False,44.3873487036737,52.57750414416816,68.80865255890093,Back,Right
8197,273.23333333333335,1869,850,0.46075284481048584,False,20.852096640273366,20.879160880133075,29.508461385741196,Back,Right
8199,273.3,1845,793,0.435493528842926,False,-2.272075329903977,-17.639438937342018,17.785166075383607,Back,Right
8200,273.3333333333333,1834,770,0.4801221489906311,False,-10.075633245066049,-26.764264336242015,28.59797599043185,Back,Right
8201,273.3666666666667,1823,752,0.36581048369407654,False,-11.856024050703859,-24.69064262785148,27.38965388001727,Back,Right
8202,273.4,1811,741,0.32814520597457886,False,-12.233976778103084,-18.542639632686615,22.214852517062678,Back,Right
8203,273.43333333333334,1811,741,0.33089083433151245,False,-7.137563637889059,-9.620828262045146,11.979363552905586,Back,Right
8206,273.53333333333336,1779,733,0.401289165019989,False,-16.72361717241504,-7.347252420162082,18.26640329827065,Back,Right
8207,273.56666666666666,1769,741,0.5152208209037781,False,-15.593486245446313,-0.4644009750787603,15.600400044632748,Back,Right
8208,273.6,1758,750,0.5415317416191101,False,-13.453319483257957,4.756561155431572,14.26943163352937,Back,Right
8209,273.6333333333333,1758,750,0.5411296486854553,False,-7.393631180126438,3.679033343540114,8.25839381300128,Back,Right
8210,273.6666666666667,1748,764,0.5526517033576965,False,-7.414178487998884,7.843366692813316,10.792981225307432,Back,Right
8211,273.7,1738,782,0.5596240758895874,False,-8.509268918775534,12.872194186689402,15.430523021332743,Back,Right
8212,273.73333333333335,1728,803,0.554216742515564,False,-9.333574619261947,17.198701953182624,19.568110896244907,Back,Right
8213,273.76666666666665,1719,826,0.49171945452690125,False,-9.339631646812155,20.41811086572851,22.452794272057005,Back,Right
8225,274.1666666666667,1401,482,0.3327583074569702,False,-139.62083225278013,-132.8228254450136,192.70671954593467,Middle,Right
8226,274.2,1412,493,0.5115392804145813,False,-99.2564869417389,-99.41815869762974,140.4842356951223,Middle,Right
8227,274.23333333333335,1412,493,0.5112252235412598,False,-50.17101382613337,-51.50433846963213,71.90151256779299,Middle,Right
8228,274.26666666666665,1424,505,0.5377867817878723,False,-15.1849675094631,-16.164253397646846,22.178059567211637,Middle,Right
8229,274.3,1437,523,0.5273990035057068,False,2.9443019872468454,4.5518409525229195,5.421085707602351,Middle,Right
8230,274.3333333333333,1450,542,0.5450950264930725,False,10.418429925381695,14.340801688736086,17.725751752344515,Middle,Right
8231,274.3666666666667,1463,563,0.3078099191188812,False,12.839608020504778,18.895470826050346,22.84500715382533,Middle,Right
8232,274.4,1477,593,0.5173303484916687,False,13.760730660171008,24.39392824117274,28.007524762771443,Middle,Right
8233,274.43333333333334,1477,593,0.5165054202079773,False,8.116669183485179,15.077249387172095,17.123193852699305,Middle,Right
8234,274.46666666666664,1493,626,0.6615645289421082,False,10.43857489849065,20.982327952315607,23.43548446714776,Middle,Right
8235,274.5,1508,663,0.5598865747451782,False,12.777528167571854,28.795116984332864,31.502761596636365,Middle,Right
8236,274.53333333333336,1525,705,0.25192636251449585,False,14.976452296562028,35.76054261906916,38.76996945835088,Middle,Right
8241,274.7,1589,797,0.511489987373352,False,36.0601771675627,60.73914559456629,70.63696047335227,Back,Right
8242,274.73333333333335,1601,788,0.4751194417476654,False,29.660940074734498,35.7535045370036,46.45518757678767,Back,Right
8243,274.76666666666665,1613,779,0.41252344846725464,False,21.066520349654958,12.412554561273463,24.451376042648747,Back,Right
8277,275.9,778,595,0.3986492156982422,False,-341.79525238956325,-74.64800974035714,349.8518542386787,Middle,Left
8282,276.06666666666666,549,758,0.5637229681015015,False,-358.831483207697,10.148890392139165,358.9749758927875,Back,Left
8283,276.1,549,709,0.5280956625938416,False,-210.4100807086416,0.29005427047151855,210.4102806311918,Middle,Left
8284,276.1333333333333,551,665,0.5689619183540344,False,-94.31371031481045,-20.160386934424082,96.44437336979114,Middle,Left
8292,276.4,556,512,0.44026294350624084,False,-31.712152338227753,-79.87297444278784,85.93807452032657,Middle,Left
8293,276.43333333333334,556,512,0.4411465525627136,False,-7.174317616560561,-56.79800609185071,57.24931728215806,Middle,Left
8294,276.46666666666664,557,503,0.44373318552970886,False,0.6474215716842782,-32.5124186653715,32.51886409707263,Middle,Left
8296,276.53333333333336,546,506,0.5851919054985046,False,-2.875279660579812,-13.196685831258453,13.50628557581549,Middle,Left
8297,276.56666666666666,532,518,0.536752462387085,False,-8.198410628679444,0.8795598939450269,8.24545707911215,Middle,Left
8300,276.6666666666667,505,547,0.5921634435653687,False,-17.08256622693062,15.256437538764935,22.903557699006207,Middle,Left
8301,276.7,497,563,0.5809724926948547,False,-14.831718691595508,18.131574511815906,23.42506934086121,Middle,Left
8303,276.76666666666665,498,595,0.6129342317581177,False,-7.748431669707352,24.497409349547766,25.693603448707503,Middle,Left
8304,276.8,499,614,0.5853032469749451,False,-2.7939592939829483,23.311145702785172,23.477983782959587,Middle,Left
8305,276.8333333333333,499,614,0.5851582288742065,False,-0.7320211139810131,13.260583313189027,13.280772745489672,Middle,Left
8306,276.8666666666667,499,636,0.2724190652370453,False,-0.05570617390725474,15.1587939000385,15.158896255389303,Middle,Left
8307,276.9,500,663,0.5170950889587402,False,0.5103767964708275,20.494932091762223,20.50128595772277,Middle,Left
8308,276.93333333333334,503,657,0.505160391330719,False,1.6620527452757536,10.262538653442094,10.39625504407581,Middle,Left
8309,276.96666666666664,507,647,0.4787539541721344,False,2.85403442878661,-0.11286069913627372,2.856265053896231,Middle,Left
8310,277.0,512,640,0.531944215297699,False,3.972164626005503,-4.868215868361556,6.28312164111572,Middle,Left
8311,277.03333333333336,512,640,0.5319377183914185,False,2.494782591836419,-3.6606110127122813,4.429899904842149,Middle,Left
8312,277.06666666666666,516,634,0.5516732931137085,False,2.8669075207938723,-4.432886889390849,5.279170854113148,Middle,Left
8313,277.1,521,631,0.5140613317489624,False,3.83354379069808,-3.9656742115040515,5.515671305198315,Middle,Left
8314,277.1333333333333,525,631,0.4849958121776581,False,4.076011752044316,-2.2085971483235065,4.635922040585465,Middle,Left
8315,277.1666666666667,530,632,0.4963091313838959,False,4.509207503549683,-0.5412750532149087,4.5415780289786465,Middle,Left
8316,277.2,535,636,0.49141716957092285,False,4.793537774953627,1.6725568147714882,5.07695289504895,Middle,Left
8317,277.23333333333335,535,636,0.492424339056015,False,2.8209241104172644,1.3610020398587521,3.1320822768939385,Middle,Left
8318,277.26666666666665,540,644,0.5907448530197144,False,3.3892455805973998,4.107701900053039,5.325429607580815,Middle,Left
8319,277.3,544,652,0.5577875375747681,False,3.74828280460222,6.2399070118688105,7.27915266360352,Middle,Left
8320,277.3333333333333,550,666,0.5980232357978821,False,4.7626568626304815,9.895165985701942,10.981676114134578,Middle,Left
8321,277.3666666666667,555,680,0.5927423238754272,False,5.043549609731901,12.278941839541996,13.274404143489146,Middle,Left
8336,277.8666666666667,421,604,0.43603813648223877,False,-53.59424907908682,-24.5573711490072,58.95259122465517,Middle,Left
8344,278.1333333333333,509,486,0.4858236312866211,False,-4.276337023047425,-70.56038524214037,70.6898509253906,Middle,Left
8350,278.3333333333333,860,637,0.5129114389419556,False,154.46572922941974,14.760760903941787,155.1693963668086,Middle,Left
8351,278.3666666666667,475,461,0.4930817782878876,False,-44.952813839652976,-50.55573839952274,67.65085481517195,Middle,Left
8352,278.4,461,471,0.4887997806072235,False,-67.4153032961342,-36.63259316385332,76.72528918432407,Middle,Left
8353,278.43333333333334,461,471,0.4895753264427185,False,-42.96226061955676,-18.690160584765987,46.85165888447342,Middle,Left
8354,278.46666666666664,446,483,0.4855494201183319,False,-26.803484165336872,-2.5398739951552933,26.92355331884576,Middle,Left
8355,278.5,362,797,0.5618572235107422,False,-48.066385171900734,133.9432799786709,142.30663946189628,Back,Left
8356,278.53333333333336,414,520,0.5344405174255371,False,-9.618183191319673,-15.193699119952555,17.982156179096858,Middle,Left
8357,278.56666666666666,361,803,0.507017970085144,False,-21.07920122166733,84.09933740869064,86.70081474083352,Back,Left
8364,278.8,354,548,0.41941767930984497,False,-17.178439078186447,-41.339127887619654,44.76630723738486,Middle,Left
8365,278.8333333333333,354,548,0.42121678590774536,False,-9.232786824179353,-46.237920380709724,47.15071191057025,Middle,Left
8367,278.9,258,823,0.5030677318572998,False,-44.44015746088651,88.47822754585447,99.01173841926212,Back,Left
8368,278.93333333333334,247,802,0.5470784902572632,False,-36.59797354244298,66.26955500434826,75.703801673943,Back,Left
8369,278.96666666666664,235,790,0.5375315546989441,False,-24.818487650191685,29.276795555961577,38.38082968446994,Back,Left
8370,279.0,223,777,0.5210651755332947,False,-17.30947144213235,4.842109746438052,17.97397642155307,Back,Left
8371,279.03333333333336,223,777,0.5209585428237915,False,-8.665689325639521,-1.5547866634737835,8.80406344010643,Back,Left
8372,279.06666666666666,212,769,0.40117403864860535,False,-8.111040086871482,-5.414828075137592,9.752401467030284,Back,Left
8379,279.3,129,806,0.3422491252422333,False,-39.62154229380728,11.800045845890018,41.34135575552724,Back,Left
8386,279.53333333333336,393,313,0.4856604039669037,False,82.91807025115168,-198.20029788156998,214.84590862876118,Front,Left
8387,279.56666666666666,452,251,0.5107274055480957,False,94.6535442512021,-178.12485816793634,201.71206839617136,Front,Left
8388,279.6,505,194,0.3704370856285095,False,79.16303142512342,-123.42367085589007,146.62942430480373,Front,Left
8389,279.6333333333333,505,194,0.3683663308620453,False,42.990015516489656,-61.58349395525452,75.10438177526589,Front,Left
8390,279.6666666666667,554,146,0.3092457056045532,False,39.082371915984275,-44.83309037414618,59.476363263700605,Front,Left
8394,279.8,30,990,0.5048514008522034,False,-199.28097048246642,333.3118939793088,388.342276689659,Back,Left
8395,279.8333333333333,30,990,0.5052295327186584,False,-157.6332564729044,259.994681531674,304.04847963936453,Back,Left
8396,279.8666666666667,29,990,0.4947730600833893,False,-84.101419715731,137.1937675151564,160.9197894704201,Back,Left
8397,279.9,30,992,0.5423892736434937,False,-35.08164436296825,58.253428942177166,68.00135112430536,Back,Left
8415,280.5,1149,55,0.48447728157043457,False,460.7690012814344,-375.88907158258667,594.6433104619184,Front,Right
8416,280.53333333333336,1166,74,0.45711377263069153,False,361.7994691339877,-286.55737208009975,461.5343793901903,Front,Right
8422,280.73333333333335,1232,187,0.4134368896484375,False,219.31593023270509,-101.99645874565547,241.8734273344035,Front,Right
8423,280.76666666666665,1246,217,0.48828351497650146,False,107.27172788020142,-13.402882681174589,108.10578553698832,Front,Right
8424,280.8,1258,246,0.4878976047039032,False,47.09812798320275,20.27789283540377,51.277934800128854,Front,Right
8425,280.8333333333333,1258,246,0.48782065510749817,False,16.498692553298476,17.71930129532664,24.211164663494216,Front,Right
8426,280.8666666666667,1271,280,0.5172327756881714,False,9.570556696089941,24.135276076568882,25.963572688774367,Front,Right
8427,280.9,1285,316,0.5328052043914795,False,10.205874684758891,30.28619662272506,31.95956169836134,Front,Right
8428,280.93333333333334,1298,353,0.5449686050415039,False,11.49841009479644,34.215783691935314,36.096167225363736,Front,Right
8430,281.0,1326,441,0.5856201648712158,False,18.693711251177493,57.61722699523443,60.57391919764456,Middle,Right
8431,281.03333333333336,1326,441,0.5859761834144592,False,12.085292693244998,37.46705827017509,39.36794069928089,Middle,Right
8432,281.06666666666666,1339,488,0.5676342248916626,False,11.294061118450362,37.90092075297042,39.547890088729595,Middle,Right
8433,281.1,1351,539,0.567299485206604,False,11.45106478155053,43.50710624570897,44.98883393139541,Middle,Right
8436,281.2,1391,657,0.4673469066619873,False,23.52903979463194,75.94801068490769,79.50921984683428,Middle,Right
8437,281.23333333333335,1391,657,0.46760979294776917,False,15.749579824204584,49.67115246715601,52.1082781528468,Middle,Right
8438,281.26666666666665,1399,634,0.5634373426437378,False,11.092679565419676,14.316618555230761,18.111132123560278,Middle,Right
8439,281.3,1407,608,0.5998830795288086,False,8.957670344126837,-8.99885520745028,12.697214381064235,Middle,Right
8442,281.4,1432,554,0.50203537940979,False,15.348496444800837,-32.14678349297132,35.62291442400576,Middle,Right
8443,281.43333333333334,1432,554,0.5021328926086426,False,10.008714199548105,-22.702077109402858,24.81045475217069,Middle,Right
8444,281.46666666666664,1440,540,0.5634170770645142,False,8.209569850142605,-17.34647485114403,19.191071540842707,Middle,Right
8445,281.5,1449,528,0.5734774470329285,False,8.222672518303712,-14.135701948435155,16.353299756265113,Middle,Right
8512,283.73333333333335,1708,769,0.3376140892505646,False,114.07371318244552,94.12460846741202,147.89271097107678,Back,Right
8513,283.76666666666665,1698,777,0.4974813461303711,False,80.56212006185547,77.05988612245467,111.48309844127269,Back,Right
8514,283.8,1689,791,0.4713955223560333,False,36.78931135690264,47.40327400939097,60.00436498226214,Back,Right
8515,283.8333333333333,1689,791,0.471469521522522,False,13.46290617811443,22.111752622406744,25.887824296283053,Back,Right
8516,283.8666666666667,1678,806,0.4930438697338104,False,-1.0181397027918635,14.604231477452792,14.639678463047748,Back,Right
8517,283.9,1668,830,0.4291676878929138,False,-7.389075475928825,17.232528567185312,18.749892725235274,Back,Right
8537,284.56666666666666,991,639,0.25846800208091736,False,-291.15509366503767,-70.19052470521054,299.49624092046565,Middle,Right
8582,286.06666666666666,530,613,0.5388692021369934,False,-413.39758007996966,-67.11321067738311,418.80991184951887,Middle,Left
8583,286.1,520,634,0.5686749815940857,False,-264.90848240949515,-29.373937153687642,266.5320472971507,Middle,Left
8584,286.1333333333333,509,650,0.5990460515022278,False,-131.28430521609602,-3.4990081005012357,131.33092497108373,Middle,Left
8585,286.1666666666667,504,644,0.5143752098083496,False,-54.176291080429195,0.05507854595977868,54.17631907833548,Middle,Left
8586,286.2,498,640,0.5266070365905762,False,-20.10485530772793,-1.0233256199397467,20.130881805551912,Middle,Left
8587,286.23333333333335,498,640,0.5271142721176147,False,-5.549000436356717,-0.7835194147984698,5.604043943087276,Middle,Left
8588,286.26666666666665,492,634,0.540483832359314,False,-3.146181683149557,-2.9425819349171887,4.307812394602017,Middle,Left
8589,286.3,487,632,0.5176032781600952,False,-3.5005750638076054,-2.929379382961593,4.564568911372909,Middle,Left
8590,286.3333333333333,482,632,0.5512411594390869,False,-4.196592451840119,-1.6905877022047402,4.524320389372018,Middle,Left
8591,286.3666666666667,475,635,0.5334656834602356,False,-5.5038595450940875,0.509922182814426,5.5274307344958675,Middle,Left
8592,286.4,470,640,0.56167072057724,False,-5.524083599842028,2.7971339135173903,6.191886445033756,Middle,Left
8593,286.43333333333334,470,640,0.5615610480308533,False,-3.196067901014005,2.0239877780828577,3.783038005852023,Middle,Left
8594,286.46666666666664,464,648,0.4797942638397217,False,-3.964814057897106,4.408618843580776,5.929221755144094,Middle,Left
8595,286.5,458,658,0.49965476989746094,False,-4.960785191920843,7.1934732239616395,8.738160375286904,Middle,Left
8596,286.53333333333336,452,672,0.43854448199272156,False,-5.576855343758207,10.562520451835073,11.944377498247395,Middle,Left
8597,286.56666666666666,447,689,0.5242935419082642,False,-5.4431299395895305,13.87987537612797,14.909010832248379,Middle,Left
8598,286.6,441,694,0.540027379989624,False,-5.654351353308805,10.72283458444882,12.122329427635467,Middle,Left
8599,286.6333333333333,441,694,0.5395908355712891,False,-3.305378787703253,5.6344762554883365,6.532446065897559,Middle,Left
8600,286.6666666666667,434,689,0.5124078392982483,False,-4.446335638179487,0.23934127974210906,4.452772715458715,Middle,Left
8601,286.7,429,688,0.5107860565185547,False,-4.883293198104378,-1.2449255575641476,5.039483317020594,Middle,Left
8645,288.1666666666667,1481,465,0.3861386775970459,False,441.13074084112543,-95.10827600644744,451.2670104051023,Middle,Right
8646,288.2,1444,419,0.2998606860637665,False,318.77915070887593,-91.10262754818467,331.54160473891585,Middle,Right
8648,288.26666666666665,778,594,0.3450785279273987,False,-118.67621105684492,21.928239519359096,120.68508921663513,Middle,Left
8658,288.6,1482,354,0.3976334035396576,False,150.62673012885642,-68.49021667161384,165.46698041916386,Front,Right
8659,288.6333333333333,1496,368,0.4446260333061218,False,140.93627127649765,-49.78091696549815,149.46963656625502,Middle,Right
8660,288.6666666666667,1509,380,0.2977569103240967,False,85.2102276830967,-20.37114792024337,87.61145227305398,Middle,Right
8661,288.7,1525,400,0.2584840655326843,False,46.070011356380206,1.9082605481068704,46.10951533790463,Middle,Right
8662,288.73333333333335,1525,400,0.2602485418319702,False,19.651698620217978,5.071973802398885,20.295668920045426,Middle,Right
8667,288.9,1613,561,0.46342581510543823,False,43.79379930005332,71.45008248722125,83.80340771450807,Middle,Right
8668,288.93333333333334,1613,561,0.46032312512397766,False,29.610207439052047,53.11775543134876,60.81332359481986,Middle,Right
8669,288.96666666666664,1633,609,0.598228394985199,False,23.027049871335866,47.691670916029246,52.959800797773205,Middle,Right
8671,289.03333333333336,1680,725,0.5979772806167603,False,31.972798033818098,75.55674073748706,82.04316476698811,Back,Right
8672,289.06666666666666,1705,795,0.5731679201126099,False,30.623419542297867,78.17560017267606,83.95962295545222,Back,Right
8675,289.1666666666667,1751,897,0.37160608172416687,False,36.87320752888239,88.69802019338222,96.05712997843351,Back,Right
8676,289.2,1765,871,0.4428452253341675,False,28.332250420209306,42.16060678793546,50.795995694546235,Back,Right
8677,289.23333333333335,1782,849,0.42268601059913635,False,22.027504366891474,6.788734194508457,23.04989936197361,Back,Right
8678,289.26666666666665,1797,829,0.44608429074287415,False,17.938105052639376,-10.819946072241112,20.948671697406787,Back,Right
8679,289.3,1815,812,0.3848890960216522,False,17.235688668678826,-16.565487858514967,23.905738889945034,Back,Right
8680,289.3333333333333,1815,812,0.38149431347846985,False,9.835669135672834,-10.59707519252273,14.45815997914008,Back,Right
8695,289.8333333333333,1839,786,0.46137186884880066,False,14.495844453475117,-16.035085162286784,21.616046414206625,Back,Right
8696,289.8666666666667,1825,799,0.5378379821777344,False,3.298475832208185,-4.748686539626231,5.781865327667951,Back,Right
8697,289.9,1812,817,0.5321840047836304,False,-5.5756760006503345,6.863846983672463,8.843107953626806,Back,Right
8698,289.93333333333334,1811,817,0.5317873954772949,False,-5.225325483889872,6.035552193686727,7.983227210552484,Back,Right
8699,289.96666666666664,1799,838,0.5202366709709167,False,-8.02238043538015,12.204219155296087,14.604846902328903,Back,Right
8713,290.43333333333334,1409,415,0.47597089409828186,False,-169.7467316450357,-170.38886958879493,240.5126187623409,Middle,Right
8714,290.46666666666664,1413,423,0.5202750563621521,False,-125.22306033273514,-127.62367380169238,178.79769840167577,Middle,Right
8715,290.5,1418,435,0.5832527279853821,False,-62.32614150541162,-61.07219982182542,87.26030888112628,Middle,Right
8716,290.53333333333336,1418,435,0.583048939704895,False,-24.81405993125979,-23.438312906161805,34.13344521373873,Middle,Right
8717,290.56666666666666,1423,451,0.512724757194519,False,-5.547156888844722,-0.087481622770202,5.547846661884227,Middle,Right
8718,290.6,1428,468,0.5632393956184387,False,2.3370807073292834,11.284878661076458,11.524340876067036,Middle,Right
8719,290.6333333333333,1433,489,0.5093682408332825,False,4.865657385361805,17.41148755577988,18.07856522782722,Middle,Right
8720,290.6666666666667,1438,516,0.5478323101997375,False,5.37283604788167,22.550107635464936,23.18134425714934,Middle,Right
8721,290.7,1443,545,0.5192193388938904,False,5.3058241966429724,26.187957541674407,26.720046605689586,Middle,Right
8722,290.73333333333335,1443,545,0.5179300904273987,False,3.054390569832711,15.782576521647297,16.075416741557138,Middle,Right
8724,290.8,1454,613,0.6207614541053772,False,6.006991813125482,35.968878106604194,36.467028160938845,Middle,Right
8725,290.8333333333333,1460,662,0.5953622460365295,False,6.530057192521804,45.065347861491134,45.53599921836359,Middle,Right
8726,290.8666666666667,1466,713,0.4357343018054962,False,6.39951533246227,49.1908290301075,49.605357141741116,Back,Right
8727,290.9,1472,769,0.5609180331230164,False,6.2076304254095644,52.79982979623339,53.16349031064163,Back,Right
8728,290.93333333333334,1472,769,0.5583646297454834,False,3.5533136420585376,31.15690521400326,31.358870839895093,Back,Right
8729,290.96666666666664,1480,829,0.47835513949394226,False,4.957305817034536,39.475304413267594,39.78535584211543,Back,Right
8730,291.0,1484,824,0.5841810703277588,False,4.803370082949706,22.18501204076546,22.699055561910164,Back,Right
8731,291.03333333333336,1488,806,0.525639533996582,False,4.436857474690755,2.143296494201195,4.9274155612018715,Back,Right
8732,291.06666666666666,1492,791,0.5576706528663635,False,4.187172070020558,-8.663091430189896,9.621931358713274,Back,Right
8733,291.1,1496,778,0.5601872205734253,False,4.063687675600171,-12.418821148707178,13.06677757706166,Back,Right
8734,291.1333333333333,1496,778,0.5604565143585205,False,2.3264772767779895,-7.846151530760309,8.183800484067087,Back,Right
8735,291.1666666666667,1500,767,0.38285818696022034,False,2.7233515688124723,-8.362698097029622,8.794962377942058,Back,Right
8737,291.23333333333335,1497,738,0.4931337833404541,False,0.3783299499725423,-17.165365470572443,17.16953421876572,Back,Right
8738,291.26666666666665,1480,689,0.6322830319404602,False,-7.374531976909019,-32.170432464734695,33.00485489812839,Middle,Right
8739,291.3,1464,649,0.5956254601478577,False,-12.396390727333557,-38.14836193759095,40.1119436276299,Middle,Right
8740,291.3333333333333,1464,649,0.5955801010131836,False,-8.05875402436191,-23.111597809589277,24.476304249975755,Middle,Right
8741,291.3666666666667,1449,614,0.6486943364143372,False,-10.215766529585753,-25.45063015991815,27.424377136480963,Middle,Right
8744,291.46666666666664,1418,553,0.536575198173523,False,-19.372706028210732,-40.87210193829284,45.23085733998057,Middle,Right
8745,291.5,1411,540,0.4842316806316376,False,-15.78174568652801,-31.855167639650467,35.55017865305996,Middle,Right
8746,291.53333333333336,1411,540,0.4847058355808258,False,-8.480805489831235,-16.80326155904573,18.822158770397607,Middle,Right
8747,291.56666666666666,1403,531,0.5607503652572632,False,-6.9771772546023065,-10.828090825591666,12.881325761326051,Middle,Right
8748,291.6,1396,525,0.3628881871700287,False,-6.718933571834808,-7.72574037151778,10.23870756642793,Middle,Right
8754,291.8,1395,552,0.44197148084640503,False,-4.259065095161116,7.484079728600623,8.611102418904942,Middle,Right
8757,291.9,1401,612,0.6165553331375122,False,0.5093405276704921,32.35981151641895,32.36381975526511,Middle,Right
8758,291.93333333333334,1401,612,0.6167663931846619,False,1.143865398271312,23.133004135513204,23.16126741745869,Middle,Right
8759,291.96666666666664,1402,637,0.5769482851028442,False,1.1961852212912705,22.277241479500834,22.30933318186871,Middle,Right
8760,292.0,1403,649,0.5482231974601746,False,1.1226998484362072,17.786941129056753,17.82233794085976,Middle,Right
8761,292.03333333333336,1402,637,0.5334224700927734,False,0.21365383347429945,4.414433213874794,4.419600497818689,Middle,Right
8762,292.06666666666666,1401,628,0.6105725169181824,False,-0.46055794618415125,-3.6299237387702465,3.659024456201561,Middle,Right
8763,292.1,1400,621,0.5610811710357666,False,-0.8083602112997152,-6.485504793448232,6.535688078316813,Middle,Right
8764,292.1333333333333,1400,621,0.5611686706542969,False,-0.5291277815205988,-4.256819109478223,4.289578666955053,Middle,Right
8765,292.1666666666667,1400,617,0.5856738090515137,False,-0.2560459773935096,-3.7513719252722852,3.7600998476450713,Middle,Right
8766,292.2,1399,615,0.5435584783554077,False,-0.52140540398166,-2.9221013603873622,2.968255372382732,Middle,Right
8767,292.23333333333335,1398,615,0.548261821269989,False,-0.770686512577804,-1.540996161843391,1.7229703629155668,Middle,Right
8768,292.26666666666665,1397,618,0.5098206400871277,False,-0.9118860325007712,0.6217274243576267,1.1036671266592868,Middle,Right
8769,292.3,1395,624,0.4824517071247101,False,-1.3963150322041824,3.277098801593308,3.5621724024201384,Middle,Right
8770,292.3333333333333,1395,624,0.4826071560382843,False,-0.8932577395573954,2.3669568763280493,2.529900046182818,Middle,Right
8771,292.3666666666667,1394,631,0.5952984094619751,False,-0.8486903124464374,4.160337976185156,4.246020174531538,Middle,Right
8772,292.4,1393,641,0.4737958312034607,False,-0.9046156276429084,6.944654049091305,7.0033241603781295,Middle,Right
8773,292.43333333333334,1392,654,0.5031744837760925,False,-0.9548389917794295,9.996545139715977,10.042043229871174,Middle,Right
8801,293.3666666666667,220,834,0.3833634853363037,False,-495.2413858241516,82.29572358444939,502.0324853565896,Back,Left
8802,293.4,229,817,0.39975783228874207,False,-370.46887222001226,53.26510019369809,374.27844739259626,Back,Left
8803,293.43333333333334,239,802,0.2521660327911377,False,-187.65097134976907,19.279690435921466,188.63879111099288,Back,Left
8804,293.46666666666664,249,793,0.4687364995479584,False,-71.6563023048062,1.2887070469831414,71.66788978231966,Back,Left
8808,293.6,281,784,0.4091911315917969,False,-7.239930963538697,-6.259133746891284,9.570441767143233,Back,Left
8809,293.6333333333333,291,789,0.4933225214481354,False,11.512748752214819,-2.851526005999098,11.86063170301283,Back,Left
8814,293.8,502,506,0.6182777285575867,False,99.05367173217097,-120.4902000392849,155.9792235816411,Middle,Left
8815,293.8333333333333,535,461,0.26087096333503723,False,86.76930616383754,-109.58486386950365,139.77751922770494,Middle,Left
8827,294.23333333333335,509,429,0.528973400592804,False,36.982858433979224,-74.89483044005479,83.52824339462853,Middle,Left
8828,294.26666666666665,494,447,0.520428478717804,False,6.172172466693802,-29.505399838095784,30.144059656332217,Middle,Left
8829,294.3,479,469,0.5390467047691345,False,-8.253263963344528,0.3204148686992596,8.259481323710647,Middle,Left
8830,294.3333333333333,479,469,0.538592517375946,False,-7.339649405126418,5.49874923873827,9.170970318384924,Middle,Left
8831,294.3666666666667,463,496,0.5615405440330505,False,-10.83226760859578,15.49658847141533,18.9072016913301,Middle,Left
8832,294.4,447,526,0.5421967506408691,False,-13.635699166778103,23.39937471968412,27.082522575252575,Middle,Left
8833,294.43333333333334,428,559,0.6320444345474243,False,-16.399317739972396,28.85953978055376,33.1935333865188,Middle,Left
8834,294.46666666666664,410,601,0.5337457656860352,False,-17.567286175048665,35.3786452861418,39.500102352255986,Middle,Left
8835,294.5,389,646,0.48602303862571716,False,-19.224252169035314,40.60105219005451,44.92234756107687,Middle,Left
8836,294.53333333333336,389,646,0.4782761037349701,False,-11.405227333450554,24.39445151945819,26.928952364748312,Middle,Left
8841,294.7,496,545,0.5774070620536804,False,39.964527291095905,-31.419608622814305,50.83655424604992,Middle,Left
8842,294.73333333333335,496,545,0.5765011310577393,False,32.247908106268966,-28.101418529794387,42.77402600430592,Middle,Left
8843,294.76666666666665,273,790,0.4264564514160156,False,-76.86249523379773,87.76104214169004,116.66123474128446,Back,Left
8845,294.8333333333333,241,761,0.46762150526046753,False,-77.36523344123768,59.11956943980122,97.36787373751508,Back,Left
8861,295.3666666666667,468,532,0.33186742663383484,False,51.01242244341137,-67.59322263611656,84.6824125180706,Middle,Left
8862,295.4,456,552,0.5808573365211487,False,47.286925223866035,-53.19599982607787,71.17490916484246,Middle,Left
8864,295.46666666666664,430,602,0.638755738735199,False,15.690090285940652,-7.0738635024849685,17.210998751750523,Middle,Left
8865,295.5,416,632,0.6275262236595154,False,-2.4706649428765672,16.791187281408906,16.971981486535608,Middle,Left
8866,295.53333333333336,416,632,0.6303240060806274,False,-4.6632443316432415,13.955566365422158,14.714064029910466,Middle,Left
8867,295.56666666666666,401,668,0.5529887080192566,False,-9.41682327156617,22.754958674734297,24.62650411278011,Middle,Left
8868,295.6,386,708,0.5641376376152039,False,-12.620251266978125,31.601431100614214,34.02824106016252,Middle,Left
8906,296.8666666666667,1381,525,0.5372052192687988,False,412.10786118317316,-57.40203385816148,416.0863885541355,Middle,Right
8907,296.9,1370,484,0.46305325627326965,False,309.1882991013239,-66.33530987173162,316.22425213279956,Middle,Right
8908,296.93333333333334,1370,484,0.4656186103820801,False,160.3498581739981,-39.9278355581947,165.24620742632354,Middle,Right
8911,297.03333333333336,1416,494,0.5453488826751709,False,85.56868892063277,-14.149586623747236,86.73068272081656,Middle,Right
8912,297.06666666666666,1416,503,0.5362578630447388,False,36.129114376643344,0.21393489320933057,36.129747767997344,Middle,Right
8913,297.1,1416,516,0.5405905246734619,False,12.071812092441434,8.169621329164276,14.576397355216105,Middle,Right
8914,297.1333333333333,1416,516,0.5401633381843567,False,2.6906175015831995,6.1387016930150535,6.702468277854935,Middle,Right
8915,297.1666666666667,1415,531,0.549884021282196,False,-0.5384208018587877,9.517084490374577,9.532302668128125,Middle,Right
8916,297.2,1415,549,0.4412071406841278,False,-0.8864275905010207,13.699445182118705,13.728093537380813,Middle,Right
8919,297.3,1416,624,0.6247724890708923,False,-0.15219828700856797,40.31843551382678,40.318722779884496,Middle,Right
8920,297.3333333333333,1416,624,0.6243112087249756,False,0.04284752111169063,28.043000455743773,28.043033189562625,Middle,Right
8921,297.3666666666667,1415,656,0.4950619041919708,False,-0.3625719953042379,27.526267698766368,27.528655468001478,Middle,Right
8923,297.43333333333334,1417,718,0.5016032457351685,False,0.5624012171809429,41.98496696375776,41.988733561241375,Back,Right
8924,297.46666666666664,1412,700,0.474312424659729,False,-1.6206033677660252,19.242234851173173,19.31035880928467,Middle,Right
8925,297.5,1408,686,0.5361886620521545,False,-3.013815001058667,1.159571949073264,3.2291930827505224,Middle,Right
8926,297.53333333333336,1408,686,0.5363075733184814,False,-1.9899422597407195,-2.5513542581434887,3.2356264845697056,Middle,Right
8927,297.56666666666666,1404,676,0.4796774983406067,False,-2.6559457350983733,-6.356411643417745,6.888977916089144,Middle,Right
8928,297.6,1400,666,0.5097270607948303,False,-3.3418983469828283,-8.572190928679419,9.200583779266417,Middle,Right
8929,297.6333333333333,1396,660,0.5246946215629578,False,-3.74187641667377,-7.881263330886388,8.724445587453323,Middle,Right
8930,297.6666666666667,1391,657,0.47893425822257996,False,-4.344165816660153,-5.697876562475766,7.165024351936931,Middle,Right
8931,297.7,1387,656,0.5389459729194641,False,-4.306199485574532,-3.3260071748872004,5.441109972879017,Middle,Right
8932,297.73333333333335,1387,656,0.5389052629470825,False,-2.481864459868154,-1.4996009117061353,2.8997334518101,Middle,Right
8933,297.76666666666665,1382,660,0.46153056621551514,False,-3.2197134260945255,1.1470648884112544,3.417939789463716,Middle,Right
8934,297.8,1377,666,0.5465418696403503,False,-4.102591567409008,3.666916587852353,5.50250259711363,Middle,Right
8935,297.8333333333333,1371,675,0.5032694935798645,False,-5.060742256346468,6.366838066888368,8.133126038316973,Middle,Right
8936,297.8666666666667,1366,686,0.5235714316368103,False,-5.2058019981774075,8.803415057026456,10.227438149923373,Middle,Right
8937,297.9,1361,703,0.5013045072555542,False,-5.144779501811835,12.697134562115373,13.699853364570293,Middle,Right
8938,297.93333333333334,1361,703,0.501107931137085,False,-2.9623870378584667,8.031577114820738,8.560488766033401,Middle,Right
8939,297.96666666666664,1354,684,0.5331469178199768,False,-4.27779152568706,-4.20916271344249,6.001379098630128,Middle,Right
8940,298.0,1349,648,0.26152315735816956,False,-4.816967068173022,-19.80824859884453,20.385531248645194,Middle,Right
8945,298.1666666666667,1334,546,0.49219411611557007,False,-9.211102515201123,-57.278976706119785,58.014873800136435,Middle,Right
8946,298.2,1331,532,0.6262733340263367,False,-7.3723361974753505,-45.68722520100878,46.27822260606274,Middle,Right
8947,298.23333333333335,1328,520,0.5202935338020325,False,-5.199267050854619,-29.40332687411202,29.859471012259757,Middle,Right
8948,298.26666666666665,1326,511,0.37708109617233276,False,-3.4617725444418275,-17.890405986264057,18.222252755979543,Middle,Right
8953,298.43333333333334,1359,541,0.41128239035606384,False,12.237642269705251,4.374361590519065,12.995958127275001,Middle,Right
8958,298.6,1408,626,0.681013286113739,False,30.551294989635963,42.37157600401423,52.23726714336911,Middle,Right
8959,298.6333333333333,1423,655,0.5536078214645386,False,27.250009362893003,43.49700859652015,51.32789462975765,Middle,Right
8960,298.6666666666667,1432,668,0.5640002489089966,False,18.95886499954083,30.82525663634315,36.188879628516155,Middle,Right
8961,298.7,1440,655,0.566436767578125,False,12.856223412310843,10.069867306044074,16.33048400962399,Middle,Right
8962,298.73333333333335,1440,655,0.5669293999671936,False,6.342629774524435,2.1219060911336873,6.688156540951635,Middle,Right
8963,298.76666666666665,1449,645,0.5511182546615601,False,6.30383901684443,-4.41049540958938,7.6935593913545075,Middle,Right
8964,298.8,1457,638,0.6237164735794067,False,7.012848071298231,-6.667250582191739,9.676376821767919,Middle,Right
8965,298.8333333333333,1466,632,0.6245554685592651,False,7.977902512680231,-6.78766485592196,10.474699169816173,Middle,Right
8966,298.8666666666667,1474,630,0.5509370565414429,False,8.159157383936886,-4.788327824515342,9.460440400471832,Middle,Right
8967,298.9,1483,630,0.5461087226867676,False,8.546353492686594,-2.411069668247469,8.87994453626256,Middle,Right
8968,298.93333333333334,1483,630,0.5459858179092407,False,5.00806812954219,-0.9698824322021602,5.101119320544324,Middle,Right
8969,298.96666666666664,1492,632,0.35383737087249756,False,6.062634247837494,0.5404054673328036,6.08667167606199,Middle,Right
8970,299.0,1501,638,0.375088095664978,False,7.490319488971328,3.113867657118199,8.11178511999119,Middle,Right
8972,299.06666666666666,1507,651,0.5751247406005859,False,7.115629048187344,7.745102041160705,10.517546404908288,Middle,Right
8973,299.1,1509,663,0.5403632521629333,False,4.889659409575552,10.366090770573404,11.461440005750491,Middle,Right
8974,299.1333333333333,1509,663,0.5400488972663879,False,2.4292555588100133,6.457684423145762,6.8994906101065725,Middle,Right
8975,299.1666666666667,1512,677,0.5572466850280762,False,2.231826995176612,8.944866779759357,9.21909396003976,Middle,Right
8981,299.3666666666667,1484,661,0.3126194477081299,False,-10.563668926943592,-1.1408230086666649,10.625091921257756,Middle,Right
9001,300.03333333333336,305,595,0.4713878035545349,False,-506.01969047062323,-30.313544522511044,506.926856780644,Middle,Left
9005,300.1666666666667,374,699,0.5343823432922363,False,-351.5812434290752,21.180619161246298,352.218666965833,Middle,Left
9008,300.26666666666665,449,844,0.6204015612602234,False,-144.01502794874787,82.61647553582242,166.02954648206378,Back,Left
9009,300.3,474,887,0.461889386177063,False,-35.698086770062815,76.84007501389968,84.72750750013046,Back,Left
9010,300.3333333333333,474,887,0.4617924690246582,False,-1.3334996413486664,43.37814216269609,43.3986340658384,Back,Left
9011,300.3666666666667,854,496,0.5179958939552307,False,165.7428489329419,-145.9266074794872,220.82859131661445,Middle,Left
9012,300.4,520,839,0.45012781023979187,False,-15.424581595070066,26.715408088052698,30.848512876541808,Back,Left
9013,300.43333333333334,543,827,0.5283588767051697,False,-31.481867926879662,41.131108412522224,51.79648721108557,Back,Left
9014,300.46666666666664,566,815,0.35502058267593384,False,-11.346691304720427,21.273609227830992,24.11045111861398,Back,Left
9021,300.7,664,504,0.6141117215156555,False,38.39378093893181,-122.51093132904542,128.38617803290495,Middle,Left
9022,300.73333333333335,664,504,0.6142603754997253,False,31.049883708105032,-96.41695004062392,101.29325512304861,Middle,Left
9023,300.76666666666665,670,450,0.5450847148895264,False,19.168426030791117,-73.8647639016498,76.31141397421736,Middle,Left
9026,300.8666666666667,683,351,0.48725831508636475,False,14.448117420533187,-80.45615285004398,81.74313811218134,Front,Left
9036,301.2,559,369,0.44458267092704773,False,-44.829341755315355,-40.073819165186734,60.12970035430867,Middle,Left
9038,301.26666666666665,518,405,0.3411707878112793,False,-53.77353579186429,-0.7701383460433604,53.77905042515121,Middle,Left
9039,301.3,496,428,0.47783470153808594,False,-41.95592451095944,16.264911355218437,44.99829933411307,Middle,Left
9040,301.3333333333333,496,428,0.47757723927497864,False,-22.141715671405535,12.434633077929258,25.39440238824489,Middle,Left
9041,301.3666666666667,475,453,0.555432140827179,False,-18.129845166527655,17.05587600041336,24.89164903946186,Middle,Left
9042,301.4,450,485,0.4913417398929596,False,-20.31488776552128,24.186819328225603,31.5863403094115,Middle,Left
9043,301.43333333333334,426,520,0.4720221161842346,False,-22.25958210617045,30.021276143344735,37.37333296370961,Middle,Left
9044,301.46666666666664,400,558,0.5387631058692932,False,-24.184801090256823,34.428384786709756,42.07396205252169,Middle,Left
9045,301.5,373,603,0.404415100812912,False,-25.716031783029408,39.67562014558141,47.280747927695096,Middle,Left
9046,301.53333333333336,373,603,0.40243223309516907,False,-15.134540570666818,23.864051369024914,28.258578627181866,Middle,Left
9049,301.6333333333333,477,772,0.26398369669914246,False,37.03518765740745,82.30649906939848,90.25499938441237,Back,Left
9051,301.7,216,870,0.38050150871276855,False,-79.4660074801586,99.34218190097121,127.21523277376131,Back,Left
9052,301.73333333333335,216,870,0.37981095910072327,False,-66.67990685841096,60.44655932560374,89.99998062749843,Back,Left
9053,301.76666666666665,198,845,0.4679167866706848,False,-43.85508329099554,17.45167238267065,47.199885586855245,Back,Left
9054,301.8,177,824,0.4203820526599884,False,-30.14202978097135,-6.437796642769364,30.821862126267067,Back,Left
9059,301.96666666666664,356,824,0.3652076721191406,False,60.576178200575065,-7.97651031111055,61.099084134961295,Back,Left
9060,302.0,356,825,0.3507944345474243,False,51.16981118756113,-4.461810291435267,51.36396916173256,Back,Left
9061,302.03333333333336,356,825,0.3256593942642212,False,27.896154388320475,-1.9524021011767227,27.96439349640344,Back,Left
9075,302.5,98,871,0.4825021028518677,False,-96.92187758204807,18.734524869073727,98.71591956771437,Back,Left
9076,302.53333333333336,98,871,0.48501747846603394,False,-78.24963501859067,14.512461125909057,79.58402420381664,Back,Left
9087,302.9,573,745,0.4679134488105774,False,158.59384805275442,-45.54755716888014,165.00481388199728,Back,Left
9088,302.93333333333334,573,745,0.4661911427974701,False,133.8486855805154,-37.02264074881883,138.87457132120255,Back,Left
9094,303.1333333333333,1455,743,0.3744904398918152,False,445.22177870577343,-20.72145463812334,445.70372549065877,Back,Right
9107,303.56666666666666,778,595,0.26468396186828613,False,27.023904970113676,-71.53937890364816,76.47335597287119,Middle,Left
9108,303.6,778,595,0.2665916085243225,False,-58.88586185346206,-50.39725873779739,77.50760230138404,Middle,Left
9111,303.7,1602,762,0.523908257484436,False,298.4596242260316,45.128851296734254,301.8522163451956,Back,Right
9112,303.73333333333335,1595,785,0.40817955136299133,False,233.1928605516071,52.80697084378298,239.09723206665825,Back,Right
9119,303.96666666666664,1308,731,0.4458197057247162,False,2.0010804722400053,9.093508474603361,9.311080465448864,Back,Right
9120,304.0,1308,731,0.4481457769870758,False,-40.03118524312755,-2.5324118726269447,40.111206686688135,Back,Right
9128,304.26666666666665,1358,539,0.5420085787773132,False,-9.51880175005963,-84.57455324938462,85.10853449619452,Middle,Right
9133,304.43333333333334,1410,642,0.6545313596725464,False,21.883094773590688,-20.018729788584494,29.658377892567092,Middle,Right
9134,304.46666666666664,1424,679,0.5496455430984497,False,24.150139381780434,15.548726306083559,28.722676092260574,Middle,Right
9135,304.5,1440,721,0.5568318963050842,False,21.113990789699987,33.049814323412264,39.218501168193086,Back,Right
9136,304.53333333333336,1456,767,0.6295687556266785,False,18.414564316304105,41.63374189485084,45.52433023259495,Back,Right
9137,304.56666666666666,1476,820,0.5268903374671936,False,18.602836371073504,47.96049733687445,51.44195589058872,Back,Right
9138,304.6,1476,820,0.5284250378608704,False,10.784447139271002,28.844347751615793,30.794491346925565,Back,Right
9139,304.6333333333333,1487,811,0.5970271825790405,False,9.482554134603795,9.46530248948278,13.39816346120245,Back,Right
9140,304.6666666666667,1499,801,0.5819312930107117,False,10.313186921011535,-2.2031063041601,10.545876059159493,Back,Right
9141,304.7,1511,793,0.5573867559432983,False,11.173141311812932,-6.728642217077797,13.042764770522483,Back,Right
9142,304.73333333333335,1524,789,0.2564179301261902,False,12.0974302440943,-6.38317070479304,13.678182874828643,Back,Right
9146,304.8666666666667,1484,684,0.5865631103515625,False,-9.72731486291269,-47.946055687848826,48.92284650819638,Middle,Right
9147,304.9,1466,647,0.5326003432273865,False,-17.107226608978053,-50.73049481478598,53.537279594726826,Middle,Right
9148,304.93333333333334,1449,615,0.655803382396698,False,-18.3767258856666,-43.32073967053797,47.05731122662504,Middle,Right
9152,305.06666666666666,1410,555,0.5750736594200134,False,-27.307613601760565,-49.04068812032231,56.131050693335325,Middle,Right
9153,305.1,1399,546,0.5194765329360962,False,-22.015525932954333,-33.15924609460359,39.80224847501794,Middle,Right
9154,305.1333333333333,1390,538,0.40173763036727905,False,-15.579096586099215,-19.710634249351507,25.124039343837943,Middle,Right
9155,305.1666666666667,1381,532,0.390296071767807,False,-11.655502471228317,-11.527697852720364,16.3932472573442,Middle,Right
9156,305.2,1381,532,0.3940602242946625,False,-6.036917180790643,-5.204239544006175,7.97047541111086,Middle,Right
9157,305.23333333333335,1374,529,0.6206933259963989,False,-5.442446406970815,-3.1473219614127164,6.286959393978962,Middle,Right
9158,305.26666666666665,1383,538,0.5392863154411316,False,0.7593637180341171,2.346296580644517,2.466118590135266,Middle,Right
9159,305.3,1393,551,0.4175887405872345,False,5.764548747088988,7.821745565059022,9.716466741675479,Middle,Right
9164,305.46666666666664,1427,628,0.6228245496749878,False,18.573928581233016,37.99614289273596,42.29299821088538,Middle,Right
9165,305.5,1430,654,0.5881186723709106,False,14.282483757336994,38.308458729208034,40.884316705627235,Middle,Right
9166,305.53333333333336,1432,654,0.5307298898696899,False,8.333726752479883,22.194771167761008,23.70778076442994,Middle,Right
9167,305.56666666666666,1432,646,0.5326223969459534,False,3.7564146317639606,6.579377235874116,7.576203250815602,Middle,Right
9168,305.6,1432,646,0.5322192907333374,False,1.3554334061374695,1.02039920264904,1.6965890048094203,Middle,Right
9169,305.6333333333333,1432,640,0.5713212490081787,False,0.3555853498742634,-2.9331398990774167,2.954615137138013,Middle,Right
9170,305.6666666666667,1433,636,0.5512923002243042,False,0.44945494085940363,-4.087779984293035,4.112414733930626,Middle,Right
9171,305.7,1433,634,0.5622420310974121,False,0.27647110687375237,-3.412267985811499,3.4234498798624267,Middle,Right
9172,305.73333333333335,1433,636,0.5519125461578369,False,0.1289598169605214,-1.007499821099179,1.0157197073530517,Middle,Right
9173,305.76666666666665,1434,640,0.5713372826576233,False,0.4703309177469858,1.5344959968207044,1.6049576743476723,Middle,Right
9174,305.8,1434,640,0.5698671340942383,False,0.33262898212198344,1.3396778535049323,1.380354588835452,Middle,Right
9175,305.8333333333333,1434,645,0.5643200874328613,False,0.1677000359078687,2.8499280067510675,2.8548577802944255,Middle,Right
9176,305.8666666666667,1435,655,0.5470458269119263,False,0.4896165526018711,6.136904323878682,6.156404717773402,Middle,Right
9177,305.9,1435,666,0.5215851664543152,False,0.34030858522337726,8.775118234260756,8.781714522713223,Middle,Right
9178,305.93333333333334,1435,681,0.47168296575546265,False,0.17007055720947162,11.872538791095469,11.873756833475081,Middle,Right
9185,306.1666666666667,1136,336,0.4447755217552185,False,-126.1346914291121,-138.20527670736013,187.11135425643016,Front,Right
9186,306.2,1136,336,0.4450508654117584,False,-95.39709939103207,-106.60815732296543,143.05909890678257,Front,Right
9187,306.23333333333335,1120,313,0.4423556923866272,False,-56.40896565914232,-65.68948210313565,86.58567702404639,Front,Right
9212,307.06666666666666,540,352,0.42565441131591797,False,-270.46167134310946,-14.212081269860718,270.8348185144024,Front,Left
9213,307.1,552,364,0.42443177103996277,False,-189.37381700097495,6.022461541309955,189.46955588836775,Middle,Left
9214,307.1333333333333,562,377,0.32727742195129395,False,-90.77553770108042,12.572414374465572,91.64204192467311,Middle,Left
9218,307.26666666666665,591,431,0.36551153659820557,False,-22.65474937152399,31.225168403081376,38.5778279700576,Middle,Left
9219,307.3,599,447,0.40873947739601135,False,2.420044807487237,28.121947196188906,28.2258840601226,Middle,Left
9220,307.3333333333333,606,466,0.49224066734313965,False,8.820327985281358,23.718883474900174,25.305802082997293,Middle,Left
9221,307.3666666666667,613,486,0.4076666235923767,False,9.192232909574642,21.364786468849946,23.258358642075773,Middle,Left
9222,307.4,613,486,0.4127078950405121,False,5.378609006602968,11.92769443320988,13.08431615858989,Middle,Left
9230,307.6666666666667,551,655,0.5951613783836365,False,-23.740129488488197,76.54390469170278,80.14089526317176,Middle,Left
9231,307.7,541,641,0.5791522860527039,False,-23.12826979949936,49.83852203980965,54.94356325386101,Middle,Left
9232,307.73333333333335,531,627,0.45668259263038635,False,-17.478052646471056,18.135743168844225,25.187050335422246,Middle,Left
9233,307.76666666666665,522,618,0.5850574970245361,False,-12.893009045519591,1.0342587131655527,12.934425898879658,Middle,Left
9234,307.8,522,618,0.585125744342804,False,-6.634254361990323,-2.448974518418137,7.071831950170266,Middle,Left
9235,307.8333333333333,511,608,0.5952982306480408,False,-7.361939341203489,-6.256680273855984,9.661480161591093,Middle,Left
9236,307.8666666666667,501,601,0.6043416857719421,False,-8.605058110828898,-7.248778914451919,11.251303073037581,Middle,Left
9237,307.9,490,598,0.5311828851699829,False,-9.837387095223121,-5.632189872547615,11.335596482836284,Middle,Left
9241,308.03333333333336,457,603,0.4434981644153595,False,-19.833463104070184,-0.8565280888188731,19.851949502944265,Middle,Left
9242,308.06666666666666,445,610,0.2682233154773712,False,-18.307932672155026,3.3103757344617053,18.604810835681032,Middle,Left
9243,308.1,434,621,0.5456801056861877,False,-14.951603897986535,7.29837997074924,16.63781263627283,Middle,Left
9244,308.1333333333333,422,634,0.513001024723053,False,-13.107841713143175,10.415410924444988,16.7420518187546,Middle,Left
9245,308.1666666666667,410,652,0.4871365427970886,False,-12.311768333449663,14.172043034351596,18.773024350488857,Middle,Left
9246,308.2,410,652,0.4867990016937256,False,-6.973363782111848,8.859530008637101,11.274709504533169,Middle,Left
9275,309.1666666666667,1183,619,0.4258509576320648,False,323.19075295560435,-9.755085819558577,323.3379416266477,Middle,Right
9276,309.2,1183,619,0.42674076557159424,False,245.59753276249066,-8.9538959614426,245.7606973295588,Middle,Right
9277,309.23333333333335,1202,554,0.5135312676429749,False,136.13118268470532,-32.467237481457744,139.94934944048146,Middle,Right
9278,309.26666666666665,1215,521,0.5109452605247498,False,64.65784974417461,-36.88109330739065,74.43690332817934,Middle,Right
9298,309.93333333333334,1596,817,0.45794928073883057,False,185.4470859197762,102.83582666836742,212.05147705852787,Back,Right
9302,310.06666666666666,1554,791,0.5133430361747742,False,110.9647004692705,73.34755692496913,133.01514521698837,Back,Right
9303,310.1,1541,790,0.5075733661651611,False,45.372073075826094,36.713317647454346,58.36516690527824,Back,Right
9304,310.1333333333333,1526,792,0.5446585416793823,False,8.204519323949967,15.534914705621912,17.56837249855593,Back,Right
9305,310.1666666666667,1512,797,0.5520593523979187,False,-7.789151381538318,7.315303757377551,10.685717023542333,Back,Right
9306,310.2,1512,797,0.5519840121269226,False,-7.350817155077575,2.7632893253884223,7.85304276972871,Back,Right
9307,310.23333333333335,1498,806,0.5673296451568604,False,-10.079229662309872,4.58473769013098,11.072971158315854,Back,Right
9322,310.73333333333335,779,595,0.3050481677055359,False,-309.78831491994276,-86.08529694520716,321.52679267999133,Middle,Left
9338,311.26666666666665,87,895,0.4073936939239502,False,-524.5074041421786,60.7213355296593,528.0105089754106,Back,Left
9339,311.3,96,875,0.4934820234775543,False,-337.5762728691735,52.8044053328318,341.6812040876652,Back,Left
9340,311.3333333333333,105,858,0.4669075310230255,False,-157.99006237548312,21.930762071804345,159.50491570625383,Back,Left
9365,312.1666666666667,657,515,0.5702710151672363,False,173.67820328349669,-137.60035482989593,221.58063079858056,Middle,Left
9366,312.2,657,515,0.5701972842216492,False,159.45957444916326,-107.94270189686475,192.55903711927843,Middle,Left
9367,312.23333333333335,669,476,0.5078551173210144,False,94.6863776857708,-73.55958079681903,119.90213528647512,Middle,Left
9376,312.53333333333336,860,318,0.358289897441864,False,123.7990891232377,-103.07492266285925,161.09206730841146,Front,Left
9377,312.56666666666666,838,344,0.5077115297317505,False,67.44638773491798,-53.85292832242567,86.3084764515584,Front,Left
9378,312.6,1504,717,0.525100588798523,False,310.0459212410286,135.083272175113,338.1951562333999,Back,Right
9379,312.6333333333333,1505,713,0.5385850667953491,False,222.82304158535533,110.03832697351665,248.51265815744588,Back,Right
9380,312.6666666666667,1505,711,0.5325739979743958,False,113.23427958497575,58.28706969692833,127.35534761831966,Middle,Right
9381,312.7,1506,713,0.5197228193283081,False,46.3385299743844,25.30961386833927,52.799961310131216,Back,Right
9382,312.73333333333335,1506,715,0.5305382609367371,False,14.862132445410456,9.59598313344171,17.69084150407266,Back,Right
9383,312.76666666666665,1506,723,0.5274762511253357,False,2.981454204208106,6.1229070055929204,6.8102172778061245,Back,Right
9384,312.8,1506,723,0.5295336842536926,False,-0.39355070070726184,2.9197945061186963,2.946197907810692,Back,Right
9385,312.8333333333333,1506,733,0.5328702926635742,False,-0.8287090887414708,5.337578939720794,5.401528273693814,Back,Right
9386,312.8666666666667,1507,739,0.5871100425720215,False,-0.13436812132628462,6.047912205592143,6.049404668112324,Back,Right
9387,312.9,1507,738,0.5465912222862244,False,0.046045636819362606,3.1996606411456483,3.1999919404846446,Back,Right
9388,312.93333333333334,1508,740,0.5611736178398132,False,0.48083438051133665,2.185878718688127,2.23813928840351,Back,Right
9389,312.96666666666664,1509,745,0.5650425553321838,False,0.7774242461998842,3.1930610112487106,3.286339465139914,Back,Right
9390,313.0,1509,745,0.5667195916175842,False,0.502125671435536,2.0247591649817958,2.086092008060135,Back,Right
9391,313.03333333333336,1510,752,0.5072484016418457,False,0.6632242545937127,3.9165837941259527,3.9723412527489916,Back,Right
9392,313.06666666666666,1460,657,0.5533255338668823,False,-20.692132786213893,-37.49733394561442,42.827729478355906,Middle,Right
9393,313.1,1512,758,0.524031937122345,False,6.185406569596815,13.581920777435109,14.92406869575904,Back,Right
9394,313.1333333333333,1513,762,0.5377746820449829,False,8.785067542352467,18.63751269584082,20.60422993492653,Back,Right
9395,313.1666666666667,1514,768,0.5285730957984924,False,5.962266161443775,14.204112328830288,15.404720861798374,Back,Right
9396,313.2,1514,768,0.5283377170562744,False,2.9428061198594904,7.41897975787611,7.981313708084524,Back,Right
9397,313.23333333333335,1515,776,0.5399964451789856,False,1.5848541359468509,6.455422497315568,6.64712285512129,Back,Right
9398,313.26666666666665,1516,778,0.5519513487815857,False,1.0960734587728493,4.403205714950971,4.5375761806501025,Back,Right
9399,313.3,1518,785,0.5247811675071716,False,1.390526948581637,5.133657203947166,5.318646583706272,Back,Right
9400,313.3333333333333,1518,789,0.5438506007194519,False,0.8560678859640223,4.78529295726023,4.861263304140526,Back,Right
9401,313.3666666666667,1519,792,0.5182455778121948,False,0.8216033050732322,3.969689809107574,4.053821551504184,Back,Right
9402,313.4,1519,792,0.5190688967704773,False,0.4686789883468674,2.1488508209170147,2.199368055754555,Back,Right
9403,313.43333333333334,1520,798,0.5325882434844971,False,0.6300655247920556,3.4499642685608936,3.5070266636965264,Back,Right
9404,313.46666666666664,1521,800,0.5272853970527649,False,0.8149599611481154,3.0697578387323987,3.176093973221439,Back,Right
9405,313.5,1522,807,0.5280367732048035,False,0.9260017192730982,4.660908902388694,4.752004943227954,Back,Right
9406,313.53333333333336,1523,810,0.53472900390625,False,0.9770175816458755,4.243337688235193,4.354363109714479,Back,Right
9407,313.56666666666666,1524,816,0.55095374584198,False,0.9958067157199323,4.9104021943050356,5.010357345031253,Back,Right
9408,313.6,1524,816,0.5509634613990784,False,0.5788415386188122,2.956647587029697,3.0127765401235993,Back,Right
9409,313.6333333333333,1526,820,0.5833216905593872,False,1.104403728434449,3.0489599292869527,3.242817331546353,Back,Right
9410,313.6666666666667,1527,826,0.5394886136054993,False,1.153967536986386,4.310987898858441,4.462763464550003,Back,Right
9411,313.7,1527,830,0.5435464382171631,False,0.6757280731027954,4.404560176597346,4.456092321535367,Back,Right
9412,313.73333333333335,1528,835,0.4842907786369324,False,0.7273974836680772,4.672555107236287,4.728834775016629,Back,Right
9413,313.76666666666665,1529,838,0.350107342004776,False,0.8516633098203101,4.014343223947134,4.103691254583409,Back,Right
9414,313.8,1529,838,0.3495604991912842,False,0.5143295842308141,2.2026966317658507,2.2619476945339976,Back,Right
9415,313.8333333333333,1531,842,0.32857993245124817,False,1.0813077658720809,2.638555485708567,2.851526176575983,Back,Right
9416,313.8666666666667,1532,845,0.4848159849643707,False,1.1479983821467916,2.868764686394358,3.089937072387554,Back,Right
9417,313.9,1534,857,0.42052385210990906,False,1.5194944766965792,6.763911366038126,6.932485876821615,Back,Right
9418,313.93333333333334,1535,862,0.3978159427642822,False,1.3664083418137254,6.713329702888127,6.850975657251902,Back,Right
9419,313.96666666666664,1536,867,0.4724264442920685,False,1.1844809707534272,5.9811520160078535,6.097308800501398,Back,Right
9420,314.0,1536,867,0.4737083911895752,False,0.6521213383940785,3.3261726959152433,3.3894965766380354,Back,Right
9421,314.03333333333336,1537,872,0.49030330777168274,False,0.704113035039737,3.559671721297796,3.6286413338218044,Back,Right
9422,314.06666666666666,1538,879,0.5055510997772217,False,0.838264234513182,5.0533725657113635,5.122427277643697,Back,Right
9423,314.1,1539,883,0.4718838930130005,False,0.9304295784244868,4.874870665103898,4.962868444951739,Back,Right
9424,314.1333333333333,1540,888,0.46385714411735535,False,0.9762136183087986,4.895884806353633,4.992262119085486,Back,Right
9425,314.1666666666667,1541,893,0.4363687038421631,False,0.9944100232499888,4.9435737459995694,5.042595827198157,Back,Right
9426,314.2,1541,893,0.4340173006057739,False,0.5779287686942798,2.8654740306960704,2.923173460860315,Back,Right
9427,314.23333333333335,1543,900,0.5154657959938049,False,1.1039624352042166,4.240363924308913,4.381714192975451,Back,Right
9428,314.26666666666665,1543,905,0.5241255164146423,False,0.7317140607582089,4.805934538506089,4.861317954538358,Back,Right
9429,314.3,1544,910,0.5098682641983032,False,0.7786354617449618,4.988604595415847,5.0490047525914346,Back,Right
9430,314.3333333333333,1545,917,0.550903856754303,False,0.8804287621350454,5.870122602144093,5.935780839063853,Back,Right
9431,314.3666666666667,1546,922,0.3270685374736786,False,0.9490325235573146,5.659904725243467,5.738918384992323,Back,Right
9432,314.4,1546,922,0.32621923089027405,False,0.5606845661526114,3.2335072577511217,3.2817581215944176,Back,Right
9434,314.46666666666664,1550,934,0.46019867062568665,False,1.9431736363118006,6.501418496956897,6.7855999184619264,Back,Right
9435,314.5,1551,941,0.45936623215675354,False,1.791371992310818,7.294051102060847,7.5108052227647795,Back,Right
9436,314.53333333333336,1551,948,0.438488245010376,False,1.0082213228455146,7.311147636666612,7.380338068203661,Back,Right
9437,314.56666666666666,1552,955,0.3947611451148987,False,0.8652301463149352,7.182863491818621,7.234787567592635,Back,Right
9438,314.6,1552,955,0.3937188982963562,False,0.4745573037290982,4.128248659742827,4.155435191552273,Back,Right
9439,314.6333333333333,1553,962,0.4092487096786499,False,0.6267376712061618,4.796173885964188,4.83694987082911,Back,Right
9440,314.6666666666667,1555,968,0.29716041684150696,False,1.2334790644909486,5.423281024529101,5.561784576334729,Back,Right
9441,314.7,1556,976,0.472634494304657,False,1.243024806452303,6.6225902437270205,6.738235095762398,Back,Right
9442,314.73333333333335,1558,983,0.44225770235061646,False,1.5642313516222763,6.995549513380736,7.168300545844845,Back,Right
9453,315.1,1367,529,0.27738505601882935,False,-79.65652525019605,-187.51613300055976,203.7338021792622,Middle,Right
9455,315.1666666666667,1367,529,0.28786927461624146,False,-60.504673765342176,-143.02181982449622,155.2934528348222,Middle,Right
9456,315.2,1367,529,0.29366612434387207,False,-31.554742377948447,-74.72799961424676,81.11704933542367,Middle,Right
9458,315.26666666666665,1367,529,0.2946853041648865,False,-13.078505604265125,-31.019834166947177,33.66418602291904,Middle,Right
9459,315.3,1367,528,0.2641303241252899,False,-4.266690196304602,-10.56222286882181,11.391452811731444,Middle,Right
9460,315.3333333333333,1542,1037,0.46048271656036377,False,72.96848839991787,212.3804649153518,224.56594171207246,Back,Right
9461,315.3666666666667,1539,1039,0.4153681695461273,False,54.66324749316125,163.30060428308317,172.2067303728827,Back,Right
9462,315.4,1539,1039,0.4149263799190521,False,28.329706272902854,85.63053351519761,90.19512474411427,Back,Right
9463,315.43333333333334,1536,1035,0.47162485122680664,False,10.414572579522702,33.96185752646349,35.522824896986315,Back,Right
9464,315.46666666666664,1531,1034,0.3874305784702301,False,0.7167068478835361,10.00011144512927,10.025761697786786,Back,Right
9465,315.5,1527,1032,0.4330688714981079,False,-3.001841850363863,0.6662041187172534,3.0748792533027656,Back,Right
9466,315.53333333333336,1522,1030,0.30684468150138855,False,-4.507702105538151,-2.122022888365234,4.982204272309497,Back,Right
9467,315.56666666666666,1518,1029,0.35149386525154114,False,-4.561684367043361,-2.1451693707126247,5.040904273398909,Back,Right
9468,315.6,1518,1029,0.3506968915462494,False,-2.6458946306270903,-1.2438546765266774,2.9236848073447574,Back,Right
9511,317.03333333333336,1254,594,0.2855333089828491,False,-112.61756841720157,-184.1641345815278,215.8683515070381,Middle,Right
9521,317.3666666666667,1137,553,0.45793744921684265,False,-134.05916393096967,-156.32497118700473,205.93532006552073,Middle,Right
9522,317.4,215,601,0.4556984007358551,False,-470.45505203900916,-65.12334191332086,474.94105492259365,Middle,Left
9542,318.06666666666666,371,836,0.3263453543186188,False,-265.96950882674525,77.8013480061763,277.1151915307392,Back,Left
9543,318.1,371,836,0.326580286026001,False,-117.27861656610057,70.42531128040042,136.7991168560665,Back,Left
9559,318.6333333333333,640,497,0.4540935456752777,False,72.25262031623981,-103.69999065712292,126.38880173832685,Middle,Left
9560,318.6666666666667,649,451,0.5499288439750671,False,79.32046957329595,-110.36688482773225,135.9138924463062,Middle,Left
9561,318.7,649,451,0.5502179861068726,False,47.099854897135906,-64.970691849091,80.2470381427302,Middle,Left
9565,318.8333333333333,770,868,0.4790450632572174,False,72.55159042378784,146.54816855260088,163.524001232671,Back,Left
9566,318.8666666666667,770,868,0.5093873143196106,False,46.46315605012731,122.37560352499221,130.89924831046423,Back,Left
9567,318.9,770,868,0.5065010786056519,False,22.204125607118325,66.4165809913892,70.02988950842668,Back,Left
9568,318.93333333333334,770,869,0.5217803120613098,False,8.510320806248961,28.836090284497125,30.06568913430962,Back,Left
9569,318.96666666666664,767,867,0.27333101630210876,False,1.2124160728721725,9.125618844093903,9.205806429718178,Back,Left
9574,319.1333333333333,504,443,0.48910850286483765,False,-111.60715318535564,-177.20059052943472,209.41873346508385,Middle,Left
9575,319.1666666666667,483,463,0.4785902202129364,False,-93.46267574118048,-127.16036648876005,157.8132775220666,Middle,Left
9576,319.2,460,488,0.5329549908638,False,-60.489113876737285,-54.021302290043266,81.10014795735655,Middle,Left
9577,319.23333333333335,437,518,0.5039159655570984,False,-38.79125889852775,-5.527399376178309,39.18308194612038,Middle,Left
9578,319.26666666666665,412,551,0.5604425072669983,False,-29.104660003320845,19.37370210082638,34.96314583959042,Middle,Left
9579,319.3,412,551,0.5604292154312134,False,-15.094391748539115,15.63262317428294,21.73061364912399,Middle,Left
9588,319.6,186,832,0.408272385597229,False,-101.61796603313351,126.97304655549287,162.62953474782628,Back,Left
9589,319.6333333333333,165,815,0.32602494955062866,False,-83.00502326497664,86.04024746137983,119.5523235676948,Back,Left
9607,320.23333333333335,522,323,0.45581361651420593,False,106.02933324568943,-165.23271579148357,196.32643702862498,Front,Left
9608,320.26666666666665,528,307,0.4096546471118927,False,97.48585673986207,-147.0093865142574,176.39515862858377,Front,Left
9609,320.3,528,307,0.4080839455127716,False,54.816737443498745,-81.71275442637571,98.39638682337203,Front,Left
9611,320.3666666666667,507,299,0.2871689796447754,False,15.214167246619283,-38.96706595892262,41.83184330692503,Front,Left
9614,320.46666666666664,473,305,0.3077871799468994,False,-12.613608480840554,-12.371959314899005,17.66829069823816,Front,Left
9615,320.5,473,305,0.307341992855072,False,-12.247243880837214,-2.411958903419734,12.482488871554835,Front,Left
9616,320.53333333333336,461,311,0.4379560351371765,False,-12.077617412792526,2.9129910336224505,12.423942978449071,Front,Left
9617,320.56666666666666,447,322,0.4394345283508301,False,-12.858801782911184,7.275034442689897,14.774129735267799,Front,Left
9618,320.6,433,333,0.4543137550354004,False,-13.479652308583669,9.624390673185502,16.562908023363683,Front,Left
9619,320.6333333333333,419,349,0.4079495668411255,False,-13.809888679843215,12.73396965517766,18.78475468374946,Front,Left
9620,320.6666666666667,405,370,0.46531543135643005,False,-13.948964123726505,16.77689856351063,21.818293368990485,Middle,Left
9621,320.7,405,370,0.46499404311180115,False,-8.08612809465423,10.415926560635075,13.186242591416997,Middle,Left
9622,320.73333333333335,388,395,0.39196911454200745,False,-10.804031636212326,15.43837789286068,18.84331742446234,Middle,Left
9623,320.76666666666665,371,422,0.2891060411930084,False,-13.903445347390894,21.213103284422452,25.36338982635129,Middle,Left
9626,320.8666666666667,316,537,0.42545750737190247,False,-31.80175109523543,61.8276935657658,69.5270815178197,Middle,Left
9627,320.9,316,537,0.42648860812187195,False,-21.567437745352926,42.96694470423108,48.07611369605623,Middle,Left
9631,321.03333333333336,228,767,0.46461617946624756,False,-47.784176114393404,118.55020306280286,127.81814477281056,Back,Left
9635,321.1666666666667,161,877,0.4780978858470917,False,-60.56544392034533,128.40674104281936,141.9734628108583,Back,Left
9636,321.2,145,851,0.2520386874675751,False,-44.03218129299884,64.99034456293484,78.50208835329485,Back,Left
9638,321.26666666666665,1406,522,0.3442175090312958,False,509.744446602008,-112.60392003313385,522.0335656338735,Middle,Right
9639,321.3,1398,528,0.49218764901161194,False,389.8708994534758,-94.18234320264429,401.0855669452628,Middle,Right
9640,321.3333333333333,1398,528,0.49191713333129883,False,203.9573364280819,-51.14775996145122,210.27289038749626,Middle,Right
9645,321.5,1395,584,0.38065236806869507,False,83.48311078427088,1.744193392078401,83.50132931162123,Middle,Right
9646,321.53333333333336,1395,584,0.36611708998680115,False,26.78344027642131,10.430891174601966,28.74293241367374,Middle,Right
9648,321.6,1394,619,0.38651928305625916,False,4.955288348939611,22.348646950361314,22.891415489939252,Middle,Right
9649,321.6333333333333,1393,639,0.46679621934890747,False,-1.4470978427290335,23.480515248213948,23.52506511123909,Middle,Right
9650,321.6666666666667,1390,633,0.26340338587760925,False,-3.24315863703673,11.238953825114669,11.697527987914608,Middle,Right
9654,321.8,1395,727,0.5405706167221069,False,-0.08384079507705788,43.99006009180182,43.99013998794792,Back,Right
9660,322.0,1353,640,0.4124922752380371,False,-17.213071759495197,-5.463817095328189,18.0594334531494,Middle,Right
9661,322.03333333333336,1347,651,0.48936644196510315,False,-15.531864997015372,-7.325114583987027,17.172540113624738,Middle,Right
9662,322.06666666666666,1342,665,0.5313067436218262,False,-10.787036702911784,1.3442449980076105,10.870471721348363,Middle,Right
9663,322.1,1338,675,0.5513246059417725,False,-7.0770395105265,6.542164694659302,9.637655686192561,Middle,Right
9664,322.1333333333333,1338,675,0.5520593523979187,False,-3.4289960975586244,4.7068598911365305,5.823447799359248,Middle,Right
9669,322.3,1334,554,0.2577984631061554,False,-3.020094800509354,-48.678764437941446,48.77235979331589,Middle,Right
9670,322.3333333333333,1334,554,0.25757625699043274,False,-1.672518584328622,-37.64315318981855,37.68029061043812,Middle,Right
9673,322.43333333333334,1335,490,0.43589258193969727,False,-0.304419882309656,-46.80188168945417,46.80287171892779,Middle,Right
9674,322.46666666666664,1336,473,0.4361920952796936,False,0.48988453532866905,-35.85469106771341,35.8580375706636,Middle,Right
9675,322.5,1336,457,0.4731878936290741,False,0.42462105591056654,-25.524093337591278,25.527625109813762,Middle,Right
9676,322.53333333333336,1336,457,0.47299724817276,False,0.23376904146812172,-12.910388696913284,12.912504957216289,Middle,Right
9677,322.56666666666666,1336,445,0.432614803314209,False,0.10109826309849274,-10.278952893462652,10.279450055563563,Middle,Right
9678,322.6,1336,435,0.4501006603240967,False,0.034790686503322066,-9.692412049456163,9.692474489433046,Middle,Right
9679,322.6333333333333,1336,427,0.4532638192176819,False,0.008293216059911523,-8.873580286506174,8.873584161910204,Middle,Right
9680,322.6666666666667,1337,422,0.4003547132015228,False,0.4221546161800122,-7.09273225085395,7.105284322408628,Middle,Right
9681,322.7,1337,420,0.48496654629707336,False,0.3177014583005401,-4.625914929653415,4.636811744399017,Middle,Right
9682,322.73333333333335,1337,420,0.48478665947914124,False,0.16499654677150694,-2.2339251141626675,2.240010106256936,Middle,Right
9683,322.76666666666665,1337,419,0.48287373781204224,False,0.06814947399270918,-1.2869654262665065,1.2887685436923162,Middle,Right
9684,322.8,1337,421,0.429609090089798,False,0.02213112434313346,0.26910922696701234,0.27001770812943765,Middle,Right
9685,322.8333333333333,1337,426,0.4758662283420563,False,0.004591631337877097,2.543155429952673,2.5431595750121754,Middle,Right
9686,322.8666666666667,1337,433,0.49819982051849365,False,-0.0004711392065069528,4.829440749384,4.829440772365144,Middle,Right
9687,322.9,1337,442,0.3675536513328552,False,-0.0011742303504887312,6.997070505033372,6.997070603561529,Middle,Right
9688,322.93333333333334,1337,442,0.3680292069911957,False,-0.0008038665475512915,4.4299009258532696,4.4299009987895985,Middle,Right
9701,323.3666666666667,1373,599,0.252177894115448,False,15.194569266922732,68.3697102052818,70.03779128985671,Middle,Right
9740,324.6666666666667,1256,751,0.3056747615337372,False,-37.89532691330793,115.05969335406778,121.13954282808974,Back,Right
9745,324.8333333333333,1303,596,0.5822017788887024,False,-11.520655562869425,9.390226884163809,14.86276776156941,Middle,Right
9777,325.9,868,488,0.6745765805244446,False,-185.56510842236767,-58.98352098973146,194.71380334262685,Middle,Left
9778,325.93333333333334,868,488,0.6741688251495361,False,-138.2479780932352,-46.26864091279168,145.7850835263488,Middle,Left
9780,326.0,807,359,0.5081309080123901,False,-97.21324651464158,-78.92289336533378,125.21676563093426,Middle,Left
9781,326.03333333333336,783,318,0.49865975975990295,False,-59.00073615615789,-68.73377817551689,90.5837685750031,Front,Left
9806,326.8666666666667,1137,545,0.3050467371940613,False,122.12731821045651,57.90548403535708,135.15963500486043,Middle,Right
9807,326.9,261,612,0.5803842544555664,False,-266.8960835773292,84.3053582801067,279.8944673687814,Middle,Left
9808,326.93333333333334,261,612,0.5798184275627136,False,-223.549847545511,53.42477919903831,229.8450377321364,Middle,Left
9811,327.03333333333336,1137,546,0.36079394817352295,False,248.27312284150412,-2.4838089637110485,248.28554696647328,Middle,Right
9822,327.4,520,416,0.3504352569580078,False,-32.88651408846573,-66.26646956128994,73.97815756700231,Middle,Left
9823,327.43333333333334,506,429,0.4927437901496887,False,-75.00444582460987,-44.17259438892765,87.04530423007068,Middle,Left
9824,327.46666666666664,492,444,0.560761570930481,False,-56.75900105058349,-15.260778244074285,58.77478671058662,Middle,Left
9825,327.5,475,464,0.48147809505462646,False,-36.72693343641808,4.77292082498121,37.035772070319034,Middle,Left
9826,327.53333333333336,475,464,0.48141056299209595,False,-17.656355053592364,6.327430095054705,18.755885619887977,Middle,Left
9827,327.56666666666666,459,487,0.5579732656478882,False,-13.559744735245786,13.641570489713805,19.23432147778695,Middle,Left
9828,327.6,442,516,0.4854247272014618,False,-14.281990252310614,21.42713424124286,25.750676250524716,Middle,Left
9829,327.6333333333333,423,548,0.5934820175170898,False,-16.40204994956317,27.27678132768402,31.82844705835107,Middle,Left
9831,327.7,385,623,0.41035839915275574,False,-25.89586165279563,48.462049536045726,54.94693709366229,Middle,Left
9832,327.73333333333335,385,623,0.4020424783229828,False,-16.65702977481274,31.781300913688018,35.88185793246198,Middle,Left
9839,327.96666666666664,261,827,0.4067365527153015,False,-60.318681571718365,101.50005451177326,118.07033671690489,Back,Left
9841,328.03333333333336,230,798,0.4156607389450073,False,-55.7222607643791,58.83891903154488,81.03695908345868,Back,Left
9851,328.3666666666667,86,852,0.36562463641166687,False,-92.16387552085388,49.196261988696726,104.47225538239296,Back,Left
9859,328.6333333333333,154,869,0.47186848521232605,False,-31.053720445471754,33.888911221821374,45.96511565639753,Back,Left
9860,328.6666666666667,166,882,0.4498976469039917,False,-1.994507755039308,22.3450091576671,22.433847094092858,Back,Left
9861,328.7,178,900,0.409721314907074,False,9.089331191337067,18.454469534178813,20.571421615769456,Back,Left
9862,328.73333333333335,178,900,0.4113461375236511,False,7.227509760908836,9.972048409899868,12.315788518540701,Back,Left
9867,328.9,503,474,0.4956565797328949,False,141.0220077631678,-175.55527146813455,225.18183766415393,Middle,Left
9868,328.93333333333334,503,474,0.4947127103805542,False,105.33506424906,-134.50883149095034,170.84525603426766,Middle,Left
9876,329.2,488,404,0.3191705048084259,False,48.18598968926683,-99.96821597459319,110.97537477961964,Middle,Left
9878,329.26666666666665,459,420,0.5303367376327515,False,5.4258262007151,-44.86653383536372,45.19342262276894,Middle,Left
9879,329.3,442,434,0.4812881648540497,False,-11.657597733773812,-10.203441282819966,15.492249640850844,Middle,Left
9880,329.3333333333333,442,434,0.48151108622550964,False,-9.780603676587821,0.27860637094653384,9.784571006866638,Middle,Left
9881,329.3666666666667,427,450,0.508129358291626,False,-11.64922599101991,8.781744943348741,14.588471833604949,Middle,Left
9882,329.4,409,471,0.5389761328697205,False,-14.6626779501626,15.453720487936689,21.302854306159507,Middle,Left
9883,329.43333333333334,391,497,0.47802770137786865,False,-16.608160259521842,21.09375625356229,26.847300424635975,Middle,Left
9885,329.5,354,557,0.34400543570518494,False,-25.561792391981058,38.52019115982148,46.22997249923397,Middle,Left
9886,329.53333333333336,354,557,0.36182090640068054,False,-16.367730354983134,25.366076749110533,30.18841576855603,Middle,Left
9891,329.7,228,819,0.45882532000541687,False,-61.00363114552114,122.90164789357074,137.20881191779935,Back,Left
9892,329.73333333333335,228,819,0.45834729075431824,False,-43.207115450922984,88.40333223218914,98.39717463090187,Back,Left
9903,330.1,760,660,0.42991524934768677,False,202.74822066355108,-22.167268658520683,203.95643844217088,Middle,Left
9904,330.1333333333333,760,660,0.4299224019050598,False,160.98958214518638,-32.5094029145733,164.23917570769703,Middle,Left
9906,330.2,21,837,0.40596863627433777,False,-226.31966822677958,54.07834884171761,232.6909109521171,Back,Left
9914,330.46666666666664,133,835,0.3829270303249359,False,-152.52140906254334,45.83458103059248,159.25950219900108,Back,Left
9915,330.5,148,854,0.5910058617591858,False,-68.66613936239763,33.039518780804116,76.20136807304263,Back,Left
9916,330.53333333333336,148,854,0.5910336375236511,False,-24.744250645994654,16.814631835584397,29.916714121006926,Back,Left
9917,330.56666666666666,162,874,0.5406010150909424,False,-0.5661407825485014,15.26859800439541,15.279090300325217,Back,Left
9918,330.6,175,897,0.3656196594238281,False,9.467306012084665,18.256455554452742,20.565214624169688,Back,Left
9923,330.76666666666665,473,516,0.48637381196022034,False,133.03938415273083,-149.73038600717774,200.2964458736009,Middle,Left
9929,330.96666666666664,507,414,0.3347126245498657,False,113.25140810503174,-159.5116865066727,195.6268375504125,Middle,Left
9932,331.06666666666666,466,425,0.505840003490448,False,44.61929843705511,-89.28427151613755,99.81263914546274,Middle,Left
9933,331.1,450,434,0.5662869811058044,False,6.805900533130654,-35.28894049319434,35.93924878456809,Middle,Left
9934,331.1333333333333,450,434,0.566206157207489,False,-2.8033430265590162,-10.774636496203755,11.133351864999282,Middle,Left
9935,331.1666666666667,433,447,0.5088274478912354,False,-10.50742385075943,3.6275312725585227,11.115976750285968,Middle,Left
9936,331.2,415,463,0.5429889559745789,False,-15.042418305981228,11.415530907746426,18.88355619044869,Middle,Left
9937,331.23333333333335,397,482,0.5257747769355774,False,-17.098687131904583,16.00426219776007,23.420109097299513,Middle,Left
9942,331.4,314,598,0.4656170606613159,False,-45.28080575798444,59.02820617419035,74.39543328884537,Middle,Left
9947,331.56666666666666,207,815,0.32743942737579346,False,-76.35213939016818,133.3701963482463,153.67907620566126,Back,Left
9969,332.3,88,865,0.4678443372249603,False,-99.88852199692889,111.42539259386245,149.6440274164904,Back,Left
9970,332.3333333333333,88,865,0.46569228172302246,False,-61.92042184016995,60.485145473456335,86.55975660669206,Back,Left
9971,332.3666666666667,102,879,0.40953001379966736,False,-23.11159169995343,31.789394109580613,39.30281476891439,Back,Left
9986,332.8666666666667,466,461,0.4677329957485199,False,147.1953459029004,-163.17106203794845,219.75273682497453,Middle,Left
9987,332.9,451,477,0.5044164657592773,False,109.07633022171174,-122.27900741131594,163.85909028226834,Middle,Left
9988,332.93333333333334,451,477,0.5042158365249634,False,56.24608721668459,-63.38211936489493,84.74028193470139,Middle,Left
9989,332.96666666666664,435,496,0.48842594027519226,False,16.34038514991861,-18.117381541150934,24.397698677443273,Middle,Left
9990,333.0,419,519,0.504525899887085,False,-4.419267481430666,7.3016185864535395,8.534843821328796,Middle,Left
9991,333.03333333333336,402,547,0.47547128796577454,False,-13.427780335095003,20.566527963024665,24.561908663241944,Middle,Left
9999,333.3,252,865,0.34364408254623413,False,-72.67741497386348,148.47116487250116,165.30485003737965,Back,Left
10000,333.3333333333333,252,865,0.3454935550689697,False,-52.557089209418216,108.59076306931283,120.64079513225359,Back,Left
10001,333.3666666666667,237,844,0.5168098211288452,False,-33.12039314601591,46.78794093003331,57.32426936838309,Back,Left
10002,333.4,221,825,0.5042545795440674,False,-22.43145871353648,8.009611855545053,23.81856885065892,Back,Left
10003,333.43333333333334,205,811,0.5304808616638184,False,-17.81258091967435,-8.188757230769227,19.60468780685941,Back,Left
10014,333.8,25,869,0.5221462845802307,False,-85.44617292041904,16.862557399392358,87.09416920089402,Back,Left
10015,333.8333333333333,23,871,0.4712134599685669,False,-62.27417559491741,15.052314449333725,64.06750437084487,Back,Left
10021,334.03333333333336,96,861,0.5557786822319031,False,-1.0491470092009152,4.155671155298945,4.286060218650561,Back,Left
10022,334.06666666666666,109,874,0.46064597368240356,False,15.788209670769035,5.9474309741973395,16.871262543182915,Back,Left
10023,334.1,122,889,0.2544901371002197,False,17.61099080803345,10.087569838216526,20.295469013588587,Back,Left
10024,334.1333333333333,122,889,0.2568320035934448,False,10.502435827147828,6.567364330500865,12.386744227313864,Back,Left
10031,334.3666666666667,476,500,0.5713165402412415,False,154.22031141513676,-161.02181137931103,222.96171911979908,Middle,Left
10032,334.4,512,453,0.2549516260623932,False,129.92544884744427,-142.75181968338305,193.02513898745667,Middle,Left
10039,334.6333333333333,461,438,0.49396705627441406,False,49.2317769705661,-85.57515532211715,98.72626333496088,Middle,Left
10040,334.6666666666667,447,449,0.4626598656177521,False,8.166887185674284,-34.62625026413152,35.57632996330284,Middle,Left
10041,334.7,434,461,0.4943506717681885,False,-8.083141606674538,-5.869398603226202,9.98934523365304,Middle,Left
10042,334.73333333333335,434,461,0.4945952296257019,False,-7.566390381136628,1.7311077421321555,7.76189393219379,Middle,Left
10043,334.76666666666665,418,476,0.4922415316104889,False,-11.034007826176303,8.685731632047482,14.042480645956758,Middle,Left
10044,334.8,403,498,0.4986066520214081,False,-13.325751965833884,15.544441705359745,20.474504472300495,Middle,Left
10045,334.8333333333333,387,520,0.42103680968284607,False,-14.862787540069213,19.49112330261106,24.511351269540906,Middle,Left
10046,334.8666666666667,370,546,0.5681482553482056,False,-16.03869579087903,22.941521344464796,27.992019653302876,Middle,Left
10053,335.1,242,821,0.47088107466697693,False,-63.50508857245818,129.94567992118363,144.63324654025595,Back,Left
10054,335.1333333333333,242,821,0.4731430113315582,False,-45.15701392228995,94.16106484140668,104.42922023287103,Back,Left
10055,335.1666666666667,220,862,0.39590737223625183,False,-32.11406966996771,65.34755534232562,72.81219993919872,Back,Left
10056,335.2,207,843,0.36836129426956177,False,-21.722709201137555,24.612703286502743,32.827751341001246,Back,Left
10058,335.26666666666665,176,815,0.2745342254638672,False,-23.787232605740265,-4.851254900488016,24.276884255379677,Back,Left
10068,335.6,26,866,0.47855982184410095,False,-77.4272277242165,13.473469243539547,78.59077532709729,Back,Left
10076,335.8666666666667,55,935,0.4354538023471832,False,-42.062321232140356,40.174858178911364,58.16578115293739,Back,Left
10083,336.1,442,492,0.5075036287307739,False,145.33773531812358,-159.00781689125864,215.42177963224836,Middle,Left
10084,336.1333333333333,442,492,0.5079138875007629,False,117.37922149626525,-127.3785174262107,173.21422672739314,Middle,Left
10088,336.26666666666665,509,359,0.4457627534866333,False,91.13412723233894,-124.11637337193673,153.98150306255016,Middle,Left
10117,337.23333333333335,520,516,0.6354632377624512,False,52.63526158128507,-4.880925803912376,52.86108396952906,Middle,Left
10118,337.26666666666665,545,467,0.5108672976493835,False,34.112191941152034,-2.2605896881449628,34.187013686020386,Middle,Left
10128,337.6,485,402,0.39807525277137756,False,-8.910862992434325,-28.274970824105402,29.645867408020756,Middle,Left
10129,337.6333333333333,465,414,0.4943196773529053,False,-21.256104540175617,-15.910168151688314,26.550996795560646,Middle,Left
10130,337.6666666666667,446,427,0.5485724210739136,False,-22.5031914878071,-1.504859884039801,22.553452738051135,Middle,Left
10131,337.7,425,445,0.5512127876281738,False,-22.090893768641955,9.294156307448679,23.96641251761957,Middle,Left
10132,337.73333333333335,403,465,0.48333701491355896,False,-21.979076787590216,15.736788404573995,27.031950091051915,Middle,Left
10133,337.76666666666665,403,465,0.4835359454154968,False,-12.682173823460946,10.242344365427156,16.301630316887803,Middle,Left
10134,337.8,395,485,0.5432355403900146,False,-9.049633863513295,13.382024556811318,16.154703782575147,Middle,Left
10135,337.8333333333333,390,508,0.5153986215591431,False,-6.693204497831116,18.000948389940525,19.20502875257127,Middle,Left
10136,337.8666666666667,380,534,0.44345107674598694,False,-7.669138470455018,22.200085460841578,23.487432370263097,Middle,Left
10149,338.3,315,752,0.5606217384338379,False,-32.0413545516382,105.59188254610225,110.34624624849565,Back,Left
10164,338.8,365,830,0.5276193618774414,False,-1.7551371153252262,108.80238116011128,108.81653666793358,Back,Left
10168,338.93333333333334,527,658,0.2611902952194214,False,72.75862904121078,-9.147411303514446,73.33139323313164,Middle,Left
10169,338.96666666666664,527,658,0.2601966857910156,False,55.323384019445186,-26.2996281694894,61.25640587902953,Middle,Left
10170,339.0,525,649,0.5758680105209351,False,28.02203876954982,-22.053487844736374,35.659374404496894,Middle,Left
10171,339.03333333333336,523,642,0.5731189846992493,False,10.48643080830647,-14.943209831357784,18.25554028675643,Middle,Left
10172,339.06666666666666,521,639,0.6100842952728271,False,2.0920961715990742,-8.635469150737094,8.885279615439885,Middle,Left
10173,339.1,519,637,0.5815777778625488,False,-1.130586588458741,-4.711007513642236,4.84477221627564,Middle,Left
10174,339.1333333333333,517,638,0.6199247241020203,False,-2.071683214703064,-1.6013346095660306,2.6184239293659863,Middle,Left
10175,339.1666666666667,517,638,0.6196700930595398,False,-1.3649218469268993,-0.37144000904045615,1.4145597649213384,Middle,Left
10176,339.2,514,641,0.533595621585846,False,-1.9291475515408498,1.270695751666663,2.3100385210900187,Middle,Left
10180,339.3333333333333,507,683,0.5294955372810364,False,-4.169984160683208,18.754372259264713,19.212372230920018,Middle,Left
10181,339.3666666666667,507,683,0.5315823554992676,False,-2.8091201484116337,13.953260722892132,14.233223134947911,Middle,Left
10182,339.4,504,702,0.554961621761322,False,-2.6472443774903542,15.228065513659317,15.456451147739395,Middle,Left
10183,339.43333333333334,502,723,0.5404768586158752,False,-2.3452151419593217,17.891408752938226,18.044460125667097,Back,Left
10184,339.46666666666664,500,725,0.5596468448638916,False,-2.145698300850926,11.658408315444728,11.854218896574558,Back,Left
10185,339.5,497,723,0.5136651396751404,False,-2.470739406046243,4.783002619399139,5.383462386770132,Back,Left
10186,339.53333333333336,495,724,0.5035843253135681,False,-2.329955807401189,1.9613854585510877,3.045607818064924,Back,Left
10187,339.56666666666666,495,724,0.5038684010505676,False,-1.3214412712066086,0.6308378807858124,1.4642962354259033,Back,Left
10188,339.6,492,727,0.5249331593513489,False,-1.8502609541439958,1.3937777867690366,2.31648054542244,Back,Left
10189,339.6333333333333,490,733,0.5500438213348389,False,-2.0076742991573147,3.473903780008201,4.012326452851522,Back,Left
10190,339.6666666666667,487,743,0.5192878842353821,False,-2.4545613046004133,6.599036304762058,7.04074934574505,Back,Left
10191,339.7,484,755,0.44452235102653503,False,-2.764395923007089,9.435441809196945,9.832062192331776,Back,Left
10194,339.8,497,700,0.3213677704334259,False,3.834280630892893,-17.25631090361216,17.67715966886548,Middle,Left
10195,339.8333333333333,505,669,0.44305676221847534,False,6.768135522276812,-27.812512212585137,28.624176739656683,Middle,Left
10196,339.8666666666667,512,641,0.5145930051803589,False,7.388678217989956,-29.77227263825644,30.675410084555875,Middle,Left
10197,339.9,518,619,0.31543922424316406,False,6.913093433636995,-26.840871184238384,27.716840129262092,Middle,Left
10212,340.4,731,560,0.5092050433158875,False,93.81403075364781,-39.89243507301409,101.94350760250023,Middle,Left
10213,340.43333333333334,728,562,0.5783970952033997,False,68.4322420417806,-24.535556759688088,72.69776679082185,Middle,Left
10214,340.46666666666664,725,561,0.3219335377216339,False,33.760090308240564,-11.865728578045887,35.78462256763949,Middle,Left
10219,340.6333333333333,505,616,0.288820743560791,False,-79.52455606386395,18.614296648994035,81.67402926813023,Middle,Left
10220,340.6666666666667,501,614,0.5862711668014526,False,-67.82903317590629,15.343489822808017,69.54279561191662,Middle,Left
10221,340.7,497,615,0.6035546660423279,False,-38.80431973730673,8.706648667979296,39.76909555550337,Middle,Left
10222,340.73333333333335,494,617,0.618920087814331,False,-18.52108829055198,4.693512976748431,19.10653750760005,Middle,Left
10223,340.76666666666665,494,617,0.6204509735107422,False,-7.090131718602779,1.997509049111005,7.366139435852239,Middle,Left
10224,340.8,490,622,0.5902870893478394,False,-3.749375471492666,2.7845049880199846,4.670255287940802,Middle,Left
10225,340.8333333333333,486,630,0.5580582022666931,False,-3.25999197712155,5.126079999557854,6.074886324266811,Middle,Left
10226,340.8666666666667,483,641,0.5288938879966736,False,-3.0630685042502694,8.022518474294873,8.587385593539663,Middle,Left
10227,340.9,479,654,0.5343741774559021,False,-3.4234482134958344,10.639436925936092,11.176654945530897,Middle,Left
10228,340.93333333333334,475,671,0.4869515895843506,False,-3.731003536249446,13.790332318152682,14.28613498580327,Middle,Left
10229,340.96666666666664,475,671,0.48794302344322205,False,-2.211004542372632,8.53101851433261,8.812877962293486,Middle,Left
10230,341.0,472,687,0.5422748327255249,False,-2.273232398373249,10.7465788304134,10.984377182858536,Middle,Left
10231,341.03333333333336,468,681,0.5383286476135254,False,-3.0131567973719804,4.072851985941532,5.066284356896763,Middle,Left
10232,341.06666666666666,464,677,0.4854406714439392,False,-3.561506170021963,-0.5235054536973305,3.5997755706648378,Middle,Left
10233,341.1,461,675,0.5346460938453674,False,-3.4221946828701997,-1.9655654376402758,3.946500213747755,Middle,Left
10234,341.1333333333333,457,676,0.5167674422264099,False,-3.6412573201178504,-0.9707604986595187,3.768438777142267,Middle,Left
10235,341.1666666666667,457,676,0.5175614953041077,False,-2.14337333886092,-0.38379147062635877,2.177463010630801,Middle,Left
10236,341.2,453,680,0.45983192324638367,False,-2.660169447484731,1.571100568934324,3.0894754388143264,Middle,Left
10237,341.23333333333335,451,687,0.5207436084747314,False,-2.4735925962535856,4.2108147174380886,4.88360736718604,Middle,Left
10238,341.26666666666665,446,695,0.5432950258255005,False,-3.5067054634334527,6.2804378314169975,7.193113551277212,Middle,Left
10239,341.3,443,707,0.48116007447242737,False,-3.476886747399346,9.0632753698897,9.707301472844577,Middle,Left
10240,341.3333333333333,439,720,0.6073086261749268,False,-3.6923713544492474,11.22067019696714,11.812579984417628,Back,Left
10241,341.3666666666667,439,720,0.6070453524589539,False,-2.17227559793153,6.868969963371903,7.204271623909955,Back,Left
10242,341.4,435,716,0.5524288415908813,False,-2.672915463089352,1.5060975928472855,3.068029829060101,Back,Left
10243,341.43333333333334,431,715,0.5462536215782166,False,-3.322245330539995,-0.5070971416385697,3.3607233666805736,Back,Left
10244,341.46666666666664,428,717,0.5455552339553833,False,-3.3019116797189008,0.1924466759528567,3.3075151494361132,Back,Left
10245,341.5,423,721,0.537835419178009,False,-4.015022429113145,1.924174314869447,4.452286143127474,Back,Left
10246,341.53333333333336,420,729,0.5810858011245728,False,-3.7136425227503653,4.797187137088508,6.066642004851377,Back,Left
10247,341.56666666666666,420,729,0.5810859203338623,False,-2.0924873128166377,3.284216221566842,3.8941724851759427,Back,Left
10248,341.6,416,740,0.40453362464904785,False,-2.6088003079959656,6.271371873411662,6.792344530544571,Back,Left
10249,341.6333333333333,412,746,0.5572291612625122,False,-3.287984280898838,6.689003063585464,7.453428916686169,Back,Left
10250,341.6666666666667,407,746,0.5186313986778259,False,-4.1315951142488725,3.940094821117616,5.709152773177734,Back,Left
10251,341.7,403,747,0.5192000865936279,False,-4.226343422840074,2.2094045617507576,4.769009042271634,Back,Left
10252,341.73333333333335,400,751,0.3622289299964905,False,-3.725605149165697,2.6568547772748596,4.5759164147761915,Back,Left
10253,341.76666666666665,400,751,0.363675594329834,False,-2.063884316549467,1.6151578898005963,2.6207543725202433,Back,Left
10257,341.9,381,772,0.3668174147605896,False,-8.916279828808602,9.611577317629855,13.11039528459748,Back,Left
10258,341.93333333333334,376,779,0.6087296605110168,False,-8.48406571793307,9.933867190229366,13.063731796822937,Back,Left
10259,341.96666666666664,376,779,0.6093581318855286,False,-4.826090061336823,5.7983733808027,7.544022742763664,Back,Left
10260,342.0,372,786,0.548879086971283,False,-3.825730469784111,5.568805822643256,6.75631644594449,Back,Left
10261,342.03333333333336,369,788,0.6602705717086792,False,-3.2989864889904856,4.021577267934186,5.201576258837965,Back,Left
10262,342.06666666666666,364,794,0.5895777940750122,False,-3.923113093509963,4.580990446670187,6.031275969225155,Back,Left
10263,342.1,360,800,0.5720512270927429,False,-4.066756099648778,5.279590925986891,6.6642768189649555,Back,Left
10264,342.1333333333333,355,803,0.5726246237754822,False,-4.486252479300498,4.4418738057739215,6.313216629773635,Back,Left
10265,342.1666666666667,355,803,0.572706937789917,False,-2.667418869203118,2.4177945605255475,3.6001186036973514,Back,Left
10266,342.2,690,799,0.30782580375671387,False,140.18010105661966,-0.6516408063377925,140.18161565620716,Back,Left
10267,342.23333333333335,692,768,0.4550522565841675,False,107.3055047847402,-14.007981235573641,108.2159641430232,Back,Left
10268,342.26666666666665,692,768,0.45438337326049805,False,56.15700822842954,-10.474938280528512,57.12559763493757,Back,Left
10269,342.3,694,746,0.5162866115570068,False,24.18599792674327,-14.710040183040707,28.308086793337022,Back,Left
10270,342.3333333333333,696,724,0.5321490168571472,False,9.1259276307468,-18.54150280594296,20.66566915017316,Back,Left
10271,342.3666666666667,698,703,0.4826148748397827,False,3.435193170452181,-20.261780109032117,20.550919329925144,Middle,Left
10272,342.4,701,686,0.48718616366386414,False,2.2376810212119267,-19.191513571899577,19.321527101476676,Middle,Left
10273,342.43333333333334,702,674,0.5325613021850586,False,1.5019365111174627,-15.96543015132554,16.035921339302035,Middle,Left
10274,342.46666666666664,702,674,0.5296803712844849,False,0.7369199599933949,-8.651964099585996,8.683290494274711,Middle,Left
10314,343.8,690,753,0.28216788172721863,False,-4.775400742015458,29.647311018875257,30.02944393252669,Back,Left
10320,344.0,721,603,0.4704587459564209,False,9.342728006041574,-39.35551120265144,40.44926239892264,Middle,Left
10329,344.3,679,776,0.5177139043807983,False,-9.81294065591774,37.9829209389373,39.23004062412024,Back,Left
10355,345.1666666666667,824,448,0.5338652729988098,False,52.11823206579648,-102.71392441146716,115.18012146923967,Middle,Left
10356,345.2,838,432,0.4294416308403015,False,47.062456187679516,-91.17914718631661,102.60853601938409,Middle,Left
10384,346.1333333333333,770,556,0.3817217946052551,False,-2.404090721894974,1.6991543100730695,2.94393912446256,Middle,Left
10385,346.1666666666667,1472,516,0.4977981746196747,False,286.09986416469087,0.6452760147819936,286.1005918487234,Middle,Right
10397,346.56666666666666,1006,466,0.300879567861557,False,20.04973236170133,-20.91895787755345,28.975758255112307,Middle,Right
10410,347.0,664,795,0.4103763997554779,False,-180.16288737906805,122.93394419288836,218.10873578007588,Back,Left
10419,347.3,688,481,0.5261780023574829,False,-129.65791390369336,-35.86029082963185,134.52559271842415,Middle,Left
10420,347.3333333333333,700,451,0.31955090165138245,False,-60.868953743506836,-61.6765274567786,86.65462231731172,Middle,Left
10423,347.43333333333334,667,454,0.4245527982711792,False,-36.85095777357142,-38.97695605675213,53.63950216286064,Middle,Left
10424,347.46666666666664,667,454,0.42640623450279236,False,-17.017923463813126,-18.48145726900855,25.123176188658757,Middle,Left
10425,347.5,656,460,0.3000911772251129,False,-10.9445374490552,-4.496917424944542,11.832377880229382,Middle,Left
10426,347.53333333333336,643,471,0.46454918384552,False,-10.730116598061716,4.535455228744679,11.64928136581596,Middle,Left
10427,347.56666666666666,631,484,0.4900451600551605,False,-11.227912239735833,9.717340525242367,14.848997277484003,Middle,Left
10428,347.6,617,498,0.4870324432849884,False,-12.486645885450022,12.448147337995998,17.631582391183237,Middle,Left
10429,347.6333333333333,602,516,0.5430797934532166,False,-13.771736437081348,15.277989885915963,20.568852652653828,Middle,Left
10430,347.6666666666667,602,516,0.5429641008377075,False,-8.187871804099714,9.333565229774837,12.415985042630847,Middle,Left
10431,347.7,587,538,0.5144846439361572,False,-10.068365986449663,13.620824356512616,16.93808872889925,Middle,Left
10434,347.8,536,631,0.6106103658676147,False,-27.679906742796938,47.88917111750625,55.31319867456347,Middle,Left
10435,347.8333333333333,518,669,0.5320813059806824,False,-26.731747231306237,49.820154517110794,56.538784087980204,Middle,Left
10436,347.8666666666667,518,669,0.5337628126144409,False,-15.279828106620538,29.135953736224526,32.899497672263735,Middle,Left
10437,347.9,497,718,0.5471814274787903,False,-15.654011754640841,33.83525430654512,37.28099405867571,Back,Left
10439,347.96666666666664,451,829,0.5709441304206848,False,-28.529182688047953,67.24233573111972,73.04413720090501,Back,Left
10440,348.0,437,825,0.5549561977386475,False,-24.69042768062252,43.1237881766444,49.691833592212575,Back,Left
10441,348.03333333333336,422,807,0.517194390296936,False,-19.916380344609045,13.027704749882638,23.798808732397596,Back,Left
10442,348.06666666666666,422,807,0.5170603394508362,False,-10.659512270167188,2.1672141348997336,10.877592516009875,Back,Left
10444,348.1333333333333,392,781,0.3093624413013458,False,-17.173648282369818,-11.656507700028865,20.75592366259271,Back,Left
10446,348.2,363,832,0.5339511632919312,False,-23.32586036960763,12.326958352610813,26.382753158255362,Back,Left
10447,348.23333333333335,360,833,0.510375440120697,False,-15.842710270007384,11.818788622537221,19.76550614590005,Back,Left
10448,348.26666666666665,360,833,0.5107705593109131,False,-7.8226304284980035,6.739753218382805,10.32559055287223,Back,Left
10449,348.3,520,512,0.6277583241462708,False,64.44116096230331,-132.49829000447633,147.33791121187986,Middle,Left
10462,348.73333333333335,482,412,0.3144550025463104,False,34.07659935645478,-143.58708922588468,147.5752920243172,Middle,Left
10463,348.76666666666665,464,426,0.47529399394989014,False,6.686425661079152,-79.04785538325288,79.33014388498738,Middle,Left
10464,348.8,445,447,0.5845146179199219,False,-9.035021244917667,-25.321516449910007,26.885140955910508,Middle,Left
10465,348.8333333333333,425,472,0.5040541887283325,False,-16.463978387623037,5.489851986673319,17.35514503493703,Middle,Left
10466,348.8666666666667,425,472,0.504400372505188,False,-10.838317570113821,8.661837654170906,13.874312930658979,Middle,Left
10467,348.9,404,500,0.5156568288803101,False,-14.125153637573096,17.389237032601923,22.403248198889788,Middle,Left
10489,349.6333333333333,442,696,0.2516534626483917,False,7.290396781645047,94.33252124491509,94.61381743517263,Middle,Left
10490,349.6666666666667,442,696,0.2623995244503021,False,8.028505430334308,68.22414250825611,68.69490898481303,Middle,Left
10495,349.8333333333333,78,787,0.3110572099685669,False,-148.86669733167696,73.18613071108327,165.88400556684445,Back,Left
10496,349.8666666666667,78,787,0.2970377206802368,False,-113.98412150363217,43.17954605259419,121.88869165046806,Back,Left
10497,349.9,91,800,0.49860259890556335,False,-54.171897619688714,25.09550893001225,59.702420890399075,Back,Left
10515,350.5,545,421,0.5054577589035034,False,170.97429926330963,-148.68784569942602,226.5839501538361,Middle,Left
10516,350.53333333333336,538,436,0.5102024078369141,False,135.96507516179093,-110.55820822323722,175.24160199360236,Middle,Left
10517,350.56666666666666,530,457,0.5584481954574585,False,68.9629260735985,-48.236866976004045,84.15866270499622,Middle,Left
10518,350.6,523,481,0.5929746031761169,False,24.963635695588515,-6.6441834194259215,25.832697893426374,Middle,Left
10519,350.6333333333333,515,509,0.5924172401428223,False,3.2116325137234725,15.388403810411106,15.719973130876554,Middle,Left
10520,350.6666666666667,515,509,0.5922350287437439,False,-2.0191385553016516,12.818413210943223,12.976464763254645,Middle,Left
10521,350.7,507,539,0.5596884489059448,False,-5.475435775498929,19.612606250043225,20.362581389667866,Middle,Left
10523,350.76666666666665,490,616,0.698754608631134,False,-10.955503713480248,45.045227308550835,46.35833867703947,Middle,Left
10527,350.9,486,705,0.533335268497467,False,-8.996001489299376,68.12867768794976,68.72004632058989,Middle,Left
10528,350.93333333333334,507,664,0.5383710861206055,False,4.013876370066562,26.1797785668455,26.485694427808415,Middle,Left
10529,350.96666666666664,525,632,0.5586584210395813,False,12.234929963656938,-5.850231179119369,13.561663469675494,Middle,Left
10541,351.3666666666667,535,614,0.597967803478241,False,12.756215452862783,-16.68469636444445,21.002383804072362,Middle,Left
10542,351.4,524,634,0.5519136190414429,False,2.822002939678754,-3.130929028517583,4.215022796281128,Middle,Left
10543,351.43333333333334,512,660,0.5492017269134521,False,-5.203919820596761,11.579376847768978,12.694989156428928,Middle,Left
10544,351.46666666666664,512,660,0.5489649176597595,False,-4.437283567717579,9.312618959823688,10.315733485855674,Middle,Left
10545,351.5,504,663,0.5528231263160706,False,-5.804464615879342,6.244342296614617,8.525468913454885,Middle,Left
10546,351.53333333333336,497,654,0.5074021220207214,False,-6.552647315476043,-0.736651393880579,6.593924636900364,Middle,Left
10547,351.56666666666666,490,648,0.5555699467658997,False,-6.874758459549634,-4.201907481318959,8.057191220190413,Middle,Left
10548,351.6,482,644,0.506793200969696,False,-7.407088410528454,-4.734033678926611,8.790678790320822,Middle,Left
10549,351.6333333333333,475,642,0.4245392084121704,False,-7.330100030718495,-3.674846262193956,8.199686671519844,Middle,Left
10550,351.6666666666667,475,642,0.42641395330429077,False,-4.2224777655027985,-1.9350601467585138,4.64475793252335,Middle,Left
10551,351.7,467,643,0.5110946893692017,False,-5.263269516871013,-0.38627366116062944,5.277424878530254,Middle,Left
10552,351.73333333333335,460,647,0.47799816727638245,False,-6.181733740768763,1.7410172970442233,6.422224947038693,Middle,Left
10553,351.76666666666665,452,654,0.5051756501197815,False,-7.112819696278159,4.339726063947049,8.332192169043143,Middle,Left
10554,351.8,444,664,0.475871741771698,False,-7.6531592262317485,7.191797587171742,10.50203783448267,Middle,Left
10555,351.8333333333333,435,676,0.5214030742645264,False,-8.317900492013564,9.729362166210436,12.800310807020528,Middle,Left
10556,351.8666666666667,435,676,0.5208847522735596,False,-4.925486794042569,6.074845470387202,7.8207523709277265,Middle,Left
10557,351.9,428,692,0.5408149361610413,False,-5.196731723501608,9.613013659230603,10.927765197816164,Middle,Left
10585,352.8333333333333,1541,710,0.41378387808799744,False,466.72615037639406,13.783350673840037,466.9296308877457,Middle,Right
10586,352.8666666666667,1541,710,0.413440465927124,False,353.8039918227132,8.708600880727388,353.91115319948074,Middle,Right
10589,352.96666666666664,1469,847,0.46529632806777954,False,153.96211628871686,61.954062825313706,165.9597516046083,Back,Right
10591,353.03333333333336,1100,466,0.39549803733825684,False,-102.37355683918503,-115.52319898134115,154.35658276467638,Middle,Right
10592,353.06666666666666,1100,466,0.40347689390182495,False,-104.83059564850949,-98.38109594397662,143.7647168924254,Middle,Right
10595,353.1666666666667,1358,804,0.3940649926662445,False,47.87609733331517,88.8616291060818,100.9381485032092,Back,Right
10602,353.4,724,521,0.3429550230503082,False,-212.72658483516142,-34.73667178244139,215.54404715081367,Middle,Left
10624,354.1333333333333,210,833,0.38075941801071167,False,-386.31610560627144,89.59530822828188,396.56960638369236,Back,Left
10639,354.6333333333333,607,502,0.5997117757797241,False,-86.61772785976655,-65.78039773009698,108.76438527899805,Middle,Left
10640,354.6666666666667,607,502,0.5992326736450195,False,3.334434954225955,-65.69638619526933,65.78095176859284,Middle,Left
10641,354.7,632,461,0.5349712371826172,False,28.504389938178228,-55.25750828503304,62.176301495169454,Middle,Left
10648,354.93333333333334,598,436,0.48160624504089355,False,6.6065022502430395,-40.62662180954962,41.16027540771125,Middle,Left
10650,355.0,570,460,0.3420543968677521,False,-11.901481900724189,-10.742314663292582,16.03254801204276,Middle,Left
10651,355.03333333333336,557,477,0.5473796129226685,False,-15.662410855916118,6.291225709358681,16.878703586046374,Middle,Left
10652,355.06666666666666,557,477,0.5477603673934937,False,-9.721605241401878,6.6703961168061925,11.789986973052837,Middle,Left
10653,355.1,541,498,0.49045631289482117,False,-11.31322959599765,12.78622086155601,17.07268601633168,Middle,Left
10654,355.1333333333333,526,521,0.5344454646110535,False,-13.152904232362747,18.18683379843944,22.44459430147413,Middle,Left
10655,355.1666666666667,507,550,0.5666506886482239,False,-15.948605317562464,23.713019940993103,28.57735688088243,Middle,Left
10656,355.2,490,584,0.4739118814468384,False,-16.890444725993216,29.039483469356853,33.59432575910524,Middle,Left
10657,355.23333333333335,472,620,0.6149634122848511,False,-17.52656059229032,32.92632385379622,37.30044408207889,Middle,Left
10658,355.26666666666665,472,620,0.6152662038803101,False,-10.242233448931671,19.721155283234076,22.222225624987384,Middle,Left
10659,355.3,452,665,0.4965839982032776,False,-13.063086361822503,28.038363610469954,30.93208785790831,Middle,Left
10660,355.3333333333333,431,713,0.5852354168891907,False,-16.915663302722,37.94556030486277,41.54521888040828,Back,Left
10673,355.76666666666665,489,510,0.5890096426010132,False,14.018572287967778,-61.98832716556802,63.55370228223118,Middle,Left
10674,355.8,522,465,0.380709707736969,False,27.541344634214866,-72.62143304137844,77.668514864416,Middle,Left
10683,356.1,477,429,0.4918230175971985,False,-0.6679527451767697,-59.05849516007663,59.062272318651814,Middle,Left
10684,356.1333333333333,458,441,0.5299522876739502,False,-13.431175488022566,-26.64966608601059,29.842941836989215,Middle,Left
10685,356.1666666666667,438,458,0.49052491784095764,False,-18.477574875205075,-2.452159369198526,18.639577753821516,Middle,Left
10686,356.2,417,476,0.4722525179386139,False,-20.441280377213936,10.491210574021059,22.976323525932578,Middle,Left
10687,356.23333333333335,405,498,0.5273797512054443,False,-17.228205333598442,17.654776277365084,24.667837043819684,Middle,Left
10688,356.26666666666665,405,498,0.5269139409065247,False,-9.384061540276441,11.479220143803953,14.826769914637843,Middle,Left
10689,356.3,396,519,0.5320554971694946,False,-7.824493558439585,14.397576666166648,16.38636363883729,Middle,Left
10699,356.6333333333333,296,800,0.4221433103084564,False,-46.45231363173215,127.44569380067807,135.64741910584587,Back,Left
10700,356.6666666666667,296,800,0.42331764101982117,False,-33.727292416528584,93.79303185719165,99.67278002902394,Back,Left
10701,356.7,291,782,0.5273550152778625,False,-19.334998560148918,40.61181373292979,44.97956851726287,Back,Left
10703,356.76666666666665,277,754,0.4605659246444702,False,-14.51915058021524,2.1775472109576484,14.681534164620329,Back,Left
10737,357.9,1751,836,0.42405861616134644,False,614.6166056467403,29.02200045702489,615.3014289332084,Back,Right
10738,357.93333333333334,1742,815,0.4133719503879547,False,463.4817782262049,12.691028054089827,463.6554981241942,Back,Right
10739,357.96666666666664,1733,801,0.3219725489616394,False,237.1303046875625,-1.4842075076942152,237.1349494974162,Back,Right
10740,358.0,1724,788,0.2526497542858124,False,92.91769821588508,-8.870190360374446,93.3401249129632,Back,Right
10741,358.03333333333336,1713,779,0.4074043035507202,False,23.363869494876155,-10.240820064750762,25.50969998593097,Back,Right
10742,358.06666666666666,1713,779,0.40833204984664917,False,1.111126401447212,-6.162532337845499,6.261901204505269,Back,Right
10743,358.1,1704,775,0.43033668398857117,False,-7.121008496272484,-4.523203826022558,8.43612084169792,Back,Right
10744,358.1333333333333,1695,775,0.36758437752723694,False,-9.38068217205963,-2.321986662971075,9.66378911588063,Back,Right
10745,358.1666666666667,1684,780,0.501392126083374,False,-10.466736762256271,1.1606500684282874,10.53089203399738,Back,Right
10756,358.53333333333336,778,594,0.25764018297195435,False,-388.6490864763505,-77.21612963246996,396.2454329002672,Middle,Left
10761,358.7,1400,424,0.49026060104370117,False,-29.44639562874073,-130.34167646620887,133.62650500385837,Middle,Right
10762,358.73333333333335,1414,439,0.48998820781707764,False,52.8848127125834,-78.46001367587262,94.61911625915315,Middle,Right
10763,358.76666666666665,1429,457,0.5560927987098694,False,51.56189855469256,-28.503031405211452,58.915636140594096,Middle,Right
10764,358.8,1444,479,0.5528095364570618,False,35.89408128576682,1.7134268984863752,35.934953778816705,Middle,Right
10765,358.8333333333333,1460,504,0.5459747910499573,False,24.705861068644182,16.92545091896721,29.947461661274673,Middle,Right
10785,359.5,506,780,0.3571285307407379,False,-390.3819187487838,128.98634547374556,411.1392948924421,Back,Left
10788,359.6,450,740,0.48069438338279724,False,-323.1945591417442,77.62422665365352,332.3856850443535,Back,Left
10797,359.9,788,843,0.30585119128227234,False,-32.14627696938027,79.18454931724693,85.46096169344,Back,Left
10798,359.93333333333334,159,703,0.39205968379974365,False,-232.21645763093164,-13.051423074774519,232.58293754902792,Middle,Left
10799,359.96666666666664,159,703,0.3935895264148712,False,-169.84518872930775,-23.974815857140033,171.52894778980587,Middle,Left
10800,360.0,165,701,0.28620606660842896,False,-84.5123570921596,-16.6456735538646,86.13603746013933,Middle,Left
10802,360.06666666666666,180,711,0.3374181091785431,False,-27.30758856139176,-4.0932896473717335,27.612667621501817,Middle,Left
10803,360.1,188,721,0.4236980974674225,False,-2.2136407396599544,4.091492651887377,4.651936956229165,Back,Left
10804,360.1333333333333,196,740,0.5081726312637329,False,6.567934472383174,11.842260137068466,13.541672289179061,Back,Left
10805,360.1666666666667,196,740,0.5083474516868591,False,5.360193780972572,8.224677104206286,9.817178354192825,Back,Left
10806,360.2,204,759,0.4993949234485626,False,6.2592462963296285,12.12826629630425,13.648186969417798,Back,Left
10807,360.23333333333335,212,784,0.5284191370010376,False,7.154157297731128,18.256637484675455,19.60833442410488,Back,Left
10812,360.4,437,456,0.5168349146842957,False,99.26249381781207,-126.800417758018,161.03225957099113,Middle,Left
10813,360.43333333333334,478,401,0.4342178702354431,False,91.080348740167,-122.33715684598444,152.51888365638348,Middle,Left
10814,360.46666666666664,510,359,0.4896577000617981,False,64.68589247439725,-87.63310769191983,108.9211928366234,Middle,Left
10815,360.5,538,324,0.5157643556594849,False,44.499154404102995,-59.23494633000873,74.08747268870233,Front,Left
10816,360.53333333333336,561,293,0.5011472702026367,False,31.82839906040514,-42.258236982774704,52.90373880587975,Front,Left
10817,360.56666666666666,561,293,0.5023557543754578,False,16.136850203514847,-21.39731553383052,26.800056838465512,Front,Left
10818,360.6,569,275,0.3628472685813904,False,9.906922906255968,-16.24692032910867,19.029176063374464,Front,Left
10819,360.6333333333333,559,270,0.3767818510532379,False,0.3946764138911707,-10.582231372258171,10.589588768582425,Front,Left
10824,360.8,510,262,0.3491874039173126,False,-22.14858997704693,-8.483132199049152,23.717579342713037,Front,Left
10825,360.8333333333333,495,263,0.36974769830703735,False,-23.147459432778867,-4.10650657188857,23.508897771207977,Front,Left
10826,360.8666666666667,482,271,0.44766345620155334,False,-19.042347167644877,1.7831488186832454,19.125653070227024,Front,Left
10827,360.9,468,280,0.45164960622787476,False,-16.182720496910843,5.87851820816395,17.217358072737333,Front,Left
10828,360.93333333333334,451,292,0.4509904384613037,False,-16.01822707666162,9.191892926340758,18.468202247344184,Front,Left
10829,360.96666666666664,451,292,0.4505751430988312,False,-9.227909608725884,5.902445917630187,10.954140019068808,Front,Left
10830,361.0,436,306,0.4546041190624237,False,-10.454488196937936,8.734254523726618,13.622904446011265,Front,Left
10831,361.03333333333336,418,327,0.47405001521110535,False,-13.857835607323315,14.415907166904862,19.99644936393501,Front,Left
10832,361.06666666666666,401,345,0.4957472085952759,False,-15.790406569480078,16.940896611991334,23.15881943553382,Front,Left
10833,361.1,382,377,0.4557298421859741,False,-17.48941404531774,23.746915645489587,29.49229740665443,Middle,Left
10837,361.23333333333335,322,483,0.42596548795700073,False,-35.73507018256537,59.67701491955261,69.55818679825818,Middle,Left
10838,361.26666666666665,298,530,0.4586297571659088,False,-34.03243220037683,60.72734557382434,69.6133388217799,Middle,Left
10840,361.3333333333333,249,640,0.5919017791748047,False,-40.046648680869595,81.71158797134393,90.99734984804597,Middle,Left
10841,361.3666666666667,249,640,0.592062771320343,False,-24.215115712266634,50.96097955534874,56.42156738516872,Middle,Left
10842,361.4,223,708,0.6034602522850037,False,-22.14803965037827,52.674519710599625,57.14140956519253,Middle,Left
10843,361.43333333333334,195,781,0.44319814443588257,False,-24.249792341829554,61.55882135739458,66.16298750459713,Back,Left
10846,361.53333333333336,138,892,0.515385627746582,False,-38.4475146932002,84.00984489616081,92.38974740500616,Back,Left
10847,361.56666666666666,137,892,0.5151163339614868,False,-25.170951461892784,52.550494909602975,58.26775534325285,Back,Left
10849,361.6333333333333,115,850,0.30268770456314087,False,-21.467281174704244,7.037795250015776,22.5914745648653,Back,Left
10850,361.6666666666667,104,834,0.3742556571960449,False,-16.38940344747587,-10.794304265032967,19.624717830589127,Back,Left
10866,362.2,100,837,0.27773317694664,False,-10.255411676623822,-8.148823140533576,13.098732275786375,Back,Left
10867,362.23333333333335,114,850,0.46317484974861145,False,1.0751643098261532,1.2490256922024585,1.6480423152655332,Back,Left
10868,362.26666666666665,128,870,0.5193724036216736,False,8.549093248405683,10.8377431624077,13.803755728940239,Back,Left
10869,362.3,142,891,0.43703651428222656,False,12.181332517949762,16.83531773531961,20.780105513736626,Back,Left
10903,363.43333333333334,1437,726,0.2585314214229584,False,554.2836627136182,-58.84568750231249,557.3985949828399,Back,Right
10904,363.46666666666664,1425,676,0.5435270071029663,False,411.8427467695079,-68.59492064607684,417.5161208924688,Middle,Right
10905,363.5,1414,633,0.5667057037353516,False,207.99188827655846,-59.52861492831695,216.3429721163417,Middle,Right
10909,363.6333333333333,1389,546,0.5225394368171692,False,73.33334193487315,-69.50860930038262,101.04071360699241,Middle,Right
10910,363.6666666666667,1382,530,0.558677613735199,False,15.436145945493891,-48.70153669569645,51.08927752643264,Middle,Right
10911,363.7,1376,515,0.4200442433357239,False,-3.926267960383065,-30.769855233726187,31.019341888589405,Middle,Right
10912,363.73333333333335,1371,504,0.33717745542526245,False,-7.828954880260497,-19.230753126509775,20.76329454421721,Middle,Right
10913,363.76666666666665,1371,504,0.3384340703487396,False,-5.219768170424116,-9.058057491242717,10.454395499866601,Middle,Right
10914,363.8,1366,497,0.5557549595832825,False,-4.662171914574638,-6.377085351275461,7.899561034544933,Middle,Right
10915,363.8333333333333,1363,492,0.4884869158267975,False,-3.8612605637424258,-5.318217003597269,6.572120300060217,Middle,Right
10918,363.93333333333334,1399,525,0.47780531644821167,False,13.106162801447145,11.043870734251328,17.13880346386205,Middle,Right
10919,363.96666666666664,1399,525,0.4751017689704895,False,10.597088947985812,9.297411436263689,14.097522959253865,Middle,Right
10920,364.0,1412,542,0.5109125971794128,False,11.164315003107378,12.237400826949704,16.564899893692015,Middle,Right
10921,364.03333333333336,1426,560,0.47695866227149963,False,12.462261202826102,15.193462403042933,19.650680753606064,Middle,Right
10924,364.1333333333333,1433,619,0.5486274361610413,False,10.387970434854726,34.21006566844554,35.75246177250976,Middle,Right
10925,364.1666666666667,1433,619,0.5488816499710083,False,5.633848183339243,23.15847373979326,23.83390759631347,Middle,Right
10926,364.2,1435,646,0.5479011535644531,False,3.2531007444449913,22.81103378008407,23.041829931011232,Middle,Right
10927,364.23333333333335,1436,673,0.5419096350669861,False,1.8779677890491808,24.517225189969167,24.58904418704324,Middle,Right
10928,364.26666666666665,1435,665,0.5114378333091736,False,0.41824325340362223,11.096239546119026,11.104119032317396,Middle,Right
10929,364.3,1432,653,0.5468730926513672,False,-1.2845923621248023,-1.0432743318057671,1.6548712542775492,Middle,Right
10930,364.3333333333333,1430,646,0.5613238215446472,False,-1.8899196358848127,-5.720201574041051,6.024325877454231,Middle,Right
10931,364.3666666666667,1430,646,0.5614266395568848,False,-1.2000589686537402,-4.1390162960914605,4.309477628153666,Middle,Right
10932,364.4,1428,638,0.5451194643974304,False,-1.4147988792889312,-5.486975891966829,5.666441591321877,Middle,Right
10933,364.43333333333334,1424,634,0.5069618225097656,False,-2.5442235624462803,-5.099493315128796,5.698938989562015,Middle,Right
10934,364.46666666666664,1422,632,0.5386576056480408,False,-2.515727411059264,-3.7222202019579216,4.492639273146534,Middle,Right
10935,364.5,1419,635,0.5807406902313232,False,-2.7150536756406414,-0.639522949630869,2.789355851216249,Middle,Right
10936,364.53333333333336,1417,639,0.567115068435669,False,-2.448752764134881,1.8679317907131368,3.079863515582307,Middle,Right
10937,364.56666666666666,1417,639,0.5674715638160706,False,-1.3677347590800215,1.526222636948282,2.0494033055328695,Middle,Right
10938,364.6,1414,644,0.5332464575767517,False,-1.8640980206719644,2.931566352424018,3.474038386278683,Middle,Right
10939,364.6333333333333,1411,655,0.5139213800430298,False,-2.4319711953958354,6.587477539632562,7.022061252253396,Middle,Right
10940,364.6666666666667,1408,667,0.5434966683387756,False,-2.7728948221962098,9.523321918205463,9.918800635799428,Middle,Right
10941,364.7,1405,680,0.4924640357494354,False,-2.929488696698677,11.513797892798914,11.880633229769616,Middle,Right
10942,364.73333333333335,1398,659,0.4455144703388214,False,-4.6754778015763945,-1.8550948343135012,5.0300566117420855,Middle,Right
10943,364.76666666666665,1398,659,0.44404157996177673,False,-3.0130949421110422,-3.4538080661247528,4.583397352161772,Middle,Right
10944,364.8,1392,634,0.3828430771827698,False,-3.977655649624908,-12.832893834591172,13.43521152185112,Middle,Right
10950,365.0,1365,552,0.27445104718208313,False,-13.86682288584845,-43.69803256685882,45.8454668114716,Middle,Right
10954,365.1333333333333,1395,593,0.4299633800983429,False,2.886802159315973,-13.447215447602364,13.75358971328093,Middle,Right
10955,365.1666666666667,1395,593,0.4318595826625824,False,4.653052047368256,-2.3820903712906087,5.2273557266091375,Middle,Right
10956,365.2,1405,613,0.5761094093322754,False,7.224568640008602,9.036288670765476,11.569308750984229,Middle,Right
10957,365.23333333333335,1415,636,0.5712915658950806,False,8.854154385232295,16.964351203597026,19.135967747582356,Middle,Right
10958,365.26666666666665,1424,649,0.5357187390327454,False,9.206029803224064,16.703480947113203,19.07242146368477,Middle,Right
10959,365.3,1429,640,0.5922863483428955,False,7.493426347255335,5.80801801075566,9.48074425533157,Middle,Right
10960,365.3333333333333,1434,631,0.578574001789093,False,6.135888421782553,-2.3832521669867894,6.582478075619578,Middle,Right
10961,365.3666666666667,1434,631,0.5785940885543823,False,3.304187412575833,-2.8366274362968116,4.35478009430745,Middle,Right
10962,365.4,1441,627,0.5457101464271545,False,4.359647318048938,-3.4084369973118385,5.533892617535638,Middle,Right
10963,365.43333333333334,1448,623,0.4778873026371002,False,5.662127789072829,-3.7599952772075915,6.796856301586357,Middle,Right
10964,365.46666666666664,1453,623,0.5860190391540527,False,5.6146968432492965,-2.235598663186802,6.043403182349844,Middle,Right
10965,365.5,1455,625,0.5247778296470642,False,4.080546785288375,-0.17625011892712417,4.084351377067002,Middle,Right
10966,365.53333333333336,1459,629,0.5972367525100708,False,3.7732350665618015,1.9533520519054837,4.248868920808809,Middle,Right
10967,365.56666666666666,1459,629,0.5970796942710876,False,2.125870116660473,1.5082727154183981,2.606570608478812,Middle,Right
10968,365.6,1462,636,0.5834274888038635,False,2.2013410169650323,3.746941889561895,4.345742260733637,Middle,Right
10969,365.6333333333333,1465,646,0.5947148203849792,False,2.551886361124482,6.785074859007473,7.249094070463456,Middle,Right
10970,365.6666666666667,1468,658,0.5797331929206848,False,2.8034781696775757,9.52745747366017,9.931361223934097,Middle,Right
10971,365.7,1471,671,0.4311788082122803,False,2.931248566432214,11.481721995825508,11.849985575840766,Middle,Right
10972,365.73333333333335,1466,642,0.5663416981697083,False,-0.3936294293630853,-5.256742781620245,5.271459835735947,Middle,Right
10973,365.76666666666665,1466,642,0.5659638047218323,False,-0.8198242987751225,-6.0199814921756225,6.075548456476926,Middle,Right
10976,365.8666666666667,1449,551,0.5525275468826294,False,-7.725120489139394,-42.02452880158628,42.72866142961977,Middle,Right
10977,365.9,1440,530,0.49980565905570984,False,-9.493428026312934,-39.564783609881474,40.687802567692565,Middle,Right
10978,365.93333333333334,1432,513,0.5413393378257751,False,-9.178108610176885,-29.602372249319604,30.992549434460702,Middle,Right
10979,365.96666666666664,1432,513,0.5423316955566406,False,-5.248014844998732,-15.332891415237635,16.206147567043658,Middle,Right
10980,366.0,1424,497,0.5215608477592468,False,-5.709419155650162,-13.07230704687209,14.264735490804123,Middle,Right
10982,366.06666666666666,1410,472,0.30371981859207153,False,-9.290928583406846,-17.70404558392783,19.99386365812673,Middle,Right
10983,366.1,1402,464,0.3070695996284485,False,-9.3841090461322,-14.43329917427404,17.215737789702768,Middle,Right
10987,366.23333333333335,1383,451,0.327877402305603,False,-13.459408200045722,-13.245633557641897,18.883921135155887,Middle,Right
11002,366.73333333333335,1387,617,0.2768225073814392,False,-6.816127739540302,62.62238777194841,62.992245932511445,Middle,Right
11003,366.76666666666665,1364,478,0.28084099292755127,False,-12.46353179807849,-8.962721596038136,15.351547260449092,Middle,Right
11007,366.9,1393,585,0.43801364302635193,False,4.031391602914217,27.229962956362172,27.526768805308468,Middle,Right
11008,366.93333333333334,1394,583,0.5898674726486206,False,5.690524200020577,21.340365416776766,22.086042239219356,Middle,Right
11009,366.96666666666664,1394,583,0.5895935297012329,False,3.584234281226716,11.283718978335102,11.839301050516477,Middle,Right
11026,367.53333333333336,884,507,0.4759344756603241,False,-213.56589577089144,-27.348833764945887,215.3098942100105,Middle,Left
11027,367.56666666666666,884,507,0.4756348431110382,False,-162.1095557745693,-22.687899093901933,163.68948909054382,Middle,Left
11028,367.6,778,595,0.3285292088985443,False,-129.25956602672676,24.861881704794577,131.62882880023255,Middle,Left
11045,368.1666666666667,1189,554,0.2507348358631134,False,104.62685353288674,5.533901932165179,104.77310032058304,Middle,Right
11059,368.6333333333333,1210,723,0.5437371134757996,False,110.99713158588713,71.08672260898426,131.80927642461822,Back,Right
11076,369.2,393,684,0.5583766102790833,False,-279.55927450255706,36.299520183717405,281.90608919632115,Middle,Left
11077,369.23333333333335,411,722,0.4626046419143677,False,-223.54375422926785,30.819797978672618,225.65830364150463,Back,Left
11079,369.3,445,816,0.45790696144104004,False,-104.85969210281992,56.510819668128136,119.1177055162745,Back,Left
11080,369.3333333333333,462,807,0.5192413926124573,False,-32.280864549393385,33.436800685309905,46.47659471309644,Back,Left
11081,369.3666666666667,462,807,0.5193250179290771,False,-5.725500031350489,15.2129950170355,16.25473986249369,Back,Left
11082,369.4,478,785,0.5339646935462952,False,8.175385469695437,-3.7405930729558854,8.990492985123387,Back,Left
11083,369.43333333333334,496,764,0.4351862370967865,False,14.798675353776126,-14.402135363257822,20.649995042325372,Back,Left
11084,369.46666666666664,513,753,0.5426613688468933,False,16.907778679692143,-14.865545763056337,22.513494413683862,Back,Left
11085,369.5,530,742,0.4173419773578644,False,17.32244800139577,-13.316524998700901,21.849417447659476,Back,Left
11086,369.53333333333336,549,735,0.4373195767402649,False,18.104388069705617,-10.374467107788911,20.86620318000122,Back,Left
11087,369.56666666666666,549,735,0.4373552203178406,False,10.602149199142193,-5.471448548331913,11.930729938185461,Back,Left
11088,369.6,568,732,0.45863649249076843,False,12.810183797727612,-3.5548031728111216,13.294263218734276,Back,Left
11089,369.6333333333333,587,731,0.39972904324531555,False,15.816165808733894,-2.1350083672638434,15.959616587426206,Back,Left
11091,369.7,627,743,0.49855509400367737,False,26.559264038221,4.084071995936065,26.871437444244183,Back,Left
11094,369.8,778,595,0.4732913374900818,False,80.99743503583929,-58.99999278454343,100.20770245326045,Middle,Left
11095,369.8333333333333,655,549,0.34181034564971924,False,4.592055228271164,-64.75157649553887,64.91420206608962,Middle,Left
11096,369.8666666666667,660,498,0.5521741509437561,False,-8.847650886152797,-59.97194279521836,60.62107594588027,Middle,Left
11097,369.9,664,455,0.5078849196434021,False,-5.8192148924502725,-51.95687487634919,52.28173781428005,Middle,Left
11101,370.03333333333336,778,594,0.3027140498161316,False,45.29389846813275,30.070581975481275,54.36705931706862,Middle,Left
11104,370.1333333333333,1137,550,0.29933488368988037,False,186.80971982794574,13.420175602629133,187.29114377193864,Middle,Right
11105,370.1666666666667,1137,550,0.30612704157829285,False,133.17216851440355,4.789425522168065,133.25826452292216,Middle,Right
11108,370.26666666666665,516,456,0.4444773197174072,False,-194.70638297955117,-38.4454553673673,198.46568623161002,Middle,Left
11109,370.3,491,475,0.42063215374946594,False,-181.48903858163968,-21.901186468436823,182.80572500338477,Middle,Left
11110,370.3333333333333,465,498,0.4189269244670868,False,-113.50512841566102,-0.001763267573945626,113.50512842935693,Middle,Left
11111,370.3666666666667,465,498,0.4200333058834076,False,-53.48502939859302,3.9004417618218556,53.62706234454507,Middle,Left
11112,370.4,438,524,0.5100364089012146,False,-31.613367655474576,13.923469055606471,34.54371151255518,Middle,Left
11113,370.43333333333334,409,553,0.5328322649002075,False,-26.613796075975447,22.07264628895501,34.57594330992179,Middle,Left
11130,371.0,394,754,0.3533872365951538,False,-20.82112507832877,99.04654554602051,101.21135032261613,Back,Left
11132,371.06666666666666,419,760,0.3138272762298584,False,-0.44884767052115393,73.48640875065026,73.48777949631476,Back,Left
11136,371.2,541,515,0.38988447189331055,False,54.864055061640926,-65.49474192548236,85.43784733765419,Middle,Left
11137,371.23333333333335,568,463,0.3627229332923889,False,52.95731870263917,-84.55883876751496,99.77311670927939,Middle,Left
11150,371.6666666666667,440,444,0.48078814148902893,False,-23.76127990181034,-60.28394133712909,64.79777778373729,Middle,Left
11151,371.7,417,464,0.5022828578948975,False,-37.10765051427353,-22.07283941509145,43.17624308035472,Middle,Left
11152,371.73333333333335,394,490,0.48406141996383667,False,-33.53076274822867,5.025306812318657,33.90524677739325,Middle,Left
11153,371.76666666666665,394,490,0.4859269857406616,False,-18.740781195507118,7.7318449867093,20.27309317090944,Middle,Left
11161,372.03333333333336,240,777,0.473849356174469,False,-73.1964340955214,126.08820885937958,145.7942192875511,Back,Left
11164,372.1333333333333,207,874,0.319149374961853,False,-65.93169496603298,134.8961973844249,150.14650335546193,Back,Left
11165,372.1666666666667,207,874,0.3188663721084595,False,-36.80884492524787,79.52805593911586,87.63334266240268,Back,Left
11167,372.23333333333335,203,837,0.3829633295536041,False,-17.772467409635595,20.479576739651172,27.11593002760224,Back,Left
11168,372.26666666666665,200,824,0.3929317891597748,False,-8.145869386835344,-4.171263059369888,9.151755218418216,Back,Left
11169,372.3,197,814,0.3520353436470032,False,-4.258875314755199,-11.023106091618327,11.8172283913659,Back,Left
11170,372.3333333333333,196,808,0.4437435567378998,False,-2.1908793344170783,-10.123621624358046,10.357976011323142,Back,Left
11171,372.3666666666667,196,808,0.4454859793186188,False,-0.8977267376292062,-5.6903723197830205,5.760750856720604,Back,Left
11172,372.4,193,807,0.3853434920310974,False,-1.5546795935818274,-2.920849261354895,3.308834998342648,Back,Left
11178,372.6,435,457,0.570038378238678,False,101.12843542913704,-148.9234637463301,180.01432861455677,Middle,Left
11179,372.6333333333333,464,422,0.49757611751556396,False,88.97765459443666,-126.84925955732453,154.94436958911533,Middle,Left
11180,372.6666666666667,491,394,0.41459858417510986,False,60.653269709594646,-81.19412420807225,101.34744660020151,Middle,Left
11181,372.7,514,369,0.4202090799808502,False,39.714394989953476,-49.34194502322727,63.339250927787454,Middle,Left
11188,372.93333333333334,483,365,0.35719507932662964,False,6.1367549540171,-24.529326256961273,25.285323964428517,Middle,Left
11189,372.96666666666664,483,365,0.3546473979949951,False,-2.43543855101686,-9.755471346197663,10.05487852349608,Middle,Left
11190,373.0,476,374,0.4275432825088501,False,-5.889226803630294,0.7928990086983081,5.942363265788473,Middle,Left
11191,373.03333333333336,467,387,0.4989175498485565,False,-7.817534309991251,7.8245319954009895,11.060612263113835,Middle,Left
11192,373.06666666666666,460,402,0.4459095001220703,False,-7.816002331429177,12.10588167709427,14.409797487290136,Middle,Left
11193,373.1,450,422,0.5270801782608032,False,-8.73755646970045,16.20058820429397,18.406627915680623,Middle,Left
11194,373.1333333333333,441,445,0.55148845911026,False,-9.01250745030278,19.799987181622022,21.754649685392764,Middle,Left
11195,373.1666666666667,441,445,0.5516558289527893,False,-5.257469814987862,12.084006109391996,13.178171060785772,Middle,Left
11196,373.2,431,470,0.5279842019081116,False,-6.590235106974192,16.160990629500418,17.45304606342387,Middle,Left
11197,373.23333333333335,420,501,0.5393604636192322,False,-8.688956351254356,23.150605331791347,24.727484500093603,Middle,Left
11198,373.26666666666665,410,535,0.5563228130340576,False,-9.616219570662683,28.975169237392393,30.529200958536833,Middle,Left
11199,373.3,398,573,0.3128068149089813,False,-10.787566699770654,33.82205877921446,35.500750067662494,Middle,Left
11200,373.3333333333333,385,612,0.6310484409332275,False,-11.930075638387166,36.8710676010125,38.753094467101235,Middle,Left
11201,373.3666666666667,385,612,0.6312298774719238,False,-7.098142263955652,21.851629265177905,22.975581062121865,Middle,Left
11208,373.6,322,730,0.27771854400634766,False,-29.832508538969904,59.75840141754665,66.79105558162975,Back,Left
11221,374.03333333333336,418,483,0.32225900888442993,False,19.22897485669865,-62.96570585062135,65.83641535887658,Middle,Left
11224,374.1333333333333,533,357,0.48424750566482544,False,68.3927220924526,-111.4351144107595,130.7491841617167,Middle,Left
11225,374.1666666666667,533,357,0.4844358265399933,False,48.28405294199737,-73.03530834527128,87.55287564434681,Middle,Left
11226,374.2,549,336,0.3891288638114929,False,31.07508956217759,-44.23105524191962,54.05596580499792,Front,Left
11228,374.26666666666665,529,329,0.40231552720069885,False,6.451352571120264,-23.384899590994685,24.258472311293705,Front,Left
11229,374.3,519,329,0.3681548833847046,False,-4.879281527279641,-9.800726709889984,10.948133734313044,Front,Left
11230,374.3333333333333,508,330,0.38023102283477783,False,-9.481322418900023,-2.8218605040864686,9.892339031576876,Front,Left
11231,374.3666666666667,508,330,0.3804469108581543,False,-6.299292804227183,-0.387492691954213,6.311199602271053,Front,Left
11232,374.4,496,334,0.395464152097702,False,-8.138571221196797,1.8980822871862295,8.356976599908775,Front,Left
11233,374.43333333333334,484,340,0.4058833122253418,False,-10.096086550050275,4.0366131053777785,10.873141633797184,Front,Left
11234,374.46666666666664,500,620,0.45360127091407776,False,0.5698749690767446,120.89689983795753,120.89824294798298,Middle,Left
11235,374.5,459,361,0.4630188047885895,False,-15.075860006480655,-18.631831541822237,23.967200536104436,Middle,Left
11236,374.53333333333336,444,377,0.472772479057312,False,-17.831184628856004,-28.871887482187034,33.93430464960817,Middle,Left
11237,374.56666666666666,444,377,0.47261902689933777,False,-10.795825669142488,-18.50987344672094,21.42814193746487,Middle,Left
11238,374.6,431,395,0.27755317091941833,False,-10.472794518886388,-1.253667000572488,10.54756398336323,Middle,Left
11239,374.6333333333333,415,420,0.4915105104446411,False,-12.748181738903252,12.901799903546861,18.137601230572585,Middle,Left
11240,374.6666666666667,399,447,0.5594597458839417,False,-14.526085520117656,21.374249802592658,25.843098017873245,Middle,Left
11258,375.26666666666665,525,616,0.6579155325889587,False,44.47076765898577,85.19388404544958,96.10227393214483,Middle,Left
11259,375.3,515,641,0.5446730256080627,False,31.99011410080595,71.15679929958497,78.01703331160446,Middle,Left
11260,375.3333333333333,504,667,0.44891947507858276,False,11.621268635662858,49.596150259996094,50.939493571435825,Middle,Left
11261,375.3666666666667,504,667,0.44785505533218384,False,3.0873523374397855,24.821379171256464,25.012648968447525,Middle,Left
11262,375.4,497,660,0.5156426429748535,False,-2.690689749438122,6.9764194704986195,7.477315023194063,Middle,Left
11263,375.43333333333334,491,654,0.5363842844963074,False,-5.116870416607609,-1.6798428983869016,5.385558004851033,Middle,Left
11264,375.46666666666664,482,649,0.5096778869628906,False,-7.188104014807742,-4.623367096842719,8.546599478147026,Middle,Left
11265,375.5,475,647,0.4631732106208801,False,-7.477706307152235,-4.040489303431141,8.499508540331362,Middle,Left
11266,375.53333333333336,467,648,0.3192666471004486,False,-7.749750990661859,-1.8091455081253192,7.9581183634596995,Middle,Left
11267,375.56666666666666,467,648,0.31990858912467957,False,-4.527182916194233,-0.6480150572359145,4.573325777930694,Middle,Left
11268,375.6,459,651,0.5215151906013489,False,-5.418885965791288,1.0986075948842473,5.529128661713989,Middle,Left
11269,375.6333333333333,451,658,0.4739004075527191,False,-6.66718897262567,3.900648792613146,7.724407407692563,Middle,Left
11270,375.6666666666667,442,667,0.4533393681049347,False,-7.874217201701394,6.552189083454454,10.24375313666382,Middle,Left
11271,375.7,433,679,0.4672536849975586,False,-8.564426760545775,9.323995822382724,12.660422735144474,Middle,Left
11272,375.73333333333335,577,787,0.3779149055480957,False,55.70737549422107,51.467211784730964,75.84316431523999,Back,Left
11273,375.76666666666665,577,787,0.3805433213710785,False,43.64452257948331,37.25177050436362,57.380647930297926,Back,Left
11274,375.8,416,714,0.506210207939148,False,-44.881377432343314,-11.816097694453191,46.410755272343046,Back,Left
11311,377.03333333333336,65,992,0.5553259253501892,False,-189.85987927676416,101.76857138277808,215.41498527326056,Back,Left
11320,377.3333333333333,143,946,0.3842279016971588,False,-102.62936781660768,59.63356832671328,118.69688121350674,Back,Left
11321,377.3666666666667,143,946,0.38247182965278625,False,-43.77088532609422,26.956784367624415,51.40582287710888,Back,Left
11341,378.03333333333336,1477,771,0.3726864755153656,False,548.2478619949283,-64.10711428766203,551.9831884073112,Back,Right
11346,378.2,769,560,0.3679138422012329,False,123.4779617747676,-142.33138210883612,188.42778292243023,Middle,Left
11349,378.3,1682,664,0.5348331928253174,False,381.0470692532586,-52.295165067067245,384.6188415508131,Middle,Right
11350,378.3333333333333,1674,706,0.5509032607078552,False,262.7239931022285,3.545443300229131,262.7479147772156,Middle,Right
11351,378.3666666666667,1674,706,0.5506986975669861,False,130.7531285659708,11.997178591776231,131.30237211852747,Middle,Right
11365,378.8333333333333,1368,977,0.3009071350097656,False,-77.10378061336607,122.8234284726605,145.0192661912645,Back,Right
11366,378.8666666666667,1367,977,0.45969313383102417,False,-82.01216501482544,90.72590993901284,122.2995745891245,Back,Right
11367,378.9,1367,976,0.41024231910705566,False,-48.270716549024336,46.29172598144456,66.88038554387528,Back,Right
11370,379.0,779,595,0.349743515253067,False,-270.06980959823306,-141.97671771174632,305.1148807066393,Middle,Left
11372,379.06666666666666,778,595,0.2802920937538147,False,-196.01447163407522,-115.59153668733322,227.55895157898047,Middle,Left
11373,379.1,778,595,0.27237027883529663,False,-100.08698103946739,-62.1017641649698,117.78808465204038,Middle,Left
11385,379.5,312,506,0.46033746004104614,False,-237.44261455951496,-63.92564237333133,245.89730165599914,Middle,Left
11390,379.6666666666667,381,637,0.30960723757743835,False,-132.56896670320393,18.024118009181052,133.78863839192053,Middle,Left
11391,379.7,399,685,0.5721950531005859,False,-50.3328332977747,45.27605515603606,67.70018669305126,Middle,Left
11395,379.8333333333333,458,858,0.5019712448120117,False,10.46529789937405,104.04111983272063,104.56613733025226,Back,Left
11397,379.9,499,908,0.42792099714279175,False,34.184864602608485,91.70051912454595,97.86516323804857,Back,Left
11398,379.93333333333334,518,882,0.5100577473640442,False,32.001325772190874,39.822674502322414,51.087476505458824,Back,Left
11399,379.96666666666664,518,882,0.5094793438911438,False,18.105122820833593,13.771998787314995,22.747822378312943,Back,Left
11400,380.0,536,859,0.3830574154853821,False,15.585093929813501,-6.389837507587178,16.84414367590343,Back,Left
11401,380.03333333333336,557,839,0.5647852420806885,False,17.421678513402966,-15.726351552421848,23.469832026981525,Back,Left
11402,380.06666666666666,577,827,0.52643883228302,False,18.8371368690076,-15.816857457765922,24.596965366910833,Back,Left
11403,380.1,597,817,0.5235678553581238,False,19.580129959737665,-13.377788018252582,23.713850414926693,Back,Left
11410,380.3333333333333,741,851,0.25913184881210327,False,72.2279392226173,7.054073336883482,72.57158641636704,Back,Left
11411,380.3666666666667,741,851,0.2622392475605011,False,51.121190412111304,7.716682227108929,51.70032198879925,Back,Left
11427,380.9,804,461,0.5412317514419556,False,52.37478435228066,-160.03449943908677,168.3869325294186,Middle,Left
11430,381.0,776,362,0.37044334411621094,False,18.67333148384843,-164.1583836185151,165.21703368887015,Middle,Left
11436,381.2,778,594,0.3835563063621521,False,5.631776343633566,2.3184289615439866,6.090321636370002,Middle,Left
11437,381.23333333333335,778,594,0.33730968832969666,False,0.9313026192790055,30.998302034781105,31.012288751528647,Middle,Left
11446,381.53333333333336,471,449,0.5167587995529175,False,-129.87849931349484,-38.17806854391718,135.37351846528006,Middle,Left
11447,381.56666666666666,471,449,0.5167269110679626,False,-98.36330073094419,-34.38779472208251,104.20105256922433,Middle,Left
11448,381.6,439,482,0.5274319052696228,False,-64.73797115022788,-5.269338998484237,64.95206572641615,Middle,Left
11450,381.6666666666667,370,559,0.47261446714401245,False,-60.54642562669776,34.64266169486291,69.75660302418665,Middle,Left
11464,382.1333333333333,779,594,0.3862817883491516,False,138.3876144440041,41.903953985919856,144.5927840217361,Middle,Left
11465,382.1666666666667,779,594,0.3816743493080139,False,115.41744513225527,25.510656089887057,118.20313115562399,Middle,Left
11466,382.2,1138,544,0.43177857995033264,False,214.13714628117575,-9.281590722081006,214.33820318314204,Middle,Right
11467,382.23333333333335,1138,545,0.47255653142929077,False,141.340885817726,-11.14027537037062,141.77923592355526,Middle,Right
11468,382.26666666666665,1138,544,0.45308127999305725,False,68.71446492151597,-7.191374532095418,69.08975001482578,Middle,Right
11469,382.3,1138,544,0.48077458143234253,False,26.77263852166974,-3.452510772863278,26.994332813550542,Middle,Right
11470,382.3333333333333,1137,546,0.43467289209365845,False,7.578208681773216,-0.48500973155135485,7.593713272451263,Middle,Right
11471,382.3666666666667,1137,546,0.43404239416122437,False,0.9600233511704621,0.24837531295053783,0.9916325583984432,Middle,Right
11472,382.4,779,594,0.4726758599281311,False,-151.72975275835876,20.53415276918071,153.11292989836204,Middle,Left
11473,382.43333333333334,1138,550,0.37890082597732544,False,36.63807643034204,-3.090595911444943,36.7681985906765,Middle,Right
11484,382.8,524,485,0.6157047748565674,False,-204.42642632932723,-33.430301979134654,207.14185688121074,Middle,Left
11485,382.8333333333333,549,434,0.5245245695114136,False,-150.53606615540372,-46.25129044537769,157.4810753119459,Middle,Left
11486,382.8666666666667,536,987,0.4175581634044647,False,-82.88374676973852,204.39805155243735,220.56354856825953,Back,Left
11487,382.9,536,988,0.4186170697212219,False,-35.84746933251296,163.20138480973722,167.09198981806813,Back,Left
11498,383.26666666666665,406,418,0.5176301598548889,False,-67.20791772492026,-153.6093789160557,167.66855845952762,Middle,Left
11499,383.3,398,434,0.499192476272583,False,-47.80427167622766,-138.46121214467496,146.48124678288093,Middle,Left
11500,383.3333333333333,391,456,0.5644879341125488,False,-27.124675974577624,-68.03465189649756,73.24248702360829,Middle,Left
11501,383.3666666666667,391,456,0.5647188425064087,False,-11.991682403321908,-26.771675701463913,29.334673455255874,Middle,Left
11502,383.4,383,479,0.39935311675071716,False,-7.610866274359804,1.5872218387392536,7.774609868768869,Middle,Left
11516,383.8666666666667,283,777,0.4920928180217743,False,-45.826239197284366,131.7500899119316,139.49240262741475,Back,Left
11517,383.9,279,762,0.37782806158065796,False,-34.98032382970505,92.99843560910756,99.35960990750898,Back,Left
11518,383.93333333333334,275,751,0.5074256062507629,False,-19.97183442231986,42.198775914797366,46.68630269040206,Back,Left
11519,383.96666666666664,275,751,0.5047620534896851,False,-8.868257594774,15.337272028807554,17.71659973168975,Back,Left
11534,384.46666666666664,444,471,0.5157880783081055,False,68.18495267253948,-114.10487774147634,132.92520790035917,Middle,Left
11535,384.5,435,487,0.5105856657028198,False,49.33384524653183,-82.25047666178554,95.91125688833235,Middle,Left
11536,384.53333333333336,424,506,0.5300533771514893,False,20.50959620994156,-33.83945258461399,39.56958538980649,Middle,Left
11537,384.56666666666666,424,506,0.5310897827148438,False,6.71771244681778,-10.931816291790305,12.830910644049489,Middle,Left
11538,384.6,414,528,0.5730807185173035,False,-2.7956139771371085,7.0492026583598,7.5833182465060265,Middle,Left
11539,384.6333333333333,402,555,0.6053529977798462,False,-8.375456913715906,18.67346690252029,20.46574319864862,Middle,Left
11540,384.6666666666667,391,586,0.5869779586791992,False,-10.477299495627785,25.947184439105236,27.982676516695594,Middle,Left
11541,384.7,378,620,0.3748115003108978,False,-11.916537875062467,30.641975349219386,32.87756877005912,Middle,Left
11547,384.9,308,806,0.4277774393558502,False,-36.6889527938906,97.05226336570303,103.75558337515199,Back,Left
11548,384.93333333333334,303,792,0.5236663222312927,False,-27.7268968289888,62.01028402340084,67.9268439751784,Back,Left
11549,384.96666666666664,303,792,0.5245137214660645,False,-14.427238138696202,29.593977716558577,32.92337645805509,Back,Left
11550,385.0,295,777,0.5136855840682983,False,-9.345031885518184,4.996561546404379,10.596945230978523,Back,Left
11551,385.03333333333336,286,766,0.4463091790676117,False,-8.293986714024266,-6.137424097774963,10.317857828462255,Back,Left
11554,385.1333333333333,780,637,0.26173171401023865,False,203.90273245602563,-59.97911944097584,212.54133497263166,Middle,Left
11555,385.1666666666667,780,637,0.2686139643192291,False,155.64257609952708,-44.2550774628066,161.8120000993007,Middle,Left
11562,385.4,538,355,0.47520577907562256,False,-20.79309276079948,-141.80174008415548,143.31812933977892,Front,Left
11587,386.23333333333335,1294,511,0.5336740612983704,False,275.64498431547094,-33.48314267371819,277.67116923005307,Middle,Right
11600,386.6666666666667,1192,864,0.41227787733078003,False,169.05917433715862,148.94195196518532,225.31025161488182,Back,Right
11601,386.7,1455,523,0.5073718428611755,False,189.7213029690576,-25.354257893301224,191.4079705592141,Middle,Right
11602,386.73333333333335,1479,548,0.5020325183868408,False,123.45428330814052,-35.152104734361494,128.36132803294822,Middle,Right
11603,386.76666666666665,1479,548,0.5014116764068604,False,59.54069091535513,-22.0605401379308,63.49615189800961,Middle,Right
11606,386.8666666666667,1117,469,0.353495329618454,False,-129.77066833767492,-43.76137712523102,136.95066443323128,Middle,Right
11618,387.26666666666665,1879,899,0.5281593203544617,False,212.90357400579734,152.33889915321652,261.79203964149843,Back,Right
11619,387.3,1864,864,0.49999523162841797,False,177.75812258526608,108.20240694856801,208.1002427064947,Back,Right
11620,387.3333333333333,1849,832,0.4699992537498474,False,90.13701558127121,41.16235849482048,99.09097504190001,Back,Right
11621,387.3666666666667,1849,832,0.4714290201663971,False,36.4817496114046,11.845024699360984,38.35652049961899,Back,Right
11622,387.4,1835,808,0.31985920667648315,False,5.615411474332134,-8.507518963165612,10.193661017253982,Back,Right
11623,387.43333333333334,1822,790,0.25754618644714355,False,-7.740775670210967,-16.140007172010634,17.9002636709375,Back,Right
11629,387.6333333333333,1760,767,0.4922332763671875,False,-33.02209413027175,-20.395244834060435,38.81268752083263,Back,Right
11630,387.6666666666667,1748,774,0.38957464694976807,False,-28.65299489240071,-9.590278890369566,30.215353142053615,Back,Right
11631,387.7,1737,788,0.5431827306747437,False,-20.423605029182895,2.2917070277326417,20.55177762357855,Back,Right
11632,387.73333333333335,1725,803,0.4998604357242584,False,-15.402053942933422,9.77247274443599,18.2407370794542,Back,Right
11633,387.76666666666665,1725,803,0.49925497174263,False,-8.006510092035096,6.980408841924456,10.62216133629484,Back,Right
11634,387.8,1716,821,0.5704213380813599,False,-7.108302075866729,11.134168572056325,13.209756553121561,Back,Right
11637,387.9,1139,465,0.3917609453201294,False,-247.48956171160748,-143.08671005441525,285.8756543506282,Middle,Right
11646,388.2,1426,463,0.3642747700214386,False,-64.71568667092623,-111.01148980636376,128.49774694646558,Middle,Right
11647,388.23333333333335,1441,473,0.2806379199028015,False,1.492726249803198,-54.22034934983223,54.240893385661565,Middle,Right
11648,388.26666666666665,1456,486,0.4360141158103943,False,18.989175534332535,-15.730274899972969,24.658271145853128,Middle,Right
11649,388.3,1471,501,0.5431177020072937,False,20.42246978041021,4.097579330715067,20.82948459043746,Middle,Right
11650,388.3333333333333,1488,523,0.4827515780925751,False,19.23325189377156,15.186280079048043,24.505939709559367,Middle,Right
11651,388.3666666666667,1488,523,0.4829544723033905,False,10.903370566287487,10.751909730644693,15.312970076432473,Middle,Right
11652,388.4,1507,547,0.5368756651878357,False,12.836817443106932,15.553697020624643,20.166838450214307,Middle,Right
11675,389.1666666666667,429,541,0.44592711329460144,False,-447.24179803020365,7.311715610063075,447.30156169015544,Middle,Left
11678,389.26666666666665,778,462,0.28075847029685974,False,-193.12677219083747,-30.587282496494964,195.53396632649793,Middle,Left
11679,389.3,778,462,0.28228485584259033,False,-66.3398496485802,-24.42877009236308,70.69469894993372,Middle,Left
11680,389.3333333333333,1137,540,0.37400707602500916,False,135.7761770541601,19.901776226090462,137.2270051862825,Middle,Right
11681,389.3666666666667,1138,546,0.4593595862388611,False,114.89721437985051,21.931726408217127,116.97166535317096,Middle,Right
11687,389.56666666666666,503,549,0.49254876375198364,False,-205.34089398629706,14.302620030452207,205.8384018661901,Middle,Left
11688,389.6,531,498,0.5832215547561646,False,-163.90336754439468,-14.619621858414572,164.5540860497726,Middle,Left
11698,389.93333333333334,510,419,0.2853793501853943,False,-96.20412148140034,-46.94605009894728,107.0474876393692,Middle,Left
11700,390.0,477,441,0.4882650375366211,False,-57.46590815587998,-23.604202147441367,62.12478538552313,Middle,Left
11701,390.03333333333336,459,459,0.5449040532112122,False,-33.9066896915818,-1.8853650470873475,33.95906664209131,Middle,Left
11702,390.06666666666666,439,479,0.5662293434143066,False,-23.8397609047542,11.221351964354527,26.348680041014767,Middle,Left
11703,390.1,439,479,0.5658769011497498,False,-11.983956975640208,8.820024985405249,14.879787146903965,Middle,Left
11704,390.1333333333333,418,505,0.4964211583137512,False,-13.677316427386288,15.643585751711345,20.779575544894968,Middle,Left
11705,390.1666666666667,398,533,0.47677281498908997,False,-16.6476881990314,22.074653055136128,27.648432683911764,Middle,Left
11708,390.26666666666665,500,616,0.4192253053188324,False,32.902235197805446,48.935889879965316,58.96845257725354,Middle,Left
11709,390.3,500,616,0.41216662526130676,False,27.842276034421516,33.066335734674425,43.22701578521387,Middle,Left
11712,390.4,263,801,0.27357563376426697,False,-84.84444802383298,94.36764953763745,126.90088116213875,Back,Left
11714,390.46666666666664,248,825,0.39896053075790405,False,-75.43987699441479,75.58774920664351,106.79270982168619,Back,Left
11715,390.5,248,825,0.39922502636909485,False,-41.92257155202065,40.337780960523624,58.1776467240939,Back,Left
11716,390.53333333333336,243,806,0.5520371794700623,False,-20.366974272270788,9.012437299234563,22.27190308617507,Back,Left
11717,390.56666666666666,239,795,0.47153809666633606,False,-9.61855486556133,-5.01518339511891,10.847518711138045,Back,Left
11718,390.6,234,784,0.5313734412193298,False,-5.754274490535867,-10.040340329471025,11.572385615940826,Back,Left
11719,390.6333333333333,230,778,0.4857746958732605,False,-4.325390624482748,-9.230233353708543,10.193439646080067,Back,Left
11720,390.6666666666667,225,774,0.5509281158447266,False,-4.355570610604726,-6.878320232823906,8.141393281818434,Back,Left
11721,390.7,225,774,0.5518007278442383,False,-2.5225374107771175,-3.556100285621924,4.359936264461953,Back,Left
11722,390.73333333333335,220,774,0.5562138557434082,False,-3.241669427710585,-1.4632674001360009,3.5566237027346936,Back,Left
11736,391.2,511,392,0.32974499464035034,False,120.82445651945682,-161.70829446773712,201.86164022143112,Middle,Left
11738,391.26666666666665,486,411,0.4255639612674713,False,81.37733934222516,-113.9827228288581,140.05117800968313,Middle,Left
11739,391.3,486,411,0.42621034383773804,False,40.00174795909434,-57.37013526111742,69.93906104361007,Middle,Left
11740,391.3333333333333,473,424,0.5315893292427063,False,10.259430838117346,-17.582401324645964,20.356737397309654,Middle,Left
11741,391.3666666666667,459,441,0.5692489743232727,False,-5.278749397776645,4.102550519613359,6.685515385556085,Middle,Left
11742,391.4,444,461,0.5125017166137695,False,-12.150101111985842,14.675836735938026,19.052693797240003,Middle,Left
11743,391.43333333333334,428,486,0.518223226070404,False,-14.999231781739908,20.917153621707328,25.739158293861525,Middle,Left
11744,391.46666666666664,412,516,0.5406333804130554,False,-15.929221320735135,25.862776574272118,30.3747148795784,Middle,Left
11745,391.5,412,516,0.5395503640174866,False,-9.371457684001768,15.82763318904545,18.39397160729593,Middle,Left
11746,391.53333333333336,395,547,0.6750849485397339,False,-11.423042330138419,20.44382601409979,23.41870872125356,Middle,Left
11747,391.56666666666666,379,585,0.38159945607185364,False,-13.720392955654626,28.676370081574866,31.78967417123081,Middle,Left
11749,391.6333333333333,781,638,0.35098743438720703,False,161.33860376772603,40.409604408066016,166.32222098726223,Middle,Left
11754,391.8,262,828,0.4256780743598938,False,-94.63298628682242,105.63940141402998,141.827660294727,Back,Left
11755,391.8333333333333,249,806,0.5357348918914795,False,-105.7793930245796,63.38597365794602,123.3169154869449,Back,Left
11756,391.8666666666667,234,791,0.5345420241355896,False,-69.44877761677051,22.773030908516837,73.08723314795758,Back,Left
11757,391.9,234,791,0.5343666672706604,False,-33.663238644507395,5.925593039288312,34.180788301388226,Back,Left
11758,391.93333333333334,219,775,0.5177341103553772,False,-19.41049121984686,-6.330246257064125,20.41663995545855,Back,Left
11765,392.1666666666667,414,477,0.2670315206050873,False,73.62759022939163,-131.6223494294958,150.81599687144433,Middle,Left
11766,392.2,460,425,0.29966092109680176,False,78.54153741296278,-120.33639141107977,143.69975712238497,Middle,Left
11768,392.26666666666665,532,354,0.37047290802001953,False,76.65590665236178,-97.50173302661614,124.0270775592537,Front,Left
11769,392.3,532,354,0.3699130415916443,False,43.964862619792044,-52.2798873216535,68.30882639558357,Front,Left
11777,392.56666666666666,452,362,0.31487247347831726,False,-14.182555857052051,-18.780371375106874,23.53395928494258,Middle,Left
11778,392.6,437,375,0.4008432924747467,False,-24.88675582209067,0.6016242425337666,24.894026734893014,Middle,Left
11779,392.6333333333333,421,390,0.3190300166606903,False,-23.042803851782352,10.131897852287919,25.1719320561794,Middle,Left
11780,392.6666666666667,406,407,0.3559025526046753,False,-19.319570917670035,14.728655591340779,24.29360236710924,Middle,Left
11781,392.7,406,407,0.35938918590545654,False,-10.501811977020976,9.330877573150769,14.04825010760519,Middle,Left
11782,392.73333333333335,388,432,0.5064470767974854,False,-12.095750096220897,14.982905492800889,19.256028339105416,Middle,Left
11783,392.76666666666665,370,458,0.5106759071350098,False,-14.87179609681898,20.639956673137256,25.439695961515408,Middle,Left
11786,392.8666666666667,311,565,0.400846004486084,False,-33.99209864134536,58.09883846902067,67.31224109693801,Middle,Left
11787,392.9,311,565,0.40252652764320374,False,-23.050981165906563,40.24977308198835,46.38310000272225,Middle,Left
11788,392.93333333333334,289,610,0.6044225096702576,False,-20.658181152234135,39.0748854378805,44.19962805841252,Middle,Left
11789,392.96666666666664,219,775,0.4997004270553589,False,-41.05821056038681,92.01635465056683,100.76103501651792,Back,Left
11790,393.0,219,775,0.5000274181365967,False,-27.362599252594315,62.60957973813491,68.32767603865909,Back,Left
11800,393.3333333333333,531,354,0.3686043322086334,False,118.3163170890345,-146.75245428903168,188.5073837529111,Front,Left
11801,393.3666666666667,529,347,0.29493990540504456,False,93.4861337749393,-125.06399456791243,156.14307524020614,Front,Left
11802,393.4,529,347,0.2944179177284241,False,49.60369207860684,-68.41280165175269,84.50347742946025,Front,Left
11809,393.6333333333333,451,361,0.27989354729652405,False,-12.073400047902986,-23.535192015095795,26.451318528650567,Middle,Left
11810,393.6666666666667,437,375,0.3636437952518463,False,-23.874579223433003,0.3028605404703484,23.87650011209668,Middle,Left
11811,393.7,421,390,0.3230154514312744,False,-22.653280002632115,10.753099587748268,25.075889727419128,Middle,Left
11812,393.73333333333335,405,407,0.37583979964256287,False,-19.627468506200387,15.251554124460453,24.856536829840852,Middle,Left
11813,393.76666666666665,388,432,0.5058667659759521,False,-17.979401016960416,20.167617758914037,27.018357962658317,Middle,Left
11814,393.8,388,432,0.5055347084999084,False,-10.097002425080994,12.531034806320957,16.092740328773058,Middle,Left
11815,393.8333333333333,370,457,0.5029179453849792,False,-12.028441348641195,16.433481422880508,20.36523294622136,Middle,Left
11818,393.93333333333334,312,565,0.3018491566181183,False,-31.776321783832415,55.777335902304685,64.19381454990963,Middle,Left
11819,393.96666666666664,289,610,0.6056655645370483,False,-31.59014619264629,58.23766044533122,66.25377295383609,Middle,Left
11820,394.0,289,610,0.6065043807029724,False,-18.223332346235747,34.09488224347564,38.659421063924796,Middle,Left
11822,394.06666666666666,240,728,0.5695321559906006,False,-28.832277509896794,65.20863658268452,71.29843274140268,Back,Left
11823,394.1,212,794,0.4383012354373932,False,-30.371009417135955,71.08568410953865,77.30182855752429,Back,Left
11847,394.9,732,689,0.4983077347278595,False,201.65679874714564,-2.189974061524765,201.66868985377218,Middle,Left
11848,394.93333333333334,100,831,0.47887295484542847,False,-108.87851112401066,45.61576076449389,118.04798945642764,Back,Left
11849,394.96666666666664,116,853,0.48818808794021606,False,-111.49246357985116,44.164725943107534,119.92119267558272,Back,Left
11850,395.0,116,853,0.4923943281173706,False,-64.89913747238202,25.265063580546087,69.64353151864269,Back,Left
11862,395.4,522,392,0.2512906491756439,False,142.15988779952502,-183.34592376290274,232.00250313228452,Middle,Left
11867,395.56666666666666,511,416,0.451393187046051,False,114.40209655354272,-132.99364583181284,175.42847410692423,Middle,Left
11868,395.6,511,416,0.45201146602630615,False,61.169830391727956,-67.88892434241356,91.38191395742768,Middle,Left
11869,395.6333333333333,508,430,0.5166902542114258,False,24.60135264758891,-21.72640768519659,32.82169013007099,Middle,Left
11870,395.6666666666667,355,788,0.5225628614425659,False,-56.87586515595898,146.77345905287905,157.40810754083157,Back,Left
11871,395.7,503,467,0.39584124088287354,False,15.083181416893382,-20.646648510621787,25.569248255982785,Middle,Left
11872,395.73333333333335,501,491,0.523989737033844,False,20.69243274166378,-31.628574763823252,37.796078028798654,Middle,Left
11873,395.76666666666665,498,520,0.403128057718277,False,11.69158115237938,-7.994787518902619,14.163675275685822,Middle,Left
11874,395.8,498,520,0.4059044420719147,False,5.153236055597635,-0.40988413273203506,5.169511277381737,Middle,Left
11875,395.8333333333333,496,553,0.5526038408279419,False,0.9691510959507976,15.043119036370507,15.074305429743534,Middle,Left
11877,395.9,492,633,0.3770636320114136,False,-1.8736500669775524,45.213285809815936,45.25209142452521,Middle,Left
11879,395.96666666666664,491,648,0.6380247473716736,False,-2.0113529374948844,37.835711818587164,37.889136034730925,Middle,Left
11880,396.0,491,648,0.6408652663230896,False,-1.1869284414120789,20.55158097440535,20.585827155413817,Middle,Left
11881,396.03333333333336,492,605,0.6719239950180054,False,-0.11699016715196509,-9.351655312736103,9.352387063602299,Middle,Left
11883,396.1,493,542,0.4383684992790222,False,0.5450851093596124,-37.3230483529416,37.32702849320398,Middle,Left
11884,396.1333333333333,493,521,0.40220576524734497,False,0.4329653412147722,-35.41658025860524,35.41922664600287,Middle,Left
11885,396.1666666666667,494,503,0.4506813585758209,False,0.652326174967478,-27.725703431364984,27.733376285669795,Middle,Left
11886,396.2,494,503,0.44987690448760986,False,0.4160706703765655,-14.653013575688947,14.65891952539723,Middle,Left
11893,396.43333333333334,610,509,0.5361303091049194,False,49.15992786569489,-3.6067926215961315,49.292062857781936,Middle,Left
11894,396.46666666666664,627,524,0.487354576587677,False,44.26968000782198,6.214731695914606,44.70377453915003,Middle,Left
11918,397.26666666666665,892,672,0.30696237087249756,False,136.5648569425178,67.80954353429144,152.47325780627668,Middle,Left
11919,397.3,905,693,0.5208746194839478,False,100.85301736422326,59.025393803683386,116.85601492926337,Middle,Left
11920,397.3333333333333,917,711,0.5339560508728027,False,56.98752665878714,40.14436769055001,69.70759249866582,Middle,Left
11921,397.3666666666667,929,700,0.5679981708526611,False,30.184287127785748,15.193505645241615,33.79251105207486,Middle,Left
11922,397.4,929,700,0.5678441524505615,False,12.66893630381767,4.335508145305063,13.39024189281866,Middle,Left
11923,397.43333333333334,941,693,0.4838791787624359,False,9.266167468464065,-2.3834019922979435,9.567782638130506,Middle,Left
11924,397.46666666666664,953,689,0.47599947452545166,False,9.813854702993346,-4.262737562773557,10.699657735672917,Middle,Left
11925,397.5,965,686,0.41921740770339966,False,10.834160690092745,-4.064568582794667,11.571506195089398,Middle,Right
11926,397.53333333333336,978,686,0.46096014976501465,False,11.930094602411708,-2.3136810417419853,12.152377429351397,Middle,Right
11927,397.56666666666666,992,690,0.5044232606887817,False,12.999009881019376,0.6631397551365792,13.015913806632325,Middle,Right
11928,397.6,992,690,0.5043531656265259,False,7.702787158373212,0.9135714102492334,7.756773989799112,Middle,Right
11935,397.8333333333333,1497,514,0.40854933857917786,False,216.65966727860584,-73.7139252503681,228.85618672234546,Middle,Right
11936,397.8666666666667,1512,528,0.4915488660335541,False,168.7690803997877,-49.9865738051485,176.01607898077825,Middle,Right
11937,397.9,1528,546,0.4653310179710388,False,95.7560543180269,-17.06352206234709,97.26451420599973,Middle,Right
11938,397.93333333333334,1528,546,0.46546316146850586,False,42.33157277344162,-3.995949282796605,42.5197561627988,Middle,Right
11946,398.2,1667,802,0.4847228527069092,False,73.61585545235559,108.0718104381069,130.76241962181726,Back,Right
11948,398.26666666666665,1709,861,0.5060896277427673,False,65.84476518790873,107.3247342575112,125.91319107264431,Back,Right
11949,398.3,1722,845,0.4991455376148224,False,42.155470134315465,55.138435161265114,69.40699312229424,Back,Right
11950,398.3333333333333,1722,845,0.4991271197795868,False,20.14205354940574,22.568293540158244,30.24946602011144,Back,Right
11951,398.3666666666667,1736,832,0.4598599076271057,False,13.62783148297611,1.753053860363714,13.740123316976852,Back,Right
11958,398.6,1835,844,0.48423728346824646,False,48.5013926873668,2.3698002910472784,48.55925293941007,Back,Right
11959,398.6333333333333,1854,862,0.5108246207237244,False,42.26222286906608,9.076908716490163,43.225984704597614,Back,Right
11960,398.6666666666667,1874,887,0.5126745104789734,False,31.754199032286863,16.99266136482887,36.01499266197115,Back,Right
11961,398.7,1894,917,0.5189756751060486,False,24.920915886605123,23.893050322885742,34.524337826513026,Back,Right
11962,398.73333333333335,1894,917,0.5176604390144348,False,13.184860992697772,15.037542375346518,19.999205986416197,Back,Right
11965,398.8333333333333,1894,954,0.34014564752578735,False,5.528942418260709,22.729869585450665,23.392652171911543,Back,Right
11967,398.9,1858,959,0.5138416886329651,False,-13.363624296113805,16.61681864397898,21.32381570391591,Back,Right
11968,398.93333333333334,1858,959,0.5156883597373962,False,-11.088851658827135,8.51408932971709,13.980427326297137,Back,Right
11969,398.96666666666664,1848,967,0.32036057114601135,False,-10.224007589688556,6.853570963227505,12.308605369496757,Back,Right
11984,399.46666666666664,365,889,0.5402706265449524,False,-631.7028175346765,-29.25745864676076,632.3799874819852,Back,Left
11996,399.8666666666667,1681,899,0.3940333425998688,False,79.66966192188033,-19.1208841343727,81.93206479045195,Back,Right
11997,399.9,1677,900,0.43654459714889526,False,171.08772537126058,-8.82234515220241,171.31504179930164,Back,Right
11998,399.93333333333334,1677,900,0.4419538378715515,False,115.16105659928499,-3.2638665252424257,115.20729916875197,Back,Right
11999,399.96666666666664,1672,896,0.48594680428504944,False,54.479647968860334,-2.584312635942534,54.54090863389828,Back,Right
12000,400.0,1667,894,0.5154033899307251,False,18.563722420621914,-2.2166195700294815,18.695592861103346,Back,Right
12001,400.03333333333336,1663,891,0.4944818615913391,False,2.641420448916012,-2.481764855244782,3.624397713369743,Back,Right
12002,400.06666666666666,1658,889,0.4472337067127228,False,-3.4205041434784462,-2.325656952950925,4.136245744435671,Back,Right
12003,400.1,1654,886,0.4952075481414795,False,-4.745052775909292,-2.5824741292345537,5.402286411727005,Back,Right
12004,400.1333333333333,1654,886,0.4947604537010193,False,-2.978222409832813,-1.5382100475599763,3.351999235209464,Back,Right
12005,400.1666666666667,1650,882,0.3838018476963043,False,-3.0947296222003584,-2.3912489670178285,3.9109363401605255,Back,Right
12006,400.2,1645,883,0.2896459400653839,False,-3.9196669705905083,-1.1118342699741828,4.07430541371498,Back,Right
12035,401.1666666666667,1558,817,0.5628220438957214,False,-39.133382230918336,-28.27205729656344,48.27764315510152,Back,Right
12036,401.2,1555,815,0.5038807392120361,False,-30.15556574648611,-22.021774380714312,37.340550241871526,Back,Right
12044,401.46666666666664,1664,721,0.5753305554389954,False,30.178985242485744,-51.2890091867331,59.50910530013843,Back,Right
12092,403.06666666666666,1782,688,0.4550633132457733,False,77.99551011591498,-48.78360240406027,91.9953230428549,Middle,Right
12093,403.1,1800,654,0.5812125205993652,False,61.19114419331416,-42.09735621973739,74.2734375694193,Middle,Right
12094,403.1333333333333,1800,654,0.5809702277183533,False,32.36967866455905,-23.137622634897905,39.788763213271025,Middle,Right
12227,407.56666666666666,564,602,0.2666718661785126,False,-508.12153806869924,-31.94218077160864,509.1245430754116,Middle,Left
12313,410.43333333333334,1237,690,0.3260073661804199,False,-105.88132561175172,17.114743984183143,107.25562724139897,Middle,Right
12314,410.46666666666664,1235,692,0.2636793851852417,False,9.625694289314552,19.47474304454691,21.723710714389266,Middle,Right
12317,410.56666666666666,1279,706,0.42570582032203674,False,44.71247498942892,17.58439243651858,48.045980862521674,Middle,Right
12318,410.6,1285,676,0.26378771662712097,False,34.623454892353564,-2.8369167878744896,34.73948366835878,Middle,Right
12323,410.76666666666665,1306,502,0.2812756597995758,False,27.0758386905275,-78.7199781329251,83.24623714044782,Middle,Right
12348,411.6,471,420,0.4663694500923157,False,-338.1358699970499,-93.62325729893234,350.85777871656757,Middle,Left
12349,411.6333333333333,467,417,0.3272927701473236,False,-262.16676229619475,-58.0278443362829,268.51190284824503,Middle,Left
12354,411.8,861,475,0.6554006338119507,False,28.323875032329852,-2.7130781645664683,28.453518059707235,Middle,Left
12356,411.8666666666667,806,338,0.5629410147666931,False,44.90627939575455,-49.538705865826785,66.86297411894321,Front,Left
12357,411.9,785,311,0.41661110520362854,False,20.04261096150347,-48.36766740508691,52.35587363766635,Front,Left
12358,411.93333333333334,785,311,0.4166649878025055,False,7.153425110521207,-27.743899609306993,28.651273206319125,Front,Left
12359,411.96666666666664,768,297,0.4582703709602356,False,-5.337566189977059,-18.268642722213215,19.032417601142008,Front,Left
12381,412.7,1140,549,0.2586562931537628,False,151.70467969770007,97.49505655491431,180.3319048167232,Middle,Right
12382,412.73333333333335,1140,549,0.2535354495048523,False,115.65043760703821,76.96782336931216,138.92109110178006,Middle,Right
12385,412.8333333333333,187,644,0.4866936504840851,False,-341.83133955345556,80.92188827449243,351.2791150962711,Middle,Left
12397,413.23333333333335,1138,544,0.4350835382938385,False,122.3480479008798,5.26236699648976,122.46116662665649,Middle,Right
12398,413.26666666666665,1137,542,0.4444618821144104,False,152.98022547198158,-11.281965655531092,153.39567182456912,Middle,Right
12399,413.3,561,986,0.37970471382141113,False,-149.25229479193334,177.93712527393726,232.2452756277531,Back,Left
12400,413.3333333333333,561,986,0.37797310948371887,False,-140.09932940945657,136.5430488830409,195.63186422271787,Back,Left
12407,413.56666666666666,371,874,0.4930190145969391,False,-159.53089261935233,24.262889101508648,161.36540362630222,Back,Left
12408,413.6,381,888,0.4875454902648926,False,-91.4366824186414,-0.07200933168416057,91.43671077347071,Back,Left
12409,413.6333333333333,1137,535,0.42179766297340393,False,278.38268833466947,-153.37206634584368,317.83629732872174,Middle,Right
12410,413.6666666666667,1137,533,0.3483939468860626,False,226.76689113143172,-116.79153014132888,255.07544849743485,Middle,Right
12411,413.7,1137,531,0.4052662253379822,False,121.85702893318357,-61.823087243437,136.6427078798293,Middle,Right
12412,413.73333333333335,1137,531,0.4069310128688812,False,51.733248575021676,-25.935822461988153,57.870509716994476,Middle,Right
12413,413.76666666666665,484,688,0.5958225131034851,False,-258.2150837727563,57.67162084652281,264.5771066037964,Middle,Left
12414,413.8,502,640,0.6249455809593201,False,-196.84795417446975,27.964451122116085,198.8243636711441,Middle,Left
12415,413.8333333333333,519,601,0.6642938852310181,False,-95.65371357504843,-5.592506657203938,95.81706033587272,Middle,Left
12420,414.0,568,507,0.5657861232757568,False,-16.569804244390596,-48.88604957549424,51.617867602169554,Middle,Left
12421,414.03333333333336,569,501,0.4447392523288727,False,4.935183688429905,-38.49750105457263,38.8125446922173,Middle,Left
12422,414.06666666666666,556,508,0.434426486492157,False,1.1962483159345219,-17.4430476006771,17.484018978280233,Middle,Left
12423,414.1,543,518,0.4626297354698181,False,-5.461843563806505,-2.1088927035447824,5.854841035464495,Middle,Left
12424,414.1333333333333,543,518,0.45553719997406006,False,-4.3426582508923115,1.513068565869117,4.598701682982306,Middle,Left
12425,414.1666666666667,530,530,0.35922715067863464,False,-7.797383306173178,6.584683567986023,10.205745642229838,Middle,Left
12426,414.2,515,547,0.6002172231674194,False,-11.452952996371229,11.884332146878876,16.504771519606912,Middle,Left
12427,414.23333333333335,502,563,0.30523064732551575,False,-12.757187221996594,14.565634679562777,19.362425969788884,Middle,Left
12428,414.26666666666665,486,587,0.5447424054145813,False,-14.358275557956782,19.025398280141005,23.835390844628737,Middle,Left
12429,414.3,470,613,0.724105179309845,False,-15.3364582462202,22.763778075079394,27.4480699465285,Middle,Left
12430,414.3333333333333,470,613,0.7240646481513977,False,-9.037475276934437,13.821592840856157,16.514005814447547,Middle,Left
12431,414.3666666666667,455,641,0.6315208673477173,False,-10.431965855738895,18.212967164905237,20.98899913205054,Middle,Left
12432,414.4,447,667,0.30518263578414917,False,-9.653909270343545,22.282076072716897,24.283510419837736,Middle,Left
12433,414.43333333333334,445,691,0.498995304107666,False,-6.2847149958541735,23.732107942052533,24.550164764260693,Middle,Left
12434,414.46666666666664,447,683,0.496042937040329,False,-2.1876482289520576,10.596870761331374,10.820326922325261,Middle,Left
12435,414.5,450,676,0.46649497747421265,False,0.7318741339640673,0.829450994207404,1.106177517289745,Middle,Left
12436,414.53333333333336,450,676,0.46650758385658264,False,0.9430862932126611,-1.260746567793559,1.5744502737936301,Middle,Left
12437,414.56666666666666,452,669,0.46714672446250916,False,1.4268192135289708,-4.0555608545757025,4.29923096765715,Middle,Left
12438,414.6,456,664,0.41680479049682617,False,2.599092394089264,-4.9520982226126105,5.592723672721158,Middle,Left
12439,414.6333333333333,459,663,0.45873725414276123,False,2.977153126214331,-3.4437083076999793,4.552204701619822,Middle,Left
12440,414.6666666666667,462,664,0.43051883578300476,False,3.0541492657929568,-1.2993719876702823,3.319065425701319,Middle,Left
12441,414.7,465,668,0.466231107711792,False,3.0450109499531806,1.3194210794322596,3.318578561701525,Middle,Left
12442,414.73333333333335,465,668,0.4665398597717285,False,1.7581372734552527,1.2290639874873368,2.1451445074052566,Middle,Left
12443,414.76666666666665,469,675,0.5332726240158081,False,2.4751270032674046,3.6487773029629094,4.409062200618264,Middle,Left
12444,414.8,473,684,0.3681122660636902,False,3.2464834108427882,6.338515043383933,7.121546706445296,Middle,Left
12445,414.8333333333333,476,699,0.49861767888069153,False,3.2798670017449556,10.473562176385617,10.97510966741339,Middle,Left
12456,415.2,461,540,0.42379987239837646,False,-4.429796465824223,-60.321579050823814,60.48401438325184,Middle,Left
12457,415.23333333333335,442,552,0.5422753691673279,False,-11.953127727756605,-42.40831878763126,44.0606714073835,Middle,Left
12459,415.3,395,590,0.40002313256263733,False,-28.08610555090582,-5.278067804987742,28.577741771712315,Middle,Left
12460,415.3333333333333,395,590,0.40393418073654175,False,-19.105601438880456,3.56459931418644,19.43528684151714,Middle,Left
12461,415.3666666666667,379,613,0.536175012588501,False,-16.19487258872189,13.343293526868775,20.98374085593686,Middle,Left
12469,415.6333333333333,266,825,0.5054287910461426,False,-56.536060224367304,98.93491043908229,113.94929841505177,Back,Left
12470,415.6666666666667,257,814,0.44870901107788086,False,-43.65885117877952,67.78176868308017,80.6254516394011,Back,Left
12471,415.7,250,803,0.3746926784515381,False,-25.891672836166535,28.979323565437575,38.86103339549026,Back,Left
12472,415.73333333333335,250,803,0.38396763801574707,False,-11.797965836418417,9.83486519224913,15.3595758804405,Back,Left
12474,415.8,229,802,0.28387966752052307,False,-13.171138423865317,1.851004930223306,13.30056790638401,Back,Left
12476,415.8666666666667,209,814,0.40588366985321045,False,-16.298116604286765,4.712364197085647,16.965700138010885,Back,Left
12477,415.9,199,826,0.2685227394104004,False,-14.196874555809485,8.298108717024423,16.444143499524305,Back,Left
12478,415.93333333333334,199,826,0.2677462697029114,False,-7.830279290444802,5.4344359855932804,9.531336120811183,Back,Left
12482,416.06666666666666,433,473,0.5302823185920715,False,95.37626693176432,-146.364619041004,174.69755007113693,Middle,Left
12483,416.1,1249,709,0.5530604720115662,False,417.9255071427608,-12.018773596650078,418.09829040466235,Middle,Right
12484,416.1333333333333,1263,699,0.5052120089530945,False,304.89894731456167,12.767509484442868,305.16614715915523,Middle,Right
12485,416.1666666666667,1278,690,0.5477979183197021,False,162.40160516577086,7.995591186584105,162.59831130378296,Middle,Right
12486,416.2,1293,686,0.5229216814041138,False,74.79956337274656,2.082328425523068,74.82854249833596,Middle,Right
12487,416.23333333333335,1307,684,0.4978823661804199,False,33.53051736145704,-0.6942196874685562,33.537703193591554,Middle,Right
12488,416.26666666666665,1307,684,0.49783822894096375,False,12.025646208555244,-0.8958537519867456,12.058968474885729,Middle,Right
12489,416.3,1323,685,0.5275623202323914,False,9.871981233086318,-0.131569005485084,9.872857938287819,Middle,Right
12490,416.3333333333333,1340,689,0.5380804538726807,False,12.496909649878727,1.7484537916535192,12.61863072836271,Middle,Right
12491,416.3666666666667,1357,698,0.5606898665428162,False,14.86522542584354,5.144136915817933,15.730132598609146,Middle,Right
12492,416.4,1373,708,0.4824450612068176,False,15.766117796800248,7.798664583692506,17.58947525287555,Middle,Right
12497,416.56666666666666,779,595,0.3873261511325836,False,-241.4449560603171,-42.71541693464941,245.19435892954266,Middle,Left
12550,418.3333333333333,1768,750,0.3506089448928833,False,232.0811784631286,31.737523956631264,234.24120863702078,Back,Right
12552,418.4,1755,753,0.4068009853363037,False,212.99709572305503,32.87197815827557,215.51874566843233,Back,Right
12553,418.43333333333334,1750,761,0.4346916377544403,False,117.58445177846829,22.576060004739176,119.73212511845146,Back,Right
12554,418.46666666666664,1750,761,0.43453067541122437,False,50.95601470599334,11.212846758475498,52.1751221095501,Back,Right
12555,418.5,1743,773,0.4617581069469452,False,14.623703557738153,9.520693125836793,17.449822444396375,Back,Right
12556,418.53333333333336,1736,791,0.3915584087371826,False,-0.9760135463157074,12.79819642552803,12.835358747966112,Back,Right
12557,418.56666666666666,1729,812,0.4842248260974884,False,-6.297777999723407,16.843932661349044,17.982771622691015,Back,Right
12558,418.6,1722,839,0.5544502139091492,False,-7.5422649990780934,21.851392768736467,23.11642548600252,Back,Right
12577,419.23333333333335,1138,465,0.3725132644176483,False,-251.07666238960326,-144.3384321437772,289.60848293934106,Middle,Right
12578,419.26666666666665,1138,465,0.3739461302757263,False,-188.48813833115625,-113.02302780805823,219.7771214354356,Middle,Right
12595,419.8333333333333,511,495,0.5410356521606445,False,-362.4259250086992,-47.07656760498229,365.47059298372795,Middle,Left
12596,419.8666666666667,511,495,0.5410308837890625,False,-240.43994664337214,-15.457776664347257,240.93632105033993,Middle,Left
12597,419.9,528,511,0.524064302444458,False,-110.04682616516973,3.4529994855314854,110.10098616485762,Middle,Left
12604,420.1333333333333,628,666,0.5616158843040466,False,1.8402528835815701,70.78734989002814,70.81126630084225,Middle,Left
12605,420.1666666666667,644,678,0.4902108609676361,False,27.749917915221356,57.9700978026308,64.26966767883667,Middle,Left
12606,420.2,657,663,0.5005278587341309,False,26.14013631600676,24.887261418720797,36.09269327084312,Middle,Left
12607,420.23333333333335,671,649,0.5591012835502625,False,20.72920958778215,2.5798052664178677,20.88912457109768,Middle,Left
12608,420.26666666666665,671,649,0.5592780709266663,False,11.015798214886384,-2.4832385549679623,11.292222280489055,Middle,Left
12609,420.3,684,639,0.36181220412254333,False,10.122815873510424,-6.557930984776466,12.06142031479236,Middle,Left
12633,421.1,1284,690,0.49528953433036804,False,258.94052927053764,17.010339918635133,259.4986500216402,Middle,Right
12635,421.1666666666667,1330,693,0.31049221754074097,False,213.3898390409251,15.295593443763893,213.93732396360582,Middle,Right
12636,421.2,1352,700,0.46113550662994385,False,124.49252988242803,11.488680884169241,125.02151728796731,Middle,Right
12639,421.3,1400,722,0.5186758041381836,False,76.36900174323328,15.247108982335185,77.87617581505383,Back,Right
12640,421.3333333333333,1427,737,0.49582433700561523,False,46.95783387590323,15.812386065252015,49.548660076671105,Back,Right
12641,421.3666666666667,1452,756,0.5336186289787292,False,32.450112729802264,17.258528073514718,36.75413728332051,Back,Right
12654,421.8,1781,895,0.35255739092826843,False,155.03401029098364,68.90110102569668,169.65525653353063,Back,Right
12655,421.8333333333333,851,595,0.3327028155326843,False,-281.1010316784154,-77.60526636953401,291.61681600853507,Middle,Left
12656,421.8666666666667,851,595,0.32903853058815,False,-240.15224414993367,-70.9500809473897,250.413686440439,Middle,Left
12659,421.96666666666664,777,595,0.3154284358024597,False,-162.72712610333218,-39.81765248391401,167.52779775064053,Middle,Left
12660,422.0,779,596,0.44132038950920105,False,-79.40513625618122,-17.04288432604383,81.21351839449893,Middle,Left
12664,422.1333333333333,1370,532,0.5272873044013977,False,218.40521102583534,-32.80525167455461,220.85520310979894,Middle,Right
12665,422.1666666666667,1370,531,0.5557178854942322,False,179.27618802281455,-22.188935705264935,180.64412655750513,Middle,Right
12666,422.2,1369,531,0.5488037467002869,False,96.21379885524351,-10.932040808078458,96.83286945240624,Middle,Right
12667,422.23333333333335,1369,531,0.5441442728042603,False,40.805781303722334,-4.312362146829588,41.03301420920262,Middle,Right
12668,422.26666666666665,1369,531,0.5421389937400818,False,13.711240502565392,-1.3128703132117359,13.773951668947527,Middle,Right
12669,422.3,1368,531,0.5274695754051208,False,2.6748945923432608,-0.22436057972000767,2.684287382133202,Middle,Right
12670,422.3333333333333,1368,530,0.5529883503913879,False,-0.4202960505259439,-0.3578224461490731,0.5519833992574533,Middle,Right
12671,422.3666666666667,1368,530,0.5450300574302673,False,-0.7943157817075083,-0.23056858501665836,0.8271030367893676,Middle,Right
12672,422.4,1368,530,0.4070088267326355,False,-0.5256819946526482,-0.11057890222221797,0.5371864230587532,Middle,Right
12673,422.43333333333334,1368,530,0.4054849147796631,False,-0.2559427828690217,-0.04252889698648912,0.2594521442995348,Middle,Right
12674,422.46666666666664,1368,530,0.40016570687294006,False,-0.09985882048267167,-0.012454843866669042,0.10063253531504388,Middle,Right
12675,422.5,1368,530,0.43365398049354553,False,-0.029903248147887224,-0.0018400725494851448,0.029959808356888558,Middle,Right
12676,422.53333333333336,1368,530,0.45943668484687805,False,-0.004818776088418589,0.0008276493425454379,0.0048893359901453545,Middle,Right
12677,422.56666666666666,1367,530,0.34406667947769165,False,-0.42039840704040965,0.0009535773110309217,0.4203994885246675,Middle,Right
12678,422.6,1367,530,0.3990717828273773,False,-0.3169926231854839,0.0005735235917143791,0.31699314201307954,Middle,Right
12679,422.6333333333333,1535,998,0.4358710050582886,False,70.74507649280574,197.53484584181356,209.82106941325503,Back,Right
12680,422.6666666666667,1535,998,0.4354538023471832,False,53.54478443729384,149.35029511428843,158.65861020178298,Back,Right
12681,422.7,1367,530,0.2837556004524231,False,-43.02967255089118,-119.80667454535023,127.29961502476112,Middle,Right
12713,423.76666666666665,778,595,0.35697299242019653,False,-290.6792466136279,-89.75430182514998,304.2207407590522,Middle,Left
12714,423.8,778,595,0.2680915594100952,False,-212.1083006434946,-46.51664909330843,217.1490958874595,Middle,Left
12753,425.1,1138,544,0.36338406801223755,False,43.36626287472862,-40.70604987987958,59.47785514410645,Middle,Right
12754,425.1333333333333,1366,531,0.4988579750061035,False,166.81063096367794,-27.976633643658566,169.14041099788022,Middle,Right
12765,425.5,1295,436,0.4157143235206604,False,88.42699640294255,-53.998228521889786,103.61053216902346,Middle,Right
12771,425.7,1471,679,0.49411022663116455,False,111.42569785460363,66.72366810925426,129.87584081860388,Middle,Right
12784,426.1333333333333,1883,801,0.5434636473655701,False,242.39013396932341,111.56187602097268,266.83146221348306,Back,Right
12785,426.1666666666667,1883,801,0.5443170070648193,False,163.41329869359032,72.46165468694768,178.75848956033113,Back,Right
12788,426.26666666666665,1858,730,0.3383488655090332,False,69.8173473265769,4.943164712059158,69.99212002140256,Back,Right
12789,426.3,1850,717,0.2791953980922699,False,20.2975570464489,-14.658991180702703,25.03750875166631,Back,Right
12794,426.46666666666664,1818,713,0.31347590684890747,False,-10.598451698142167,-13.65221254617434,17.283231347284936,Back,Right
12795,426.5,1811,722,0.4599877893924713,False,-14.583843189601254,-3.9117501700206763,15.099346726648,Back,Right
12796,426.53333333333336,1803,736,0.5370859503746033,False,-12.514930376756404,5.383783359618434,13.623824925415201,Back,Right
12797,426.56666666666666,1803,736,0.5386353135108948,False,-6.864013784354693,4.7674155772506,8.35720865588642,Back,Right
12798,426.6,1796,753,0.5287326574325562,False,-5.914680120267474,9.82076653160511,11.464331476077543,Back,Right
12799,426.6333333333333,1788,772,0.5211637020111084,False,-6.625729827064238,14.595432391082205,16.028940776729456,Back,Right
12800,426.6666666666667,1774,790,0.5772898197174072,False,-9.86495583315118,16.883064443029276,19.553905455880237,Back,Right
12808,426.93333333333334,1415,647,0.3214920461177826,False,-157.80580702958704,-50.19321971878427,165.59599040434952,Middle,Right
12809,426.96666666666664,1415,647,0.3165031373500824,False,-117.55494011934948,-40.95742364037196,124.48563972491262,Middle,Right
12816,427.2,1373,526,0.28758373856544495,False,-78.49369031153958,-73.09659940959959,107.25843679623229,Middle,Right
12824,427.46666666666664,1423,715,0.4870190918445587,False,-17.299858184991827,31.804063456077927,36.204744793176765,Back,Right
12825,427.5,1428,706,0.5590797662734985,False,3.0144210418850186,33.269814088725944,33.40609620587456,Middle,Right
12826,427.53333333333336,1432,691,0.5312023758888245,False,7.049478314778384,13.157101893298464,14.926636417531203,Middle,Right
12827,427.56666666666666,1432,691,0.5316905379295349,False,4.792877229057628,4.020568406284575,6.255928583546395,Middle,Right
12828,427.6,1436,682,0.5404679775238037,False,4.056196096611199,-3.1028910905678035,5.106922742130429,Middle,Right
12829,427.6333333333333,1440,674,0.5767529010772705,False,3.9012343251746464,-6.43894462741593,7.528587993432058,Middle,Right
12830,427.6666666666667,1444,670,0.5225090980529785,False,3.9153145868822334,-6.003838829395831,7.1676892373772665,Middle,Right
12831,427.7,1448,668,0.5227163434028625,False,3.953567261837855,-4.236373106958136,5.7946139815551305,Middle,Right
12832,427.73333333333335,1453,669,0.5801203846931458,False,4.4020629968964125,-1.7113116097686802,4.7230018054595,Middle,Right
12833,427.76666666666665,1453,669,0.5795993208885193,False,2.623930628158371,-0.5391482674462855,2.6787483636351355,Middle,Right
12834,427.8,1457,673,0.49432846903800964,False,2.8879646880349976,1.5855716139259983,3.294598212563252,Middle,Right
12835,427.8333333333333,1462,680,0.56820148229599,False,3.8264563214098017,4.249433227547886,5.7183433558195045,Middle,Right
12836,427.8666666666667,1466,692,0.47550079226493835,False,4.066901711151482,7.995387865592633,8.970279630503878,Middle,Right
12837,427.9,1470,706,0.5457339286804199,False,4.081499882178167,11.197184462416951,11.91786814718186,Middle,Right
12838,427.93333333333334,1476,721,0.4844931960105896,False,4.893865810312646,13.372697671764996,14.240047948998486,Back,Right
12839,427.96666666666664,1476,721,0.48375681042671204,False,2.9729768898096918,8.115892284613338,8.64328057873796,Back,Right
12876,429.2,919,528,0.3784278929233551,False,-233.72399699616892,-77.70811306433188,246.30358829680935,Middle,Left
12895,429.8333333333333,1515,790,0.5016884803771973,False,74.31951769518491,50.38686195745623,89.78990237417932,Back,Right
12896,429.8666666666667,1497,837,0.38497039675712585,False,90.23212730589846,71.77790620762487,115.29919608435463,Back,Right
12898,429.93333333333334,1455,846,0.47944536805152893,False,37.25415678769728,49.09134560497863,61.626556055565736,Back,Right
12899,429.96666666666664,1455,847,0.4815821349620819,False,12.091615923902317,24.75114095431221,27.546799345684413,Back,Right
12900,430.0,1217,544,0.506738007068634,False,-97.9504605450783,-117.92315521301637,153.29762965025287,Middle,Right
12908,430.26666666666665,1288,526,0.6023536920547485,False,-46.243828440812116,-101.16528357065954,111.23356628641923,Middle,Right
12909,430.3,1276,466,0.5507126450538635,False,-22.578387810106424,-80.80466528710984,83.89980648526799,Middle,Right
12920,430.6666666666667,1430,501,0.3953911066055298,False,56.168332160143294,-28.29823238450583,62.89412924701066,Middle,Right
12921,430.7,1455,523,0.505595326423645,False,57.041737045618795,2.285977622382749,57.087524546712956,Middle,Right
12922,430.73333333333335,1482,550,0.5525531768798828,False,44.51724757278397,18.166019201706042,48.081073044320604,Middle,Right
12923,430.76666666666665,1482,550,0.5521790385246277,False,23.49601635958156,13.327547845796534,27.01270657212491,Middle,Right
12930,431.0,1686,836,0.505859375,False,95.93857054093144,127.5558108517841,159.6079390240141,Back,Right
12931,431.03333333333336,1693,861,0.2950613796710968,False,71.30506248392652,104.61897866385023,126.6078300600078,Back,Right
12932,431.06666666666666,1688,846,0.4433826804161072,False,34.70948768896398,50.04362931618657,60.90249067785512,Back,Right
12933,431.1,1680,835,0.3952237367630005,False,10.162929998510315,14.555391064645377,17.752311263589856,Back,Right
12934,431.1333333333333,1675,828,0.5030404925346375,False,-0.6101337869899641,-0.8651179218134768,1.0586275344376717,Back,Right
12935,431.1666666666667,1675,828,0.5034231543540955,False,-2.2718669799989906,-3.2471858194647725,3.963028554141749,Back,Right
12936,431.2,1668,824,0.40962985157966614,False,-4.563572631658359,-3.9893094051514693,6.061417713245901,Back,Right
12937,431.23333333333335,1661,824,0.4119700491428375,False,-6.0002214221134835,-2.437703934375233,6.476500411955368,Back,Right
12938,431.26666666666665,1653,830,0.3978857696056366,False,-7.100236979032557,1.4001268129192934,7.236968996111349,Back,Right
12975,432.5,736,648,0.5197043418884277,False,-391.34892117771903,-75.32612296733889,398.53231099655545,Middle,Left
12990,433.0,507,610,0.4392358064651489,False,-391.2795735239672,-73.2404784708038,398.0752094061246,Middle,Left
13029,434.3,1132,852,0.4421294927597046,False,37.68654351614674,60.18855703761466,71.01364629748718,Back,Right
13030,434.3333333333333,1132,852,0.5126389861106873,False,98.20156748900101,58.5548852165234,114.33382019340144,Back,Right
13031,434.3666666666667,1132,852,0.5136900544166565,False,67.53337879035907,33.54885187378153,75.40744467816857,Back,Right
13032,434.4,1132,852,0.5196243524551392,False,33.56507765548726,14.933556079074286,36.737249967652,Back,Right
13041,434.7,366,683,0.4364491105079651,False,-309.96887624219465,-66.01794984880158,316.92124248949904,Middle,Left
13042,434.73333333333335,372,690,0.5320896506309509,False,-237.80576783716447,-49.62015649682566,242.9274442038051,Middle,Left
13043,434.76666666666665,372,690,0.5317924618721008,False,-124.57601243669082,-25.755034054296452,127.21047383672665,Middle,Left
13044,434.8,378,701,0.5186474919319153,False,-49.28988343056649,-5.98972242924615,49.65248617519819,Middle,Left
13045,434.8333333333333,388,716,0.4840499460697174,False,-10.852170847255941,6.390931990635293,12.59419008142077,Back,Left
13050,435.0,1137,549,0.4076373279094696,False,316.7159041090095,-64.58867773678739,323.234684412694,Middle,Right
13051,435.03333333333336,488,666,0.588656485080719,False,-32.53839404598767,-0.5885575312910589,32.54371655265584,Middle,Left
13052,435.06666666666666,515,628,0.3557243049144745,False,-69.62918920090206,-4.9774195169521045,69.80686709645944,Middle,Left
13057,435.23333333333335,585,537,0.3954915404319763,False,-17.30201845625068,-42.06793171880995,45.48703905244763,Middle,Left
13063,435.43333333333334,521,605,0.642685055732727,False,-27.690143328709226,-2.2179982639608866,27.77883283839322,Middle,Left
13064,435.46666666666664,508,628,0.5353872179985046,False,-23.34037348576419,15.525484550967903,28.03236887951689,Middle,Left
13065,435.5,493,654,0.6028205752372742,False,-19.045121193275943,23.1076586937072,29.944624418606928,Middle,Left
13066,435.53333333333336,478,682,0.2675066292285919,False,-16.572531967612438,26.523421568323958,31.275241126305783,Middle,Left
13067,435.56666666666666,478,682,0.2655452787876129,False,-9.137056592908566,15.936881472077742,18.370356399293637,Middle,Left
13068,435.6,468,683,0.43245330452919006,False,-8.1766332468881,7.746256002015899,11.263294957643753,Middle,Left
13069,435.6333333333333,459,675,0.5023283958435059,False,-8.353059031739475,-0.359151461269299,8.360776576362765,Middle,Left
13070,435.6666666666667,449,668,0.5109078288078308,False,-9.079634781112794,-4.606144428207035,10.181175484780523,Middle,Left
13071,435.7,440,663,0.47060713171958923,False,-9.175464413962661,-5.529000977931488,10.712562673135803,Middle,Left
13074,435.8,420,662,0.4688015878200531,False,-13.761383202939918,-3.781799396799677,14.271568741234837,Middle,Left
13075,435.8333333333333,410,666,0.5147418975830078,False,-12.99076728098849,-0.18596828882321192,12.99209831987308,Middle,Left
13076,435.8666666666667,399,673,0.5301692485809326,False,-12.013211378493759,3.487712951324416,12.509252146120007,Middle,Left
13077,435.9,388,683,0.5209895968437195,False,-11.411397557216972,6.890914449842966,13.330592491105264,Middle,Left
13078,435.93333333333334,378,695,0.46832922101020813,False,-10.70845614125803,9.653662299472431,14.41749731130553,Middle,Left
13079,435.96666666666664,378,695,0.46832388639450073,False,-6.063373306055615,6.071214395410262,8.580451041968866,Middle,Left
13080,436.0,368,710,0.4230363965034485,False,-6.8974161413261115,9.201672070581314,11.49978775113446,Middle,Left
13101,436.7,1227,504,0.27168238162994385,False,358.43409066468064,-81.07347258983874,367.4886465027074,Middle,Right
13102,436.73333333333335,1217,466,0.27096524834632874,False,268.00964874800513,-78.97575695465538,279.4035468790435,Middle,Right
13103,436.76666666666665,1217,466,0.275398850440979,False,138.77804352453342,-45.26776116411926,145.97436612401862,Middle,Right
13110,437.0,1268,310,0.2924225926399231,False,78.70539874408404,-86.0006944181173,116.57898280506507,Front,Right
13118,437.26666666666665,500,616,0.5540367364883423,False,-289.3762393624381,72.19919716755301,298.2470988613071,Middle,Left
13119,437.3,529,643,0.3248140513896942,False,-220.5702832383477,81.30528779061854,235.07828413224442,Middle,Left
13120,437.3333333333333,553,659,0.453359454870224,False,-105.08343338853238,55.36335525320678,118.77554073804463,Middle,Left
13121,437.3666666666667,553,659,0.45485544204711914,False,-40.15516488759562,27.373806838199165,48.59796876377686,Middle,Left
13155,438.5,566,476,0.28433024883270264,False,-6.152099275256823,-66.40772137938384,66.6920818710474,Middle,Left
13156,438.53333333333336,581,485,0.4477439224720001,False,8.833598496331023,-51.28696191336809,52.04214565808803,Middle,Left
13157,438.56666666666666,581,485,0.4484795928001404,False,7.7748474895541655,-26.945818339819454,28.045059805398473,Middle,Left
13158,438.6,598,498,0.4839246869087219,False,11.480002085042681,-5.748927825059827,12.839027183175967,Middle,Left
13159,438.6333333333333,614,511,0.5338200330734253,False,14.047900415180608,5.9409674534173575,15.25249488960399,Middle,Left
13160,438.6666666666667,632,527,0.5746824145317078,False,16.17349254982207,12.269305228052346,20.300682551044005,Middle,Left
13161,438.7,648,545,0.5189756751060486,False,16.478946253188226,15.81554693351929,22.840472727634552,Middle,Left
13165,438.8333333333333,700,613,0.4765138030052185,False,31.5261769764642,38.473463912359676,49.74039867318098,Middle,Left
13190,439.6666666666667,709,602,0.39550894498825073,False,24.698991345653408,21.628172701895167,32.83013901761102,Middle,Left
13218,440.6,1839,840,0.377237468957901,False,490.0108508332776,109.95387255406551,502.19566707010557,Back,Right
13219,440.6333333333333,1836,843,0.36849290132522583,False,364.8166043772666,80.54606122494464,373.6024930433569,Back,Right
13220,440.6666666666667,1834,850,0.47800886631011963,False,187.68595281478724,44.26445316352081,192.83505567676244,Back,Right
13221,440.7,1830,864,0.42962518334388733,False,75.22221721140784,25.02666031586325,79.2761987532565,Back,Right
13222,440.73333333333335,1828,882,0.457070916891098,False,22.592257471965063,18.633548590181096,29.28513668641827,Back,Right
13223,440.76666666666665,1828,882,0.45622286200523376,False,3.680246220410279,9.62969914548778,10.30899208824278,Back,Right
13224,440.8,1826,905,0.4742887318134308,False,-2.086528598338224,13.669000288134317,13.827334177949822,Back,Right
13226,440.8666666666667,1555,832,0.3628380000591278,False,-116.61755447646816,-22.192846873806683,118.71047327189059,Back,Right
13227,440.9,1554,831,0.392007440328598,False,-88.22152795526421,-19.636635036354914,90.3805035962539,Back,Right
13262,442.06666666666666,628,650,0.5032948851585388,False,-436.7742559717197,-87.2898796023697,445.41135342584784,Middle,Left
13263,442.1,608,639,0.2654963433742523,False,-322.9570794954705,-67.14192919965083,329.8625681293568,Middle,Left
13273,442.43333333333334,442,595,0.5949514508247375,False,-236.43131415377974,-53.78469762333425,242.47177157540787,Middle,Left
13275,442.5,461,592,0.47295626997947693,False,-113.20336630618934,-29.969729805452037,117.10331697977254,Middle,Left
13276,442.53333333333336,470,595,0.5813170671463013,False,-39.6699703685224,-11.811063861614858,41.39091420327159,Middle,Left
13277,442.56666666666666,470,595,0.581515908241272,False,-9.825734252880665,-3.5907897397375788,10.46130128441185,Middle,Left
13278,442.6,479,599,0.5921151041984558,False,3.437135302432665,1.0776206347392225,3.6021056785781083,Middle,Left
13279,442.6333333333333,490,607,0.6738088130950928,False,8.992115468605427,4.831129461884003,10.207739832020437,Middle,Left
13280,442.6666666666667,499,617,0.5965290665626526,False,9.985083030296344,7.681520012095213,12.597921765836272,Middle,Left
13288,442.93333333333334,778,595,0.2846701741218567,False,123.70845641733428,-4.338721089565828,123.78451716532459,Middle,Left
13289,442.96666666666664,778,595,0.29026973247528076,False,91.75351607209117,-4.648872166566188,91.87121270568146,Middle,Left
13296,443.2,616,533,0.49130910634994507,False,-21.04427447632159,-28.91103068807881,35.759043383203014,Middle,Left
13303,443.43333333333334,1300,714,0.5617971420288086,False,256.4472025410199,55.366338852175346,262.3558636070648,Back,Right
13304,443.46666666666664,1322,702,0.5264974236488342,False,206.92725699971828,41.94650579245899,211.135972864939,Middle,Right
13305,443.5,1345,689,0.5470824837684631,False,120.47263561131133,16.36375914734976,121.57889843458968,Middle,Right
13310,443.6666666666667,1439,672,0.4029221832752228,False,93.89680010078861,-2.276155800876026,93.92438423752012,Middle,Right
13311,443.7,1430,648,0.572712242603302,False,45.73128719644512,-14.766176674736665,48.05611930059774,Middle,Right
13312,443.73333333333335,1416,617,0.611479640007019,False,11.93890086056387,-23.843330454560167,26.6653663189488,Middle,Right
13313,443.76666666666665,1416,617,0.6103076338768005,False,0.8794656283032882,-15.396606850304472,15.421704260366605,Middle,Right
13315,443.8333333333333,1392,579,0.3854329288005829,False,-11.591997990666652,-23.43228808780167,26.142810530724347,Middle,Right
13316,443.8666666666667,1381,558,0.4582575559616089,False,-13.563962006458802,-23.837247428266014,27.426181474442128,Middle,Right
13317,443.9,1373,552,0.542211651802063,False,-11.566823806387081,-16.38060346286736,20.05281982105522,Middle,Right
13318,443.93333333333334,1363,543,0.5723553895950317,False,-10.549697657490768,-11.936952476189754,15.930692234905516,Middle,Right
13319,443.96666666666664,1363,543,0.5732383131980896,False,-5.915650853558142,-6.106922083924655,8.502318646129996,Middle,Right
13321,444.03333333333336,1360,543,0.5562689304351807,False,-3.8594337679315265,-2.4906566838183073,4.59332120863531,Middle,Right
13322,444.06666666666666,1370,554,0.44180095195770264,False,2.356712307586955,3.8477632623888223,4.512136414617903,Middle,Right
13324,444.1333333333333,1391,587,0.326814204454422,False,11.333145391056705,17.281622733338402,20.66626886383385,Middle,Right
13325,444.1666666666667,1391,587,0.3233174979686737,False,8.148807474789841,12.380643481271552,14.821720422121805,Middle,Right
13326,444.2,1402,607,0.6568775177001953,False,8.784944553486572,14.723513043834933,17.145176789984138,Middle,Right
13327,444.23333333333335,1412,632,0.5334173440933228,False,9.411128223618395,19.478428352111912,21.632810855497812,Middle,Right
13328,444.26666666666665,1424,657,0.5574418306350708,False,10.615402407468903,22.65609200360214,25.019697702973577,Middle,Right
13329,444.3,1430,651,0.5509129166603088,False,8.881867860923865,11.12697093495732,14.237171730589516,Middle,Right
13330,444.3333333333333,1437,642,0.5460853576660156,False,7.778729084945166,0.5777756578021691,7.800157106605006,Middle,Right
13331,444.3666666666667,1437,642,0.54636150598526,False,4.2989360003465675,-1.5454702749597091,4.568296083427581,Middle,Right
13332,444.4,1444,635,0.5280569195747375,False,4.8190700667219355,-4.225995370364021,6.409561075324386,Middle,Right
13333,444.43333333333334,1452,630,0.4978502690792084,False,6.254348485031197,-5.030234292711004,8.026215298120142,Middle,Right
13334,444.46666666666664,1459,629,0.5355998873710632,False,6.824774893968005,-3.4724212155227265,7.6573664827634005,Middle,Right
13335,444.5,1465,630,0.5143061876296997,False,6.578275404529314,-1.3071607676739991,6.706890230977497,Middle,Right
13336,444.53333333333336,1473,633,0.539758026599884,False,7.134445623232244,0.896565074729601,7.1905593164984465,Middle,Right
13337,444.56666666666666,1473,633,0.5389557480812073,False,4.222205122937311,0.9107423624700566,4.31931334252976,Middle,Right
13338,444.6,1481,639,0.585368275642395,False,5.297919914098629,3.0613543805265566,6.118810837031323,Middle,Right
13339,444.6333333333333,1488,647,0.5573918223381042,False,6.207980478564239,5.529009219940326,8.313180172257775,Middle,Right
13340,444.6666666666667,1495,658,0.574591875076294,False,6.704408564479961,8.277839919554788,10.652310919854296,Middle,Right
13341,444.7,1499,670,0.5752885341644287,False,5.651365641721124,10.33861237758182,11.782395321423992,Middle,Right
13342,444.73333333333335,1502,683,0.26066192984580994,False,4.344667387900624,11.82907136438402,12.60170877520891,Middle,Right
13343,444.76666666666665,1502,683,0.266976922750473,False,2.278066593784901,7.101758669413857,7.458187688997483,Middle,Right
13347,444.9,1256,455,0.5224803686141968,False,-102.88391799159967,-92.9727530797139,138.6687902756913,Middle,Right
13348,444.93333333333334,1244,441,0.45859646797180176,False,-83.25839680933757,-77.46837391938655,113.72470970275107,Middle,Right
13349,444.96666666666664,1244,441,0.45881518721580505,False,-44.620132516278595,-42.00817284921399,61.283299616614165,Middle,Right
13350,445.0,1230,431,0.4751536548137665,False,-24.812366899643948,-22.180723142723462,33.28119634713715,Middle,Right
13372,445.73333333333335,1566,790,0.5356935858726501,False,131.0090219274025,142.24129798524683,193.38032650428124,Back,Right
13373,445.76666666666665,1566,790,0.5353121757507324,False,103.4725535098771,111.4961165685637,152.11164761360362,Back,Right
13374,445.8,727,643,0.5632442235946655,False,-299.23428247950505,-3.0879194792721876,299.25021479981376,Middle,Left
13375,445.8333333333333,1567,790,0.4770354926586151,False,109.87283650799327,39.847998871439515,116.87558862470154,Back,Right
13376,445.8666666666667,1567,789,0.4625470042228699,False,136.3813420454622,30.255963665986528,139.6971502768716,Back,Right
13377,445.9,1567,789,0.483028769493103,False,83.53975770564145,15.776597212122761,85.01642274943612,Back,Right
13378,445.93333333333334,1567,789,0.5061659216880798,False,38.86517513851839,6.538021496112451,39.41126188834019,Back,Right
13379,445.96666666666664,1567,789,0.5058019161224365,False,14.501930061136832,2.1325520299504106,14.657890491423032,Back,Right
13380,446.0,1567,789,0.5274917483329773,False,4.0405205417639465,0.4475890793674533,4.06523581510168,Back,Right
13381,446.03333333333336,1567,789,0.5219792127609253,False,0.471350145538171,-0.04151260427706732,0.4731746569848383,Back,Right
13382,446.06666666666666,1567,789,0.4984932243824005,False,-0.36345898101872065,-0.1111260820525715,0.3800676742312105,Back,Right
13383,446.1,1567,788,0.4950505495071411,False,-0.3587735672541553,-0.49870604526798784,0.6143502194571987,Back,Right
13384,446.1333333333333,1567,788,0.49481600522994995,False,-0.20650682117549116,-0.35725974114154785,0.41264947574488936,Back,Right
13385,446.1666666666667,1567,788,0.49185991287231445,False,-0.09221705122165254,-0.18126751137433306,0.2033762405392057,Back,Right
13386,446.2,581,639,0.5046151876449585,False,-416.2062189408386,-62.96368764831748,420.94185185997384,Middle,Left
13387,446.23333333333335,565,651,0.5507217049598694,False,-321.4184032147591,-42.50774474082263,324.2170542832015,Middle,Left
13388,446.26666666666665,548,670,0.5071303844451904,False,-176.04195136125927,-12.902106144174748,176.5141155319753,Middle,Left
13389,446.3,531,691,0.5677353739738464,False,-83.01380011934343,6.681728247440201,83.28227003766735,Middle,Left
13390,446.3333333333333,513,718,0.5480129718780518,False,-38.999317918725815,18.746644307106116,43.27104656583895,Back,Left
13391,446.3666666666667,513,718,0.5486725568771362,False,-14.697052777045158,12.98342299555536,19.61052352724849,Back,Left
13392,446.4,495,747,0.5268389582633972,False,-11.76163310675373,18.71700035787217,22.105703239989275,Back,Left
13394,446.46666666666664,462,710,0.5515611171722412,False,-20.20301929276527,-3.7787097536684335,20.55336069712967,Middle,Left
13395,446.5,448,668,0.5981123447418213,False,-19.08869699583224,-23.91893665234532,30.602187561963657,Middle,Left
13396,446.53333333333336,436,633,0.6253547668457031,False,-15.898161954983129,-32.184112566744496,35.896638495209466,Middle,Left
13397,446.56666666666666,436,633,0.6249243021011353,False,-8.619421699057742,-20.07223452498556,21.84465676663769,Middle,Left
13399,446.6333333333333,581,656,0.5511783361434937,False,57.517372383944746,0.26557384834372044,57.51798549516746,Middle,Left
13411,447.03333333333336,740,609,0.46422645449638367,False,112.13391456914877,-16.06114140489711,113.27830798449126,Middle,Left
13417,447.23333333333335,779,594,0.3376239836215973,False,90.99550630438651,-18.521915128955076,92.86142098652087,Middle,Left
13418,447.26666666666665,779,594,0.39796707034111023,False,48.8220176944385,-11.14253565517442,50.077395225619505,Middle,Left
13419,447.3,779,595,0.35814782977104187,False,20.701743071119044,-4.7027216541072185,21.229172314026616,Middle,Left
13420,447.3333333333333,779,595,0.307456910610199,False,6.954173058432659,-1.570509461322703,7.129307322225264,Middle,Left
13421,447.3666666666667,779,595,0.3072640299797058,False,1.5697598198977394,-0.3496101594727783,1.608220493518213,Middle,Left
13422,447.4,779,595,0.32345688343048096,False,-0.05206076524846215,0.015461739178672607,0.054308274293009745,Middle,Left
13423,447.43333333333334,778,594,0.38155120611190796,False,-0.7411024246631958,-0.3481079617434763,0.8187868812278719,Middle,Left
13425,447.5,1392,579,0.4325658679008484,False,258.60756704912257,-6.597185555670343,258.6917018234685,Middle,Right
13426,447.53333333333336,1381,557,0.49112722277641296,False,191.0148428186664,-14.211738650698091,191.54279859215688,Middle,Right
13427,447.56666666666666,1381,557,0.4897889792919159,False,98.34894557019287,-9.569773262225988,98.8134386359425,Middle,Right
13428,447.6,1373,552,0.5306898355484009,False,36.95216115214213,-6.813969429417014,37.57515659580026,Middle,Right
13429,447.6333333333333,1363,543,0.5675806403160095,False,6.196421049153038,-7.245698210950826,9.533927647227182,Middle,Right
13431,447.7,1360,543,0.4841473400592804,False,-3.1644721943333938,-4.264330258593812,5.310216268954399,Middle,Right
13433,447.76666666666665,1370,555,0.2532683312892914,False,0.7243436518375326,3.1316993415225545,3.2143762212364213,Middle,Right
13435,447.8333333333333,1390,586,0.3496411442756653,False,9.553066213463676,16.21204889183411,18.817321896328416,Middle,Right
13436,447.8666666666667,1402,608,0.6502968072891235,False,12.158742585952496,20.98535260522327,24.25324813786817,Middle,Right
13437,447.9,1412,632,0.5464054942131042,False,11.71178583807924,23.10816351041918,25.906623638392208,Middle,Right
13438,447.93333333333334,1423,656,0.5236377716064453,False,11.331726586875048,23.86277840854941,26.41666558851103,Middle,Right
13439,447.96666666666664,1423,656,0.5242378115653992,False,6.481094856628581,13.92515601400604,15.359510426931779,Middle,Right
13440,448.0,1431,651,0.5509502291679382,False,6.258040606811267,4.166756908249779,7.518306682288638,Middle,Right
13441,448.03333333333336,1437,642,0.5769742727279663,False,6.109388283184946,-3.129193778557025,6.864144440385669,Middle,Right
13442,448.06666666666666,1444,635,0.525745153427124,False,6.458816905461248,-6.062792896411439,8.85854240397646,Middle,Right
13443,448.1,1452,630,0.5098364949226379,False,7.171575189362919,-6.136837881215193,9.438870158922812,Middle,Right
13444,448.1333333333333,1459,628,0.5749233365058899,False,7.226136759298608,-4.403942632436641,8.46237337712533,Middle,Right
13445,448.1666666666667,1459,628,0.5752713680267334,False,4.185831660742886,-2.2363942752532022,4.745802992799305,Middle,Right
13446,448.2,1466,629,0.4555087983608246,False,4.832001443725578,-0.4842125677999465,4.8562021954384775,Middle,Right
13447,448.23333333333335,1474,633,0.5411192178726196,False,6.284275469809955,1.720652271374714,6.515578440893955,Middle,Right
13448,448.26666666666665,1481,639,0.5972518920898438,False,6.845098052457563,3.919694382737297,7.887925671671903,Middle,Right
13449,448.3,1489,647,0.5507388114929199,False,7.432474439360802,6.033686974153658,9.573246826120341,Middle,Right
13450,448.3333333333333,1495,658,0.5750941634178162,False,6.9324953421471465,8.506495857777622,10.973603029419268,Middle,Right
13451,448.3666666666667,1495,658,0.574817419052124,False,3.917337720838362,5.356593098299619,6.636160368756484,Middle,Right
13452,448.4,1499,670,0.5750182867050171,False,3.4150668733108294,7.599492022173122,8.331564123515939,Middle,Right
13453,448.43333333333334,1502,683,0.5701254606246948,False,3.150393081628369,10.278532096179529,10.750497598760935,Middle,Right
13454,448.46666666666664,1406,665,0.5498031377792358,False,-38.74639938067824,-1.1800591439817598,38.764365137975865,Middle,Right
13458,448.6,1256,455,0.5205901861190796,False,-93.16865447099127,-91.36067850709895,130.48820541800876,Middle,Right
13459,448.6333333333333,1244,441,0.4431873559951782,False,-68.60431063783498,-74.77409530363207,101.4776663437291,Middle,Right
13460,448.6666666666667,1230,431,0.501631498336792,False,-41.180563994804864,-44.479127798939686,60.615440777780606,Middle,Right
13484,449.46666666666664,727,643,0.5810888409614563,False,-231.220799742089,69.17336548367808,241.34625069743623,Middle,Left
13485,449.5,1567,789,0.400797575712204,False,187.06634003049504,121.8481381578188,223.2504968525976,Back,Right
13486,449.53333333333336,1567,789,0.3969167172908783,False,182.6282768461234,79.80237831675129,199.3025516364359,Back,Right
13487,449.56666666666666,1567,789,0.3934280276298523,False,104.7534311981931,38.62859281621764,111.64877756050764,Back,Right
13488,449.6,1567,789,0.3737461268901825,False,46.66516427041932,14.988884535742564,49.013306519873176,Back,Right
13489,449.6333333333333,1567,789,0.47112685441970825,False,16.619984768481114,4.450840758691799,17.205635040990973,Back,Right
13490,449.6666666666667,1567,788,0.5008313655853271,False,4.25232455347358,0.2727462957274742,4.261062619805926,Back,Right
13491,449.7,1567,788,0.5116215348243713,False,0.25415000494135986,-0.5867176396159052,0.6393980087927648,Back,Right
13492,449.73333333333335,1567,788,0.48018884658813477,False,-0.5654113845692298,-0.4921910090027593,0.7496279231349695,Back,Right
13493,449.76666666666665,1567,788,0.4815952479839325,False,-0.4727689684318377,-0.2676055685252945,0.5432524623210189,Back,Right
13494,449.8,1567,788,0.4990530014038086,False,-0.2567169098023723,-0.11464325540876069,0.28115235689781737,Back,Right
13495,449.8333333333333,1567,788,0.4961152970790863,False,-0.109870760913166,-0.039003565713830984,0.1165884309956662,Back,Right
13496,449.8666666666667,1567,787,0.43645206093788147,False,-0.03733507393429275,-0.43114780389950136,0.43276129280822007,Back,Right
13497,449.9,565,651,0.5355983376502991,False,-422.9352593682572,-57.722241681535344,426.85605395922005,Middle,Left
13498,449.93333333333334,547,671,0.5279869437217712,False,-327.3599788247036,-35.123662088127766,329.2388606689547,Middle,Left
13499,449.96666666666664,547,671,0.5277372002601624,False,-172.16000107000983,-16.272563074738184,172.92733236087093,Middle,Left
13500,450.0,531,691,0.5422288179397583,False,-78.59817406890006,2.3958397652403427,78.63468074040755,Middle,Left
13501,450.03333333333336,513,718,0.5400546193122864,False,-36.35237383696444,16.106666680590493,39.76078212437553,Back,Left
13502,450.06666666666666,495,746,0.5162106156349182,False,-21.079918275881877,23.56926682096449,31.620773124572338,Back,Left
13504,450.1333333333333,462,708,0.3438299596309662,False,-23.39033272700185,-1.0885505920845304,23.41564877323243,Middle,Left
13505,450.1666666666667,462,708,0.346598744392395,False,-13.929292628887419,-5.021971108641031,14.806937122754407,Middle,Left
13506,450.2,448,668,0.5973568558692932,False,-12.273618743313213,-20.486335875144107,23.88161792352909,Middle,Left
13507,450.23333333333335,436,633,0.6052854061126709,False,-11.863164835641177,-29.367330693712436,31.672934691806788,Middle,Left
13509,450.3,581,653,0.5717689394950867,False,54.419146420509115,-10.11242835764827,55.35074258242051,Middle,Left
13521,450.7,740,609,0.48342761397361755,False,110.36931978751657,-20.985447386663516,112.34667664144551,Middle,Left
13527,450.9,779,594,0.26325124502182007,False,90.21330717255925,-20.396162482805124,92.4902385932457,Middle,Left
13532,451.06666666666666,1489,659,0.4953118860721588,False,348.22352106306914,15.75304139657191,348.5796593819035,Middle,Right
13533,451.1,1488,659,0.4918444752693176,False,246.78785000628335,15.54406955998442,247.27689137727657,Middle,Right
13534,451.1333333333333,1489,680,0.54198157787323,False,124.973985862589,17.80969291251773,126.236612375415,Middle,Right
13535,451.1666666666667,1489,708,0.4655694365501404,False,50.523084144611715,22.514471522150064,55.312597655554214,Middle,Right
13536,451.2,1485,720,0.49575600028038025,False,14.246152573655436,18.91467090562618,23.679477161035692,Back,Right
13537,451.23333333333335,1476,711,0.5093429684638977,False,-2.0285057001241995,6.491061096769744,6.800640377011124,Middle,Right
13538,451.26666666666665,1468,704,0.5242303609848022,False,-7.448357327202142,-1.4165895388415697,7.581870006485287,Middle,Right
13539,451.3,1468,704,0.5224389433860779,False,-5.270102495236671,-2.2274482906415685,5.721495101613025,Middle,Right
13540,451.3333333333333,1459,699,0.5078604817390442,False,-6.4563628258489665,-3.5421510769857205,7.364200920072425,Middle,Right
13541,451.3666666666667,1451,697,0.5602511763572693,False,-7.319241503783871,-3.1254552035132637,7.958628425795523,Middle,Right
13542,451.4,1441,698,0.5421393513679504,False,-8.604467523123557,-1.3099371391822316,8.703608255493636,Middle,Right
13543,451.43333333333334,1432,703,0.551692545413971,False,-9.000382461000278,1.6768175816855795,9.155249949975769,Middle,Right
13544,451.46666666666664,1422,712,0.4941500425338745,False,-9.492837137437837,5.299905353659471,10.872118177966394,Middle,Right
13545,451.5,1422,712,0.4948066771030426,False,-5.573809839073491,3.7083744488902375,6.694729059143053,Middle,Right
13546,451.53333333333336,1412,722,0.48895683884620667,False,-6.743838215084062,6.080422176812925,9.080247117755475,Back,Right
13547,451.56666666666666,1403,735,0.4809413552284241,False,-7.904569238637493,9.423643280896064,12.29988892364446,Back,Right
13548,451.6,1393,751,0.46704259514808655,False,-8.995802162838787,12.795014803834613,15.640871471349731,Back,Right
13549,451.6333333333333,1381,767,0.3544473648071289,False,-10.458228376481943,14.748404705005235,18.080099062706285,Back,Right
13556,451.8666666666667,1315,788,0.4466841220855713,False,-34.161971361593494,17.735096720109595,38.491219037359365,Back,Right
13557,451.9,1315,788,0.4468845725059509,False,-23.96570994675312,10.781513710220901,26.27919882978898,Back,Right
13558,451.93333333333334,1304,798,0.2819555401802063,False,-16.676610911338436,9.212844744106023,19.052187794769768,Back,Right
13560,452.0,1401,724,0.43737825751304626,False,32.60286957224665,-26.189299839218087,41.81897333045605,Back,Right
13567,452.23333333333335,1308,817,0.47893211245536804,False,-11.632579948115442,17.811391678088306,21.27351850915995,Back,Right
13568,452.26666666666665,1314,816,0.32439306378364563,False,-12.070881555007787,17.71031457303899,21.432718534778186,Back,Right
13569,452.3,1314,816,0.32189229130744934,False,-7.054059413894897,10.217094529280917,12.415666507885158,Back,Right
13571,452.3666666666667,1323,811,0.33972984552383423,False,0.6158420187951972,2.4592821096935706,2.535217917097582,Back,Right
13572,452.4,1326,810,0.3023194670677185,False,2.9885736859617724,-0.3829022309497261,3.0130029530170415,Back,Right
13610,453.6666666666667,1346,502,0.38311535120010376,False,10.591508675292909,-130.72902289532894,131.15737677761874,Middle,Right
13611,453.7,1346,502,0.3808196783065796,False,7.475508982398443,-98.77222676280346,99.05471222626709,Middle,Right
13612,453.73333333333335,1339,480,0.5090548396110535,False,0.8105243045209862,-60.67480009345875,60.68021354633981,Middle,Right
13613,453.76666666666665,1332,462,0.5612733364105225,False,-3.673551778830917,-35.87532313018144,36.062914363188725,Middle,Right
13614,453.8,1326,445,0.49073123931884766,False,-5.45435895775849,-23.49026491645133,24.115193913488326,Middle,Right
13615,453.8333333333333,1320,433,0.5028384327888489,False,-6.001921646200567,-16.433983320279037,17.49568150196901,Middle,Right
13616,453.8666666666667,1315,423,0.501429557800293,False,-5.676578369466789,-12.461210065473164,13.69325740211393,Middle,Right
13617,453.9,1315,423,0.5016942024230957,False,-3.2226332466550716,-6.493788307260072,7.2494587123422,Middle,Right
13618,453.93333333333334,1309,415,0.4172663688659668,False,-3.9577318590940673,-6.066416225994016,7.243276005751241,Middle,Right
13624,454.1333333333333,1309,417,0.400481641292572,False,-2.4182031918401705,-2.5855857111219263,3.540192105886892,Middle,Right
13625,454.1666666666667,1314,424,0.5222226977348328,False,0.98716266820959,2.0804441385119135,2.3027674539508447,Middle,Right
13626,454.2,1320,434,0.515812337398529,False,3.7096714237173405,6.254419555640869,7.2718241212180015,Middle,Right
13627,454.23333333333335,1326,444,0.46749356389045715,False,5.16140359750094,8.578971980704141,10.01193524459694,Middle,Right
13628,454.26666666666665,1332,460,0.501121997833252,False,5.773991706936697,12.125384948747225,13.42996427348485,Middle,Right
13629,454.3,1332,460,0.5035468935966492,False,3.4460259652395457,7.639279068369171,8.380553659366933,Middle,Right
13639,454.6333333333333,1382,669,0.5510016679763794,False,22.680905489382233,91.83088770504003,94.59035580075783,Middle,Right
13640,454.6666666666667,1387,654,0.5060473084449768,False,18.644868524969446,61.738482944242314,64.4924134962392,Middle,Right
13641,454.7,1387,654,0.5038624405860901,False,10.056162456901342,30.318683563444534,31.942901815268346,Middle,Right
13642,454.73333333333335,1391,642,0.2765367031097412,False,5.969853838457843,6.859160384860203,9.093252225567342,Middle,Right
13643,454.76666666666665,1396,630,0.3667111098766327,False,4.832505027657447,-5.280358245418556,7.157882930189222,Middle,Right
13645,454.8333333333333,1405,614,0.4468826651573181,False,6.388908706153135,-11.96762957939613,13.56621952517342,Middle,Right
13651,455.03333333333336,1168,297,0.26563650369644165,False,-96.06399694595498,-141.90779825500886,171.36544200864054,Front,Right
13684,456.1333333333333,392,182,0.48633626103401184,False,-401.3053970083357,-153.6997961797379,429.7320665411309,Front,Left
13685,456.1666666666667,350,225,0.4882013201713562,False,-304.02874835921386,-72.77705290694851,312.61794455643616,Front,Left
13686,456.2,306,273,0.5356305241584778,False,-176.94499584361677,-7.3825027314321545,177.0989353459731,Front,Left
13687,456.23333333333335,260,326,0.42433393001556396,False,-99.03498614746846,29.754165028160372,103.4081177555818,Front,Left
13690,456.3333333333333,218,431,0.5301685929298401,False,-61.081572356798496,68.13014123326775,91.50232033147476,Middle,Left
13691,456.3666666666667,232,477,0.4358149468898773,False,-22.629422282430596,65.62621501113313,69.41823139150148,Middle,Left
13692,456.4,246,526,0.5022013187408447,False,-0.3183978918702408,58.162498168101834,58.16336966142863,Middle,Left
13693,456.43333333333334,262,589,0.4040083587169647,False,10.544100326771092,58.874634822608314,59.81137581761932,Middle,Left
13702,456.73333333333335,377,892,0.4450325071811676,False,56.56829438930809,162.04253441573724,171.63261604366116,Back,Left
13706,456.8666666666667,450,793,0.45643511414527893,False,71.70320403033683,70.24079576744305,100.37489157284185,Back,Left
13707,456.9,450,793,0.4582900106906891,False,44.13487912338254,24.238580289851477,50.35271918877038,Back,Left
13708,456.93333333333334,469,777,0.40720653533935547,False,28.614492048724077,-0.9408775499738091,28.6299564402487,Back,Left
13715,457.1666666666667,592,791,0.4521560072898865,False,65.687944960884,0.8795937879887292,65.69383379295193,Back,Left
13716,457.2,613,808,0.2903863489627838,False,53.43071669554645,8.008057679904503,54.027497391647,Back,Left
13717,457.23333333333335,636,832,0.5038015246391296,False,38.4027763542166,16.027937129324215,41.61331518076332,Back,Left
13720,457.3333333333333,680,893,0.3717353343963623,False,38.08798470077047,36.43862546201243,52.71117532484877,Back,Left
13727,457.56666666666666,790,1029,0.5910825729370117,False,68.3847023492494,82.09797072416579,106.84823027276315,Back,Left
13734,457.8,875,992,0.3810582756996155,False,80.79519663711001,39.963184710815256,90.1383377473759,Back,Left
13735,457.8333333333333,889,1002,0.2594320476055145,False,54.81309110188586,19.809787342435165,58.28295317411553,Back,Left
13736,457.8666666666667,903,998,0.4915326237678528,False,32.95779672448078,6.169694174912852,33.53030705412865,Back,Left
13737,457.9,903,998,0.4915067255496979,False,15.153290376335313,1.135543083394544,15.195777944013976,Back,Left
13738,457.93333333333334,917,987,0.5127009153366089,False,11.494570098359606,-4.883508628492353,12.488947044113127,Back,Left
13739,457.96666666666664,931,978,0.5114768743515015,False,11.900253926003797,-7.69332300209566,14.170506777033168,Back,Left
13740,458.0,944,974,0.4589141309261322,False,12.436711461592909,-6.635014724244778,14.095928928944748,Back,Left
13741,458.03333333333336,958,975,0.45444875955581665,False,13.192119936870698,-3.223867661754226,13.580329566298676,Back,Left
13742,458.06666666666666,973,981,0.5355522632598877,False,14.089773094969981,1.277072993910787,14.147530572489186,Back,Right
13743,458.1,973,981,0.5351359248161316,False,8.302647412099807,1.5399016284387714,8.444243665060595,Back,Right
13744,458.1333333333333,985,973,0.3923642635345459,False,8.832237819542314,-2.439899468058581,9.163052674474054,Back,Right
13771,459.03333333333336,1172,988,0.5870074033737183,False,84.12807010913718,4.2121600206715755,84.23345221660837,Back,Right
13772,459.06666666666666,1179,988,0.5000019073486328,False,64.98788862477109,3.6193694952596482,65.088597338158,Back,Right
13773,459.1,1179,988,0.5014152526855469,False,34.14775002117841,1.9860894279092323,34.20545837617942,Back,Right
13774,459.1333333333333,1185,989,0.5162618160247803,False,16.772797701055786,1.2789036940114398,16.821484398800788,Back,Right
13775,459.1666666666667,1192,990,0.2677546739578247,False,9.552461327221742,1.0351956674079648,9.608389432047765,Back,Right
13776,459.2,1197,990,0.5429695248603821,False,6.344618519864579,0.5548402948381971,6.3688328534657535,Back,Right
13793,459.76666666666665,1290,1009,0.3505420684814453,False,42.34884470653225,8.254641284083258,43.1458427975034,Back,Right
13795,459.8333333333333,1302,1010,0.30526605248451233,False,35.9534122935746,6.564331748205991,36.54775378668662,Back,Right
13798,459.93333333333334,1316,1013,0.296982079744339,False,25.54789323644468,4.758755199499053,25.98731613440555,Back,Right
13799,459.96666666666664,1322,1015,0.4531824290752411,False,15.443290215580062,3.2726631346489485,15.786245173426174,Back,Right
13801,460.03333333333336,1335,1016,0.3251189887523651,False,12.611849050676911,2.048659301407173,12.777157015952422,Back,Right
13802,460.06666666666666,1341,1017,0.29381421208381653,False,9.316672269467407,1.3879779515768977,9.419493880815814,Back,Right
13803,460.1,1341,1017,0.2928586006164551,False,4.797220940035296,0.684434078580252,4.845800115092978,Back,Right
13804,460.1333333333333,1347,1019,0.2528995871543884,False,4.499736397641723,1.114372488959421,4.635671870658159,Back,Right
13805,460.1666666666667,1353,1020,0.37876108288764954,False,5.079973381996312,1.1426929394817422,5.2069066359723095,Back,Right
13806,460.2,1358,1020,0.29498234391212463,False,5.149589321529571,0.6654277048053694,5.192404472952192,Back,Right
13807,460.23333333333335,1366,1024,0.2596392333507538,False,6.365099946103199,1.9878656035422062,6.668291159032362,Back,Right
13810,460.3333333333333,1377,1025,0.38521915674209595,False,8.537957448969149,1.8065019333856147,8.726979238873765,Back,Right
13811,460.3666666666667,1383,1026,0.4128803312778473,False,7.853832532363143,1.43378104087078,7.983634104815059,Back,Right
13816,460.53333333333336,1407,1030,0.4478130638599396,False,14.546966992480586,2.4505354379452777,14.751927759209822,Back,Right
13826,460.8666666666667,1459,1039,0.4321586489677429,False,31.547640473005742,5.396087865925323,32.00580234380661,Back,Right
13827,460.9,1459,1039,0.43221595883369446,False,21.260666346917127,3.64325466015596,21.570564156592717,Back,Right
13837,461.23333333333335,800,340,0.558055579662323,False,-267.6980771376319,-293.24239850929246,397.05587111471885,Front,Left
13838,461.26666666666665,785,310,0.4213413894176483,False,-212.51769255569812,-235.02364842068138,316.85940883326515,Front,Left
13839,461.3,785,310,0.421835720539093,False,-112.98712283999036,-125.45241421821721,168.83245588700717,Front,Left
13856,461.8666666666667,420,435,0.5018273591995239,False,-201.6256050808226,-0.22033967616394534,201.62572547614238,Middle,Left
13857,461.9,420,435,0.5010983943939209,False,-132.31424115561757,22.183205054280457,134.16092202674807,Middle,Left
13890,463.0,1311,546,0.5327721834182739,False,311.95679909975036,63.662486455816925,318.3864894845557,Middle,Right
13891,463.03333333333336,1310,521,0.46760299801826477,False,259.01170879197485,33.62929054827255,261.1857470730724,Middle,Right
13901,463.3666666666667,1477,635,0.5756309032440186,False,210.74282447609264,62.20183416473014,219.73075852419427,Middle,Right
13902,463.4,1489,658,0.5083538889884949,False,118.257693255779,50.745729453072876,128.68570655633198,Middle,Right
13903,463.43333333333334,1489,680,0.5306657552719116,False,51.86663966889215,36.57171567336777,63.4636801472807,Middle,Right
13904,463.46666666666664,1489,708,0.4402983784675598,False,18.14683751604794,30.428593613966402,35.42890093070574,Middle,Right
13905,463.5,1489,708,0.4392551779747009,False,4.480072363012246,16.490799336808777,17.088519864070115,Middle,Right
13906,463.53333333333336,1485,720,0.501291036605835,False,-1.5340005022300982,12.112243755326851,12.2089969419808,Back,Right
13907,463.56666666666666,1476,711,0.47809189558029175,False,-5.756696440470827,2.42108100861528,6.245093046385064,Middle,Right
13908,463.6,1467,704,0.5118154883384705,False,-7.877926347807181,-3.281907255074974,8.534204050313559,Middle,Right
13909,463.6333333333333,1459,699,0.4976464807987213,False,-8.307356208575802,-5.023091846501129,9.707915269230003,Middle,Right
13910,463.6666666666667,1451,698,0.5344010591506958,False,-8.254131019830762,-3.63521370172443,9.019171666496732,Middle,Right
13911,463.7,1451,698,0.5341235399246216,False,-4.760724997453261,-1.853598362086338,5.108848147019591,Middle,Right
13912,463.73333333333335,1441,698,0.5175094604492188,False,-6.349768164455231,-0.7538258794350265,6.394357606424209,Middle,Right
13913,463.76666666666665,1432,703,0.5474321842193604,False,-7.7514782244648455,1.870691401408131,7.974014107314772,Middle,Right
13914,463.8,1422,711,0.4995345175266266,False,-8.950259457140803,4.925332098942833,10.215969882248821,Middle,Right
13915,463.8333333333333,1412,722,0.48299840092658997,False,-9.606903683250577,8.033537946831098,12.523191698701602,Back,Right
13916,463.8666666666667,1403,735,0.48707035183906555,False,-9.467723819469281,10.683532389639197,14.275001178361276,Back,Right
13917,463.9,1403,735,0.4875147044658661,False,-5.446768452953574,6.646306980826171,8.593060168733194,Back,Right
13918,463.93333333333334,1392,751,0.49121177196502686,False,-7.074342356728623,9.875090370960226,12.147581224870903,Back,Right
13919,463.96666666666664,1381,769,0.3029244542121887,False,-9.021251643139975,13.879691396021663,16.553815706889257,Back,Right
13924,464.1333333333333,1338,771,0.33308956027030945,False,-23.70993354277546,9.578916295605875,25.571792780347895,Back,Right
13925,464.1666666666667,1328,779,0.3068632483482361,False,-20.540052696627935,8.146284943601785,22.096509298135885,Back,Right
13926,464.2,1315,787,0.4563501179218292,False,-16.792803212339326,7.829312224148972,18.52825867780247,Back,Right
13927,464.23333333333335,1304,798,0.49241217970848083,False,-13.680176760734629,9.111134031493078,16.436544635195535,Back,Right
13935,464.5,1298,818,0.2573401927947998,False,-9.883983445240803,13.935494304719434,17.08482163391418,Back,Right
13936,464.53333333333336,1303,818,0.3896338641643524,False,-2.9254099358836676,8.91304394576116,9.380851543012316,Back,Right
13937,464.56666666666666,1308,817,0.48461589217185974,False,1.6594612583980526,3.834154621111109,4.177864685064814,Back,Right
13938,464.6,1313,816,0.26331570744514465,False,3.8862552494736895,0.8889204929016992,3.9866225688874044,Back,Right
13940,464.6666666666667,1323,810,0.3191470801830292,False,6.863470889535694,-2.543475903332531,7.319597142079415,Back,Right
13941,464.7,1323,810,0.31347930431365967,False,4.4969219909725275,-2.081413115208479,4.955258615759039,Back,Right
13942,464.73333333333335,1326,809,0.29283520579338074,False,3.4434883300927037,-1.5426494855923698,3.7732451967614082,Back,Right
13943,464.76666666666665,1331,807,0.3861422836780548,False,3.9127915894092626,-1.6397064339430314,4.24247277088092,Back,Right
13980,466.0,1345,501,0.550732433795929,False,8.254033190822982,-130.122132942179,130.38365904260132,Middle,Right
13981,466.03333333333336,1339,480,0.5032073855400085,False,3.0110638373807213,-106.95320185219703,106.99557884263061,Middle,Right
13982,466.06666666666666,1332,461,0.5588448643684387,False,-2.148484212085103,-65.70207160607873,65.73719036998673,Middle,Right
13983,466.1,1332,461,0.5584654808044434,False,-2.160838742355784,-30.621344084433858,30.697490737970067,Middle,Right
13984,466.1333333333333,1326,445,0.4920966327190399,False,-3.7834822988925723,-18.200174067190872,18.58927309988426,Middle,Right
13985,466.1666666666667,1320,433,0.5103892683982849,False,-5.008115268512078,-13.37031347922507,14.27748230870735,Middle,Right
13986,466.2,1315,423,0.5157315135002136,False,-5.222862711835682,-11.087306355096864,12.255882551593535,Middle,Right
13987,466.23333333333335,1309,418,0.34297341108322144,False,-5.589136742154507,-8.111235326236901,9.850410551854928,Middle,Right
13993,466.43333333333334,1309,417,0.3012256324291229,False,-3.2953132985143525,-4.5795100381677845,5.641897014750008,Middle,Right
13994,466.46666666666664,1314,425,0.4911446273326874,False,0.6146456555249467,1.3592697841331445,1.4917786792661494,Middle,Right
13995,466.5,1314,425,0.4907270669937134,False,1.0517877279271421,1.8435608011723257,2.1224923680044854,Middle,Right
13996,466.53333333333336,1320,434,0.5172663331031799,False,3.2182196672694516,4.950446304270047,5.9045623409581225,Middle,Right
13997,466.56666666666666,1326,445,0.4349439740180969,False,4.7783179185870335,8.057359486571581,9.367676554350869,Middle,Right
13998,466.6,1331,460,0.3184170424938202,False,5.14982313123572,11.541233863512797,12.638067786465818,Middle,Right
14009,466.96666666666664,1388,541,0.25026947259902954,False,27.1010573044512,41.479224095667725,49.54788934553893,Middle,Right
14012,467.06666666666666,420,435,0.4620591402053833,False,-389.00293429709774,-15.435606384871193,389.30905568227,Middle,Left
14013,467.1,1388,541,0.26707687973976135,False,109.63375736805875,25.68064953363433,112.60131666684777,Middle,Right
14015,467.1666666666667,1388,541,0.2553388476371765,False,152.19318848105888,22.166306762377204,153.79893294660704,Middle,Right
14046,468.2,1311,546,0.5530528426170349,False,63.03688345865379,14.294617342882086,64.6373325653165,Middle,Right
14047,468.23333333333335,1310,521,0.49368223547935486,False,20.124523916544874,-3.6933203409676043,20.46062262025747,Middle,Right
14056,468.53333333333336,1476,636,0.5340418219566345,False,74.05101009741887,43.20043035421252,85.73114532792151,Middle,Right
14057,468.56666666666666,1476,636,0.5359533429145813,False,52.40257596197314,33.32057715453162,62.09904048664085,Middle,Right
14058,468.6,1488,658,0.504494309425354,False,31.49261191914149,26.782229041138855,41.34092884662455,Middle,Right
14059,468.6333333333333,1489,680,0.5337361097335815,False,14.897030779149055,23.598903970905734,27.907522187807086,Middle,Right
14060,468.6666666666667,1489,707,0.35573750734329224,False,5.65269337355025,24.467326104651853,25.111809753316408,Middle,Right
14061,468.7,1485,720,0.4965282380580902,False,-0.06845086530504663,19.781881635411573,19.78200006466471,Back,Right
14062,468.73333333333335,1476,710,0.4997963607311249,False,-4.857543285431078,6.376743619010185,8.016145330046335,Middle,Right
14063,468.76666666666665,1476,710,0.5000306367874146,False,-3.660453551876349,1.2970586956813834,3.8834625613602705,Middle,Right
14064,468.8,1468,704,0.5117947459220886,False,-5.278834077493206,-2.687865733515962,5.923741336276665,Middle,Right
14065,468.8333333333333,1459,699,0.4957472085952759,False,-7.137793166074884,-4.373705586132581,8.37122403450252,Middle,Right
14066,468.8666666666667,1451,698,0.5391711592674255,False,-7.83289575940864,-3.250062115173194,8.480398559634207,Middle,Right
14067,468.9,1441,698,0.4587494432926178,False,-8.871427425822306,-1.6780868519183598,9.028742994138966,Middle,Right
14068,468.93333333333334,1432,704,0.5185133218765259,False,-9.110713792744342,1.8427518150402458,9.295205219097431,Middle,Right
14069,468.96666666666664,1432,704,0.5197309255599976,False,-5.307871205912776,1.6922086678655857,5.571092075541147,Middle,Right
14070,469.0,1422,711,0.4840892255306244,False,-6.61084633225448,3.9057143848002616,7.678404397029255,Middle,Right
14071,469.03333333333336,1412,722,0.47740644216537476,False,-8.273478275032142,7.294431752224943,11.029921910661756,Back,Right
14072,469.06666666666666,1402,736,0.4595685601234436,False,-9.298416621690032,10.728446514996712,14.197186914866851,Back,Right
14073,469.1,1392,751,0.45628979802131653,False,-9.777139088520817,13.14317628020295,16.380950262080987,Back,Right
14082,469.4,1315,788,0.4312518835067749,False,-38.23601439612513,23.642915423756158,44.955313886520415,Back,Right
14083,469.43333333333334,1304,799,0.3379441797733307,False,-31.810221676721646,20.177129013657026,37.66970584376698,Back,Right
14085,469.5,1401,724,0.2642650604248047,False,23.70308905413024,-20.612908148247325,31.412233493276304,Back,Right
14092,469.73333333333335,1308,816,0.45401203632354736,False,-15.665340170181508,19.652131528751145,25.13183551336506,Back,Right
14093,469.76666666666665,1308,816,0.4515364468097687,False,-16.06690202214668,18.53067312260675,24.52613273563856,Back,Right
14096,469.8666666666667,1323,811,0.2517647445201874,False,-3.0256478855451068,8.398997349959755,8.927356921952576,Back,Right
14136,471.2,1345,502,0.5719314813613892,False,9.860584842868251,-127.37454040337451,127.75564440138952,Middle,Right
14137,471.23333333333335,1339,480,0.530880331993103,False,5.461839063255045,-107.08633993549304,107.22553747467471,Middle,Right
14138,471.26666666666665,1332,462,0.5614486932754517,False,-0.5817367169139311,-65.87014449389847,65.87271326774743,Middle,Right
14139,471.3,1326,445,0.5238400101661682,False,-3.945375206501079,-37.900101604871644,38.10490371565932,Middle,Right
14140,471.3333333333333,1320,433,0.5062190890312195,False,-5.411840513965563,-21.98516005852803,22.641450495666025,Middle,Right
14141,471.3666666666667,1321,433,0.5063217878341675,False,-2.9667712764444634,-9.870306133631356,10.30653554684292,Middle,Right
14142,471.4,1315,423,0.4695568084716797,False,-3.8114460044694844,-7.766742960828527,8.651555748220424,Middle,Right
14143,471.43333333333334,1309,417,0.3792155981063843,False,-4.885678048026557,-6.646274456762474,8.248806831510962,Middle,Right
14149,471.6333333333333,1309,417,0.38546648621559143,False,-3.0148974258510943,-3.6413832320414725,4.727502335377144,Middle,Right
14150,471.6666666666667,1314,424,0.5334035158157349,False,0.7013363164523541,1.3854899202869717,1.552886006116275,Middle,Right
14166,472.2,253,483,0.45487719774246216,False,-446.7620943070971,26.599118417220648,447.55321695887386,Middle,Left
14167,472.23333333333335,253,483,0.4550458490848541,False,-337.9088742552499,19.86399594852543,338.4922238922089,Middle,Left
14174,472.46666666666664,777,467,0.34874454140663147,False,45.28031833260752,3.5265467934059913,45.417438947923465,Middle,Left
14183,472.76666666666665,1059,326,0.2625391185283661,False,213.4620682186172,-60.38614593858485,221.83899835124944,Front,Right
14211,473.7,1399,630,0.5718319416046143,False,296.8336891891988,82.02857234991342,307.95929230895905,Middle,Right
14212,473.73333333333335,1407,637,0.5953101515769958,False,189.77501407739356,75.732022264708,204.32791087949084,Middle,Right
14213,473.76666666666665,1417,645,0.597939670085907,False,94.82225048012656,46.0217720348369,105.40048713047942,Middle,Right
14214,473.8,1427,659,0.5570557117462158,False,42.104092617282674,27.2129567151848,50.13281987188871,Middle,Right
14215,473.8333333333333,1427,659,0.5565540790557861,False,14.940765559188684,12.3759876280672,19.400813005250868,Middle,Right
14216,473.8666666666667,1437,674,0.5218621492385864,False,8.016111038417975,10.840277918225514,13.482197948577012,Middle,Right
14217,473.9,1447,693,0.5441866517066956,False,7.619823694754048,14.01076113476484,15.948766118874907,Middle,Right
14218,473.93333333333334,1457,715,0.5125131607055664,False,8.553854306668804,17.947711527732256,19.88187044979445,Back,Right
14219,473.96666666666664,1468,714,0.516523540019989,False,9.752730353844694,10.651597038695257,14.442031326290122,Back,Right
14220,474.0,1477,713,0.5315213799476624,False,9.648600156693098,4.433833562611518,10.618585830734638,Back,Right
14221,474.03333333333336,1477,713,0.5306113362312317,False,5.557544288169007,1.45467340908204,5.74476920703089,Back,Right
14222,474.06666666666666,1489,714,0.5006165504455566,False,7.5479554416190915,0.7320156809435349,7.583368532902412,Back,Right
14223,474.1,1500,719,0.4961422383785248,False,9.359601718700258,2.404712851791109,9.663580507879372,Back,Right
14224,474.1333333333333,1512,726,0.5281781554222107,False,10.796818750559085,4.642299865663391,11.752541987806833,Back,Right
14229,474.3,1561,784,0.2759346067905426,False,27.17775609158914,27.56228230330572,38.70800733622218,Back,Right
14232,474.4,1604,798,0.38851141929626465,False,36.774370150062225,25.92115816489446,44.99178525623608,Back,Right
14233,474.43333333333334,1604,798,0.3787603974342346,False,22.962225466084096,14.687920317918769,27.258004358734922,Back,Right
14252,475.06666666666666,1412,657,0.37080684304237366,False,-70.2302383617842,-53.02645863864555,88.00052099907712,Middle,Right
14279,475.96666666666664,1745,957,0.403228759765625,False,83.36359301916123,83.9162510766927,118.28535765609739,Back,Right
14292,476.4,1685,927,0.5214966535568237,False,50.21562973719374,60.23103670099553,78.41802887078714,Back,Right
14293,476.43333333333334,539,628,0.25262022018432617,False,-460.5914110327505,-95.61368181957636,470.410909809961,Middle,Left
14299,476.6333333333333,354,834,0.5255710482597351,False,-435.27122202806646,3.927861517795023,435.28894406119406,Back,Left
14300,476.6666666666667,369,835,0.5606001615524292,False,-240.70876331753985,20.425745532733707,241.57383926747409,Back,Left
14305,476.8333333333333,432,890,0.4986858367919922,False,-77.85662751603877,37.95808843940621,86.61680510238754,Back,Left
14306,476.8666666666667,448,911,0.5472210645675659,False,-9.22870106847185,33.923826854880716,35.156719868200724,Back,Left
14312,477.06666666666666,629,514,0.6018329858779907,False,83.28980453930279,-148.68027177435476,170.42011253103684,Middle,Left
14313,477.1,650,458,0.5626714825630188,False,73.48087541817699,-142.0931315653117,159.96842529155128,Middle,Left
14314,477.1333333333333,665,420,0.46745797991752625,False,47.04962890332142,-96.98372591396173,107.79383410981684,Middle,Left
14325,477.5,533,459,0.28549429774284363,False,-33.232896776106784,-31.55098062664247,45.82455462559497,Middle,Left
14326,477.53333333333336,514,478,0.5562106966972351,False,-41.52806085269589,1.4427788864106503,41.55311599748309,Middle,Left
14327,477.56666666666666,495,500,0.5465433597564697,False,-33.49717518153686,15.997577530344232,37.121196532196315,Middle,Left
14328,477.6,495,500,0.5465911626815796,False,-17.92787464995294,11.838270545017366,21.483792471569142,Middle,Left
14329,477.6333333333333,472,528,0.5422791242599487,False,-17.29500296692801,17.918857297511384,24.90386665710017,Middle,Left
14330,477.6666666666667,450,560,0.532578706741333,False,-19.16815123653974,24.945538710663755,31.459464766459135,Middle,Left
14332,477.73333333333335,402,638,0.5835472941398621,False,-31.671276405688758,48.590723699820046,58.00110497945527,Middle,Left
14333,477.76666666666665,374,688,0.30300119519233704,False,-32.34917169216014,53.39802898861976,62.432510834006436,Middle,Left
14334,477.8,374,688,0.3005492687225342,False,-18.815923836429093,31.716097279842234,36.877497427058636,Middle,Left
14342,478.06666666666666,193,849,0.30860966444015503,False,-84.85997785296459,82.42184854675116,118.29867691174415,Back,Left
14350,478.3333333333333,470,780,0.35713309049606323,False,56.10877958820129,27.54275662791273,62.50438856225844,Back,Left
14359,478.6333333333333,135,849,0.38959801197052,False,-83.85727883654502,35.264224033854894,90.97037270771166,Back,Left
14360,478.6666666666667,145,868,0.5030784010887146,False,-69.17722483135942,29.774987773940133,75.312936022351,Back,Left
14361,478.7,157,888,0.4565650224685669,False,-32.29843940005115,24.6712099528281,40.643053382039355,Back,Left
14367,478.9,459,494,0.5523120164871216,False,115.37314960864917,-152.95181238662923,191.58606568060833,Middle,Left
14373,479.1,518,393,0.4225865304470062,False,117.88725625297367,-162.66804310353405,200.89374662738382,Middle,Left
14375,479.1666666666667,508,397,0.3647037446498871,False,64.35618815500271,-94.05137008542708,113.96218306433096,Middle,Left
14376,479.2,508,397,0.36673280596733093,False,27.655819434782003,-42.12963188755398,50.395934673245925,Middle,Left
14377,479.23333333333335,502,403,0.4785531461238861,False,6.911986721867478,-12.564915529284622,14.340594921457415,Middle,Left
14378,479.26666666666665,496,411,0.4281370937824249,False,-2.2335243391059016,1.3822344561775939,2.6266334089901133,Middle,Left
14379,479.3,491,423,0.5349228978157043,False,-5.030510733043872,8.348541639463594,9.747009066432998,Middle,Left
14380,479.3333333333333,485,438,0.5100033283233643,False,-5.938008286188914,12.39707802563695,13.745817035759597,Middle,Left
14381,479.3666666666667,479,456,0.5539121627807617,False,-6.125847843854182,15.483234283063986,16.65102266139533,Middle,Left
14382,479.4,479,456,0.5538637638092041,False,-3.573699327371459,9.497842777512313,10.147923152487804,Middle,Left
14383,479.43333333333334,473,478,0.5535790324211121,False,-4.1431238249379385,13.708464844851179,14.320875791350508,Middle,Left
14384,479.46666666666664,467,505,0.5612325072288513,False,-5.0283236688737665,20.068725862221022,20.689074330475375,Middle,Left
14385,479.5,461,534,0.40351107716560364,False,-5.596152712930558,24.97156315725068,25.590933779426642,Middle,Left
14387,479.56666666666666,446,609,0.5961773991584778,False,-9.66651230557617,46.96114591655382,47.94570560487889,Middle,Left
14388,479.6,446,609,0.5978785753250122,False,-6.311596361322719,31.05719387860431,31.692042222638147,Middle,Left
14389,479.6333333333333,439,656,0.4047819972038269,False,-6.004469141292335,34.9530262981209,35.465020753777424,Middle,Left
14395,479.8333333333333,403,844,0.43252116441726685,False,-18.610340191038254,100.24552296968707,101.95837208141484,Back,Left
14396,479.8666666666667,398,829,0.5218362212181091,False,-15.111435726967185,63.23450384353029,65.01505953290905,Back,Left
14397,479.9,393,816,0.5442221164703369,False,-10.220233880496988,24.463612623009674,26.512667220420067,Back,Left
14398,479.93333333333334,388,805,0.5579066872596741,False,-7.145479673679211,2.587871140176219,7.599668203620453,Back,Left
14402,480.06666666666666,538,505,0.6480068564414978,False,59.7306463720244,-129.02639774382268,142.1814384185466,Middle,Left
14403,480.1,570,446,0.382842093706131,False,59.94024918290135,-122.91703892656405,136.75317886829092,Middle,Left
14414,480.46666666666664,493,413,0.3906920254230499,False,2.1775161132846463,-83.87623151980762,83.90449207514447,Middle,Left
14415,480.5,475,429,0.489152193069458,False,-16.629697190067,-34.76496812476813,38.53764182392932,Middle,Left
14416,480.53333333333336,455,450,0.5289183855056763,False,-21.402815326640635,-2.478206580173314,21.545811930867156,Middle,Left
14417,480.56666666666666,436,472,0.515363872051239,False,-21.238977284508216,13.60561695449579,25.22314351551605,Middle,Left
14418,480.6,436,472,0.5152702331542969,False,-12.24518958616373,10.728315794433207,16.280092990710394,Middle,Left
14419,480.6333333333333,413,502,0.5446145534515381,False,-15.18233067700321,18.349953773203417,23.81646422676076,Middle,Left
14429,480.96666666666664,168,865,0.4667392671108246,False,-112.70759560788679,165.1785085043524,199.96735178381834,Back,Left
14430,481.0,168,865,0.4698024392127991,False,-82.51017432375187,121.61759415889057,146.9651934164431,Back,Left
14440,481.3333333333333,14,857,0.285175085067749,False,-107.30499550364468,59.14775057834682,122.52680710161157,Back,Left
14449,481.6333333333333,64,906,0.4733796715736389,False,-45.32660543601484,43.73533656898812,62.986354277373756,Back,Left
14450,481.6666666666667,81,921,0.2937743365764618,False,-7.977967237727931,28.860878752543556,29.943251052871336,Back,Left
14458,481.93333333333334,499,467,0.39114323258399963,False,178.47364656964078,-177.59615732496562,251.78013745420625,Middle,Left
14467,482.23333333333335,475,401,0.34957262873649597,False,126.23009941687603,-167.27444033520337,209.55852735751392,Middle,Left
14469,482.3,444,419,0.5094886422157288,False,50.55866005716061,-87.23450151709596,100.82676411405727,Middle,Left
14470,482.3333333333333,427,432,0.533829391002655,False,8.562197634894218,-30.667876343715818,31.840695152154456,Middle,Left
14471,482.3666666666667,409,449,0.4784298539161682,False,-10.131059964915035,-0.4705556187622797,10.14198198593613,Middle,Left
14472,482.4,409,449,0.4786699712276459,False,-9.185188335665393,5.107818634431819,10.509876115534974,Middle,Left
14473,482.43333333333334,392,469,0.5210544466972351,False,-12.315172690998303,12.38735426781755,17.467398895242763,Middle,Left
14475,482.5,218,401,0.5288295149803162,False,-81.11711711341667,-20.245861016663596,83.60551164305983,Middle,Left
14476,482.53333333333336,215,427,0.4976416528224945,False,-60.40256684208066,-6.540019482384771,60.755591808013804,Middle,Left
14487,482.9,1436,770,0.2623831033706665,False,484.1453271100037,143.43642977820133,504.94624184161364,Back,Right
14491,483.03333333333336,1268,757,0.3233843743801117,False,305.89939627608555,104.12620205580055,323.1357402031521,Back,Right
14492,483.06666666666666,1650,340,0.6233370304107666,False,306.26497295684305,-122.83527511087428,329.9799061637238,Front,Right
14493,483.1,1650,341,0.5500831604003906,False,177.06103456344485,-111.0005811367091,208.97784325943397,Front,Right
14494,483.1333333333333,1650,341,0.6463584303855896,False,79.30853598538332,-62.04079178991203,100.69212345592905,Front,Right
14495,483.1666666666667,1650,340,0.6859980821609497,False,28.418837364042318,-27.554183362643215,39.583624618092415,Front,Right
14496,483.2,1650,340,0.6839246153831482,False,7.357562812143328,-9.780133429201154,12.238657623596321,Front,Right
14497,483.23333333333335,1268,757,0.34341269731521606,False,-160.73556907943598,173.5227775385738,236.52923179174175,Back,Right
14498,483.26666666666665,1268,757,0.4959007203578949,False,-122.83830213507605,132.93793113408253,181.00204972772627,Back,Right
14499,483.3,1268,757,0.48766860365867615,False,-64.23887777310394,69.59682879744496,94.71194220481729,Back,Right
14500,483.3333333333333,1268,757,0.3379051387310028,False,-26.68507785915856,28.936784902551935,39.362811140033074,Back,Right
14501,483.3666666666667,1268,757,0.40084031224250793,False,-8.73143093380207,9.4793434675937,12.88781745402871,Back,Right
14502,483.4,1268,757,0.39965948462486267,False,-1.8475406670267018,2.0118660681436342,2.731485235630095,Back,Right
14503,483.43333333333334,1268,758,0.3974089026451111,False,0.15866354639607083,0.25441728807499286,0.29983708480842064,Back,Right
14504,483.46666666666664,1779,34,0.43255186080932617,False,216.13323396233577,-305.75375042404744,374.43147667014915,Front,Right
14507,483.56666666666666,69,942,0.28533685207366943,False,-558.3771376275598,152.03394201131096,578.7048879598699,Back,Left
14508,483.6,69,942,0.29703226685523987,False,-460.67775318832014,169.41960400031496,490.84314653691797,Back,Left
14509,483.6333333333333,643,633,0.37052175402641296,False,-6.552946375147087,-29.41559194767987,30.136658006951635,Middle,Left
14510,483.6666666666667,119,782,0.31791120767593384,False,-144.0542984952936,10.467293227477342,144.4340858055367,Back,Left
14511,483.7,1459,324,0.6199085712432861,False,457.8426024518296,-180.1592461055505,492.01341707029127,Front,Right
14512,483.73333333333335,224,297,0.4885714650154114,False,-149.44644278352615,-149.47421940250484,211.36882818106815,Front,Left
14513,483.76666666666665,228,275,0.44740840792655945,False,-192.87011518473878,-90.20294223242934,212.92123454169945,Front,Left
14514,483.8,228,275,0.4458485245704651,False,-119.1991092666249,-41.57047364181526,126.23997753786888,Front,Left
14515,483.8333333333333,232,260,0.36808955669403076,False,-54.07417465002425,-21.691494586002047,58.26265786467247,Front,Left
14516,483.8666666666667,233,255,0.5056288242340088,False,-19.226091940191118,-11.104796403073207,22.20268259572229,Front,Left
14517,483.9,234,254,0.5095527768135071,False,-4.480702777845625,-4.953681027377418,6.6794949737530676,Front,Left
14518,483.93333333333334,235,239,0.5374840497970581,False,0.4595495889956185,-8.098212591189457,8.111241150209104,Front,Left
14519,483.96666666666664,239,214,0.4468049705028534,False,2.8340352158136923,-15.79236984347449,16.0446471097857,Front,Left
14520,484.0,239,214,0.4467938542366028,False,2.0608618462517136,-10.497429549920199,10.69781186527758,Front,Left
14522,484.06666666666666,120,783,0.2610670030117035,False,-49.174545765740106,235.04157231511095,240.130540888964,Back,Left
14531,484.3666666666667,1269,757,0.30337563157081604,False,447.42611889786554,168.604162233695,478.1396191433346,Back,Right
14532,484.4,1269,757,0.32715460658073425,False,347.0466002002995,85.60324309638978,357.4482591078129,Back,Right
14533,484.43333333333334,1269,757,0.3949192762374878,False,182.68135299500005,34.68470591976458,185.9448992492786,Back,Right
14534,484.46666666666664,1269,757,0.4033464789390564,False,76.2925034273721,10.97358058467897,77.07765921500229,Back,Right
14535,484.5,1172,679,0.42890533804893494,False,-15.804774431896945,-30.804827456297687,34.622655725051125,Middle,Right
14536,484.53333333333336,1173,679,0.3783891201019287,False,-25.11923458538897,-25.245623937888297,35.61344513198744,Middle,Right
14539,484.6333333333333,1173,678,0.2618739902973175,False,-16.176251233459162,-14.021579772729893,21.40737730996063,Middle,Right
14541,484.7,487,613,0.2585783898830414,False,-297.3038691829808,-33.53907206639883,299.1896722586628,Middle,Left
14543,484.76666666666665,1174,679,0.29124122858047485,False,68.06961660584028,4.997511133843467,68.252822816342,Middle,Right
14544,484.8,1174,679,0.2895728349685669,False,104.43122361135846,9.75357994649248,104.88571297721236,Middle,Right
14545,484.8333333333333,1174,680,0.26346975564956665,False,66.8305885953099,6.906158277095159,67.18647627420161,Middle,Right
14546,484.8666666666667,1650,340,0.4206053912639618,False,232.83512430998118,-140.02411797587254,271.6964275204322,Front,Right
14547,484.9,1649,340,0.5006555318832397,False,163.71172780319318,-107.0985522250146,195.6313617725977,Front,Right
14548,484.93333333333334,1650,341,0.6046934723854065,False,82.71938365520404,-55.60624387429036,99.6722167411957,Front,Right
14549,484.96666666666664,1650,341,0.5620232224464417,False,33.37590774730739,-22.96228535025604,40.5119459723099,Front,Right
14550,485.0,1650,341,0.5592252016067505,False,10.497805952777039,-7.454669624774956,12.875404033920777,Front,Right
14551,485.03333333333336,1649,340,0.3691030740737915,False,1.568968070560624,-1.9675295583930064,2.5165121437396056,Front,Right
14552,485.06666666666666,1649,340,0.45372796058654785,False,-0.6839702933793204,-0.15951619850237386,0.7023252663901836,Front,Right
14553,485.1,1649,340,0.4764631390571594,False,-0.7966474924568123,0.2299168523139431,0.8291616164630864,Front,Right
14554,485.1333333333333,1649,340,0.38546931743621826,False,-0.4804704218440963,0.2022518809009934,0.5213037977945619,Front,Right
14555,485.1666666666667,1649,340,0.3099444806575775,False,-0.22134421456620113,0.11195629956062646,0.24804732276974328,Front,Right
14556,485.2,1649,340,0.3002638816833496,False,-0.08175444513887734,0.048615029766315654,0.09511682511073138,Front,Right
14557,485.23333333333335,1649,340,0.26650023460388184,False,-0.022378911362722846,0.016811004976975,0.027989740300983213,Front,Right
14559,485.3,1649,340,0.314851313829422,False,-0.002355201550144702,0.004049373890183634,0.004684485376677458,Front,Right
14560,485.3333333333333,1649,340,0.29350730776786804,False,0.0022061833855993454,6.667392910576948e-05,0.002207190645077355,Front,Right
14561,485.3666666666667,1649,339,0.4182484447956085,False,0.002087619203893228,-0.42275344063300735,0.4227585950882443,Front,Right
14562,485.4,1649,339,0.4170798361301422,False,0.0011853491615540722,-0.3196435565751455,0.3196457544104771,Front,Right
14563,485.43333333333334,1172,679,0.5908618569374084,False,-201.33279977241057,143.34167150253842,247.147184999828,Middle,Right
14564,485.46666666666664,1649,339,0.377349853515625,False,49.11119221895632,-35.074582228772954,60.3501078680911,Front,Right
14565,485.5,1649,340,0.5956714749336243,False,72.99971574300629,-51.63363001463598,89.41470934386601,Front,Right
14566,485.53333333333336,1649,340,0.5816617608070374,False,46.44364371631662,-32.79003520387285,56.852426951884624,Front,Right
14567,485.56666666666666,908,708,0.415278822183609,False,-290.6535505639021,139.7334549348958,322.49794554918543,Middle,Left
14568,485.6,908,708,0.41888201236724854,False,-228.02886478914627,111.4900957930529,253.8251457932623,Middle,Left
14569,485.6333333333333,1694,790,0.530677855014801,False,211.13172545541244,94.01118846810918,231.11622411887487,Back,Right
14570,485.6666666666667,1676,833,0.43826836347579956,False,192.65728179896809,69.36633152480672,204.7645383834232,Back,Right
14587,486.23333333333335,1250,823,0.34377792477607727,False,-71.75838186062197,31.476626977596617,78.35842911353954,Back,Right
14614,487.1333333333333,489,612,0.638153612613678,False,-409.78176486301487,-77.61868622935964,417.068046326039,Middle,Left
14615,487.1666666666667,473,644,0.5552110075950623,False,-303.7934745669098,-50.78628494999224,308.0092887048335,Middle,Left
14616,487.2,473,644,0.5556333065032959,False,-156.68538940721342,-24.56999733835197,158.60011356520755,Middle,Left
14617,487.23333333333335,488,671,0.5653706789016724,False,-58.01216829602875,1.8673186511415025,58.04221351181969,Middle,Left
14618,487.26666666666665,502,668,0.48910027742385864,False,-10.038108333529692,4.522811577213339,11.009970185184574,Middle,Left
14619,487.3,516,657,0.5103006958961487,False,8.654705934545692,-1.556009026283844,8.793469105156236,Middle,Left
14620,487.3333333333333,532,648,0.5287753343582153,False,15.085217482336112,-5.780950594769351,16.15497373159558,Middle,Left
14621,487.3666666666667,547,642,0.5141459107398987,False,16.19486737457928,-6.626095995395577,17.497967808303045,Middle,Left
14622,487.4,547,642,0.524191677570343,False,9.556986339440307,-3.9799029116508695,10.352565627824617,Middle,Left
14623,487.43333333333334,562,639,0.30952519178390503,False,10.671824515291583,-3.0948743109681587,11.111529394546416,Middle,Left
14626,487.53333333333336,611,642,0.2982056736946106,False,27.04808677877387,-0.36466386860155087,27.050544876751474,Middle,Left
14627,487.56666666666666,626,649,0.5809298157691956,False,24.880290764618238,3.230228211833865,25.089106058855005,Middle,Left
14628,487.6,626,649,0.5804144144058228,False,13.992556286505831,2.5072485223254826,14.21541158685661,Middle,Left
14629,487.6333333333333,642,659,0.5897348523139954,False,12.900174082097244,5.54100592658471,14.039844658216856,Middle,Left
14630,487.6666666666667,652,658,0.5659102201461792,False,11.481449720458771,3.320636944600422,11.952000560628669,Middle,Left
14631,487.7,639,629,0.49293121695518494,False,0.8955088450188615,-10.716903069242095,10.754252530373167,Middle,Left
14636,487.8666666666667,585,536,0.5781283974647522,False,-24.160844827731218,-47.94799152309616,53.69130575697156,Middle,Left
14637,487.9,574,521,0.5746377110481262,False,-23.069762596263462,-40.6740747919015,46.761034060691536,Middle,Left
14642,488.06666666666666,523,538,0.3436853885650635,False,-34.6642451474952,-15.034986203330686,37.78439759715627,Middle,Left
14643,488.1,508,553,0.2600702941417694,False,-28.429911217204516,2.2099496564915206,28.515675150736975,Middle,Left
14644,488.1333333333333,504,564,0.4293971359729767,False,-17.007805723240786,8.992322728665485,19.238693395757828,Middle,Left
14645,488.1666666666667,507,579,0.32335737347602844,False,-6.527973197894859,12.736361900063551,14.311860414419366,Middle,Left
14646,488.2,507,579,0.32529088854789734,False,-1.9056105896381883,8.027581193965107,8.250661279257768,Middle,Left
14647,488.23333333333335,509,594,0.4400860667228699,False,0.566369535911575,10.131630568258267,10.14744856714603,Middle,Left
14648,488.26666666666665,512,612,0.6113568544387817,False,2.0339543462686622,13.827575082027089,13.976365869989296,Middle,Left
14650,488.3333333333333,518,657,0.5258862376213074,False,3.9694080719069333,27.64335403470285,27.926890674209368,Middle,Left
14651,488.3666666666667,523,652,0.5486523509025574,False,4.749210850649911,16.32649807182727,17.0032215474983,Middle,Left
14652,488.4,523,652,0.5485292077064514,False,2.8835770066840114,7.419231445238477,7.959900224970923,Middle,Left
14653,488.43333333333334,528,643,0.5120472311973572,False,3.444512628226474,-1.0978993276972489,3.6152524365208194,Middle,Left
14654,488.46666666666664,532,637,0.5136315822601318,False,3.778906786471114,-4.684347336210424,6.01857511933673,Middle,Left
14655,488.5,537,632,0.5377035737037659,False,4.353882308565315,-5.45651735830382,6.9806785370985915,Middle,Left
14656,488.53333333333336,541,629,0.4510171711444855,False,4.306948751557112,-4.557229375671336,6.2704184175397035,Middle,Left
14660,488.6666666666667,558,639,0.5967555046081543,False,9.656101416930174,1.7473329038487408,9.812923460972952,Middle,Left
14667,488.9,885,333,0.5071671009063721,False,144.55435930428072,-127.02423200902832,192.4347118150843,Front,Left
14729,490.96666666666664,619,821,0.46969982981681824,False,-4.7008181289862705,109.62558060743645,109.72632143018079,Back,Left
14730,491.0,619,821,0.47094500064849854,False,-29.30703050200052,105.51456087383232,109.50901603631938,Back,Left
14731,491.03333333333336,619,800,0.5371613502502441,False,-21.32073253124907,51.382593366272374,55.630428155037244,Back,Left
14732,491.06666666666666,617,786,0.4864768385887146,False,-11.743002968223635,14.141944644721498,18.381858367588304,Back,Left
14735,491.1666666666667,614,762,0.4402983784675598,False,-6.346428067093381,-8.59165556462035,10.68146500026389,Back,Left
14736,491.2,614,762,0.43933573365211487,False,-2.706293047450197,-9.015341027890402,9.412778330962716,Back,Left
14737,491.23333333333335,614,763,0.25922223925590515,False,-0.9155111645570271,-4.863522530367636,4.948940502352213,Back,Left
14738,491.26666666666665,614,772,0.3314220607280731,False,-0.2100557629767037,1.727688247343571,1.7404109007843018,Back,Left
14739,491.3,614,785,0.4818543493747711,False,0.0042844959719938736,7.659780939996728,7.659782138262347,Back,Left
14740,491.3333333333333,615,799,0.47813117504119873,False,0.462744011700886,11.392699661959556,11.40209356249888,Back,Left
14741,491.3666666666667,615,820,0.5159819722175598,False,0.3491040969521717,16.112805292518175,16.116586737430183,Back,Left
14742,491.4,615,820,0.5152321457862854,False,0.1815080293820841,10.152776859853127,10.154399200873446,Back,Left
14743,491.43333333333334,614,843,0.43207764625549316,False,-0.34704360351231445,14.513563714210363,14.517712318033531,Back,Left
14751,491.7,547,643,0.3868507444858551,False,-28.57424946728798,-75.25195493607785,80.49437529616773,Middle,Left
14756,491.8666666666667,626,649,0.5578923225402832,False,11.802174309508441,-56.948980600511554,58.15907246397128,Middle,Left
14757,491.9,626,649,0.5576701164245605,False,14.013888480239462,-29.651075370019427,32.79596531488532,Middle,Left
14758,491.93333333333334,642,658,0.604654848575592,False,15.24621608916587,-8.47391543406874,17.44288817315781,Middle,Left
14759,491.96666666666664,652,657,0.6173883080482483,False,13.251423982712026,-1.5465199743354585,13.341362808971729,Middle,Left
14760,492.0,638,628,0.5714030265808105,False,1.3936970760600609,-11.900011474512485,11.981346528389336,Middle,Left
14765,492.1666666666667,585,536,0.5877808928489685,False,-23.67742390333156,-47.553321749561846,53.121924024976806,Middle,Left
14766,492.2,574,521,0.5688078999519348,False,-22.79301600400868,-40.16490135830025,46.181607590912044,Middle,Left
14770,492.3333333333333,667,657,0.5329629778862,False,26.238743209732316,35.507483708411904,44.150345916305234,Middle,Left
14771,492.3666666666667,522,538,0.47616907954216003,False,-37.30293965733243,-16.226105275788235,40.67918140154184,Middle,Left
14772,492.4,508,553,0.5362818241119385,False,-38.787356712463485,-12.262638976357934,40.679618427467815,Middle,Left
14773,492.43333333333334,504,563,0.3831198215484619,False,-24.36867851891388,-2.159864251653463,24.464208680105422,Middle,Left
14776,492.53333333333336,509,595,0.621091902256012,False,-9.40393578624793,14.058260165543441,16.913565181651677,Middle,Left
14777,492.56666666666666,512,612,0.6188896298408508,False,-1.5024297106029465,18.189233924780677,18.251178751129874,Middle,Left
14778,492.6,516,632,0.5342128872871399,False,2.227730895681189,19.689474279646518,19.81509985724105,Middle,Left
14779,492.6333333333333,518,657,0.5398027896881104,False,2.7961511736433478,22.19822713522702,22.37363960854372,Middle,Left
14780,492.6666666666667,522,653,0.5357417464256287,False,3.405540735275016,11.58735881103596,12.0774414473973,Middle,Left
14781,492.7,522,653,0.536236584186554,False,2.0766867268672544,4.8061738788118635,5.235640850451843,Middle,Left
14782,492.73333333333335,528,644,0.5538109540939331,False,3.495908260079307,-2.2292621006146023,4.146201162043076,Middle,Left
14783,492.76666666666665,532,637,0.511259913444519,False,3.961515937997005,-5.496294947824059,6.775165435653993,Middle,Left
14784,492.8,537,632,0.4778801202774048,False,4.482791502903106,-5.868851183979546,7.385041223865876,Middle,Left
14785,492.8333333333333,542,629,0.48122110962867737,False,4.79396323897921,-4.724331704779995,6.730630995194543,Middle,Left
14788,492.93333333333334,552,633,0.29725775122642517,False,7.046776300600943,-0.838044238076654,7.096433919630661,Middle,Left
14789,492.96666666666664,558,639,0.41165468096733093,False,7.0062971317064475,2.7405302116866643,7.523211105566913,Middle,Left
14790,493.0,352,538,0.3349355459213257,False,-82.90713208822959,-40.408990074225656,92.2305753528298,Middle,Left
14796,493.2,885,332,0.5073702931404114,False,161.03805338597252,-117.9892894434902,199.63648730060103,Front,Left
14797,493.23333333333335,918,279,0.29888424277305603,False,150.4551490478006,-104.3796601292268,183.11708091734312,Front,Left
14809,493.6333333333333,1136,549,0.25216466188430786,False,177.07926220993818,56.064024721816935,185.74240219407238,Middle,Right
14856,495.2,622,878,0.2667210102081299,False,-109.86997803668078,199.8491251207757,228.05938894358238,Back,Left
14857,495.23333333333335,621,847,0.39826706051826477,False,-115.0389083103934,128.02759434766335,172.11918934185385,Back,Left
14858,495.26666666666665,619,820,0.5061694979667664,False,-68.24803349877098,49.79790570447686,84.48446892181624,Back,Left
14859,495.3,619,820,0.5049617886543274,False,-31.105774805792933,14.842184537513063,34.46534009863089,Back,Left
14860,495.3333333333333,619,800,0.5506798028945923,False,-11.359546869496874,-6.091576834391013,12.889787174720361,Back,Left
14861,495.3666666666667,617,785,0.49516522884368896,False,-3.8911851595805365,-13.581090491075175,14.12753838688511,Back,Left
14870,495.6666666666667,779,603,0.4324125349521637,False,67.45908653477485,-86.0020385426013,109.302694338197,Middle,Left
14882,496.06666666666666,246,680,0.5001606941223145,False,-173.27284326264714,-30.103791958523544,175.86846363860676,Middle,Left
14887,496.23333333333335,703,507,0.4345191717147827,False,49.86699985624827,-80.45929906350332,94.65947644294961,Middle,Left
14889,496.3,375,898,0.50822514295578,False,-69.87086224560278,109.5643782377766,129.94725995408513,Back,Left
14894,496.46666666666664,556,844,0.2568238079547882,False,14.685593941523422,74.38012593871827,75.81602603720997,Back,Left
14898,496.6,555,503,0.6318231821060181,False,23.12901610171256,-107.2127320398686,109.67917440100443,Middle,Left
14899,496.6333333333333,571,440,0.5148643255233765,False,21.624209527971626,-120.90273313272723,122.82132272807145,Middle,Left
14901,496.7,595,347,0.512152910232544,False,22.358902280176626,-111.56440223227338,113.7828473743691,Front,Left
14914,497.1333333333333,394,373,0.3251458704471588,False,-71.78608012728891,-51.83722648624019,88.54569074679641,Middle,Left
14915,497.1666666666667,394,373,0.3250257670879364,False,-58.25870250660738,-19.31703285853346,61.3777172613241,Middle,Left
14918,497.26666666666665,384,430,0.4017694890499115,False,-35.47960074396569,18.688635741229774,40.10071289665037,Middle,Left
14919,497.3,380,458,0.47417911887168884,False,-18.134435363745773,29.389645258573648,34.53417140147818,Middle,Left
14948,498.26666666666665,364,822,0.31715357303619385,False,-14.143424255965868,172.52922359056723,173.10797047637115,Back,Left
14950,498.3333333333333,365,824,0.5239499807357788,False,-7.040637847676081,126.05266198775254,126.24913534555682,Back,Left
14951,498.3666666666667,365,824,0.5248546600341797,False,-2.8035213704082027,64.56808066199828,64.62891591577761,Back,Left
14958,498.6,1207,524,0.2701250910758972,False,354.5280680726044,-100.26340318697011,368.4330347158438,Middle,Right
14959,498.6333333333333,1243,549,0.4577021598815918,False,283.742867991749,-76.75724029162748,293.94164229208786,Middle,Right
14979,499.3,1900,795,0.44684743881225586,False,428.6775118968349,63.66063056696609,433.3786855513833,Back,Right
14980,499.3333333333333,1896,796,0.42879071831703186,False,271.87255839265754,62.22862600075792,278.9033701856455,Back,Right
14981,499.3666666666667,1896,796,0.42906254529953003,False,129.1845606275762,35.70789892719614,134.0287459850862,Back,Right
14982,499.4,1892,803,0.4157571792602539,False,47.54931770647674,18.866036245407834,51.15530214908817,Back,Right
15009,500.3,1462,520,0.5687229633331299,False,-168.55947502518313,-111.54675524233122,202.1261369191473,Middle,Right
15010,500.3333333333333,1468,534,0.5251728296279907,False,-133.38154230953427,-81.78918093380885,156.4611962970161,Middle,Right
15011,500.3666666666667,1468,534,0.5249735713005066,False,-70.81646055084423,-41.96598526007926,82.31716105283556,Middle,Right
15012,500.4,1475,552,0.5368263125419617,False,-26.825305275551536,-9.560750726947845,28.47814877391729,Middle,Right
15014,500.46666666666664,1490,598,0.5820415019989014,False,-1.3343962692116982,19.66357528238944,19.708800224505882,Middle,Right
15015,500.5,1498,628,0.6013304591178894,False,7.146785349781236,29.232817143134074,30.093755813453413,Middle,Right
15016,500.53333333333336,1506,662,0.571614146232605,False,9.017865194544784,32.94975607452661,34.16150345107466,Middle,Right
15017,500.56666666666666,1506,662,0.5715039968490601,False,5.544922231102618,19.704428621846198,20.469750117243926,Middle,Right
15018,500.6,1515,697,0.5077744722366333,False,6.384532642936583,23.800718126407183,24.642167932254058,Middle,Right
15020,500.6666666666667,1534,779,0.5692940950393677,False,11.85887949772453,49.09538171479915,50.507321535232755,Back,Right
15024,500.8,1469,648,0.37464433908462524,False,-19.606629400140996,-22.413381464411962,29.778844589804336,Middle,Right
15027,500.9,1542,723,0.48377442359924316,False,13.875309472313901,5.96355368503631,15.102588702166063,Back,Right
15044,501.46666666666664,1455,516,0.5310320854187012,False,-22.73745983190794,-78.86916999726839,82.08128931532232,Middle,Right
15045,501.5,1464,531,0.5605915784835815,False,-15.864331496996588,-54.36189562288135,56.62943324420301,Middle,Right
15046,501.53333333333336,1473,550,0.5404471158981323,False,-4.1450613169776425,-19.031068862383613,19.47724609297453,Middle,Right
15047,501.56666666666666,1473,550,0.540589451789856,False,-0.30767370724146526,-4.7040753730574565,4.714126454130538,Middle,Right
15048,501.6,1484,573,0.29050159454345703,False,5.148741171588556,9.54173364264914,10.842242229321087,Middle,Right
15049,501.6333333333333,1495,597,0.6176698207855225,False,8.590534657207257,18.18225595898476,20.10949321725229,Middle,Right
15050,501.6666666666667,1508,628,0.5983818769454956,False,11.06486040328079,25.131740683783278,27.45970730982067,Middle,Right
15051,501.7,1521,663,0.549870491027832,False,12.322458852537627,30.535035286251443,32.927668792447236,Middle,Right
15052,501.73333333333335,1533,699,0.5133289694786072,False,12.410400307223647,33.80431724149798,36.01041377087153,Middle,Right
15053,501.76666666666665,1533,699,0.5177596807479858,False,7.187855344942992,20.118542830189668,21.364012499294265,Middle,Right
15061,502.03333333333336,1596,734,0.4087996482849121,False,29.814766448502887,23.961574793760214,38.25019431291478,Back,Right
15066,502.2,1554,828,0.2556336224079132,False,3.5340799343100215,54.20821415283804,54.32329337054265,Back,Right
15067,502.23333333333335,1552,830,0.26724472641944885,False,-3.4837565873574787,37.56059099588123,37.72180478078734,Back,Right
15070,502.3333333333333,1552,837,0.31993067264556885,False,-3.263576850934315,21.695668396909653,21.939757543113792,Back,Right
15071,502.3666666666667,1552,837,0.31933528184890747,False,-1.8468525595921226,9.711914873886474,9.885957459674268,Back,Right
15072,502.4,1553,838,0.33929574489593506,False,-0.392851570263423,3.8998199138463843,3.9195570816982954,Back,Right
15090,503.0,1375,641,0.32856887578964233,False,-75.09867471839121,-81.93191191049162,111.14247223166889,Middle,Right
15091,503.03333333333336,1386,619,0.437447726726532,False,-52.06704630420877,-71.92693513278996,88.79448917833356,Middle,Right
15092,503.06666666666666,1383,632,0.4644570052623749,False,-27.253540453120927,-34.298344601870824,43.80789780003807,Middle,Right
15093,503.1,1388,631,0.5714907050132751,False,-9.219272327039779,-13.540029694181321,16.380701644295748,Middle,Right
15094,503.1333333333333,1392,634,0.6008765697479248,False,-0.42678005688829934,-2.860605346691152,2.892266268253251,Middle,Right
15095,503.1666666666667,1392,634,0.6008059978485107,False,1.3197703430714025,0.24938368808573896,1.3431254529395429,Middle,Right
15096,503.2,1396,637,0.6208075284957886,False,2.7622024351852357,1.9644262340469705,3.3895033149349785,Middle,Right
15097,503.23333333333335,1400,644,0.5759693384170532,False,3.541629502511852,4.395394478453141,5.644699474221697,Middle,Right
15098,503.26666666666665,1406,653,0.5375534892082214,False,4.718122248908496,6.772003325364154,8.253526918499055,Middle,Right
15099,503.3,1410,664,0.25626200437545776,False,4.624611859834467,8.979967869477449,10.100834509631813,Middle,Right
15115,503.8333333333333,724,667,0.5615432858467102,False,-286.8925689154078,6.849285240060069,286.9743173302826,Middle,Left
15117,503.9,686,657,0.35072967410087585,False,-233.77421730994294,-0.6420909449001551,233.77509910094776,Middle,Left
15121,504.03333333333336,621,659,0.5585227608680725,False,-153.07435894710574,-0.8615262861909722,153.07678332983474,Middle,Left
15122,504.06666666666666,599,666,0.5498270988464355,False,-83.37320445484454,2.4175927207870966,83.4082488464595,Middle,Left
15123,504.1,576,675,0.540889322757721,False,-45.47322432993964,5.780098060401839,45.83910627999717,Middle,Left
15124,504.1333333333333,554,686,0.26382511854171753,False,-28.813571134205034,8.582369395456544,30.064579590374496,Middle,Left
15125,504.1666666666667,554,686,0.26096197962760925,False,-13.683891747297828,5.459136665367795,14.73265307006612,Middle,Left
15126,504.2,530,703,0.4285677969455719,False,-15.342733248782533,9.773917313521853,18.191451926519203,Middle,Left
15127,504.23333333333335,505,723,0.5125775933265686,False,-19.71442452948396,14.858860896764622,24.686925318437687,Back,Left
15141,504.7,375,777,0.5490347743034363,False,-67.0428618440414,32.285549345336676,74.41170620789038,Back,Left
15142,504.73333333333335,384,793,0.5227570533752441,False,-43.378235993179125,28.51633198225226,51.91196921329381,Back,Left
15143,504.76666666666665,384,793,0.5232536792755127,False,-20.853106317482343,15.808589396878714,26.16798696513219,Back,Left
15144,504.8,392,814,0.5105807781219482,False,-4.661784152606813,15.735862735616058,16.411873979520013,Back,Left
15145,504.8333333333333,397,812,0.5318021178245544,False,2.3008273945568343,8.236909994289048,8.552221521544096,Back,Left
15146,504.8666666666667,401,810,0.5465741157531738,False,4.258432532904776,2.5801247161687986,4.979085376681837,Back,Left
15147,504.9,405,811,0.5261366367340088,False,4.498107075053111,0.9054052346006374,4.588324955524084,Back,Left
15148,504.93333333333334,410,817,0.5180839896202087,False,4.75264614489898,2.757386943963155,5.494618106598638,Back,Left
15149,504.96666666666664,410,817,0.5183378458023071,False,2.7919847099642854,1.9234795171896817,3.390420633744817,Back,Left
15150,505.0,414,826,0.5268144607543945,False,2.9525678850954447,4.761790953138483,5.602884096381835,Back,Left
15151,505.03333333333336,419,837,0.47740328311920166,False,3.8453614972561527,7.900484813138791,8.786607156759471,Back,Left
15152,505.06666666666666,424,849,0.5022416114807129,False,4.491768518251695,10.189987755633702,11.136060114848599,Back,Left
15153,505.1,428,851,0.46797776222229004,False,4.399361391080607,7.141020897474803,8.387404849385925,Back,Left
15154,505.1333333333333,432,849,0.4127275347709656,False,4.214335299415574,2.739572108609237,5.026517418070867,Back,Left
15155,505.1666666666667,432,849,0.41240325570106506,False,2.4025753098128657,0.7991129399434236,2.5319853100101923,Back,Left
15156,505.2,436,860,0.47794023156166077,False,2.7540486813871947,4.759028484029326,5.498466718209087,Back,Left
15157,505.23333333333335,441,870,0.4606046676635742,False,3.7646415366330097,7.676623687824577,8.5500337510335,Back,Left
15158,505.26666666666665,445,883,0.5540174245834351,False,4.044022952851178,10.443307402215746,11.198963842265112,Back,Left
15159,505.3,449,886,0.5177820920944214,False,4.075214438774416,7.794512675728807,8.795555728553627,Back,Left
15160,505.3333333333333,453,891,0.49626386165618896,False,4.0490246199892,6.143105665491552,7.357468830424842,Back,Left
15161,505.3666666666667,453,891,0.4951474666595459,False,2.335336617057488,3.2560045530402912,4.006914369485405,Back,Left
15162,505.4,458,899,0.535556435585022,False,3.1547445767026217,4.744014310751903,5.6971997617121914,Back,Left
15163,505.43333333333334,462,911,0.5006108283996582,False,3.657492515319471,8.071732732927794,8.861722226036875,Back,Left
15164,505.46666666666664,466,914,0.5251055955886841,False,3.891625258664621,6.523888375742824,7.596437763388102,Back,Left
15165,505.5,470,923,0.49512794613838196,False,3.9790799219033386,7.293257589228081,8.308109489392113,Back,Left
15166,505.53333333333336,474,930,0.470028817653656,False,4.003490281429951,7.306544595016132,8.331478161314685,Back,Left
15167,505.56666666666666,474,930,0.46960875391960144,False,2.3180361264815206,4.224947549301313,4.819073902527395,Back,Left
15168,505.6,478,938,0.5451937317848206,False,2.727693840301769,5.269333334489661,5.93348021622927,Back,Left
15169,505.6333333333333,483,945,0.4494646191596985,False,3.7597763604370886,6.185878417463844,7.238854196359155,Back,Left
15170,505.6666666666667,489,953,0.5347686409950256,False,4.889204623740187,7.114873075880686,8.632829242994113,Back,Left
15171,505.7,492,962,0.5289079546928406,False,4.293016221545734,8.076055778668632,9.146183095620916,Back,Left
15172,505.73333333333335,496,970,0.4335884153842926,False,4.06312611761344,8.21519211576861,9.165062757374836,Back,Left
15173,505.76666666666665,496,970,0.4338219165802002,False,2.3071961837850887,4.772491416773974,5.300927140949376,Back,Left
15174,505.8,500,979,0.4856938123703003,False,2.7088737343047087,5.943519079623365,6.53172381215349,Back,Left
15175,505.8333333333333,505,987,0.43040820956230164,False,3.7474781959948698,7.020146343108013,7.957766489921011,Back,Left
15176,505.8666666666667,510,995,0.5025636553764343,False,4.4611767654513885,7.6255303741234,8.834637039476036,Back,Left
15178,505.93333333333334,521,1012,0.462252140045166,False,7.348247193354335,11.69018072745687,13.807862334744067,Back,Left
15179,505.96666666666664,521,1012,0.4616614282131195,False,4.7610230365840405,7.480092755705476,8.866742806061392,Back,Left
15180,506.0,526,1020,0.43771088123321533,False,4.400967753937742,6.949494202580217,8.225812229980445,Back,Left
15181,506.03333333333336,531,1030,0.465688019990921,False,4.589663606290167,8.142531098743842,9.346968744620636,Back,Left
15182,506.06666666666666,537,1038,0.36006009578704834,False,5.2185586759624485,8.294915026611793,9.79994744644955,Back,Left
15183,506.1,543,1047,0.33649393916130066,False,5.660431249213084,8.619666756130465,10.312086933002877,Back,Left
15184,506.1333333333333,548,1052,0.3163793683052063,False,5.460395999530925,7.149724663650737,8.99635966587091,Back,Left
15185,506.1666666666667,548,1052,0.31785765290260315,False,3.1200217334242986,3.870075973837264,4.971118954552628,Back,Left
15186,506.2,558,1050,0.27579057216644287,False,5.606993680762968,0.8081388050616072,5.664933050298322,Back,Left
15187,506.23333333333335,570,1041,0.4074009954929352,False,8.748432361284049,-3.8771994456171788,9.569103632057507,Back,Left
15190,506.3333333333333,607,1034,0.38372915983200073,False,21.232581542595284,-6.02998853768668,22.072228721350065,Back,Left
15191,506.3666666666667,607,1034,0.3842027485370636,False,14.494777660237204,-3.8683633578944914,15.002093670165252,Back,Left
15227,507.56666666666666,1787,768,0.2841639816761017,False,505.23370226074223,-114.12442297561817,517.9628150935298,Back,Right
15228,507.6,1781,753,0.3787651062011719,False,376.8778330470099,-91.92825707651136,387.9274487469726,Back,Right
15229,507.6333333333333,1774,741,0.26709768176078796,False,191.98268201824075,-54.23761671283196,199.4970407339543,Back,Right
15230,507.6666666666667,1767,736,0.37583979964256287,False,75.05585171868091,-26.740560534333348,79.67708864477268,Back,Right
15231,507.7,1767,736,0.3662961423397064,False,22.545160486242978,-10.55514031083759,24.893678883040174,Back,Right
15232,507.73333333333335,779,595,0.3029443919658661,False,-413.34317494319424,-62.73013436264749,418.0761294660051,Middle,Left
15233,507.76666666666665,1752,734,0.40314432978630066,False,94.1528652862371,13.121450733430834,95.06279246349838,Back,Right
15234,507.8,1744,740,0.41812971234321594,False,141.4481743060102,23.628843353970826,143.40818753735763,Back,Right
15235,507.8333333333333,1737,750,0.43306878209114075,False,87.21663554979892,19.748277571416715,89.42447083245263,Back,Right
15236,507.8666666666667,1727,768,0.4960727393627167,False,36.52165764103404,18.319023595861655,40.858513217622544,Back,Right
15237,507.9,1727,768,0.49560439586639404,False,12.075015125925233,10.332258689303238,15.892185498351239,Back,Right
15238,507.93333333333334,1719,788,0.5082170963287354,False,-0.7535532907037368,12.989971722247518,13.011810323960328,Back,Right
15239,507.96666666666664,1709,815,0.5198155641555786,False,-6.9417715555063095,19.37683975624878,20.582762479030354,Back,Right
15240,508.0,1700,839,0.5588759183883667,False,-8.912966918035323,22.466037960867205,24.169481602655825,Back,Right
15276,509.2,504,279,0.4949952960014343,False,-510.31273431468935,-222.83229704379613,556.842275163757,Front,Left
15277,509.23333333333335,517,291,0.43821364641189575,False,-378.75778515318484,-167.41448616530903,414.1075584822626,Front,Left
15278,509.26666666666665,531,304,0.5112332105636597,False,-189.54463470279794,-81.39181780079848,206.28086811320017,Front,Left
15279,509.3,531,304,0.5112981796264648,False,-75.83217136322624,-31.71251382816242,82.19611759057177,Front,Left
15280,509.3333333333333,547,323,0.5465199947357178,False,-16.81314119672249,-1.4571060568488967,16.876162921761352,Front,Left
15281,509.3666666666667,561,342,0.48518112301826477,False,6.706996530368315,12.567588595776916,14.245282923518038,Front,Left
15282,509.4,576,362,0.5089402198791504,False,14.397524563581193,18.203228590896657,23.20875362210046,Middle,Left
15284,509.46666666666664,606,423,0.4978896379470825,False,22.353150622894184,37.27100378511993,43.460223951565396,Middle,Left
15285,509.5,606,423,0.4977295398712158,False,14.3356015728536,24.936560088959453,28.763544662052485,Middle,Left
15286,509.53333333333336,622,452,0.5376936197280884,False,13.609759804699262,24.454241341243,27.986344554395917,Middle,Left
15287,509.56666666666666,637,490,0.5287179350852966,False,14.067244464838792,30.085741398070482,33.21203399831317,Middle,Left
15288,509.6,654,530,0.5987560749053955,False,15.386611611137804,35.273647795781315,38.483477567559156,Middle,Left
15290,509.6666666666667,686,617,0.38346946239471436,False,22.63388111437946,58.03067689745913,62.28845828463857,Middle,Left
15291,509.7,686,617,0.3808286190032959,False,14.371644392430161,37.591193527493076,40.244775976068084,Middle,Left
15292,509.73333333333335,702,669,0.4972403645515442,False,13.586997596712182,40.03153045825722,42.274459600608004,Middle,Left
15293,509.76666666666665,1139,463,0.3322257697582245,False,192.16240330124523,-63.379303552892495,202.3445708719661,Middle,Right
15294,509.8,730,704,0.5579111576080322,False,-29.763841968434264,46.670844733382935,55.353898117923606,Middle,Left
15295,509.8333333333333,740,682,0.5529691576957703,False,-52.5171790405157,37.29191561503333,64.41072165883836,Middle,Left
15296,509.8666666666667,750,662,0.5623375177383423,False,-30.18336414889975,11.439114198090607,32.27830238692928,Middle,Left
15297,509.9,750,662,0.5627871155738831,False,-13.464646927128669,2.0050956684840813,13.613123282774204,Middle,Left
15317,510.56666666666666,778,598,0.2742503881454468,False,7.015351872027541,-27.535200425129574,28.41482754373878,Middle,Left
15331,511.03333333333336,781,639,0.5239846110343933,False,8.96912759208728,-3.870405472194527,9.768586810912556,Middle,Left
15332,511.06666666666666,398,660,0.5855397582054138,False,-156.12608618602854,10.842924057105447,156.50215266850284,Middle,Left
15333,511.1,398,660,0.5859120488166809,False,-119.64031116634085,8.887548634900762,119.9699653109752,Middle,Left
15334,511.1333333333333,403,658,0.5583375692367554,False,-60.53175278352618,3.9437483928825374,60.66008775490102,Middle,Left
15335,511.1666666666667,408,661,0.5952857732772827,False,-22.341548978255474,2.6646530241399957,22.499893032786773,Middle,Left
15336,511.2,413,665,0.5213854908943176,False,-3.9974394852174164,3.0004041070786562,4.9981943983552455,Middle,Left
15337,511.23333333333335,418,673,0.5212062001228333,False,3.0682906269220496,5.170461002094623,6.012326866150828,Middle,Left
15338,511.26666666666665,423,683,0.5612474679946899,False,5.1424163938159015,7.595528026983787,9.172594637074221,Middle,Left
15339,511.3,423,683,0.5605987310409546,False,3.341405677022257,4.8216234092809875,5.866263222815951,Middle,Left
15340,511.3333333333333,430,697,0.536490797996521,False,4.564777578756237,8.201473943266375,9.38623296033041,Middle,Left
15341,511.3666666666667,434,714,0.5547393560409546,False,4.5443429719346895,12.517309787489246,13.316684923904534,Back,Left
15342,511.4,441,734,0.5653427839279175,False,5.5771921845965835,16.44450356734889,17.364526202591176,Back,Left
15366,512.2,1594,754,0.3134579360485077,False,490.0682168527817,18.644859835114804,490.42276452825485,Back,Right
15408,513.6,204,749,0.49291321635246277,False,-217.1617505447182,9.05678105397761,217.3505260695407,Back,Left
15409,513.6333333333333,209,746,0.4826860725879669,False,-249.38673187372774,2.259674861192593,249.3969690375905,Back,Left
15410,513.6666666666666,215,747,0.4382741153240204,False,-147.3334728404694,0.5170593757462998,147.33438013454762,Back,Left
15411,513.7,215,747,0.4405873715877533,False,-66.96544696457516,-0.011635505983729533,66.96544797543228,Back,Left
15412,513.7333333333333,220,752,0.502630352973938,False,-22.27224343808951,2.009498949369519,22.362712576810498,Back,Left
15413,513.7666666666667,228,762,0.49806949496269226,False,-1.5326065521964054,5.742221484705132,5.943230638570622,Back,Left
15414,513.8,234,775,0.5402935147285461,False,5.34161509736895,9.470600259229132,10.873137593103051,Back,Left
15415,513.8333333333334,241,793,0.47578346729278564,False,7.26625748531034,13.734934167280581,15.53856217358479,Back,Left
15428,514.2666666666667,534,470,0.4389283061027527,False,128.2123347704859,-127.63526222940521,180.9120309754666,Middle,Left
15429,514.3,534,470,0.43940985202789307,False,95.64313706229422,-98.94826677807808,137.6167474019878,Middle,Left
15430,514.3333333333334,521,484,0.5619152188301086,False,43.98445725936258,-46.16409557404035,63.76328254230506,Middle,Left
15431,514.3666666666667,507,500,0.5799880623817444,False,10.307056955100713,-10.522033000329344,14.72917518178495,Middle,Left
15432,514.4,493,521,0.5513685941696167,False,-5.952274610681908,9.132624891473672,10.901119687873027,Middle,Left
15433,514.4333333333333,479,546,0.5789957046508789,False,-12.245736414797197,19.331513094288205,22.88373786896115,Middle,Left
15434,514.4666666666667,780,638,0.2733105719089508,False,118.84858565970995,51.820573898027156,129.6547654058049,Middle,Left
15435,514.5,780,638,0.2705095708370209,False,92.03960823306576,35.73606230858254,98.73376136367499,Middle,Left
15436,514.5333333333333,445,608,0.673627495765686,False,-92.98242722965935,5.124511281579153,93.12353295163328,Middle,Left
15437,514.5666666666667,428,646,0.5915718078613281,False,-93.8739181139907,13.547120185485221,94.8463861588422,Middle,Left
15438,514.6,411,688,0.5937723517417908,False,-61.585609452805365,27.057099117353495,67.26718296702903,Middle,Left
15445,514.8333333333334,309,772,0.44188985228538513,False,-72.89153605223649,53.49854888453303,90.41720389840233,Back,Left
15449,514.9666666666667,512,627,0.45068445801734924,False,41.54324539419487,-25.57356393382215,48.783690001470596,Middle,Left
15457,515.2333333333333,765,682,0.3498884439468384,False,151.1823951471369,-5.651857927359885,151.2880038220351,Middle,Left
15493,516.4333333333333,1116,717,0.3009968101978302,False,255.05450518270476,15.05570084670898,255.4984828565132,Back,Right
15505,516.8333333333334,779,594,0.27560070157051086,False,23.663883732248934,-39.526060412912265,46.06830629683042,Middle,Left
15510,517.0,860,467,0.49717506766319275,False,6.641382519128086,-86.17121082885163,86.42676401136269,Middle,Left
15532,517.7333333333333,247,779,0.5151677131652832,False,-257.930984020369,73.57986469044113,268.2207840671179,Back,Left
15533,517.7666666666667,256,823,0.44709187746047974,False,-192.398618853534,89.55495026370549,212.2199746807124,Back,Left
15540,518.0,354,837,0.4952208995819092,False,-58.151635238166534,60.510551262428876,83.92341446197125,Back,Left
15541,518.0333333333333,371,835,0.38877415657043457,False,-2.5148680324506714,28.95158138645879,29.0606026433966,Back,Left
15545,518.1666666666666,489,647,0.38062167167663574,False,58.264231187364906,-68.2422151996943,89.73138008086187,Middle,Left
15547,518.2333333333333,556,514,0.4414726495742798,False,72.77946031558474,-112.89076248776323,134.31743780647523,Middle,Left
15548,518.2666666666667,580,465,0.5530897378921509,False,54.77644679269393,-93.87789236940978,108.69000781560058,Middle,Left
15549,518.3,580,465,0.553132176399231,False,28.448969028207454,-50.866471458990176,58.28157305234794,Middle,Left
15550,518.3333333333334,601,431,0.45277881622314453,False,20.61455541566445,-36.08479113002104,41.55805632946211,Middle,Left
15558,518.6,519,441,0.4515218138694763,False,-24.09297543630343,-13.999800660375431,27.86513742841705,Middle,Left
15559,518.6333333333333,503,456,0.5435724854469299,False,-28.64187957819005,2.1750262326299428,28.72434516023244,Middle,Left
15560,518.6666666666666,484,473,0.4794982075691223,False,-25.38261510336367,11.313990760722039,27.78998986000551,Middle,Left
15561,518.7,484,473,0.4801693260669708,False,-14.088409321688419,8.166693237347001,16.28429168396238,Middle,Left
15562,518.7333333333333,466,495,0.5721123814582825,False,-13.727319794510917,13.444786772813837,19.214619436960003,Middle,Left
15563,518.7666666666667,447,520,0.5024658441543579,False,-15.888496128708171,19.26235066404835,24.969630800969774,Middle,Left
15564,518.8,425,549,0.5637364983558655,False,-18.85307591208485,24.408861331194736,30.842032728604767,Middle,Left
15566,518.8666666666667,381,620,0.5912213325500488,False,-29.995301520119618,44.99103217407977,54.073201212541235,Middle,Left
15567,518.9,381,620,0.5908559560775757,False,-19.319838907870103,29.66789507182359,35.4039570305183,Middle,Left
15572,519.0666666666667,256,832,0.4286194443702698,False,-62.023707250240165,103.89720304960649,121.0023514754761,Back,Left
15573,519.1,257,832,0.4256315529346466,False,-43.03035439375765,73.26823547550529,84.96967534918838,Back,Left
15574,519.1333333333333,240,815,0.41464442014694214,False,-28.659664956446655,29.710937933156195,41.280942676780484,Back,Left
15575,519.1666666666666,221,798,0.44444066286087036,False,-22.022300134851594,2.2351824830144302,22.13544090281147,Back,Left
15589,519.6333333333333,365,285,0.5469671487808228,False,49.23526781222766,-220.13144508659872,225.57030990903039,Front,Left
15590,519.6666666666666,396,232,0.5382159352302551,False,54.23327276669875,-189.20360909467564,196.82289899663093,Front,Left
15591,519.7,396,232,0.5380390286445618,False,32.23277315513311,-103.83418313417944,108.72207343687198,Front,Left
15592,519.7333333333333,425,190,0.5375068783760071,False,26.948808462411407,-62.52619080691418,68.0864363465028,Front,Left
15593,519.7666666666667,451,156,0.51543128490448,False,25.606975810287164,-43.12661959276825,50.155981972721605,Front,Left
15594,519.8,474,127,0.5015149116516113,False,24.267564798821077,-33.70791833264765,41.53478613867445,Front,Left
15595,519.8333333333334,495,103,0.5233633518218994,False,22.64976219895125,-27.932401062250484,35.961517720633715,Front,Left
15599,519.9666666666667,526,54,0.35567063093185425,False,25.886033612430474,-35.79573551944931,44.17489578439597,Front,Left
15600,520.0,521,40,0.5242053270339966,False,13.426134530608365,-27.997019516659652,31.04986618731578,Front,Left
15601,520.0333333333333,514,27,0.49656233191490173,False,2.5848461116604433,-20.277671694710154,20.441756254769682,Front,Left
15602,520.0666666666667,507,20,0.3936455249786377,False,-3.39216353978674,-13.298170123389724,13.723997308046718,Front,Left
15603,520.1,507,20,0.3966560661792755,False,-3.0252165805682902,-6.441822788262787,7.116812221404119,Front,Left
15611,520.3666666666667,458,12,0.3470994532108307,False,-22.364992445601377,-5.878019160428448,23.124532348615627,Front,Left
15617,520.5666666666667,418,87,0.4441707134246826,False,-33.2538699024865,28.359616178716767,43.704550029666606,Front,Left
15618,520.6,409,116,0.5280402898788452,False,-24.956629876957955,34.72946847311003,42.76645128181919,Front,Left
15619,520.6333333333333,400,145,0.5274672508239746,False,-16.74343352971636,33.44597246947333,37.40288278719701,Front,Left
15620,520.6666666666666,391,178,0.542238175868988,False,-12.011855822791308,33.029075904930444,35.14547674226631,Front,Left
15621,520.7,391,178,0.5421472787857056,False,-6.098914865343587,19.013811325135784,19.968019021489607,Front,Left
15622,520.7333333333333,381,218,0.5214349627494812,False,-6.692082760906701,25.37484340503113,26.24245890743999,Front,Left
15623,520.7666666666667,372,260,0.5292515158653259,False,-7.771889089371239,33.525270751184664,34.414328977298474,Front,Left
15624,520.8,361,307,0.5196329951286316,False,-9.326789390485967,40.66474521913399,41.72062444489011,Front,Left
15635,521.1666666666666,575,371,0.4421573877334595,False,84.65851581363343,51.78606948611823,99.2414293155247,Middle,Left
15640,521.3333333333334,527,403,0.35809820890426636,False,45.40950491979755,45.41602079637096,64.22334530400543,Middle,Left
15641,521.3666666666667,514,420,0.511023759841919,False,13.763526484945505,32.287270372453115,35.0984684766399,Middle,Left
15642,521.4,500,439,0.5479969382286072,False,-3.5928150834191577,24.34001289354213,24.60375068727208,Middle,Left
15643,521.4333333333333,486,461,0.5080084800720215,False,-11.077599589158549,21.93650211834063,24.574851735985888,Middle,Left
15644,521.4666666666667,470,488,0.5377352237701416,False,-14.488699570861309,23.645521596368347,27.731446172513227,Middle,Left
15645,521.5,470,488,0.537938117980957,False,-8.980973593568649,13.96963008616406,16.60748179082661,Middle,Left
15646,521.5333333333333,454,520,0.5724891424179077,False,-10.962360252111798,19.85613784549729,22.681259939352366,Middle,Left
15647,521.5666666666667,437,555,0.5654451847076416,False,-13.863733110495188,27.296798609708492,30.615654657348486,Middle,Left
15648,521.6,419,596,0.5744743943214417,False,-16.12646871374472,34.40625969455426,37.99807494261382,Middle,Left
15649,521.6333333333333,400,645,0.5775681734085083,False,-17.74245027455013,41.83259720724597,45.43963832215841,Middle,Left
15650,521.6666666666666,381,699,0.5475798845291138,False,-18.561132842319896,48.29127293347429,51.73550709063895,Middle,Left
15651,521.7,381,699,0.5473809242248535,False,-10.872655831553178,29.059010848943604,31.026452526037026,Middle,Left
15656,521.8666666666667,291,801,0.331898957490921,False,-42.901188605340394,56.41982508743447,70.87812530426922,Back,Left
15657,521.9,291,801,0.33484917879104614,False,-30.499348206759844,37.4804348140575,48.32176771278135,Back,Left
15661,522.0333333333333,362,813,0.40241801738739014,False,14.551176727863496,23.351470402678153,27.5141402579232,Back,Left
15667,522.2333333333333,130,787,0.27851444482803345,False,-81.48783303535019,0.0039556553451944865,81.48783313135966,Back,Left
15668,522.2666666666667,108,812,0.4864075481891632,False,-73.48875732601853,6.394903564647415,73.76647100765754,Back,Left
15669,522.3,108,812,0.48654353618621826,False,-41.045379266801845,4.834297353111591,41.32908890907115,Back,Left
15674,522.4666666666667,158,800,0.42438822984695435,False,3.163180758781486,-2.5491915495348705,4.062522623807209,Back,Left
15675,522.5,158,800,0.42522546648979187,False,9.703971226485631,-2.788617588051836,10.096704690979779,Back,Left
15677,522.5666666666667,184,819,0.3870018720626831,False,17.747504100049216,6.365320688679595,18.85447451537688,Back,Left
15678,522.6,198,834,0.4685039818286896,False,17.59873265355508,11.640674138779655,21.100253207403917,Back,Left
15680,522.6666666666666,222,876,0.36354368925094604,False,20.27409102994325,25.394635623834898,32.4950193961747,Back,Left
15681,522.7,222,876,0.3666929304599762,False,12.193377901305482,17.126323413921575,21.02354438058158,Back,Left
15695,523.1666666666666,494,451,0.3962000012397766,False,120.41358295982684,-170.96046360562153,209.1098062680757,Middle,Left
15696,523.2,478,463,0.5002171993255615,False,82.1156226233845,-127.24440031026558,151.44012971846402,Middle,Left
15697,523.2333333333333,461,479,0.538114607334137,False,33.4577397573101,-58.99528079282747,67.82229357292812,Middle,Left
15698,523.2666666666667,443,500,0.4330703914165497,False,3.069755040625491,-13.071852040218722,13.4274611066581,Middle,Left
15699,523.3,443,500,0.43238750100135803,False,-3.6396631215369037,0.626970705090276,3.6932695411135588,Middle,Left
15700,523.3333333333334,424,523,0.5001509189605713,False,-11.318298505136237,12.51072791135544,16.87074965504904,Middle,Left
15701,523.3666666666667,403,550,0.47972574830055237,False,-16.772751132045634,20.743529201113766,26.676191337126777,Middle,Left
15720,524.0,21,862,0.45118245482444763,False,-171.90048992727586,145.14447425052418,224.98154778269827,Back,Left
15721,524.0333333333333,36,837,0.3657996356487274,False,-120.6496380587072,95.49195386303327,153.86698286597007,Back,Left
15730,524.3333333333334,141,816,0.41255465149879456,False,-16.276365084163857,37.47697110636532,40.858823082173195,Back,Left
15731,524.3666666666667,153,833,0.5544570684432983,False,14.253065009042597,18.498423922311556,23.352549106286936,Back,Left
15732,524.4,166,849,0.5132792592048645,False,19.163095736412572,14.062786809012806,23.769438593257902,Back,Left
15733,524.4333333333333,178,871,0.4979393482208252,False,17.01441839108942,16.622720462458613,23.786661572404025,Back,Left
15746,524.8666666666667,501,468,0.26989424228668213,False,145.78276482407938,-160.03660007000224,216.48170334168816,Middle,Left
15747,524.9,501,468,0.2700701951980591,False,107.19096242335362,-123.96045289975004,163.87829724632837,Middle,Left
15748,524.9333333333333,487,477,0.48009660840034485,False,49.16311724455879,-61.413085460244865,78.66752292369179,Middle,Left
15749,524.9666666666667,474,491,0.49705031514167786,False,12.587288281598909,-18.439508477848918,22.32611249610508,Middle,Left
15750,525.0,460,507,0.5273272395133972,False,-5.15085434782392,3.752700169520047,6.372916057411424,Middle,Left
15751,525.0333333333333,445,527,0.48979589343070984,False,-12.468119507362495,14.564021694123051,19.171977778955412,Middle,Left
15752,525.0666666666667,428,552,0.5568562746047974,False,-15.684543716639842,20.894940589492503,26.126680880617187,Middle,Left
15753,525.1,428,552,0.5568817853927612,False,-9.63739073691763,13.203428980705525,16.346554287205617,Middle,Left
15754,525.1333333333333,411,580,0.4992488622665405,False,-11.667696830942752,18.078531407294648,21.51670158698425,Middle,Left
15755,525.1666666666666,394,611,0.6432691216468811,False,-14.280074677719824,24.40097338603037,28.272389976565783,Middle,Left
15763,525.4333333333333,260,826,0.47238633036613464,False,-65.27715740316088,105.97584138818114,124.46680777046532,Back,Left
15764,525.4666666666667,244,813,0.4577365815639496,False,-53.56344773881993,70.29108320950269,88.37352155727713,Back,Left
15765,525.5,244,813,0.4594753384590149,False,-28.86841761405196,34.26508361883364,44.80492708335733,Back,Left
15781,526.0333333333333,501,418,0.3270913362503052,False,96.19112990661706,-153.33833148093674,181.01209178966283,Middle,Left
15782,526.0666666666667,488,428,0.5230580568313599,False,72.3832782417778,-117.8183111572215,138.27687229962388,Middle,Left
15783,526.1,488,428,0.5231284499168396,False,37.59011335787258,-61.76125184931459,72.30123686529973,Middle,Left
15784,526.1333333333333,474,440,0.49359992146492004,False,9.616305302901306,-20.64115649954661,22.77126850479312,Middle,Left
15785,526.1666666666666,458,458,0.5590589642524719,False,-6.179521585551029,2.9942895981305107,6.8667501209643325,Middle,Left
15786,526.2,442,477,0.47056353092193604,False,-13.138656292096801,13.960758395051428,19.170995386960318,Middle,Left
15787,526.2333333333333,426,503,0.4869207441806793,False,-15.586174033890813,20.99602661926976,26.148842322592724,Middle,Left
15788,526.2666666666667,409,529,0.5473057627677917,False,-16.618959211624798,24.361474181437742,29.490188700150874,Middle,Left
15789,526.3,409,529,0.547412097454071,False,-9.788382734394391,14.678490260865711,17.642860110915116,Middle,Left
15803,526.7666666666667,161,817,0.2784370481967926,False,-109.11643178087043,128.31764178810113,168.4393448059235,Back,Left
15810,527.0,35,838,0.34290409088134766,False,-133.9383376330788,103.26597205508635,169.1252177305161,Back,Left
15818,527.2666666666667,136,819,0.37744149565696716,False,-39.19710229569026,47.1966073836832,61.35089711575819,Back,Left
15819,527.3,136,819,0.3792957365512848,False,-5.774202839620742,17.286789753301086,18.22565550008887,Back,Left
15820,527.3333333333334,148,835,0.5654154419898987,False,7.68238547954982,11.415117112097438,13.759503818790039,Back,Left
15821,527.3666666666667,160,854,0.5858896970748901,False,11.902114223853626,13.570503451784086,18.050453925941657,Back,Left
15822,527.4,172,875,0.6014936566352844,False,12.695189900906325,17.09035329235925,21.289622408059017,Back,Left
15831,527.7,1360,674,0.47539305686950684,False,508.91200162051206,-74.3346813768298,514.3122303122791,Middle,Right
15832,527.7333333333333,1345,660,0.47760748863220215,False,376.18075010968073,-65.15616964195215,381.78172192431225,Middle,Right
15833,527.7666666666667,1328,650,0.40472590923309326,False,186.5795110959391,-40.240534173029744,190.8696271053371,Middle,Right
15834,527.8,1328,650,0.4020942747592926,False,74.04943499496066,-18.816901488602955,76.40284421868529,Middle,Right
15850,528.3333333333334,780,468,0.2562497556209564,False,-208.55434521255722,-83.87692493975523,224.78935349430546,Middle,Left
15853,528.4333333333333,1226,545,0.5444830656051636,False,17.3746731823949,-27.564276373884802,32.583256439633786,Middle,Right
15854,528.4666666666667,1240,532,0.5031327605247498,False,56.20034780742604,-11.384650753251705,57.34186399524497,Middle,Right
15855,528.5,1253,521,0.4570792019367218,False,44.88317276138971,-8.339838092375487,45.65141943615546,Middle,Right
15856,528.5333333333333,1265,512,0.35887202620506287,False,28.987567631352825,-8.076036545695047,30.091551031305382,Middle,Right
15857,528.5666666666667,1277,506,0.5009026527404785,False,18.98555456608482,-7.152780782498139,20.288261510150612,Middle,Right
15858,528.6,1277,506,0.500938892364502,False,9.190190863145817,-3.9692362888256896,10.010716498711748,Middle,Right
15859,528.6333333333333,1291,507,0.3376964032649994,False,9.475247666845872,-1.3046490399142523,9.564644659652409,Middle,Right
15867,528.9,1401,613,0.6096020936965942,False,51.95576434269702,44.46146486644444,68.38291677388396,Middle,Right
15868,528.9333333333333,1417,640,0.57088303565979,False,44.34752398440745,45.24468449466033,63.354434403354524,Middle,Right
15869,528.9666666666667,1434,669,0.4678633213043213,False,31.449179015924663,38.527621805631924,49.733575206026366,Middle,Right
15870,529.0,1434,669,0.46630725264549255,False,15.877146372950255,21.069120362989885,26.38165290155722,Middle,Right
15871,529.0333333333333,1445,662,0.47736048698425293,False,11.044375065581768,6.111342894102767,12.622469352648263,Middle,Right
15872,529.0666666666667,1455,651,0.5295686721801758,False,9.742587148169504,-3.775836174790431,10.448681407648222,Middle,Right
15873,529.1,1466,641,0.5072466731071472,False,10.041400846916495,-8.164382842804262,12.94167215518659,Middle,Right
15874,529.1333333333333,1468,636,0.5588280558586121,False,6.700501485453978,-7.610587738548761,10.139909559888574,Middle,Right
15875,529.1666666666666,1467,630,0.5396655201911926,False,2.8550618229626523,-6.832126351408037,7.404682876028041,Middle,Right
15876,529.2,1467,630,0.5398033857345581,False,0.9649114938032539,-3.8097200999272642,3.930015449163455,Middle,Right
15877,529.2333333333333,1467,630,0.5102114677429199,False,0.22090223561336453,-1.6632516294583306,1.677856901107712,Middle,Right
15878,529.2666666666667,1466,631,0.526386022567749,False,-0.4269670771884664,-0.15673882605199152,0.4548273788977729,Middle,Right
15879,529.3,1465,635,0.572049617767334,False,-0.7842544533171103,1.8661383007005194,2.024234967806144,Middle,Right
15880,529.3333333333334,1464,640,0.5509061217308044,False,-0.9389688876252578,3.549269109714171,3.671372193758001,Middle,Right
15881,529.3666666666667,1463,649,0.5542610287666321,False,-0.9922919798283273,6.149782695914078,6.229323444820942,Middle,Right
15882,529.4,1463,649,0.5541823506355286,False,-0.582962659525804,4.017358229858457,4.059435011108428,Middle,Right
15883,529.4333333333333,1462,661,0.5427367687225342,False,-0.6860633114610449,7.00679208239341,7.040299578371923,Middle,Right
15893,529.7666666666667,1433,584,0.4723086655139923,False,-12.655246556789608,-27.918421366317574,30.652789709916988,Middle,Right
15894,529.8,1433,584,0.47352269291877747,False,-9.446042128832735,-22.35659797884102,24.27025309071171,Middle,Right
15895,529.8333333333334,780,472,0.3456922173500061,False,-280.5071359082188,-59.202645084529124,286.6865997573599,Middle,Left
15899,529.9666666666667,1276,550,0.5834353566169739,False,-1.0476150198196592,-7.8560732594652904,7.925615704021824,Middle,Right
15900,530.0,1276,550,0.5835317373275757,False,49.18128080706734,4.6074132379141215,49.39662578120612,Middle,Right
15901,530.0333333333333,1278,551,0.28499168157577515,False,38.21534860008662,5.305202274551416,38.58183561988786,Middle,Right
15905,530.1666666666666,769,467,0.47130510210990906,False,-194.7082613052038,-32.26464182112322,197.36340626453753,Middle,Left
15906,530.2,769,467,0.4709441661834717,False,-154.021499691196,-25.339505532305214,156.09200142142714,Middle,Left
15907,530.2333333333333,765,446,0.42328619956970215,False,-83.45156648738734,-22.27413858043588,86.37303513654764,Middle,Left
15909,530.3,748,439,0.3923073709011078,False,-42.83124043891931,-15.281086777261784,45.47556234540395,Middle,Left
15910,530.3333333333334,735,451,0.5087384581565857,False,-23.0033409051428,-2.520381834759716,23.141002946959812,Middle,Left
15911,530.3666666666667,719,466,0.5038015246391296,False,-16.514942270706975,7.14802903808263,17.995489360783065,Middle,Left
15912,530.4,719,466,0.5034497380256653,False,-8.388343647014109,5.8534335703185265,10.228733729183386,Middle,Left
15913,530.4333333333333,706,485,0.5290401577949524,False,-8.887060123992992,11.171731586022783,14.275413278697238,Middle,Left
15914,530.4666666666667,691,505,0.4983969032764435,False,-11.556072833798893,15.845462528048547,19.611769478245847,Middle,Left
15915,530.5,674,530,0.5399485230445862,False,-14.329353084006963,20.542073974382483,25.046100753912615,Middle,Left
15916,530.5333333333333,659,555,0.3961014449596405,False,-15.106491193839855,23.260404443808536,27.735401404686915,Middle,Left
15919,530.6333333333333,618,637,0.3732857406139374,False,-26.174136522344554,48.537636605791235,55.1451501944294,Middle,Left
15920,530.6666666666666,597,674,0.5551440119743347,False,-25.961965061286808,48.171032356927114,54.72176886921324,Middle,Left
15921,530.7,575,725,0.572451114654541,False,-24.251890072760467,49.29977806173225,54.941990217294766,Back,Left
15923,530.7666666666667,540,758,0.4788331985473633,False,-28.483822548022157,42.62101805523193,51.262845482977454,Back,Left
15924,530.8,540,758,0.479417622089386,False,-17.215235163663166,23.44158969435832,29.083886417376736,Back,Left
15925,530.8333333333334,526,742,0.5186599493026733,False,-13.850601602264689,3.3771033143225893,14.256366701942882,Back,Left
15926,530.8666666666667,512,727,0.5193055272102356,False,-13.314238506410504,-7.954109509319638,15.509249017661471,Back,Left
15927,530.9,496,715,0.47900113463401794,False,-14.352296262735171,-11.680505044878043,18.50466444215467,Back,Left
15928,530.9333333333333,481,706,0.2850779592990875,False,-14.810614349071104,-11.212981663379693,18.576470471545452,Middle,Left
15932,531.0666666666667,432,701,0.2681080400943756,False,-29.32300469072477,-8.507300233652336,30.532159461095574,Middle,Left
15944,531.4666666666667,517,471,0.4124753773212433,False,16.34529373354542,-101.51345262801193,102.82095939882832,Middle,Left
15947,531.5666666666667,670,318,0.4055328667163849,False,82.16081679745001,-139.81439980372437,162.16801845400906,Front,Left
15948,531.6,670,318,0.40455612540245056,False,59.2074502195264,-87.62464783854176,105.7525464011442,Front,Left
15949,531.6333333333333,1046,465,0.2589718699455261,False,188.83079814911176,20.704087585917293,189.96244253113804,Middle,Right
15950,531.6666666666666,1046,465,0.253067284822464,False,132.2214983718277,31.264408506598038,135.8675379586996,Middle,Right
15951,531.7,1046,465,0.28724169731140137,False,66.32797588408225,19.949609713342834,69.2631742890412,Middle,Right
15952,531.7333333333333,1046,465,0.30307522416114807,False,26.592934599994265,9.51345777546005,28.24340718619185,Middle,Right
15953,531.7666666666667,1046,465,0.3503663241863251,False,8.289583753257617,3.6387564042877383,9.053051804337455,Middle,Right
15954,531.8,1046,465,0.3494343161582947,False,1.5298884149233043,1.0563021024142407,1.8591214843794597,Middle,Right
15955,531.8333333333334,1045,464,0.3209792673587799,False,-0.7421970291986177,-0.2717004029464507,0.7903654465578044,Middle,Right
15956,531.8666666666667,1045,463,0.33228522539138794,False,-0.8337088665308708,-0.8156912833892859,1.1663716148507086,Middle,Right
15957,531.9,1045,463,0.3744439482688904,False,-0.4981181556007828,-0.5683162422594488,0.7557149251900654,Middle,Right
15958,531.9333333333333,1045,463,0.33904457092285156,False,-0.2280845401422763,-0.28436918503252134,0.36453859994241217,Middle,Right
15969,532.3,1156,240,0.43626779317855835,False,46.767444279024986,-94.2381399647838,105.20466181882763,Front,Right
15970,532.3333333333334,1173,257,0.4819197952747345,False,42.575550761436645,-64.02467561240519,76.88846864070958,Front,Right
15971,532.3666666666667,1188,275,0.5421142578125,False,30.189594136768527,-24.020863323681567,38.579962013431256,Front,Right
15972,532.4,1188,275,0.5421799421310425,False,15.240493974582948,-6.755256079678215,16.67051712729178,Front,Right
15973,532.4333333333333,1202,295,0.46876269578933716,False,12.053667441939432,7.613597552874403,14.256849809758318,Front,Right
15974,532.4666666666667,1213,316,0.4782111644744873,False,11.04118834040531,15.82362577400941,19.294946815272567,Front,Right
15975,532.5,1224,337,0.46766427159309387,False,10.843426681995478,19.471128412375364,22.28687380183732,Front,Right
15976,532.5333333333333,1236,357,0.500504732131958,False,11.296364021829254,20.344171499456994,23.270005460098126,Middle,Right
15980,532.6666666666666,1272,450,0.5774173736572266,False,21.804027393432374,51.16645665830987,55.61853915323785,Middle,Right
15981,532.7,1285,484,0.5654923319816589,False,19.95997994118602,49.411897383811855,53.291053679964904,Middle,Right
15982,532.7333333333333,1296,522,0.5230163931846619,False,15.849606074545353,44.28255485917755,47.033548426355566,Middle,Right
15983,532.7666666666667,1045,462,0.25110211968421936,False,-97.5152047194185,-0.6470911524709706,97.51735167871259,Middle,Right
15984,532.8,1045,462,0.251845121383667,False,-76.55209676052773,-8.378342916014368,77.00922119104652,Middle,Right
15985,532.8333333333334,1045,462,0.2803329825401306,False,-40.50614807654047,-6.21934172130536,40.98082775451214,Middle,Right
15986,532.8666666666667,1045,463,0.4203197956085205,False,-16.98749920959059,-2.787550543544518,17.21469045404698,Middle,Right
15987,532.9,1344,648,0.4486403465270996,False,120.57520723294178,77.08566297025592,143.1103771039359,Middle,Right
15988,532.9333333333333,1045,464,0.3826797604560852,False,-32.01283064229875,-18.8843113545784,37.16770831069842,Middle,Right
15989,532.9666666666667,1045,464,0.37606242299079895,False,-45.68488316283675,-28.01097025356894,53.58845961723819,Middle,Right
15990,533.0,1045,464,0.3767174184322357,False,-28.837821379842833,-17.81397858682887,33.896279663522336,Middle,Right
15991,533.0333333333333,1045,464,0.3265478014945984,False,-13.664518878119178,-8.478380395171792,16.081107247192552,Middle,Right
15992,533.0666666666667,1045,464,0.360461562871933,False,-5.193787143895102,-3.2366346076653505,6.119740883373011,Middle,Right
15993,533.1,1045,464,0.4064795672893524,False,-1.4924895527805533,-0.9366721623561172,1.7620669127169888,Middle,Right
15994,533.1333333333333,1388,552,0.5135546922683716,False,144.57114057261077,37.01168202209734,149.23363994947798,Middle,Right
15995,533.1666666666666,1396,547,0.5252736806869507,False,112.94861983487911,26.03992414855251,115.91146782034302,Middle,Right
15996,533.2,1396,547,0.5249678492546082,False,59.641325253784416,13.094271401298116,61.061834410362714,Middle,Right
15997,533.2333333333333,1045,464,0.4407411217689514,False,-123.18005314771021,-29.771747645094415,126.72680241888808,Middle,Right
15998,533.2666666666667,1045,464,0.4576018154621124,False,-103.75819995607635,-24.842350775822492,106.6907046100743,Middle,Right
15999,533.3,1045,465,0.4646706283092499,False,-56.50361290640242,-13.05655856361378,57.9925166982917,Middle,Right
16000,533.3333333333334,1045,464,0.42708373069763184,False,-24.235855919660047,-5.868015750299977,24.936124819311633,Middle,Right
16001,533.3666666666667,1045,464,0.3895054757595062,False,-8.257710073350314,-2.110564658423693,8.523160143567546,Middle,Right
16002,533.4,1045,464,0.38865312933921814,False,-1.9257116657466886,-0.5503289887574478,2.002804887017126,Middle,Right
16003,533.4333333333333,1044,463,0.3689839541912079,False,-0.40691680086385773,-0.4621656462455209,0.6157746076242642,Middle,Right
16005,533.5,1044,463,0.44693922996520996,False,0.03541438778757755,-0.25138702675117774,0.25386928936199876,Middle,Right
16006,533.5333333333333,1045,463,0.457192599773407,False,0.5213519246219012,-0.10773001000221219,0.5323660248006414,Middle,Right
16007,533.5666666666667,1045,464,0.4681709408760071,False,0.3878699469709217,0.38541638866482975,0.5467987640939441,Middle,Right
16008,533.6,1045,464,0.46730634570121765,False,0.20037656015199662,0.31059469835569914,0.3696212013738044,Middle,Right
16009,533.6333333333333,1045,463,0.49340203404426575,False,0.08239851334357416,-0.2559140627577113,0.2688522317526655,Middle,Right
16010,533.6666666666666,1045,463,0.49216264486312866,False,0.02660133558237509,-0.24882279818565228,0.2502407160150082,Middle,Right
16011,533.7,1395,477,0.5057870149612427,False,147.73428704651727,5.766618435308642,147.84679048704845,Middle,Right
16012,533.7333333333333,1406,493,0.5740699768066406,False,116.33579944587885,11.157621529546219,116.86963143138742,Middle,Right
16013,533.7666666666667,1418,513,0.5529652833938599,False,66.70373742003886,15.850260749139725,68.56106294112725,Middle,Right
16014,533.8,1418,513,0.5531898736953735,False,29.707131292570857,9.996154518432526,31.34384716001566,Middle,Right
16015,533.8333333333334,1430,536,0.5818516612052917,False,15.642184035116145,14.441919333042287,21.28959735200605,Middle,Right
16016,533.8666666666667,1441,560,0.5311467051506042,False,11.177078871263895,19.268246292729867,22.275376703700253,Middle,Right
16017,533.9,1044,464,0.34122398495674133,False,-161.90277318708334,-28.52462894405519,164.39635769099078,Middle,Right
16018,533.9333333333333,1469,628,0.610870897769928,False,54.98378519678758,44.22216414324792,70.56072870994771,Middle,Right
16019,533.9666666666667,1482,671,0.5237317085266113,False,75.90228492007674,56.66641221266235,94.7219041676416,Middle,Right
16020,534.0,1482,671,0.5235206484794617,False,47.59196901969998,34.965502082688445,59.055752057412434,Middle,Right
16021,534.0333333333333,1045,464,0.32434365153312683,False,-161.9893761674102,-71.02998249503702,176.8779703760533,Middle,Right
16023,534.1,1527,807,0.5198694467544556,False,72.48956300288486,84.84132718082307,111.59205859805921,Back,Right
16024,534.1333333333333,1537,787,0.5274445414543152,False,87.88707971962852,68.35867679945187,111.34202924060733,Back,Right
16040,534.6666666666666,1441,370,0.35808756947517395,False,13.014695182213757,-139.43914124648126,140.04519414189866,Middle,Right
16041,534.7,1555,790,0.3130074441432953,False,42.300035248993495,59.67037019001302,73.1426418765366,Back,Right
16042,534.7333333333333,1318,254,0.4688873291015625,False,-70.37031686441068,-156.27955976005572,171.3921885454363,Front,Right
16049,534.9666666666667,1045,460,0.2693442702293396,False,-175.9693753359749,-41.839973595848875,180.87510731616592,Middle,Right
16050,535.0,1045,460,0.2715177834033966,False,-120.50864295686696,-3.792232724210521,120.56829623221942,Middle,Right
16051,535.0333333333333,1045,460,0.29842409491539,False,-59.76353246785123,4.586743612344085,59.939286198630086,Middle,Right
16052,535.0666666666667,1045,460,0.41113993525505066,False,-23.7164355429176,4.143504360426335,24.075671189942707,Middle,Right
16053,535.1,1045,462,0.40167245268821716,False,-7.284224952286841,3.1598041466020974,7.94004379083655,Middle,Right
16054,535.1333333333333,1045,463,0.31970933079719543,False,-1.2822242575649208,2.0729390205340197,2.43745261072712,Middle,Right
16055,535.1666666666666,1045,463,0.30231183767318726,False,0.32825803602012527,1.0043589397458408,1.0566410071822783,Middle,Right
16056,535.2,1045,463,0.30045926570892334,False,0.4766192796681647,0.3900652935996155,0.6158870602816351,Middle,Right
16057,535.2333333333333,1045,463,0.3334693908691406,False,0.30187773862194356,0.11598696635353517,0.32339317469512957,Middle,Right
16067,535.5666666666667,663,116,0.33599525690078735,False,-161.0921626134816,-146.44440394618601,217.70771300677913,Front,Left
16068,535.6,663,116,0.3365718722343445,False,-121.85091661611887,-110.74305182502141,164.65621581861927,Front,Left
16069,535.6333333333333,646,135,0.4025113880634308,False,-70.60421714169335,-49.62046396502707,86.29684769616985,Front,Left
16071,535.7,618,171,0.46662867069244385,False,-43.491941893094854,-2.5923613454304117,43.569132961049625,Front,Left
16072,535.7333333333333,605,188,0.49002698063850403,False,-25.79167957354801,14.055455491274941,29.372888252464797,Front,Left
16073,535.7666666666667,590,209,0.5410529375076294,False,-18.083335909392154,19.95249406143317,26.92784909500641,Front,Left
16074,535.8,590,209,0.5411483645439148,False,-9.07740828884284,12.581475247102025,15.514279249639463,Front,Left
16075,535.8333333333334,577,235,0.49971553683280945,False,-9.128627065727967,16.93202548338034,19.236042188428012,Front,Left
16076,535.8666666666667,562,263,0.5050964951515198,False,-11.615955291035874,22.37868930524114,25.21380876313332,Front,Left
16077,535.9,548,291,0.5300602316856384,False,-13.065345143879323,25.721688535674645,28.849757448806177,Front,Left
16078,535.9333333333333,534,325,0.5521822571754456,False,-13.718060546963159,29.811385743315412,32.81621405809781,Front,Left
16079,535.9666666666667,518,358,0.5252208113670349,False,-14.797510710124053,31.88583805539026,35.15214064194114,Middle,Left
16080,536.0,518,358,0.5250360369682312,False,-8.744049195960436,18.796956834617262,20.731232056581707,Middle,Left
16081,536.0333333333333,503,397,0.46570757031440735,False,-10.306130298883375,24.992475464560453,27.034055403957026,Middle,Left
16082,536.0666666666667,488,438,0.5983261466026306,False,-12.565620628043103,32.85272434904761,35.17380159895157,Middle,Left
16083,536.1,473,480,0.5148643255233765,False,-13.995665719943277,38.11396030809051,40.60237221285345,Middle,Left
16084,536.1333333333333,478,511,0.6124332547187805,False,-6.232696438075929,36.04859063587658,36.58343056251304,Middle,Left
16085,536.1666666666666,484,544,0.6110186576843262,False,0.3135107463138507,34.39388104603402,34.395309889529884,Middle,Left
16086,536.2,484,544,0.6111598610877991,False,1.3474136531742007,19.582035351780803,19.628337475984903,Middle,Left
16088,536.2666666666667,495,615,0.6266910433769226,False,5.605794365404815,38.64587191730885,39.05033094246764,Middle,Left
16089,536.3,502,656,0.5977828502655029,False,6.952909878542449,43.03579889968165,43.59384065109398,Middle,Left
16090,536.3333333333334,510,674,0.47890913486480713,False,7.63486169238141,33.250709039407276,34.11598986817052,Middle,Left
16091,536.3666666666667,520,654,0.5469749569892883,False,8.754637202553322,9.031270963144511,12.578057392064478,Middle,Left
16092,536.4,520,654,0.5472362041473389,False,5.258950590601884,0.9045503193795827,5.336175839932714,Middle,Left
16093,536.4333333333333,532,636,0.490512877702713,False,7.481460068944214,-8.522532842835695,11.340450203603904,Middle,Left
16094,536.4666666666667,543,621,0.47003456950187683,False,9.362522024194238,-12.936026663458465,15.968644416206107,Middle,Left
16104,536.8,535,205,0.28797289729118347,False,2.3692242906982646,-183.84853191386216,183.86379717231455,Front,Left
16105,536.8333333333334,535,205,0.2871474027633667,False,0.12333524770289861,-136.6979706873149,136.69802632669328,Front,Left
16106,536.8666666666667,551,215,0.3355161249637604,False,6.4244834636844725,-66.37929163288305,66.68946202705862,Front,Left
16107,536.9,566,227,0.46682965755462646,False,11.16663056452845,-20.769244074587178,23.58082139354852,Front,Left
16108,536.9333333333333,580,239,0.4156076908111572,False,13.207376564005187,1.1876719861142675,13.26066968331668,Front,Left
16109,536.9666666666667,597,256,0.4723759889602661,False,15.171742538238009,11.77348132668292,19.204078582330684,Front,Left
16110,537.0,611,275,0.5024051666259766,False,15.02712943166731,16.70956786364184,22.47274520715558,Front,Left
16111,537.0333333333333,611,275,0.5027433037757874,False,8.658678625573259,10.536134201713008,13.6375525464603,Front,Left
16112,537.0666666666667,628,299,0.4649045169353485,False,11.044841555892448,15.119176187096501,18.72372862362715,Front,Left
16113,537.1,644,324,0.4687676429748535,False,13.561430408444053,20.106183781757966,24.25223744294324,Front,Left
16114,537.1333333333333,661,351,0.5062164664268494,False,15.46112958286525,23.904395843523,28.46869629298101,Front,Left
16130,537.6666666666666,552,618,0.36115264892578125,False,-36.73328950344117,127.18744679388666,132.38572876141663,Middle,Left
16131,537.7,562,642,0.5544704794883728,False,-26.30661157714531,102.03408338356238,105.37073590231093,Middle,Left
16132,537.7333333333333,572,643,0.6177983283996582,False,-9.124678292877483,54.908209003293116,55.66121782621926,Middle,Left
16144,538.1333333333333,678,639,0.37678593397140503,False,42.528449906852735,21.64844485151393,47.721318254724714,Middle,Left
16163,538.7666666666667,1272,458,0.46226799488067627,False,284.4970976151003,-69.8112515609063,292.9372106713588,Middle,Right
16164,538.8,1255,438,0.3440638780593872,False,200.34804928994834,-65.08066987782902,210.65335137622316,Middle,Right
16165,538.8333333333334,1255,438,0.3380811810493469,False,100.7932009610307,-36.76849182088985,107.29022020088115,Middle,Right
16166,538.8666666666667,1241,426,0.4626568853855133,False,34.604953278298865,-21.270230286508202,40.619274831468104,Middle,Right
16168,538.9333333333333,1260,438,0.33892107009887695,False,16.226702808873142,-4.4663794184107175,16.83016426410314,Middle,Right
16169,538.9666666666667,1274,449,0.3061049282550812,False,12.012699418902901,5.055374049295299,13.033102244178032,Middle,Right
16170,539.0,1286,462,0.43755197525024414,False,11.256599399811483,10.104995688385102,15.126862460871314,Middle,Right
16171,539.0333333333333,1286,462,0.4364562928676605,False,6.370684524557619,6.739462653526696,9.273940811204213,Middle,Right
16172,539.0666666666667,1303,483,0.39378461241722107,False,9.986688681788227,12.159003277351243,15.734526097903151,Middle,Right
16173,539.1,1316,503,0.5063254237174988,False,11.902758585963609,16.434060908318997,20.29172294050136,Middle,Right
16174,539.1333333333333,1332,528,0.3666226267814636,False,13.973486966227021,20.811210233701907,25.067205855193663,Middle,Right
16175,539.1666666666666,1349,553,0.35322412848472595,False,15.619832660953774,23.3590296914057,28.10023915343375,Middle,Right
16178,539.2666666666667,1386,622,0.2793352007865906,False,24.937328257372165,43.077184994915115,49.77463417949018,Middle,Right
16179,539.3,1405,669,0.5739041566848755,False,24.09123151466072,48.24579641156618,53.926285865793446,Middle,Right
16180,539.3333333333334,1426,721,0.5820789933204651,False,22.63574180393178,50.75118648488301,55.570313447358174,Back,Right
16181,539.3666666666667,1447,768,0.561329185962677,False,21.686023199434167,49.61422076609982,54.14660196571607,Back,Right
16182,539.4,1463,759,0.5273511409759521,False,19.116856875789004,24.67163290334466,31.211274996814854,Back,Right
16183,539.4333333333333,1463,759,0.5280704498291016,False,10.590261078331059,9.814558395321159,14.438808337338049,Back,Right
16184,539.4666666666667,1476,745,0.4737741947174072,False,10.088325941283648,-2.8839896371086713,10.492459984413893,Back,Right
16185,539.5,1491,731,0.5188714861869812,False,12.072035769518372,-9.838154293515842,15.573160486027081,Back,Right
16186,539.5333333333333,1506,720,0.4951392710208893,False,13.66128307772047,-11.567458339183565,17.900747128496036,Back,Right
16187,539.5666666666667,1522,709,0.4453074038028717,False,14.931544531409598,-11.636025856416996,18.930085045362915,Middle,Right
16197,539.9,1672,778,0.45416197180747986,False,72.16786946843042,22.386809170932704,75.56037723878944,Back,Right
16198,539.9333333333333,1696,806,0.5038999319076538,False,62.03391413959189,30.817328536813598,69.26697800268296,Back,Right
16199,539.9666666666667,1720,838,0.437521755695343,False,44.17506635506387,32.81844065510497,55.03168664057956,Back,Right
16212,540.4,1277,718,0.5114595293998718,False,-164.63459233027183,-31.327034411675648,167.58857979225527,Back,Right
16213,540.4333333333333,1277,718,0.5118979811668396,False,-132.345411414467,-29.532189716878506,135.6003619166934,Back,Right
16214,540.4666666666667,1291,702,0.3328569531440735,False,-64.82314964072725,-23.50073203786363,68.95161445288709,Middle,Right
16217,540.5666666666667,1732,969,0.41860222816467285,False,160.70525286543798,100.18905169166788,189.37799338207188,Back,Right
16226,540.8666666666667,1684,926,0.5020790100097656,False,112.79312417470149,61.787245899736625,128.6077471109892,Back,Right
16228,540.9333333333333,1673,917,0.467987060546875,False,52.00650265787468,25.067772973002803,57.732742534280625,Back,Right
16229,540.9666666666667,1666,910,0.4447392523288727,False,16.271539384097387,4.990823303214352,17.01973299356191,Back,Right
16230,541.0,1662,905,0.5099390745162964,False,1.3489667004710277,-2.8029083673524315,3.110627987200328,Back,Right
16231,541.0333333333333,1662,905,0.5095585584640503,False,-1.8789182995849645,-3.0083312126712918,3.5468846417169506,Back,Right
16232,541.0666666666667,1655,901,0.48729047179222107,False,-4.615496250619985,-3.4634940111199186,5.770493601465188,Back,Right
16233,541.1,1650,894,0.48115524649620056,False,-5.265319708159334,-5.037279974320893,7.286822432914459,Back,Right
16234,541.1333333333333,1645,891,0.4335440397262573,False,-5.269101297797744,-4.4577554847100025,6.901812258234497,Back,Right
16235,541.1666666666666,1640,885,0.3312327563762665,False,-5.156192069069067,-5.005465447116532,7.186167337002963,Back,Right
16236,541.2,1635,882,0.3003981113433838,False,-5.070150955342681,-4.256570191243392,6.620031759964911,Back,Right
16237,541.2333333333333,1635,882,0.3000064492225647,False,-2.9148007339937996,-2.3265282815184163,3.729449981377392,Back,Right
16249,541.6333333333333,512,318,0.32483696937561035,False,-475.29911170775915,-239.05519403594758,532.0306677116926,Front,Left
16256,541.8666666666667,778,465,0.26041728258132935,False,-246.5667327802611,-118.28213644096364,273.4699572438834,Middle,Left
16259,541.9666666666667,218,643,0.5131965279579163,False,-338.1119174559204,28.28950411156633,339.29333145318,Middle,Left
16260,542.0,218,643,0.5159376263618469,False,-211.7099171878224,42.46126461980772,215.92602443612017,Middle,Left
16261,542.0333333333333,221,689,0.3798430860042572,False,-98.5656616800002,46.4796526462611,108.97498691228803,Middle,Left
16264,542.1333333333333,613,722,0.4811130464076996,False,128.6505448797239,41.50601820056695,135.1802953270766,Back,Left
16276,542.5333333333333,498,550,0.5655571818351746,False,66.28931040103521,-49.49719381285893,82.72995146132092,Middle,Left
16277,542.5666666666667,535,501,0.5400408506393433,False,42.81692920995209,-65.49988563653285,78.25295167192694,Middle,Left
16278,542.6,535,501,0.5389869809150696,False,20.562966346746357,-40.70447100384647,45.603613285357135,Middle,Left
16289,542.9666666666667,528,420,0.3541024625301361,False,4.964498949337944,-53.295114174050866,53.52583903726401,Middle,Left
16290,543.0,528,420,0.34974828362464905,False,0.09014820704359128,-33.04325055972983,33.04337353013942,Middle,Left
16291,543.0333333333333,511,435,0.5118448138237,False,-7.991686321244122,-9.157095983598925,12.153989349592337,Middle,Left
16292,543.0666666666667,493,454,0.5165099501609802,False,-13.655827589482957,6.98292390832092,15.337628677963352,Middle,Left
16293,543.1,474,476,0.5401413440704346,False,-16.92059600363057,16.19677046218301,23.42310702111748,Middle,Left
16294,543.1333333333333,454,505,0.5348086953163147,False,-18.80198855936359,23.242268639182885,29.895113735899777,Middle,Left
16295,543.1666666666666,433,535,0.5485659241676331,False,-20.064907423606435,27.34976915220899,33.92064832218009,Middle,Left
16296,543.2,433,535,0.548508882522583,False,-11.820855857242739,16.537677792337007,20.32799596519211,Middle,Left
16297,543.2333333333333,412,572,0.3960236608982086,False,-14.226504063979453,23.248251832571444,27.255726575402196,Middle,Left
16298,543.2666666666667,389,611,0.6059582233428955,False,-18.35821749521037,31.092300972035787,36.10755224793154,Middle,Left
16304,543.4666666666667,262,828,0.3296922743320465,False,-64.95008574874618,110.95812175093788,128.56989702595797,Back,Left
16307,543.5666666666667,209,771,0.40270060300827026,False,-68.20667282335208,54.29433024881419,87.17811947271572,Back,Left
16308,543.6,209,771,0.4041387736797333,False,-39.998006574530564,21.282789158544077,45.30780997028251,Back,Left
16318,543.9333333333333,17,810,0.3149726688861847,False,-99.12990384091242,22.879788306808422,101.73604350707231,Back,Left
16328,544.2666666666667,55,932,0.36543676257133484,False,-51.78433895139325,65.00120027566507,83.10700209916072,Back,Left
16329,544.3,75,945,0.31856629252433777,False,-13.050647796260833,50.55648737026635,52.21377043579547,Back,Left
16359,545.3,1244,656,0.5635245442390442,False,492.772720281754,-95.33772087748397,501.910584542698,Middle,Right
16360,545.3333333333334,1263,639,0.2984393537044525,False,382.915821466548,-88.26432092153158,392.9568890821744,Middle,Right
16373,545.7666666666667,779,596,0.28461307287216187,False,-2.5655245905031734,-67.89889431380851,67.94734553654186,Middle,Left
16374,545.8,779,596,0.2844141125679016,False,-70.15754603234708,-35.61178951196569,78.67833766371433,Middle,Left
16375,545.8333333333334,1495,608,0.5270215272903442,False,249.62398848701028,-9.763625686076608,249.814859475374,Middle,Right
16376,545.8666666666667,1485,608,0.5080702304840088,False,197.01148910906585,-1.037627639937586,197.0142215985707,Middle,Right
16377,545.9,1477,613,0.5835577845573425,False,101.10663402090641,3.0653168160182647,101.15308996872055,Middle,Right
16378,545.9333333333333,1468,619,0.5587876439094543,False,37.5467633357671,5.034949326035349,37.88284772437057,Middle,Right
16379,545.9666666666667,1459,629,0.586124062538147,False,6.576772956089258,7.4815071268503885,9.961269567934611,Middle,Right
16380,546.0,1459,629,0.5860967636108398,False,-1.7165822825224861,4.759557387738296,5.059648333614136,Middle,Right
16381,546.0333333333333,1450,643,0.5817210674285889,False,-6.26827598678785,8.174860847517596,10.301438429793059,Middle,Right
16382,546.0666666666667,1440,659,0.5913123488426208,False,-8.654271723110671,12.086163237636297,14.865118932057827,Middle,Right
16383,546.1,1431,677,0.5160753130912781,False,-9.225271255686447,15.279102438950238,17.848153996448197,Middle,Right
16385,546.1666666666666,1417,654,0.5768383145332336,False,-11.342326030872623,-0.3090009641144107,11.346534333726504,Middle,Right
16386,546.2,1417,654,0.5770266652107239,False,-6.9320902810922025,-2.955653610803718,7.535898349385429,Middle,Right
16387,546.2333333333333,1413,620,0.5585365295410156,False,-4.908807143764886,-16.530437756106135,17.24389051180668,Middle,Right
16390,546.3333333333334,1404,547,0.5046659708023071,False,-6.275172661229252,-42.78364487670822,43.24139291078077,Middle,Right
16391,546.3666666666667,1402,530,0.5902143716812134,False,-4.714120268689667,-36.577924130298534,36.88044825635321,Middle,Right
16392,546.4,1402,530,0.5900267362594604,False,-2.4462657989937577,-20.03345324147112,20.18225619541919,Middle,Right
16395,546.5,1369,515,0.4647013247013092,False,-14.93843408604791,-14.961464188457558,21.142427098270815,Middle,Right
16397,546.5666666666667,1349,537,0.4534693658351898,False,-19.300356762452786,1.542913856816643,19.3619305423688,Middle,Right
16398,546.6,1349,536,0.4528941214084625,False,-11.931107248604402,3.409908711857556,12.408819347581082,Middle,Right
16399,546.6333333333333,1339,548,0.4691559076309204,False,-9.803162557896496,7.368247235259036,12.263484963763204,Middle,Right
16425,547.5,1279,550,0.5176631808280945,False,-30.611265226607063,5.80759654606125,31.15730630872164,Middle,Right
16426,547.5333333333333,1291,538,0.608007550239563,False,-16.33283653016003,-1.986712779025667,16.45322390254487,Middle,Right
16427,547.5666666666667,1304,527,0.5403323769569397,False,-1.4082080224867024,-7.179647205561863,7.316446120277807,Middle,Right
16428,547.6,1304,527,0.5406640768051147,False,1.8450479517644687,-5.0743840843836026,5.399405132063705,Middle,Right
16429,547.6333333333333,1316,520,0.44800621271133423,False,6.710854113836987,-5.512092573766371,8.684395631186616,Middle,Right
16435,547.8333333333334,1379,540,0.358225017786026,False,31.336374995579586,5.178134381891522,31.76132039982772,Middle,Right
16436,547.8666666666667,1392,553,0.42553505301475525,False,27.984037953686048,10.384108782804066,29.848552651786147,Middle,Right
16438,547.9333333333333,1265,605,0.4729059934616089,False,-38.029233873706424,28.876908717228357,47.75037681614878,Middle,Right
16441,548.0333333333333,1409,619,0.6477080583572388,False,27.041608249758163,25.89218541287595,37.43866774056116,Middle,Right
16442,548.0666666666667,1404,641,0.5516089797019958,False,25.11001194550781,23.71762313405058,34.54038718706546,Middle,Right
16443,548.1,1399,654,0.5326390266418457,False,12.056983814275698,18.806496537498283,22.339542759703946,Middle,Right
16444,548.1333333333333,1392,644,0.49604976177215576,False,1.6879218035340706,5.772845363154241,6.014550989204192,Middle,Right
16445,548.1666666666666,1387,635,0.3741626441478729,False,-2.982218138073855,-2.7845049608241563,4.080084913321171,Middle,Right
16446,548.2,1387,635,0.3758610486984253,False,-2.5554784085629354,-3.1337369626915295,4.043609433163703,Middle,Right
16465,548.8333333333334,1501,491,0.5297242999076843,False,46.71656757172399,-62.65312996710479,78.152750305785,Middle,Right
16466,548.8666666666667,1506,499,0.5282294750213623,False,37.88672863122734,-43.43527777867101,57.63703290495246,Middle,Right
16467,548.9,1512,509,0.5232838988304138,False,22.854832919344656,-17.457456039329514,28.759453387300024,Middle,Right
16468,548.9333333333333,1518,524,0.512920618057251,False,13.062717775767153,0.8703083263012417,13.091677977714408,Middle,Right
16469,548.9666666666667,1524,541,0.5586166977882385,False,8.33716818914715,10.943524904530262,13.757511066693759,Middle,Right
16470,549.0,1524,541,0.5587300658226013,False,3.9763222870142387,8.119034867225986,9.04045718453649,Middle,Right
16472,549.0666666666667,1537,589,0.26299235224723816,False,7.00815785980395,24.448896925266716,25.433498332912208,Middle,Right
16480,549.3333333333334,1596,858,0.3829878866672516,False,29.49313385138855,130.57884680239678,133.86814474183066,Back,Right
16481,549.3666666666667,1599,835,0.4135796129703522,False,22.316626376792573,84.66334355619546,87.55520290054577,Back,Right
16482,549.4,1599,835,0.41463956236839294,False,11.618649709493289,40.748421318379705,42.37247763598548,Back,Right
16483,549.4333333333333,1602,819,0.42362532019615173,False,6.074986095905733,8.972308263562557,10.835486682278786,Back,Right
16484,549.4666666666667,1604,804,0.4815655052661896,False,3.367382465000078,-6.807010615159193,7.594383331152039,Back,Right
16485,549.5,1607,794,0.5037214159965515,False,2.7299474800012056,-10.965857617320918,11.300559566982518,Back,Right
16502,550.0666666666667,1389,668,0.4451069235801697,False,-90.54984874723708,-60.260662670913774,108.76866540362245,Middle,Right
16503,550.1,1400,707,0.5674312710762024,False,-64.30557101139789,-27.146526251712963,69.8007188404022,Middle,Right
16504,550.1333333333333,1409,747,0.597993791103363,False,-28.689064501795286,7.094245578342175,29.553184977494354,Back,Right
16505,550.1666666666666,1419,755,0.5485265851020813,False,-6.013881368011361,13.576664920452673,14.848993214045334,Back,Right
16506,550.2,1419,755,0.5486521124839783,False,0.5641375554013557,9.001059313407996,9.018720527042793,Back,Right
16507,550.2333333333333,1425,746,0.4885011911392212,False,4.030417304767893,0.5879677196604831,4.0730786501042715,Back,Right
16508,550.2666666666667,1431,736,0.5397504568099976,False,5.4792737444110955,-5.379849975001719,7.6788818534809336,Back,Right
16509,550.3,1439,731,0.5248118042945862,False,6.8013470049333264,-6.282710096345935,9.259091058859001,Back,Right
16510,550.3333333333334,1445,729,0.46344855427742004,False,6.698644598449121,-4.635901136125667,8.14637458015913,Back,Right
16511,550.3666666666667,1454,727,0.520939290523529,False,7.65170950047446,-3.2299486294614472,8.305493749838778,Back,Right
16512,550.4,1454,727,0.5205200910568237,False,4.591849211839335,-1.6161685481334978,4.867964663002954,Back,Right
16513,550.4333333333333,1461,731,0.5324253439903259,False,5.063162288768951,1.04181828756006,5.169235698505788,Back,Right
16514,550.4666666666667,1470,738,0.502918541431427,False,6.80879847233752,4.030192052606756,7.912154233696434,Back,Right
16515,550.5,1478,749,0.4860284626483917,False,7.622575066919266,7.504415104051443,10.696723643468344,Back,Right
16516,550.5333333333333,1486,763,0.48575177788734436,False,7.9268567226558835,10.86503272551673,13.449312013187303,Back,Right
16523,550.7666666666667,1255,467,0.3700161874294281,False,-92.86576516819828,-118.05860307417367,150.20613868980269,Middle,Right
16524,550.8,1255,467,0.3689151108264923,False,-71.62532345849631,-91.19634788010933,115.96103150284642,Middle,Right
16526,550.8666666666667,1258,463,0.4574359059333801,False,-36.343223949540636,-49.6066934703635,61.49515398882313,Middle,Right
16527,550.9,1264,467,0.31601059436798096,False,-12.185260085004654,-19.570903375765205,23.0543016004117,Middle,Right
16528,550.9333333333333,1271,474,0.5201890468597412,False,0.21632921566717123,-3.0048079075107275,3.0125850843735797,Middle,Right
16529,550.9666666666667,1278,483,0.4108770191669464,False,5.288985147078162,5.013520032118414,7.287574836560242,Middle,Right
16530,551.0,1278,483,0.4145759344100952,False,3.960309236205701,4.325895142072191,5.86493120390853,Middle,Right
16531,551.0333333333333,1284,498,0.5164342522621155,False,4.584518512625872,8.708744529120754,9.841749908735743,Middle,Right
16532,551.0666666666667,1292,512,0.567888617515564,False,6.137338395217462,11.722910888284357,13.232292404268671,Middle,Right
16533,551.1,1299,531,0.5332773327827454,False,6.778093141834776,15.331426966597297,16.762911425867955,Middle,Right
16534,551.1333333333333,1307,552,0.48138880729675293,False,7.407991326617982,18.366902187267534,19.804581072365558,Middle,Right
16535,551.1666666666666,1558,825,0.34091684222221375,False,110.3361194266111,126.38384231221238,167.77048264734043,Back,Right
16536,551.2,1558,825,0.3423353135585785,False,82.10219604723198,92.2830470078257,123.51895142376607,Back,Right
16539,551.3,1341,682,0.48437580466270447,False,-49.17356349551903,-13.100974639918888,50.8888483202719,Middle,Right
16540,551.3333333333334,1350,731,0.5364111661911011,False,-48.006771230067855,-5.663785128001778,48.33972016791414,Back,Right
16543,551.4333333333333,1370,797,0.4601808786392212,False,-19.094439039776287,25.909202170976393,32.185157439109425,Back,Right
16544,551.4666666666667,1376,778,0.4638272523880005,False,-3.3516812965116696,12.578657446142355,13.017541651970184,Back,Right
16545,551.5,1384,761,0.28449949622154236,False,4.244292800673715,-2.2808588245351675,4.818333566214638,Back,Right
16546,551.5333333333333,1391,754,0.5059741139411926,False,6.760678448589063,-6.920001565403804,9.674357588512413,Back,Right
16547,551.5666666666667,1398,748,0.5485296249389648,False,7.309995001192751,-7.35816497700618,10.372011316340885,Back,Right
16548,551.6,1398,748,0.5487779974937439,False,4.322437185844015,-4.330473129994695,6.118534199885882,Back,Right
16551,551.7,1311,549,0.6161090135574341,False,-34.755404103130196,-85.95766793866152,92.71816861772604,Middle,Right
16552,551.7333333333333,1292,509,0.5706099271774292,False,-35.067182267617,-81.10192081029459,88.35852438395271,Middle,Right
16561,552.0333333333333,1383,549,0.4767363965511322,False,18.088017278226573,-29.121857773352538,34.2820502483267,Middle,Right
16564,552.1333333333333,1444,626,0.6126954555511475,False,45.67020110645575,24.930749589440268,52.031812809044894,Middle,Right
16565,552.1666666666666,1469,663,0.533948540687561,False,41.859537152182476,39.65463411672332,57.660305735628405,Middle,Right
16566,552.2,1469,663,0.5324053168296814,False,23.512478107253273,25.540222211622968,34.71512029884303,Middle,Right
16569,552.3,1545,787,0.5657364726066589,False,42.39794506728242,64.58383239837642,77.25708480903143,Back,Right
16570,552.3333333333334,1492,655,0.3112082779407501,False,5.496661276838054,-11.43499213669017,12.687487156977026,Middle,Right
16600,553.3333333333334,517,664,0.5576750040054321,False,-414.9278583577272,-16.352767017426622,415.2499736670146,Middle,Left
16601,553.3666666666667,529,632,0.5454320907592773,False,-309.62924205132293,-23.833308532503978,310.5451563442622,Middle,Left
16602,553.4,529,632,0.5456768870353699,False,-160.18084980505176,-15.106372804381818,160.89160059982473,Middle,Left
16617,553.9,534,633,0.3792111277580261,False,-63.83614654178939,-6.753420766389839,64.19238504178448,Middle,Left
16618,553.9333333333333,523,655,0.5712504386901855,False,-24.370782443998316,6.871001603395964,25.32085504019496,Middle,Left
16619,553.9666666666667,516,648,0.6153745651245117,False,-10.007984042801521,3.4435351049634373,10.583840447592047,Middle,Left
16620,554.0,516,648,0.6154883503913879,False,-3.2250056675897714,1.3794639550657193,3.5076462705511946,Middle,Left
16621,554.0333333333333,510,638,0.5938593149185181,False,-3.187870122897246,-3.7913296394745055,4.953452972989528,Middle,Left
16622,554.0666666666667,503,632,0.5145778059959412,False,-4.790287374018145,-5.644766039076293,7.40339359764066,Middle,Left
16623,554.1,495,628,0.5209131836891174,False,-6.430527092455971,-5.2807355173447155,8.320928210900284,Middle,Left
16624,554.1333333333333,488,624,0.5166043043136597,False,-6.963106195535061,-4.6753062016602245,8.387093416051911,Middle,Left
16625,554.1666666666666,482,625,0.5764458179473877,False,-6.651476859472057,-2.171999706178397,6.997122775522186,Middle,Left
16626,554.2,482,625,0.576472818851471,False,-3.788487390586175,-0.8092637394450042,3.873957215640224,Middle,Left
16627,554.2333333333333,474,629,0.5469824075698853,False,-5.05604106854021,1.4634183360584443,5.2635676601595325,Middle,Left
16628,554.2666666666667,466,635,0.5013731718063354,False,-6.524453672510942,3.7831162584664915,7.5419138386629045,Middle,Left
16629,554.3,459,644,0.5444903373718262,False,-6.986776398766243,6.398333783731395,9.47384397456468,Middle,Left
16630,554.3333333333334,452,656,0.5555164813995361,False,-7.074722300440057,9.228609112074661,11.628367115455692,Middle,Left
16631,554.3666666666667,443,670,0.5627624988555908,False,-7.903016088089568,11.746753122558262,14.157820178648082,Middle,Left
16632,554.4,443,670,0.5619900822639465,False,-4.714855280153534,7.237271284728595,8.63758970787272,Middle,Left
16633,554.4333333333333,435,688,0.5345730185508728,False,-5.5334748983113995,10.976649723493281,12.292525517667535,Middle,Left
16647,554.9,717,663,0.5128392577171326,False,115.68351585833827,-3.542278708612997,115.73773619609075,Middle,Left
16651,555.0333333333333,722,663,0.4498967230319977,False,90.56118902022983,-4.633744238807628,90.67965892320326,Middle,Left
16658,555.2666666666667,1528,673,0.5185914039611816,False,388.0597156780629,1.348453742759494,388.0620585159484,Middle,Right
16659,555.3,1500,713,0.3808249533176422,False,265.44864503571455,18.72834273714684,266.1085003771522,Back,Right
16660,555.3333333333334,1475,752,0.4851207435131073,False,121.01177015509143,30.380942862314043,124.76718400794283,Back,Right
16661,555.3666666666667,1445,809,0.3669690191745758,False,31.540406400905894,43.692331963884435,53.887077378315695,Back,Right
16662,555.4,1445,809,0.369530588388443,False,2.288110356242065,27.622037571935483,27.716644974234484,Back,Right
16673,555.7666666666667,1231,547,0.5393521785736084,False,-94.21470454246133,-97.48531941757767,135.5721138507858,Middle,Right
16674,555.8,1231,547,0.5397225618362427,False,-71.64065470877233,-78.6268022389842,106.36990851471987,Middle,Right
16675,555.8333333333334,1231,496,0.4086470603942871,False,-37.38074439919294,-63.606301658813514,73.77724352772864,Middle,Right
16679,555.9666666666667,1135,879,0.3443715274333954,False,-56.01937696256594,127.57433208596893,139.33190877345774,Back,Right
16680,556.0,1135,879,0.3427603244781494,False,-35.69512086361368,107.78696223606387,113.54369591283634,Back,Right
16690,556.3333333333334,1445,429,0.3898150622844696,False,113.8375584964464,-131.170310905524,173.67970574446423,Middle,Right
16693,556.4333333333333,1504,479,0.5097754597663879,False,117.33137110570497,-97.27259917919969,152.40934747128176,Middle,Right
16699,556.6333333333333,1662,678,0.5137016773223877,False,135.119320483374,33.81786141926702,139.2870364350591,Middle,Right
16701,556.7,1670,767,0.44247087836265564,False,84.63347445139831,80.46350884627113,116.77842803176212,Back,Right
16709,556.9666666666667,1644,823,0.45200470089912415,False,28.94279302946906,78.44798071492941,83.61681019147179,Back,Right
16710,557.0,1644,823,0.4542539715766907,False,6.805053687090908,44.977392006207666,45.48927947730391,Back,Right
16713,557.1,1615,805,0.42188069224357605,False,-12.251548411731246,12.432835279002163,17.45496581376759,Back,Right
16729,557.6333333333333,873,460,0.29554253816604614,False,-323.6605577356744,-144.231217610861,354.34277298581856,Middle,Left
16735,557.8333333333334,1500,674,0.5707507729530334,False,22.117938577809298,-20.93837395451044,30.45683356474645,Middle,Right
16736,557.8666666666667,1480,653,0.43377625942230225,False,65.94237552539313,1.0006770587293055,65.94996773697342,Middle,Right
16759,558.6333333333333,842,502,0.29252898693084717,False,-223.37185960934323,-59.24761903244584,231.09579837450525,Middle,Left
16763,558.7666666666667,149,859,0.41412970423698425,False,-473.13601978858867,105.70974178534684,484.801240437473,Back,Left
16764,558.8,149,859,0.42219170928001404,False,-317.9299948324933,90.47926144632365,330.55404757174193,Back,Left
16765,558.8333333333334,154,875,0.4620015323162079,False,-153.9764045504298,56.32950832071652,163.9565389544781,Back,Left
16774,559.1333333333333,613,939,0.2531777024269104,False,133.95909230622388,53.48318717087188,144.24108194776522,Back,Left
16775,559.1666666666666,614,938,0.4403790235519409,False,129.13613559459273,29.979708248689146,132.57045079119843,Back,Left
16776,559.2,614,938,0.4352656304836273,False,73.77081330525698,13.13857076425371,74.93166845497558,Back,Left
16777,559.2333333333333,567,458,0.26680701971054077,False,12.932042965475539,-198.0068696754014,198.42872315749122,Middle,Left
16778,559.2666666666667,566,460,0.3406279385089874,False,-3.7870728621183005,-151.2037995125438,151.2512178724275,Middle,Left
16779,559.3,565,464,0.36015263199806213,False,-5.589268794432818,-77.35686624932507,77.55852423539523,Middle,Left
16780,559.3333333333334,564,471,0.5906803011894226,False,-3.9732866909784628,-28.595218268020517,28.86994137376176,Middle,Left
16781,559.3666666666667,562,482,0.5181086659431458,False,-2.852504021449395,-3.1957094432302178,4.28361273202139,Middle,Left
16782,559.4,562,482,0.5173278450965881,False,-1.4488407106235406,2.6781569893422184,3.0449407653224885,Middle,Left
16783,559.4333333333333,561,494,0.44632548093795776,False,-1.0093252751027466,7.659193607648218,7.72541158970838,Middle,Left
16784,559.4666666666667,561,510,0.46086275577545166,False,-0.5050055486925591,12.067091062462739,12.077653634459733,Middle,Left
16785,559.5,560,527,0.26045724749565125,False,-0.6240876466841718,14.934468045436628,14.947502172299943,Middle,Left
16790,559.6666666666666,555,645,0.4831869602203369,False,-2.4922983145275612,58.94745278575566,59.000116447490925,Middle,Left
16791,559.7,555,681,0.5847119092941284,False,-1.7731713905429607,57.10280699656787,57.13033085557549,Middle,Left
16792,559.7333333333333,555,728,0.5634359121322632,False,-0.8966318421574612,52.509959301581006,52.51761394536184,Back,Left
16793,559.7666666666667,553,776,0.5407798886299133,False,-1.2061855026252681,49.78815238450429,49.80276098098743,Back,Left
16794,559.8,553,776,0.5403374433517456,False,-0.7522238769405302,28.28854785978187,28.298547326253495,Back,Left
16795,559.8333333333334,553,786,0.5120031237602234,False,-0.35384849550442354,16.73904129400067,16.742780898047684,Back,Left
16796,559.8666666666667,553,768,0.5578923225402832,False,-0.13352325602634132,0.018715951189488322,0.13482858275901,Back,Left
16797,559.9,553,755,0.5252782106399536,False,-0.037913702669056165,-8.455041375136943,8.455126380139312,Back,Left
16798,559.9333333333333,552,744,0.5401778221130371,False,-0.42696025007541316,-11.03885398086011,11.047107868844929,Back,Left
16799,559.9666666666667,552,736,0.5568846464157104,False,-0.31605786350473364,-10.216522559149908,10.22141016566218,Back,Left
16800,560.0,552,736,0.5562900900840759,False,-0.1628977312567033,-5.7578064930765995,5.760110353332099,Back,Left
16801,560.0333333333333,551,732,0.5238744616508484,False,-0.48893787283405976,-4.221530980478708,4.249751058901334,Back,Left
16802,560.0666666666667,554,710,0.5637722611427307,False,0.9255963183259582,-11.451817578162037,11.489162475480953,Middle,Left
16803,560.1,560,657,0.5033223032951355,False,3.3194173471440744,-30.276677297019546,30.458097768448702,Middle,Left
16805,560.1666666666666,859,637,0.29764416813850403,False,128.54746704953365,-29.29278853836983,131.8427804060753,Middle,Left
16806,560.2,859,637,0.2945428192615509,False,96.59966463449206,-16.753533555347172,98.04170589135258,Middle,Left
16809,560.3,576,519,0.486674964427948,False,-69.31430376438371,-57.25397594567562,89.90267219570984,Middle,Left
16810,560.3333333333334,578,506,0.5072841048240662,False,-68.7719569148009,-45.79044884769981,82.62171181696155,Middle,Left
16811,560.3666666666667,571,505,0.3212226927280426,False,-42.6024775564464,-24.84291842586786,49.316748573500305,Middle,Left
16812,560.4,571,505,0.3223072290420532,False,-19.958533258904268,-10.62528111779607,22.610609206277072,Middle,Left
16816,560.5333333333333,505,560,0.45772865414619446,False,-35.35772801121178,19.606920765114296,40.4301901059629,Middle,Left
16817,560.5666666666667,486,586,0.4916684925556183,False,-31.19684002713238,27.69130244283293,41.713919243568256,Middle,Left
16818,560.6,486,586,0.49059250950813293,False,-17.28792453885321,17.443551520683176,24.559108789119595,Middle,Left
16819,560.6333333333333,471,605,0.5609979033470154,False,-13.844308587767934,16.274827513014912,21.3666771130125,Middle,Left
16820,560.6666666666666,473,623,0.6345789432525635,False,-6.543211620671068,16.794780152834036,18.024379564770406,Middle,Left
16821,560.7,474,644,0.5619887113571167,False,-2.058637841535055,18.662361035867626,18.775561488159823,Middle,Left
16822,560.7333333333333,476,668,0.503940761089325,False,0.4533848258558746,21.248000948102266,21.252837506810028,Middle,Left
16823,560.7666666666667,479,682,0.5017126798629761,False,1.9757922208003613,18.64938804372614,18.753757738257438,Middle,Left
16824,560.8,479,682,0.5011992454528809,False,1.4130673560460196,10.314856617742581,10.411197164462443,Middle,Left
16825,560.8333333333334,485,672,0.42211607098579407,False,3.2488796274313705,0.2554856952614628,3.2589095989336423,Middle,Left
16826,560.8666666666667,492,661,0.498649924993515,False,5.159218208719203,-6.287370182308192,8.13317627588127,Middle,Left
16827,560.9,499,655,0.5060805678367615,False,6.276513549050977,-7.331709514887675,9.65135155002215,Middle,Left
16828,560.9333333333333,506,650,0.4895835518836975,False,6.78093464789279,-6.533588670176904,9.416414158800416,Middle,Left
16829,560.9666666666667,513,649,0.5431651473045349,False,6.963262714169845,-4.055769969248308,8.058306129082242,Middle,Left
16830,561.0,513,649,0.5436167120933533,False,4.056674193651495,-1.9024683947640035,4.480624008607945,Middle,Left
16831,561.0333333333333,521,649,0.5456008911132812,False,5.20326360387304,-0.7158514936746567,5.252275268146758,Middle,Left
16832,561.0666666666667,527,653,0.5363427996635437,False,5.743821061947216,1.4860266699798654,5.932938197517305,Middle,Left
16833,561.1,535,660,0.5231376886367798,False,6.792416823922167,4.205650481185945,7.9890188558921595,Middle,Left
16834,561.1333333333333,544,670,0.41851693391799927,False,7.911010014000369,7.135854402380792,10.65384895207321,Middle,Left
16835,561.1666666666666,550,679,0.5828128457069397,False,7.30368763231653,8.444703863141404,11.164984387208465,Middle,Left
16836,561.2,550,679,0.5830644965171814,False,4.112732672207743,5.113518873853425,6.562213445652331,Middle,Left
16837,561.2333333333333,553,669,0.5716047883033752,False,3.0745876799805956,-1.8590946083100066,3.592954517459941,Middle,Left
16838,561.2666666666667,549,641,0.3317165970802307,False,-0.09642080635981731,-14.134907848918154,14.13523671076318,Middle,Left
16847,561.5666666666667,529,537,0.38911640644073486,False,-9.062298619422211,-54.252365405304815,55.004039927429844,Middle,Left
16848,561.6,529,537,0.3880358636379242,False,-6.834564790988898,-38.50046356254964,39.10239085290614,Middle,Left
16850,561.6666666666666,530,556,0.3240000307559967,False,-3.1308537933882437,-11.424269771578665,11.84551329784318,Middle,Left
16852,561.7333333333333,529,585,0.6133249998092651,False,-1.5716284266559186,10.461825696545255,10.579216077591362,Middle,Left
16853,561.7666666666667,530,602,0.6356410980224609,False,-0.208407633351684,17.12056066394092,17.121829084222295,Middle,Left
16854,561.8,530,602,0.635804295539856,False,0.12242024262198148,11.080550154010488,11.081226395636246,Middle,Left
16855,561.8333333333334,530,623,0.5721109509468079,False,0.12968698047636357,14.19132621755535,14.191918775344611,Middle,Left
16856,561.8666666666667,530,646,0.4315350353717804,False,0.07624297868147964,18.463508656670996,18.46366607439495,Middle,Left
16857,561.9,533,636,0.5574063062667847,False,1.300788236737979,7.210666084563556,7.3270563953003,Middle,Left
16859,561.9666666666667,534,621,0.5210977792739868,False,1.3919879332683418,-4.168800321330778,4.395057055999645,Middle,Left
16860,562.0,534,621,0.5217065215110779,False,0.8207018224302745,-4.4365156606823675,4.5117870837197405,Middle,Left
16861,562.0333333333333,536,616,0.41923949122428894,False,1.2166862056080268,-4.722046953602185,4.8762744749388895,Middle,Left
16862,562.0666666666667,538,612,0.5382636785507202,False,1.6178552415864713,-4.468152037239326,4.7520351651281745,Middle,Left
16863,562.1,539,611,0.31779178977012634,False,1.4285390959576885,-2.9590736717940533,3.285854674781639,Middle,Left
16864,562.1333333333333,540,612,0.48277702927589417,False,1.2139329182125884,-1.0191704716513705,1.585036775663646,Middle,Left
16865,562.1666666666666,542,618,0.3589882254600525,False,1.507485170153694,2.2890988430375687,2.7408912877801717,Middle,Left
16866,562.2,542,618,0.35617366433143616,False,0.9234995371934392,1.9122904605440914,2.1236068846856826,Middle,Left
16868,562.2666666666667,545,632,0.533413827419281,False,1.6959147850306715,6.947170636870562,7.151175205229009,Middle,Left
16869,562.3,548,644,0.6079272627830505,False,2.3839548016908805,9.976863146229928,10.25773068154482,Middle,Left
16870,562.3333333333334,549,656,0.5679359436035156,False,1.9223885782210208,11.370544273182201,11.531905953226952,Middle,Left
16879,562.6333333333333,530,529,0.4963908791542053,False,-6.990813929677225,-46.78494343992752,47.304359334807465,Middle,Left
16880,562.6666666666666,527,517,0.5533447265625,False,-6.894280440934922,-42.463438333818175,43.01946882433855,Middle,Left
16883,562.7666666666667,546,506,0.5816009640693665,False,4.052438426835244,-28.41338186531045,28.70091507647872,Middle,Left
16884,562.8,546,506,0.5814780592918396,False,4.292172552625418,-13.917524357860819,14.564347890419269,Middle,Left
16885,562.8333333333334,555,514,0.4855852723121643,False,6.321973344838515,-2.0840331856068843,6.656616354542258,Middle,Left
16886,562.8666666666667,564,523,0.3007042706012726,False,7.813937661842595,4.702521483624468,9.119831691819305,Middle,Left
16887,562.9,573,535,0.4793834388256073,False,8.580352541958403,8.99170807865464,12.428727365101993,Middle,Left
16925,564.1666666666666,572,637,0.32712626457214355,False,4.6731935209212025,49.013008883892766,49.23528996092672,Middle,Left
16926,564.2,572,637,0.327858030796051,False,2.004646202665009,35.455416757663116,35.512042800399946,Middle,Left
16927,564.2333333333333,518,605,0.574226438999176,False,-22.109342814923302,4.568336174026438,22.5763755972193,Middle,Left
16928,564.2666666666667,505,626,0.5847151875495911,False,-22.56044279715742,6.0012087593613845,23.344979883847575,Middle,Left
16929,564.3,499,643,0.5226399898529053,False,-15.650935767166374,10.89887679754905,19.071898328066894,Middle,Left
16930,564.3333333333334,506,643,0.5304096341133118,False,-4.859420063332935,7.171189407779246,8.662558563967572,Middle,Left
16931,564.3666666666667,515,638,0.518872857093811,False,2.912945005537688,1.3698432023799407,3.218962411149514,Middle,Left
16932,564.4,515,638,0.5187674760818481,False,3.068116781356424,-0.24187419234011154,3.077636058562007,Middle,Left
16933,564.4333333333333,521,634,0.4950794279575348,False,4.333257613589496,-2.115246338777144,4.821969371474839,Middle,Left
16934,564.4666666666667,529,633,0.33197763562202454,False,6.106314564977245,-1.978268409177874,6.418771180312039,Middle,Left
16941,564.7,551,656,0.30698254704475403,False,13.130636555036492,8.589023186997762,15.690281566856786,Middle,Left
16954,565.1333333333333,666,615,0.2824520468711853,False,57.379314233531005,-10.459031838844053,58.32475502662868,Middle,Left
16964,565.4666666666667,1469,378,0.32600295543670654,False,379.97577350921586,-109.47147584594333,395.4308946931383,Middle,Right
16965,565.5,1442,403,0.44250476360321045,False,265.6701620549622,-70.35284916484119,274.8275066144595,Middle,Right
16966,565.5333333333333,1413,432,0.4869934916496277,False,120.93110631046318,-21.44863248861855,122.81846892509436,Middle,Right
16967,565.5666666666667,1387,463,0.3555642068386078,False,33.12828450554534,9.40147590200652,34.436477511736946,Middle,Right
16968,565.6,1387,463,0.354521781206131,False,3.5030297278979248,10.929335463202843,11.477002698516712,Middle,Right
16969,565.6333333333333,1357,504,0.42271336913108826,False,-15.915856209032825,23.89382859537404,28.709397830879748,Middle,Right
16973,565.7666666666667,1264,501,0.6737388372421265,False,-51.911263910491456,14.852086738944667,53.99410894982738,Middle,Right
16974,565.8,1264,501,0.6738702654838562,False,-36.41314193454518,6.972462983589498,37.07468335134986,Middle,Right
16986,566.2,1511,696,0.2877974212169647,False,85.97161466424285,84.93180143499899,120.84920116811345,Middle,Right
17013,567.1,457,280,0.303789883852005,False,-373.38710310461784,-112.61398003650442,389.9997913647144,Front,Left
17026,567.5333333333333,778,595,0.2951827049255371,False,-162.1349031062111,32.680882736753574,165.39578864564209,Middle,Left
17032,567.7333333333333,778,595,0.31094297766685486,False,-56.06527044960849,44.771656897701945,71.7482808989406,Middle,Left
17085,569.5,703,492,0.5253353118896484,False,-45.16060183170184,-15.446149885368328,47.729063515669104,Middle,Left
17088,569.6,382,876,0.36936283111572266,False,-159.644862341357,142.42503761235318,213.94245350297132,Back,Left
17089,569.6333333333333,402,854,0.3424523174762726,False,-104.21570204711307,101.14943473131143,145.23126626052834,Back,Left
17090,569.6666666666666,402,854,0.3441861569881439,False,-50.353180498493494,51.10263778885672,71.74205444014656,Back,Left
17091,569.7,419,839,0.4778801202774048,False,-12.328784315130854,14.285858747798727,18.87020622174209,Back,Left
17092,569.7333333333333,439,834,0.49553927779197693,False,8.09081041716319,-0.413404806271501,8.101365115850832,Back,Left
17097,569.9,609,504,0.6237075328826904,False,80.06766031317983,-142.14484574477092,163.14406945957757,Middle,Left
17098,569.9333333333333,637,451,0.5647331476211548,False,70.91374913566527,-129.76833622545178,147.8802924773885,Middle,Left
17112,570.4,546,448,0.4556691646575928,False,0.9419966619160647,-74.0567279488173,74.0627187739972,Middle,Left
17113,570.4333333333333,529,473,0.5826552510261536,False,-19.096723730144095,-22.32139965643431,29.375665777097108,Middle,Left
17114,570.4666666666667,529,473,0.5829539895057678,False,-14.606301881108367,-3.6830945335292427,15.063506895307706,Middle,Left
17115,570.5,512,502,0.5770231485366821,False,-14.816655067454521,13.43234667011777,19.9990300878355,Middle,Left
17116,570.5333333333333,494,534,0.5586287379264832,False,-16.197764239747407,24.318604334472603,29.219207435231187,Middle,Left
17118,570.6,454,617,0.6873019337654114,False,-26.490319548431536,51.0264168684719,57.492888675149096,Middle,Left
17119,570.6333333333333,432,667,0.5715691447257996,False,-26.42869015762278,55.35127692178843,61.33709742333864,Middle,Left
17120,570.6666666666666,432,667,0.5721953511238098,False,-15.26262462269707,32.75896420971888,36.13997020567396,Middle,Left
17125,570.8333333333334,317,878,0.28516244888305664,False,-55.37074479765198,103.96647403633948,117.79196535840444,Back,Left
17126,570.8666666666667,317,878,0.28102871775627136,False,-39.14513116370773,72.76992421685662,82.63052199006695,Back,Left
17129,570.9666666666667,267,825,0.32032090425491333,False,-40.8361294304398,14.126870440115063,43.21062294495913,Back,Left
17134,571.1333333333333,524,604,0.4600749909877777,False,84.57401350856534,-95.56352318801115,127.61328584850614,Middle,Left
17143,571.4333333333333,230,787,0.4791693091392517,False,-52.87316323387418,2.4715114541099723,52.93089607425611,Back,Left
17144,571.4666666666667,230,787,0.4795282781124115,False,-55.04303695367731,18.893622890474102,58.19540276526431,Back,Left
17145,571.5,240,797,0.4288901686668396,False,-27.976083971583364,18.065438886985934,33.301972262382705,Back,Left
17146,571.5333333333333,251,812,0.4081833064556122,False,-6.702888583296431,16.624027010226232,17.924480170895247,Back,Left
17147,571.5666666666667,261,830,0.3744647204875946,False,4.137003445777781,16.94800835221231,17.445623652281263,Back,Left
17153,571.7666666666667,478,491,0.6527436971664429,False,95.91390214119869,-133.2336772254033,164.16665121441196,Middle,Left
17154,571.8,510,434,0.5468742251396179,False,85.28735000964505,-127.81218661207333,153.65509141654618,Middle,Left
17157,571.9,561,349,0.5145167112350464,False,68.92210326905241,-108.77605641177016,128.77300480895258,Front,Left
17158,571.9333333333333,558,336,0.5102044343948364,False,35.64951900310102,-64.95930992307797,74.09858400020175,Front,Left
17159,571.9666666666667,545,330,0.4066988229751587,False,9.187781080198512,-32.26750997238123,33.550074828461646,Front,Left
17160,572.0,533,324,0.424116849899292,False,-4.469462779989362,-15.356293850629132,15.99349425136922,Front,Left
17161,572.0333333333333,357,847,0.28630203008651733,False,-79.30257750558752,214.8872382585707,229.0533212276684,Back,Left
17162,572.0666666666667,357,847,0.28188249468803406,False,-59.16213983913738,165.20581933618038,175.47968980165288,Back,Left
17163,572.1,357,846,0.2679208517074585,False,-30.60274827381878,86.20233854197595,91.47333694588905,Back,Left
17164,572.1333333333333,492,323,0.29661285877227783,False,44.38322188723045,-185.00602464637518,190.25535351349856,Front,Left
17165,572.1666666666666,478,326,0.25366705656051636,False,33.09970863550646,-153.96872554231246,157.48637768670457,Front,Left
17167,572.2333333333333,446,342,0.442989706993103,False,3.612066392341031,-76.69850492611259,76.78351178165529,Front,Left
17168,572.2666666666667,446,342,0.44337260723114014,False,-3.1658526278829324,-30.559445861971973,30.7229939011853,Front,Left
17169,572.3,428,357,0.4714915454387665,False,-10.634596334079259,-3.1097649207724167,11.079949325302833,Middle,Left
17170,572.3333333333334,411,373,0.39255014061927795,False,-14.651904925201379,9.846390399633709,17.65303718455097,Middle,Left
17171,572.3666666666667,392,394,0.384950190782547,False,-17.20285743891266,16.862318696207748,24.088920604212014,Middle,Left
17176,572.5333333333333,306,517,0.4436160922050476,False,-46.69538460190464,62.91108302629931,78.34706957290565,Middle,Left
17177,572.5666666666667,282,561,0.5119863152503967,False,-42.37026077214344,63.132799470685164,76.0328176967366,Middle,Left
17178,572.6,260,606,0.564069390296936,False,-33.00179507189948,55.51876279882762,64.58677496732697,Middle,Left
17179,572.6333333333333,244,656,0.5002201795578003,False,-24.15661015268913,51.8329219880951,57.18560671963668,Middle,Left
17180,572.6666666666666,244,656,0.505653977394104,False,-12.38472777155055,29.29851002341834,31.80855500596908,Middle,Left
17181,572.7,227,713,0.5403344035148621,False,-12.235550070936664,36.97623620428293,38.948051676217666,Back,Left
17188,572.9333333333333,141,857,0.44152864813804626,False,-43.34365256829885,83.51690206156132,94.09434174232702,Back,Left
17205,573.5,142,849,0.49539828300476074,False,-30.16899550521323,53.180611242623414,61.14201257672681,Back,Left
17206,573.5333333333333,157,864,0.5223337411880493,False,-8.756843246157551,31.660726663981766,32.84941272730977,Back,Left
17207,573.5666666666667,170,883,0.5083714127540588,False,4.240989965508261,22.483011638237052,22.879506293026612,Back,Left
17214,573.8,470,543,0.5118811726570129,False,131.39128529000212,-132.14974535984257,186.35242163392985,Middle,Left
17215,573.8333333333334,510,488,0.5823344588279724,False,115.46890969910581,-127.13457281001119,171.7447778265304,Middle,Left
17216,573.8666666666667,510,488,0.5830329656600952,False,63.894882187832174,-72.5798310844223,96.69740353308472,Middle,Left
17246,574.8666666666667,497,657,0.4679265022277832,False,22.250804690398724,39.10589646559497,44.992993318383505,Middle,Left
17261,575.3666666666667,106,765,0.2606126666069031,False,-159.59414520646845,88.0821007354228,182.2875411380287,Back,Left
17263,575.4333333333333,114,766,0.3920765221118927,False,-121.25192941112738,60.051561586055755,135.30787277481258,Back,Left
17265,575.5,123,784,0.379733681678772,False,-59.44407392276806,37.3085947693176,70.18211430412072,Back,Left
17266,575.5333333333333,123,784,0.3799859583377838,False,-23.34248300699653,17.509550936095003,29.179717046531263,Back,Left
17267,575.5666666666667,129,803,0.37398576736450195,False,-4.525908273093442,14.611372646460438,15.29627589677265,Back,Left
17283,576.1,522,588,0.33064255118370056,False,166.6150374814043,-82.81987671697324,186.06370601045333,Middle,Left
17284,576.1333333333333,522,588,0.3286236822605133,False,126.77912913638002,-65.22078754934324,142.57173181642807,Middle,Left
17286,576.2,566,492,0.5781590938568115,False,84.74260235509023,-75.07681179963356,113.21588370856158,Middle,Left
17294,576.4666666666667,471,496,0.4463443458080292,False,1.3874481024990928,-43.45576416598321,43.47790762544443,Middle,Left
17298,576.6,413,549,0.5333236455917358,False,-38.52897060270594,2.8899232066835054,38.63720010358808,Middle,Left
17299,576.6333333333333,409,569,0.27681249380111694,False,-31.06615157855731,18.36843659819111,36.09023741905372,Middle,Left
17300,576.6666666666666,402,592,0.5772205591201782,False,-19.578723615177363,23.08089085572929,30.266383019673686,Middle,Left
17301,576.7,396,618,0.6246175765991211,False,-11.800856323236946,25.152536194206114,27.78327351055901,Middle,Left
17302,576.7333333333333,396,618,0.6255152821540833,False,-5.4342671344487945,14.905163382439946,15.864903237832209,Middle,Left
17303,576.7666666666667,389,653,0.39135652780532837,False,-4.9609047856938755,21.56123484269506,22.12458867944369,Middle,Left
17304,576.8,380,688,0.4998585879802704,False,-6.581404750561309,28.419304638580556,29.171420339626202,Middle,Left
17316,577.2,763,609,0.5427683591842651,False,157.56536741471407,-15.698707877300919,158.34549073955554,Middle,Left
17317,577.2333333333333,755,607,0.5550822019577026,False,116.92646926364216,-17.776505984472923,118.27004430318549,Middle,Left
17318,577.2666666666667,526,481,0.5263025164604187,False,-36.32298453335915,-63.82590963036479,73.43776920327946,Middle,Left
17330,577.6666666666666,519,403,0.3997475504875183,False,-51.248207482437415,-78.01241069868531,93.33978247876574,Middle,Left
17331,577.7,507,419,0.4948822855949402,False,-37.34121028491347,-40.858799009413026,55.35167063453224,Middle,Left
17332,577.7333333333333,507,419,0.49449872970581055,False,-19.102559692980407,-16.993968239107467,25.567611216843723,Middle,Left
17333,577.7666666666667,494,435,0.5417336821556091,False,-13.27749538962916,1.1838115857648752,13.330164803640454,Middle,Left
17334,577.8,482,456,0.547610878944397,False,-11.700530920864523,12.786313420859607,17.331827218344905,Middle,Left
17335,577.8333333333334,467,482,0.5546607971191406,False,-12.812237005897668,20.430605812754813,24.115618817925125,Middle,Left
17336,577.8666666666667,453,510,0.5452532172203064,False,-13.511625335210143,24.98737228927792,28.406562500979714,Middle,Left
17337,577.9,438,543,0.5474201440811157,False,-14.264440685143017,29.18116603787195,32.4809901232985,Middle,Left
17338,577.9333333333333,438,543,0.5485190153121948,False,-8.377787504573336,17.61144766059055,19.502574501165363,Middle,Left
17339,577.9666666666667,423,582,0.39022982120513916,False,-10.124178738901442,24.577993204824118,26.581511339907,Middle,Left
17340,578.0,405,625,0.6176552176475525,False,-13.759550458621398,33.59471386382295,36.303306025973534,Middle,Left
17341,578.0333333333333,387,677,0.507314145565033,False,-16.19702425944026,42.9696230758778,45.920933158461686,Middle,Left
17348,578.2666666666667,285,834,0.29219651222229004,False,-52.84719835192075,92.77001654515266,106.76657877554732,Back,Left
17349,578.3,271,819,0.4017181694507599,False,-42.97983802915983,56.154303666147065,70.71472475547559,Back,Left
17350,578.3333333333334,271,819,0.3991789221763611,False,-23.08089747583305,25.92933756561345,34.713950724189395,Back,Left
17351,578.3666666666667,258,804,0.42612963914871216,False,-15.280860041195789,3.269096770460255,15.626633587988419,Back,Left
17365,578.8333333333334,189,832,0.43355196714401245,False,-36.565161086743146,9.670573590324501,37.82236109585647,Back,Left
17366,578.8666666666667,200,841,0.43115726113319397,False,-20.280616384944693,10.527982307100839,22.850422587162704,Back,Left
17367,578.9,211,855,0.2624770700931549,False,-4.176467441578431,12.146210445955578,12.844193570948901,Back,Left
17368,578.9333333333333,211,855,0.267234742641449,False,0.45535801985020363,7.307801446174012,7.321974658720479,Back,Left
17369,578.9666666666667,220,874,0.4246787428855896,False,4.887077676962774,11.380893229067507,12.385808771012998,Back,Left
17376,579.2,462,545,0.41298267245292664,False,105.75780532919305,-131.56226893644606,168.79971562699166,Middle,Left
17377,579.2333333333333,498,488,0.6168818473815918,False,94.28474252218149,-125.55668150590157,157.01621872675594,Middle,Left
17378,579.2666666666667,528,440,0.5977029800415039,False,65.10731423186922,-91.75145116801211,112.50462727338584,Middle,Left
17390,579.6666666666666,420,435,0.48211631178855896,False,-13.156306901922534,-49.11266392550172,50.84429337847909,Middle,Left
17391,579.7,401,452,0.5606400966644287,False,-29.565771941655804,-13.611416524957534,32.54851041632917,Middle,Left
17392,579.7333333333333,401,452,0.5605432987213135,False,-20.009983817717178,-1.5416020720180832,20.06927974128005,Middle,Left
17393,579.7666666666667,385,472,0.4633384943008423,False,-16.615042136089656,9.701010633311938,19.23978254793089,Middle,Left
17395,579.8333333333334,363,524,0.2798904776573181,False,-18.28311725618348,29.5575830659217,34.755188005565664,Middle,Left
17406,580.2,238,821,0.5113961100578308,False,-63.62361312018754,145.97785066214527,159.24037500083605,Back,Left
17407,580.2333333333333,229,803,0.4527871012687683,False,-48.64551714278073,97.50636749693666,108.96732556384157,Back,Left
17408,580.2666666666667,219,786,0.5331594944000244,False,-29.665521440155214,40.53987189618484,50.234692948950986,Back,Left
17409,580.3,209,772,0.46534547209739685,False,-17.983695853411298,7.370764167362935,19.435572565759006,Back,Left
17410,580.3333333333334,209,772,0.4653446674346924,False,-8.311934495521115,-1.6495014621920756,8.474025615467989,Back,Left
17411,580.3666666666667,198,765,0.4374144375324249,False,-7.723460770063881,-5.514845615232027,9.49027757373617,Back,Left
17427,580.9,504,540,0.6036756634712219,False,124.79854186267526,-98.84430013018323,159.20072775988072,Middle,Left
17428,580.9333333333333,504,540,0.6038925051689148,False,95.73253881349615,-73.75083375926624,120.84661545887197,Middle,Left
17429,580.9666666666667,493,557,0.5846297144889832,False,45.5043956746601,-30.976009347902746,55.046917995809565,Middle,Left
17431,581.0333333333333,469,605,0.6697136163711548,False,7.219486888281573,9.9788657895755,12.316604782829959,Middle,Left
17432,581.0666666666667,456,634,0.6530833840370178,False,-8.135397289285592,25.30361042566429,26.57926616045488,Middle,Left
17433,581.1,443,667,0.5223642587661743,False,-12.92418835917493,31.28227953819308,33.84694458661057,Middle,Left
17434,581.1333333333333,443,667,0.521946370601654,False,-8.322255700545615,19.143699994677238,20.874414708716248,Middle,Left
17435,581.1666666666666,430,700,0.45203614234924316,False,-9.476798622076217,22.82966943516559,24.718485363029824,Middle,Left
17436,581.2,422,690,0.471497118473053,False,-9.059153817930206,9.629511118408253,13.221034463175245,Middle,Left
17437,581.2333333333333,413,679,0.48623859882354736,False,-8.95978111036602,-1.429498824665405,9.07310004548564,Middle,Left
17438,581.2666666666667,404,671,0.5018488168716431,False,-8.959053193201358,-6.172994279601926,10.879820425660046,Middle,Left
17453,581.7666666666667,432,498,0.6351942420005798,False,6.640843853974404,-77.43281470402233,77.71706119045113,Middle,Left
17454,581.8,464,431,0.44127947092056274,False,20.12367597390493,-85.72449939431456,88.05482457599105,Middle,Left
17455,581.8333333333334,493,366,0.5671590566635132,False,26.272231378588,-78.4542454797467,82.73632077513733,Middle,Left
17456,581.8666666666667,520,317,0.5348218083381653,False,27.674796931375532,-64.72690385842984,70.39507417633205,Front,Left
17457,581.9,539,272,0.43579530715942383,False,24.263189556237137,-53.95494899391688,59.159436173598436,Front,Left
17458,581.9333333333333,539,272,0.4354683458805084,False,13.414333207257249,-29.262450059159374,32.19060917193275,Front,Left
17459,581.9666666666667,533,254,0.4728339612483978,False,3.2871214008857965,-20.109710409046517,20.376594902973245,Front,Left
17460,582.0,525,237,0.49136045575141907,False,-3.281173449292255,-17.166562855902882,17.47732758433065,Front,Left
17461,582.0333333333333,517,221,0.4662669003009796,False,-6.4430725601993855,-16.149844866682876,17.38765864726811,Front,Left
17462,582.0666666666667,509,208,0.441662460565567,False,-7.663527960195054,-14.639218702297727,16.52381266567722,Front,Left
17463,582.1,500,195,0.5130763053894043,False,-8.44505784691309,-13.678209803088048,16.075211521314497,Front,Left
17464,582.1333333333333,500,195,0.5126377940177917,False,-5.019779573953187,-7.733670447261338,9.219969932593111,Front,Left
17465,582.1666666666666,490,185,0.519667387008667,False,-6.511617556010721,-7.6312073493765595,10.03177396101636,Front,Left
17466,582.2,482,177,0.5118573904037476,False,-7.40561393714982,-7.7686140829777175,10.732869260190743,Front,Left
17467,582.2333333333333,1329,499,0.50291508436203,False,353.06472401087234,131.39644780929655,376.7223458168823,Middle,Right
17469,582.3,1347,539,0.39544805884361267,False,275.8588711390098,117.61236696444885,299.8846205610901,Middle,Right
17477,582.5666666666667,1409,624,0.25408703088760376,False,171.83829732407452,101.39157609048448,199.52105685703836,Middle,Right
17478,582.6,1417,614,0.5855260491371155,False,84.1533906679123,51.485355746063796,98.65361127300416,Middle,Right
17479,582.6333333333333,1417,614,0.5784470438957214,False,33.012341566977575,20.863319006545456,39.05243623263056,Middle,Right
17482,582.7333333333333,1441,604,0.37303411960601807,False,20.09742913103017,2.3810283313471885,20.237982942760333,Middle,Right
17483,582.7666666666667,1449,605,0.46562567353248596,False,12.690478751453231,-1.4945658471739018,12.77818367424043,Middle,Right
17484,582.8,1457,609,0.5574889183044434,False,9.391135258449856,0.1341429118085511,9.392093257804062,Middle,Right
17485,582.8333333333334,1457,609,0.5579617619514465,False,4.839512094259729,0.3676838509789284,4.85345945947392,Middle,Right
17486,582.8666666666667,1466,618,0.650042712688446,False,5.784692991694834,4.052839073240047,7.063156345554344,Middle,Right
17487,582.9,1475,628,0.6094874739646912,False,7.310204987100855,7.219554890159639,10.274291691667225,Middle,Right
17488,582.9333333333333,1484,641,0.5888260006904602,False,8.295213223098964,10.223541048787904,13.165536601024934,Middle,Right
17489,582.9666666666667,1493,658,0.5687318444252014,False,8.768174095801843,13.618936287988483,16.19741654062709,Middle,Right
17502,583.4,1415,614,0.543677568435669,False,-27.77088889860659,-10.096103113473056,29.549172040797202,Middle,Right
17503,583.4333333333333,1415,615,0.5466835498809814,False,-22.558849459745453,-9.63755215549587,24.53128819482093,Middle,Right
17504,583.4666666666667,1419,611,0.6386657357215881,False,-10.420281947028837,-7.176347886155639,12.652361235702433,Middle,Right
17511,583.7,1172,549,0.31747543811798096,False,-108.11389735138822,-29.87797639356304,112.16643113641808,Middle,Right
17514,583.8,227,805,0.4737856388092041,False,-478.75329384263983,86.74172099751638,486.5478830770801,Back,Left
17515,583.8333333333334,227,805,0.47317439317703247,False,-342.71067301130836,70.90578106028654,349.96890602399696,Back,Left
17516,583.8666666666667,237,785,0.48971322178840637,False,-169.60121058122246,29.714817650088136,172.1846131876892,Back,Left
17517,583.9,248,770,0.46863365173339844,False,-62.532539296687105,3.5031604327834636,62.630588404624916,Back,Left
17540,584.6666666666666,983,685,0.5285555124282837,False,293.1666089656407,-38.5221702454039,295.6866892723255,Middle,Right
17565,585.5,1437,618,0.5369135737419128,False,424.4206381203247,-58.029125508505444,428.36930033528955,Middle,Right
17566,585.5333333333333,1464,635,0.609374463558197,False,280.05974135703957,-29.83588315534938,281.64452533758146,Middle,Right
17567,585.5666666666667,1488,653,0.5240583419799805,False,146.2630093344929,-4.622469615382457,146.33603495013483,Middle,Right
17568,585.6,1500,665,0.5352127552032471,False,65.7565830317423,6.8854429747035635,66.11609136184862,Middle,Right
17569,585.6333333333333,1500,665,0.5352356433868408,False,23.65937541363286,6.029394301647982,24.415561443635905,Middle,Right
17570,585.6666666666666,1489,672,0.605459451675415,False,1.5304931387784926,6.2865617821526465,6.470183018174239,Middle,Right
17571,585.7,1479,680,0.5238481163978577,False,-7.278665286182338,7.055589275569756,10.137075928186134,Middle,Right
17572,585.7333333333333,1469,692,0.561137318611145,False,-9.996676050588778,9.279543226460584,13.639774725125257,Middle,Right
17597,586.5666666666667,225,600,0.5704450011253357,False,-531.3320338326926,-33.072568167166466,532.36033374206,Middle,Left
17598,586.6,250,634,0.49898219108581543,False,-389.39181507660976,-12.307595452097999,389.5862710035727,Middle,Left
17599,586.6333333333333,250,634,0.4984487295150757,False,-199.74920846555423,-3.4134211660146523,199.7783715187208,Middle,Left
17604,586.8,385,895,0.35065802931785583,False,-24.6719351218089,109.77536995826298,112.51371575113967,Back,Left
17605,586.8333333333334,385,895,0.34748345613479614,False,16.93229962106792,83.6061030003859,85.30347724078283,Back,Left
17616,587.2,651,810,0.3803187906742096,False,129.47134605047225,7.778278817957968,129.7047842968448,Back,Left
17617,587.2333333333333,651,810,0.37513893842697144,False,94.87299909013282,-9.013794920730515,95.30023323806364,Back,Left
17619,587.3,987,512,0.4501214325428009,False,190.48465247967096,-133.9813657593329,232.8849698907964,Middle,Right
17624,587.4666666666667,789,818,0.3059024214744568,False,43.54566126955183,29.46362188568324,52.57689254820085,Back,Left
17625,587.5,808,832,0.3946813642978668,False,7.007660381933121,52.05500936439944,52.524578094033544,Back,Left
17626,587.5333333333333,829,853,0.5002696514129639,False,6.404205333626625,42.97197192861256,43.44656738326651,Back,Left
17633,587.7666666666667,751,456,0.5328044891357422,False,-29.32883531352171,-144.35064737954986,147.29999993123837,Middle,Left
17646,588.2,544,511,0.5167033672332764,False,-110.68668343770352,-93.58043610007218,144.94426484382913,Middle,Left
17647,588.2333333333333,544,511,0.5167940855026245,False,-78.46197040590513,-45.03688203274409,90.46878767402845,Middle,Left
17648,588.2666666666667,515,538,0.258542001247406,False,-51.84399303074787,-5.983170808939704,52.188101577861424,Middle,Left
17650,588.3333333333334,459,605,0.5409397482872009,False,-48.85608246031469,31.779302753108894,58.28242339541848,Middle,Left
17651,588.3666666666667,427,647,0.5339347720146179,False,-41.20911905591726,42.82079968901837,59.429053327238854,Middle,Left
17652,588.4,392,696,0.5008707046508789,False,-37.22602497596386,47.39601391516745,60.26739641429545,Middle,Left
17653,588.4333333333333,392,696,0.5008487701416016,False,-20.803971012621314,28.2060795206214,35.04836846156474,Middle,Left
17726,590.8666666666667,1907,883,0.4795338809490204,False,630.3575648370224,91.81144935819347,637.0086355619625,Back,Right
17727,590.9,1906,896,0.43068042397499084,False,479.87938610536673,69.8780452388335,484.94037408248874,Back,Right
17766,592.2,521,617,0.32524925470352173,False,-334.0616834347976,-81.28476610009733,343.80869904532443,Middle,Left
17767,592.2333333333333,521,617,0.3275012671947479,False,-338.0666335747289,-73.90609064110062,346.05080403085407,Middle,Left
17826,594.2,1680,769,0.49663645029067993,False,293.10540831301904,22.75944089113767,293.9877081308312,Back,Right
17827,594.2333333333333,1680,769,0.4962766468524933,False,281.83632523139033,30.3743916696298,283.4683719380949,Back,Right
17828,594.2666666666667,1666,805,0.5468220710754395,False,154.9613795557076,34.10549295443552,158.67014149950558,Back,Right
17842,594.7333333333333,1331,548,0.402206689119339,False,-74.44594182858765,-88.10031484596828,115.34237612735485,Middle,Right
17843,594.7666666666667,1306,509,0.39085665345191956,False,-94.44541510420157,-89.147337080628,129.87372383500852,Middle,Right
17844,594.8,1287,476,0.5113425850868225,False,-66.16420807292292,-65.63506279072263,93.19690926988481,Middle,Right
17845,594.8333333333334,1287,476,0.511868953704834,False,-33.199059200677816,-33.74285932207289,47.336646343391415,Middle,Right
17850,595.0,1329,474,0.44568952918052673,False,4.4140027219293785,-14.663045365854895,15.31301144224475,Middle,Right
17851,595.0333333333333,1329,474,0.4466803967952728,False,9.251831561261653,-5.074894108647657,10.552295364134949,Middle,Right
17855,595.1666666666666,1391,538,0.5325461030006409,False,32.377783780259136,25.788569300297986,41.392888146123404,Middle,Right
17859,595.3,1448,626,0.6148017048835754,False,46.8903602186054,57.54535848745036,74.23054738367317,Middle,Right
17860,595.3333333333334,1469,667,0.566507875919342,False,38.54796133665974,56.219439088850855,68.1657586672196,Middle,Right
17864,595.4666666666667,1535,792,0.5608044862747192,False,48.64875652855832,85.01428879306278,97.94963405120626,Back,Right
17865,595.5,1546,774,0.5608116388320923,False,34.55737038526091,46.663672131723004,58.06642872401444,Back,Right
17874,595.8,1345,755,0.4089866876602173,False,-67.37769033765767,12.115889251690973,68.45836638130162,Back,Right
17875,595.8333333333334,1345,755,0.42447802424430847,False,-57.098847028425574,0.8471737238272059,57.10513142699076,Back,Right
17876,595.8666666666667,1339,745,0.6444950103759766,False,-33.699708173361195,-5.738789919142106,34.18485104115205,Back,Right
17901,596.7,166,806,0.5764693021774292,False,-510.4097151717943,21.25716835486815,510.85217484926045,Back,Left
17902,596.7333333333333,184,862,0.489952951669693,False,-372.3048505272071,40.730934308572714,374.5262483935343,Back,Left
17915,597.1666666666666,482,838,0.2827107012271881,False,-64.7770664674685,16.878464834138345,66.93990525305573,Back,Left
17916,597.2,514,832,0.27891555428504944,False,30.858011593490346,2.972463581355763,31.00084546018819,Back,Left
17917,597.2333333333333,778,466,0.2745725214481354,False,146.30088316644802,-155.2417382788985,213.31653878482254,Middle,Left
17926,597.5333333333333,778,594,0.2928776443004608,False,105.11641097347982,-63.876801660873326,123.00286844772384,Middle,Left
17928,597.6,686,534,0.5828240513801575,False,14.57987376123674,-45.96348061778353,48.22047562389821,Middle,Left
17929,597.6333333333333,686,534,0.5814822912216187,False,-7.703443748416515,-23.371780160394664,24.608599176930717,Middle,Left
17930,597.6666666666666,683,485,0.5570414662361145,False,-9.688055665925248,-30.16420927182517,31.681823552007387,Middle,Left
17931,597.7,682,445,0.5461294054985046,False,-6.374545659125424,-35.52581943261814,36.093194354604634,Middle,Left
17942,598.0666666666667,518,494,0.5204064846038818,False,-72.31516840263313,-0.8041453703806951,72.3196393165639,Middle,Left
17943,598.1,494,518,0.4992239475250244,False,-63.66974265221085,15.851039602062738,65.61319673560281,Middle,Left
17944,598.1333333333333,466,545,0.56431645154953,False,-47.07395702154528,23.52400095094245,52.624481473989206,Middle,Left
17946,598.2,409,613,0.6117313504219055,False,-48.30696673467716,43.663504751388466,65.1157790576119,Middle,Left
17947,598.2333333333333,409,613,0.6119645833969116,False,-28.137109430246962,28.82183094215266,40.27896306942026,Middle,Left
17952,598.4,270,823,0.4959936738014221,False,-71.33705641250467,102.64985726414966,125.00387519573611,Back,Left
17953,598.4333333333333,270,823,0.4944053888320923,False,-48.92316304271016,72.47588267701093,87.44272097730865,Back,Left
17955,598.5,294,804,0.3783648610115051,False,-14.15046093416857,28.489917089177084,31.81054731370737,Back,Left
17956,598.5333333333333,308,797,0.35800161957740784,False,3.9262359071985067,5.673988750764803,6.899962082705992,Back,Left
17957,598.5666666666667,321,795,0.4500395357608795,False,10.976540773002743,-1.6298066110470542,11.096878702175866,Back,Left
17962,598.7333333333333,378,828,0.5116470456123352,False,31.658271856146857,11.685629334784476,33.74611251489089,Back,Left
17967,598.9,535,515,0.6223494410514832,False,88.24733892034746,-122.98628078361038,151.3711269942446,Middle,Left
17968,598.9333333333333,559,467,0.510651171207428,False,71.21121057371889,-115.32817218097387,135.54196328067144,Middle,Left
17969,598.9666666666667,579,427,0.2534666955471039,False,46.56081047495519,-82.16915392382643,94.44405184362951,Middle,Left
17978,599.2666666666667,460,435,0.4341699481010437,False,-27.71105762831202,-38.20293936144189,47.19499222092992,Middle,Left
17980,599.3333333333334,415,465,0.4484427571296692,False,-48.24021629353335,-1.582937465988877,48.26618028255511,Middle,Left
17981,599.3666666666667,393,484,0.4026387631893158,False,-40.82202500777851,13.628743684599955,43.03696527586741,Middle,Left
17984,599.4666666666667,375,524,0.4196421504020691,False,-29.867671615192684,27.469603459628384,40.5790207119666,Middle,Left
17985,599.5,367,552,0.5770073533058167,False,-18.686154069826863,30.159273334672616,35.478925040040345,Middle,Left
17996,599.8666666666667,281,806,0.5105234384536743,False,-45.106118978749365,125.11768783791828,132.9999916512473,Back,Left
17997,599.9,277,791,0.541980504989624,False,-32.46275946867029,82.8936543244954,89.02352879767055,Back,Left
17998,599.9333333333333,273,777,0.45471206307411194,False,-18.196668650131148,34.474181243206374,38.981892236679684,Back,Left
17999,599.9666666666667,529,620,0.4150601029396057,False,100.07848564367474,-54.96981123172047,114.1813620324359,Middle,Left
18000,600.0,264,761,0.4049522578716278,False,-32.94358957991061,11.810836886186792,34.996799315961816,Back,Left
18001,600.0333333333333,264,761,0.3983815014362335,False,-42.737038677290634,18.722902000050773,46.65834903002614,Back,Left
18002,600.0666666666667,523,625,0.2814893126487732,False,82.8761288815756,-45.35150886961984,94.47334065833988,Middle,Left
18004,600.1333333333333,417,545,0.5538849234580994,False,25.533267782626474,-71.39111465974082,75.8197798468155,Middle,Left
18005,600.1666666666666,459,485,0.5231227278709412,False,22.26774993820724,-71.22217434752763,74.62205308151304,Middle,Left
18006,600.2,496,440,0.46948227286338806,False,27.90421028095406,-60.1241576841882,66.28392933914547,Middle,Left
18007,600.2333333333333,496,440,0.4709438383579254,False,17.130488733662546,-32.769655011318186,36.97707308339791,Middle,Left
18009,600.3,553,369,0.27106189727783203,False,32.03933221252804,-44.03270956332266,54.455470984214834,Middle,Left
18014,600.4666666666667,507,368,0.3788369596004486,False,1.7563643622678704,-27.87591205761606,27.93118846051827,Middle,Left
18017,600.5666666666667,463,394,0.2888023257255554,False,-22.951612902759226,-2.257444196644535,23.062363043258767,Middle,Left
18018,600.6,446,409,0.45222902297973633,False,-24.841356369006938,9.590641894290242,26.628432139285195,Middle,Left
18019,600.6333333333333,446,409,0.45255082845687866,False,-14.692920626334233,7.653379388729693,16.56671761694484,Middle,Left
18020,600.6666666666666,426,429,0.49050164222717285,False,-15.12496541495377,12.519540883525782,19.634242606676256,Middle,Left
18021,600.7,409,451,0.48293834924697876,False,-15.993354917030533,17.388000326078995,23.624774217795775,Middle,Left
18022,600.7333333333333,389,476,0.45151379704475403,False,-17.839196155666723,21.468225234992595,27.91275002970376,Middle,Left
18026,600.8666666666667,514,637,0.556979238986969,False,42.12187710367465,81.08904394029545,91.37661395503906,Middle,Left
18027,600.9,506,622,0.43737661838531494,False,31.648593149501906,51.15320846099776,60.152175224151215,Middle,Left
18033,601.1,444,551,0.35670962929725647,False,-9.744686684381875,-5.7386923220974,11.308912774642357,Middle,Left
18034,601.1333333333333,247,817,0.497450590133667,False,-96.15622756242938,98.82194191409371,137.8832705686597,Back,Left
18035,601.1666666666666,238,797,0.5268597602844238,False,-74.7636402589269,67.29713869363728,100.59078874885556,Back,Left
18036,601.2,229,781,0.5072951912879944,False,-43.19479633756528,26.52262235984587,50.68767036949655,Back,Left
18037,601.2333333333333,229,781,0.5064069032669067,False,-19.338928521780243,8.063762866857122,20.952766594018776,Back,Left
18038,601.2666666666667,219,766,0.4774323105812073,False,-11.147122370705512,-4.959558469495786,12.200637580054194,Back,Left
18039,601.3,210,756,0.4269106388092041,False,-8.781460075094785,-9.40719173528664,12.86892759304088,Back,Left
18047,601.5666666666667,552,358,0.2804802656173706,False,139.69868585774145,-174.2177543815496,223.31043140016968,Middle,Left
18048,601.6,577,333,0.40868058800697327,False,117.73865514116834,-140.59715328885318,183.38470608908543,Front,Left
18049,601.6333333333333,577,333,0.4063810706138611,False,64.13097802007599,-75.26393305311055,98.88094841997913,Front,Left
18050,601.6666666666666,568,327,0.3246022164821625,False,23.71327640750966,-34.389495657960055,41.77268113956546,Front,Left
18051,601.7,559,324,0.37546584010124207,False,2.705018368796633,-13.858613110810278,14.120137454382295,Front,Left
18053,601.7666666666667,542,323,0.33300185203552246,False,-9.354820387475828,-4.7735679496169965,10.502362374796634,Front,Left
18054,601.8,533,326,0.42687109112739563,False,-11.35356045925295,0.1260519598746601,11.354260178386802,Front,Left
18055,601.8333333333334,533,326,0.42783766984939575,False,-6.917504665779502,0.9457325003086788,6.981853676726638,Front,Left
18056,601.8666666666667,523,333,0.4717351198196411,False,-7.428272569483697,3.6471615293723367,8.275326010972467,Front,Left
18057,601.9,513,342,0.49286767840385437,False,-8.60474869326688,6.387769924197564,10.71659016099622,Front,Left
18058,601.9333333333333,501,353,0.46824756264686584,False,-10.247418091396836,8.82276046489152,13.52222909733229,Front,Left
18059,601.9666666666667,491,370,0.4812702536582947,False,-10.435634704265217,12.708031981360252,16.443738885063198,Middle,Left
18060,602.0,478,385,0.3924334943294525,False,-11.551539730946669,14.367606491067388,18.435460027832264,Middle,Left
18061,602.0333333333333,478,385,0.39110034704208374,False,-6.874640133775469,8.598951231757798,11.00920702208226,Middle,Left
18062,602.0666666666667,467,410,0.5105130672454834,False,-7.782675656728671,14.493839297115564,16.451182873837627,Middle,Left
18063,602.1,453,437,0.5247119665145874,False,-10.568668873271456,20.82266557719356,23.35123473164746,Middle,Left
18064,602.1333333333333,439,468,0.5329323410987854,False,-12.513308172452508,26.24584282700636,29.07622993303444,Middle,Left
18065,602.1666666666666,425,504,0.5425381064414978,False,-13.487259152687296,31.32905976766713,34.10888660419461,Middle,Left
18066,602.2,410,546,0.5996953248977661,False,-14.299273361378035,36.73866959098097,39.423331441909944,Middle,Left
18067,602.2333333333333,410,546,0.5997214317321777,False,-8.408464408821288,22.195663664995067,23.734990188411636,Middle,Left
18068,602.2666666666667,396,591,0.5105438828468323,False,-9.719084654471377,29.230084932705,30.803546414234983,Middle,Left
18087,602.9,1250,668,0.5666252970695496,False,354.6080827066998,50.64613463898064,358.2065371748419,Middle,Right
18088,602.9333333333333,1270,657,0.569363534450531,False,278.282078103284,28.44172975367363,279.7317411107707,Middle,Right
18099,603.3,1470,679,0.29273852705955505,False,231.64283607708495,21.766994372929368,232.6632879288574,Middle,Right
18134,604.4666666666667,563,629,0.5721182227134705,False,-257.26725913950224,-9.713721798021936,257.4505758710226,Middle,Left
18136,604.5333333333333,550,624,0.4951431453227997,False,-241.26742522559906,-13.33254508908339,241.63552560321605,Middle,Left
18137,604.5666666666667,544,619,0.4198126494884491,False,-139.11474844830195,-10.460230471407492,139.5074537698588,Middle,Left
18138,604.6,537,618,0.3132489323616028,False,-65.15256727574695,-5.955520156784107,65.42419462980492,Middle,Left
18139,604.6333333333333,537,618,0.3080841302871704,False,-24.47618484271935,-2.639269376632469,24.618069934448442,Middle,Left
18140,604.6666666666666,531,617,0.6090407371520996,False,-9.431068239744905,-1.3565605875374103,9.528132281322762,Middle,Left
18141,604.7,525,620,0.5708465576171875,False,-5.302533102128455,0.7107863081263814,5.349960231159476,Middle,Left
18142,604.7333333333333,518,624,0.5220651030540466,False,-5.283490731173346,2.4674109141060523,5.831242657053839,Middle,Left
18143,604.7666666666667,511,633,0.5501329898834229,False,-6.004606685623169,5.537651031172919,8.168285033719192,Middle,Left
18144,604.8,504,642,0.5379389524459839,False,-6.553214118453137,7.54602202161707,9.994351586422367,Middle,Left
18145,604.8333333333334,504,642,0.5370060205459595,False,-3.8849538926972365,4.718777126464053,6.112260164425575,Middle,Left
18146,604.8666666666667,497,655,0.5192931294441223,False,-4.7244000266958075,7.710452068368258,9.042733365020098,Middle,Left
18147,604.9,490,671,0.508628249168396,False,-5.834441156199176,11.742302309531372,13.111916989272643,Middle,Left
18148,604.9333333333333,483,690,0.5008141994476318,False,-6.5241608857667455,15.523937642924714,16.839160169224108,Middle,Left
18149,604.9666666666667,475,700,0.49728822708129883,False,-7.269962704208315,13.866092459472075,15.656336666513281,Middle,Left
18150,605.0,467,695,0.4647049307823181,False,-7.710965896348446,5.607695048376971,9.534423884548055,Middle,Left
18151,605.0333333333333,467,695,0.4637741148471832,False,-4.534868893418355,1.7695223200424666,4.867878914026302,Middle,Left
18152,605.0666666666667,459,695,0.506013810634613,False,-5.431606815053985,0.3388537837932075,5.442166340726078,Middle,Left
18153,605.1,451,696,0.4159033000469208,False,-6.675437555298935,0.3630332613819793,6.68530176608095,Middle,Left
18154,605.1333333333333,443,701,0.4694223701953888,False,-7.456105011752157,2.324523159055775,7.810051847667995,Middle,Left
18155,605.1666666666666,434,709,0.48774993419647217,False,-8.246834683307405,5.069488734550944,9.680392467433379,Middle,Left
18156,605.2,425,721,0.5004335641860962,False,-8.70560386511581,8.48376130463392,12.155728876966743,Back,Left
18157,605.2333333333333,425,721,0.5007102489471436,False,-5.112852715805167,5.511179533112868,7.517603523711426,Back,Left
18158,605.2666666666667,416,735,0.34416764974594116,False,-6.113487825069718,8.564585488063821,10.522683021436553,Back,Left
18189,606.3,439,467,0.5402531027793884,False,5.996537430792877,-107.62449445707033,107.79142019798635,Middle,Left
18190,606.3333333333334,425,504,0.5261791944503784,False,-0.28620545553889265,-67.28053619935685,67.28114494296115,Middle,Left
18191,606.3666666666667,410,546,0.5849190354347229,False,-7.61593294233785,-13.967719937220139,15.909105406238398,Middle,Left
18192,606.4,396,590,0.5095120072364807,False,-11.616352785327297,19.997306180003903,23.126433068893345,Middle,Left
18211,607.0333333333333,1251,668,0.5484918355941772,False,353.45450313378353,50.530215954207534,357.0481599307419,Middle,Right
18212,607.0666666666667,1251,668,0.5488220453262329,False,269.30624618779643,34.641846473049384,271.5251586185419,Middle,Right
18213,607.1,1270,657,0.5717542767524719,False,148.66506118201465,12.546654523591187,149.1935620460431,Middle,Right
18223,607.4333333333333,1471,679,0.2519209682941437,False,149.26206008954625,12.60040796228216,149.79296666730139,Middle,Right
18224,607.4666666666667,1471,679,0.2533273994922638,False,86.3675230064927,7.291573387598344,86.67477183554496,Middle,Right
18258,608.6,563,629,0.5733837485313416,False,-344.542435095581,-17.835981640879652,345.00378522950507,Middle,Left
18261,608.7,550,624,0.4756469130516052,False,-281.37234948568306,-16.894703232994953,281.8791053846034,Middle,Left
18262,608.7333333333333,543,620,0.2647862732410431,False,-154.3106213307136,-11.284383300123755,154.72267177739334,Middle,Left
18263,608.7666666666667,537,618,0.33058851957321167,False,-69.07480976898742,-6.366109521982556,69.36754785249136,Middle,Left
18264,608.8,531,617,0.6072781085968018,False,-27.2669746084417,-3.2249608066935753,27.457025995218675,Middle,Left
18265,608.8333333333334,525,620,0.5621093511581421,False,-10.842342289206556,-0.03790724879927376,10.84240855510566,Middle,Left
18266,608.8666666666667,525,620,0.5632179975509644,False,-3.3398728419682,0.5458777569304537,3.384188695393353,Middle,Left
18267,608.9,518,624,0.4991567134857178,False,-3.5481564054561647,2.1078054951799334,4.127015614592503,Middle,Left
18268,608.9333333333333,511,633,0.56803959608078,False,-5.042225437510695,5.295142799780065,7.311810626154276,Middle,Left
18269,608.9666666666667,504,642,0.5380477905273438,False,-6.134741459082571,7.426733540270089,9.63283052108565,Middle,Left
18270,609.0,497,655,0.5143061876296997,False,-6.694587543129138,10.15886198384085,12.166346172098947,Middle,Left
18271,609.0333333333333,490,671,0.5271974205970764,False,-6.923235365999951,13.111042253280427,14.826685971596525,Middle,Left
18272,609.0666666666667,490,671,0.5269708633422852,False,-4.041793717041484,8.103043045960312,9.055131310798414,Middle,Left
18273,609.1,482,690,0.5307285785675049,False,-5.199143920501861,11.81026421001479,12.904008610367855,Middle,Left
18274,609.1333333333333,475,700,0.5436586737632751,False,-6.165439738881259,11.706638220766619,13.230949535301313,Middle,Left
18275,609.1666666666666,467,695,0.3109566867351532,False,-7.111924476575017,4.636598248271254,8.489847647418586,Middle,Left
18276,609.2,459,694,0.4656902551651001,False,-7.655385211319195,0.9979361264992024,7.720155390033083,Middle,Left
18279,609.3,442,702,0.43477413058280945,False,-11.696402504794259,3.3051436269722836,12.154415080499469,Middle,Left
18280,609.3333333333334,434,709,0.49496346712112427,False,-10.856137638791111,5.275714912740414,12.07016537885412,Middle,Left
18281,609.3666666666667,425,721,0.4816833436489105,False,-9.922998335045811,8.464981914195969,13.043075356869897,Back,Left
18282,609.4,416,736,0.4601122736930847,False,-9.367174831668663,11.791477650372386,15.059313048950086,Back,Left
18336,611.2,144,958,0.306826651096344,False,-120.12085665346666,101.10943089933942,157.00999082845325,Back,Left
18343,611.4333333333333,173,944,0.582311749458313,False,-76.91072719741285,68.43607510247736,102.95026145409628,Back,Left
18344,611.4666666666667,173,944,0.5834812521934509,False,-36.750020235172705,33.7295339952166,49.882316012992774,Back,Left
18349,611.6333333333333,190,930,0.47059035301208496,False,-6.908306542578245,7.400641035420673,10.123941279036625,Back,Left
18350,611.6666666666666,190,930,0.46962156891822815,False,1.3239766629409235,-0.41362630210791185,1.3870836030346727,Back,Left
18353,611.7666666666667,198,922,0.3816835284233093,False,5.608419663113682,-5.007841178098069,7.518832647602608,Back,Left
18361,612.0333333333333,224,905,0.3411265015602112,False,14.978636541580045,-10.887996696361801,18.51777591139774,Back,Left
18362,612.0666666666667,224,905,0.3352985680103302,False,10.325754819473726,-7.3399352745017055,12.668696161237719,Back,Left
18373,612.4333333333333,1393,626,0.4563699960708618,False,498.55288027077506,-121.3707784817484,513.1138667932795,Middle,Right
18374,612.4666666666667,1393,626,0.4561033844947815,False,375.10187732170925,-90.4573077955977,385.85482101938044,Middle,Right
18375,612.5,1399,616,0.5675506591796875,False,197.317217260766,-50.99034530105236,203.7991647221668,Middle,Right
18381,612.7,22,1024,0.2790202796459198,False,-498.84741055278823,149.77260067292133,520.846014602735,Back,Left
18384,612.8,67,982,0.3825191259384155,False,-393.32319353606806,104.5953922397328,406.9930351384343,Back,Left
18389,612.9666666666667,101,964,0.41505998373031616,False,-194.15805945285288,44.80154819356889,199.25995777134509,Back,Left
18391,613.0333333333333,774,409,0.26189282536506653,False,207.3361134199629,-219.0166407812998,301.59004106107454,Middle,Left
18392,613.0666666666667,774,409,0.264102578163147,False,191.35080753644158,-173.5737191002948,258.3466034364616,Middle,Left
18421,614.0333333333333,509,617,0.6297892928123474,False,-4.114694554569127,-4.422333077808958,6.040508350170875,Middle,Left
18422,614.0666666666667,509,617,0.6295490860939026,False,-37.20083446650344,27.579182138133028,46.30889085707523,Middle,Left
18423,614.1,504,615,0.44855907559394836,False,-29.50384216058137,20.79551346523407,36.09612281837525,Middle,Left
18424,614.1333333333333,501,614,0.4985792636871338,False,-16.94578899742995,10.387475048793263,19.876101293632022,Middle,Left
18425,614.1666666666666,499,614,0.6159732341766357,False,-8.400171693664888,4.14887485862696,9.368887184484382,Middle,Left
18426,614.2,499,614,0.6069492697715759,False,-3.332174354179828,1.286278634940035,3.571820075725673,Middle,Left
18427,614.2333333333333,499,616,0.5821741819381714,False,-1.0228401686686168,1.077546106560893,1.4857010541850548,Middle,Left
18428,614.2666666666667,499,616,0.5817392468452454,False,-0.17970112661898996,0.5855463677296894,0.6125006478931813,Middle,Left
18429,614.3,500,616,0.5760480761528015,False,0.4684382480737256,0.2507460098586585,0.5313265979775714,Middle,Left
18430,614.3333333333334,503,618,0.602571427822113,False,1.6524343644547912,0.929429518361444,1.8958846374272607,Middle,Left
18431,614.3666666666667,506,621,0.5466417074203491,False,2.4321513109990223,1.9242908613673055,3.101331217193028,Middle,Left
18432,614.4,510,625,0.5793007016181946,False,3.232822082275148,2.9776493564403133,4.3951717037625775,Middle,Left
18433,614.4333333333333,514,627,0.5999597907066345,False,3.6992767794922305,2.7526603239809835,4.61105059075581,Middle,Left
18434,614.4666666666667,514,627,0.5997673273086548,False,2.2209775859833885,1.5507281338312107,2.708781863217529,Middle,Left
18435,614.5,516,631,0.576337993144989,False,1.8643425240043463,2.3703942498881654,3.0157158265847555,Middle,Left
18436,614.5333333333333,518,633,0.5587605834007263,False,1.8580653471724091,2.3600837992837627,3.003731408432619,Middle,Left
18437,614.5666666666667,519,636,0.6469481587409973,False,1.4947727298620832,2.6283443471708323,3.0236632618802335,Middle,Left
18438,614.6,520,637,0.48684871196746826,False,1.2212159658895527,1.9888403700467339,2.3338497065730652,Middle,Left
18439,614.6333333333333,521,637,0.5397675037384033,False,1.0791094725466341,1.035455846026285,1.4955420632031333,Middle,Left
18440,614.6666666666666,521,637,0.5377427935600281,False,0.5983195314797175,0.4285592433736992,0.7359682648261039,Middle,Left
18441,614.7,523,638,0.37251681089401245,False,1.1042897919279673,0.5616335460800955,1.2389060435072614,Middle,Left
18442,614.7333333333333,524,636,0.34590837359428406,False,1.1504113185956646,-0.4958793281269481,1.2527340140734782,Middle,Left
18486,616.2,429,839,0.5056078433990479,False,-39.42477221943245,85.20775831578209,93.88649925178201,Back,Left
18487,616.2333333333333,396,818,0.3480253517627716,False,-43.94160315158828,55.647738918782224,70.90511500804877,Back,Left
18510,617.0,103,823,0.48547127842903137,False,-149.8694687219499,29.003994203891974,152.6502189149394,Back,Left
18511,617.0333333333333,120,845,0.44778522849082947,False,-98.3082252976807,21.3010525596061,100.58947261680343,Back,Left
18512,617.0666666666667,136,870,0.3598402738571167,False,-40.87491016841381,21.49000664171599,46.179851307002885,Back,Left
18519,617.3,488,485,0.4593304693698883,False,135.18264175550095,-150.0486245065105,201.96271029150873,Middle,Left
18520,617.3333333333334,488,485,0.4559679329395294,False,109.48970672802716,-117.27595725754679,160.44203323962003,Middle,Left
18529,617.6333333333333,463,415,0.486301064491272,False,48.14667458315074,-91.48303763774751,103.3791490042617,Middle,Left
18530,617.6666666666666,448,424,0.5249200463294983,False,10.565090890593972,-44.475810758161195,45.713443188216296,Middle,Left
18531,617.7,432,436,0.5058452486991882,False,-7.3428614220619615,-12.263856671450334,14.294047513614982,Middle,Left
18532,617.7333333333333,432,436,0.5059775710105896,False,-7.4339344846694635,-1.3488229708944726,7.555309744091928,Middle,Left
18533,617.7666666666667,416,452,0.49744510650634766,False,-11.065745314617265,7.918362966798961,13.607027281590465,Middle,Left
18534,617.8,399,469,0.5210615992546082,False,-14.217510138870834,13.402544899860594,19.538828120992164,Middle,Left
18542,618.0666666666667,248,741,0.4857858419418335,False,-72.51249546864256,123.52901650628846,143.239240147736,Back,Left
18543,618.1,221,802,0.5577702522277832,False,-63.687931023605245,116.7560425076765,132.99671432077508,Back,Left
18544,618.1333333333333,221,802,0.5579718351364136,False,-35.23424586903887,66.26873754728835,75.05329878207398,Back,Left
18566,618.8666666666667,101,830,0.2895784378051758,False,-65.94325617484004,41.121680962367975,77.71425660785386,Back,Left
18567,618.9,115,845,0.5025611519813538,False,-37.67153183948728,25.616139794738615,45.55580016986965,Back,Left
18568,618.9333333333333,115,845,0.50416100025177,False,-16.734330661252002,12.041649227566959,20.616477361564048,Back,Left
18570,619.0,142,888,0.48042288422584534,False,5.4551998336659295,22.690281292700227,23.336839339702596,Back,Left
18600,620.0,1690,799,0.424984335899353,False,660.4894179317795,-22.5551332091325,660.8744247086148,Back,Right
18601,620.0333333333333,1684,783,0.46348050236701965,False,495.8726331424948,-27.848959452524582,496.6540373763809,Back,Right
18602,620.0666666666667,1676,767,0.5369787812232971,False,253.86977189696245,-23.790835862246162,254.98208751604508,Back,Right
18603,620.1,1669,756,0.379159152507782,False,100.64754428216153,-17.669079374945284,102.18671408743792,Back,Right
18604,620.1333333333333,1669,756,0.37997081875801086,False,30.86889379444547,-9.120658359223594,32.1881191280017,Back,Right
18609,620.3,1629,757,0.4100021421909332,False,-11.47493868997406,-3.3259743179483694,11.947230771284017,Back,Right
18610,620.3333333333334,1629,757,0.4209604263305664,False,-14.175274186917683,-0.8897952166876735,14.203173370832838,Back,Right
18623,620.7666666666667,1370,425,0.48674798011779785,False,-117.99256637828745,-140.21158444395394,183.25265109356152,Middle,Right
18625,620.8333333333334,1397,450,0.5172740817070007,False,-75.28917306630531,-95.29935212779294,121.45133221576923,Middle,Right
18626,620.8666666666667,1411,468,0.47957780957221985,False,-29.99401832501011,-39.476409823578116,49.57850409038313,Middle,Right
18627,620.9,1426,489,0.5108484625816345,False,-2.933339000234895,-4.00532180003232,4.964582602003233,Middle,Right
18628,620.9333333333333,1426,489,0.5107667446136475,False,3.1257289578029948,4.004555747658543,5.080024434365771,Middle,Right
18629,620.9666666666667,1441,512,0.5909349322319031,False,9.217094944552905,13.449187626293343,16.30446218138288,Middle,Right
18630,621.0,1458,542,0.5373514294624329,False,13.587321200756726,22.117589945527744,25.95771720338757,Middle,Right
18632,621.0666666666667,1494,612,0.6693494319915771,False,23.82589084519595,43.87222139509465,49.92439168089475,Middle,Right
18635,621.1666666666666,1381,770,0.3111608624458313,False,-32.10187716805816,95.91921831975259,101.14853909367874,Back,Right
18636,621.2,333,670,0.26958879828453064,False,-470.8583684914454,22.49751570067282,471.39552542544124,Middle,Left
18637,621.2333333333333,1354,943,0.39717280864715576,False,80.66280986947913,115.14987594916677,140.5915460728284,Back,Right
18638,621.2666666666667,499,1006,0.3982401490211487,False,-216.00855635250724,109.64467931701114,242.24296092977502,Back,Left
18639,621.3,1331,847,0.46904808282852173,False,173.48438475871046,-4.726293049986154,173.5487528076841,Back,Right
18640,621.3333333333334,1331,847,0.474761962890625,False,169.6492366392695,-23.107006662055745,171.21564545673724,Back,Right
18641,621.3666666666667,1317,800,0.255180686712265,False,91.45087327147388,-36.466409650332594,98.45334557495264,Back,Right
18645,621.5,1156,450,0.56172776222229,False,-29.035526287363794,-171.1834581635497,173.62844852044253,Middle,Right
18646,621.5333333333333,1156,450,0.5610314011573792,False,-38.24522469779613,-122.93025174112162,128.7421609470668,Middle,Right
18647,621.5666666666667,1135,413,0.48617908358573914,False,-32.607058974588575,-78.06411959989336,84.60039635769299,Middle,Right
18650,621.6666666666666,220,654,0.5642947554588318,False,-404.0451654567239,64.60030499278929,409.17685068208925,Middle,Left
18651,621.7,220,654,0.585834264755249,False,-299.67782682058436,62.7498295163284,306.1769765874574,Middle,Left
18652,621.7333333333333,220,654,0.5800880193710327,False,-154.59566265716032,35.93455949747731,158.7170799841159,Middle,Left
18653,621.7666666666667,220,654,0.5198005437850952,False,-63.4966402095732,15.989976404271207,65.47902460569445,Middle,Left
18654,621.8,164,641,0.5580593347549438,False,-44.102822441206655,0.20061740790194094,44.10327872874028,Middle,Left
18659,621.9666666666667,657,365,0.2913267910480499,False,186.05392578370058,-119.19174415704524,220.95867300182016,Middle,Left
18660,622.0,657,365,0.27408507466316223,False,148.52708089486424,-90.15317932076093,173.74662442991755,Middle,Left
18697,623.2333333333333,362,833,0.439317524433136,False,-45.3634537925667,150.6068011877121,157.2903414198894,Back,Left
18705,623.5,618,495,0.5235897302627563,False,47.29447408776069,-12.73329583766926,48.9786086177167,Middle,Left
18706,623.5333333333333,618,495,0.5232314467430115,False,43.8396492158988,-36.458419357702965,57.01869154439785,Middle,Left
18707,623.5666666666667,638,458,0.5388538241386414,False,33.16186245533058,-40.91372688168552,52.66537922445276,Middle,Left
18708,623.6,654,427,0.4874320328235626,False,24.015855661542687,-37.52304586042539,44.55042417081614,Middle,Left
18713,623.7666666666667,610,434,0.33725523948669434,False,-6.321836593285671,-18.126588025710525,19.19736469846937,Middle,Left
18714,623.8,597,442,0.3136981129646301,False,-14.545340782061453,-3.643465464576952,14.994725041089117,Middle,Left
18715,623.8333333333334,582,453,0.4294281601905823,False,-16.20229121899072,5.117504402132337,16.99126516922232,Middle,Left
18716,623.8666666666667,568,466,0.49470803141593933,False,-15.567934429801086,10.005365583220616,18.5058888698836,Middle,Left
18717,623.9,554,484,0.5420845746994019,False,-14.793123902203078,14.250550387480153,20.540562337288694,Middle,Left
18718,623.9333333333333,554,484,0.5417813062667847,False,-8.411170790301423,8.991938201253285,12.312706716184627,Middle,Left
18719,623.9666666666667,538,507,0.5009558200836182,False,-10.477314507155826,13.967654489445643,17.460512341234118,Middle,Left
18720,624.0,522,531,0.448556125164032,False,-13.176433990801153,19.088573067387564,23.194655299506692,Middle,Left
18721,624.0333333333333,504,558,0.5841631293296814,False,-15.69323431967826,23.34015746477716,28.12544317682693,Middle,Left
18722,624.0666666666667,486,591,0.5815552473068237,False,-17.115256612473754,28.174842384408,32.96594837551409,Middle,Left
18723,624.1,466,629,0.6257285475730896,False,-18.586194512885143,33.18318534591023,38.033806227773646,Middle,Left
18724,624.1333333333333,466,629,0.625816822052002,False,-11.003341037858075,20.069399756267817,22.88786404565298,Middle,Left
18725,624.1666666666666,446,675,0.5803202986717224,False,-13.449760265572994,28.6779828526546,31.675270349257282,Middle,Left
18733,624.4333333333333,321,761,0.2503550052642822,False,-60.968996037717645,54.40624969117033,81.71449371626309,Back,Left
18747,624.9,534,605,0.5202507972717285,False,46.2027841201559,-29.818950639589133,54.9896997418606,Middle,Left
18748,624.9333333333333,534,605,0.5187336802482605,False,45.794437250875944,-32.23791669496576,56.00369412776238,Middle,Left
18749,624.9666666666667,523,625,0.6517761945724487,False,21.749754116416923,-10.62015681404554,24.20412227038016,Middle,Left
18750,625.0,510,648,0.5658128261566162,False,2.798846559944298,7.421602474655451,7.9318172796606925,Middle,Left
18751,625.0333333333333,500,663,0.5531206130981445,False,-5.9794939784654595,13.834515120086294,15.07143512895839,Middle,Left
18752,625.0666666666667,492,655,0.5798103213310242,False,-8.396206941124008,5.761033081144795,10.182622116145904,Middle,Left
18753,625.1,484,650,0.5641146898269653,False,-8.65952103031126,-0.21932980344671282,8.662298196037987,Middle,Left
18754,625.1333333333333,484,650,0.5642176866531372,False,-5.05139961062819,-1.1921776411109364,5.190175869295708,Middle,Left
18755,625.1666666666666,475,648,0.5304301381111145,False,-6.075234727703056,-1.7064616051296881,6.310347708840696,Middle,Left
18756,625.2,466,648,0.511969804763794,False,-7.492126689461629,-1.0778156590724524,7.5692568278454555,Middle,Left
18757,625.2333333333333,458,651,0.555967390537262,False,-7.958915480424723,0.7553542556681636,7.994679210331101,Middle,Left
18758,625.2666666666667,449,657,0.5138295292854309,False,-8.481499072334119,3.2956129253343907,9.099279700483748,Middle,Left
18759,625.3,440,665,0.491879940032959,False,-8.793449350360609,5.733808294919433,10.497681126812926,Middle,Left
18760,625.3333333333334,440,665,0.4922052025794983,False,-5.137463849988922,3.7480417467322233,6.35935151923453,Middle,Left
18761,625.3666666666667,430,676,0.500164270401001,False,-6.538528045631638,6.455194551369868,9.18813831521635,Middle,Left
18762,625.4,421,691,0.4952353239059448,False,-7.827076746416688,10.544095869046885,13.131682606960482,Middle,Left
18763,625.4333333333333,411,709,0.5502907633781433,False,-8.973789068460675,14.419554514433642,16.983887736320796,Middle,Left
18776,625.8666666666667,686,609,0.5085638761520386,False,110.6822699142243,-33.18450342589763,115.54988594104546,Middle,Left
18777,625.9,689,617,0.5192167162895203,False,86.54863069461936,-24.282081366986244,89.89040522005978,Middle,Left
18778,625.9333333333333,689,617,0.5169823169708252,False,45.718479057186016,-12.447042787801289,47.382572761129296,Middle,Left
18779,625.9666666666667,692,626,0.5803239345550537,False,20.413721216371993,-1.2861680598433551,20.45419864423726,Middle,Left
18780,626.0,696,637,0.5885655283927917,False,8.977644345166265,5.887957598900268,10.736207089784699,Middle,Left
18781,626.0333333333333,698,637,0.5806602239608765,False,3.995125081930544,4.680850302646238,6.1539730236696615,Middle,Left
18782,626.0666666666667,699,637,0.5986651182174683,False,1.8432817016298446,2.4900950897303824,3.098106032314384,Middle,Left
18783,626.1,700,639,0.6370460391044617,False,1.103988687325974,1.8929436599515062,2.1913527149900656,Middle,Left
18784,626.1333333333333,700,639,0.637111246585846,False,0.5063067460623546,0.9875807115592213,1.1098027675907407,Middle,Left
18785,626.1666666666666,702,644,0.6014347076416016,False,1.0302892584601646,2.519858780350209,2.722349027771134,Middle,Left
18786,626.2,703,651,0.5519977807998657,False,1.1108540581692532,4.683828553053872,4.813755981866325,Middle,Left
18787,626.2333333333333,705,656,0.569355845451355,False,1.5004998551683433,5.202797945006312,5.414850530893916,Middle,Left
18788,626.2666666666667,707,658,0.5983445048332214,False,1.7807468914647024,3.943409430767106,4.326839196240617,Middle,Left
18789,626.3,708,661,0.6400865316390991,False,1.5011343528089889,3.320848295360645,3.644370692723637,Middle,Left
18790,626.3333333333334,708,661,0.6399319767951965,False,0.8177179252421313,1.8082650436281507,1.9845616829088013,Middle,Left
18791,626.3666666666667,710,667,0.5885612964630127,False,1.1949853409483073,3.308050632314253,3.517270099244025,Middle,Left
18792,626.4,712,671,0.611025333404541,False,1.6019794359576938,3.8673024916283056,4.185972608007108,Middle,Left
18793,626.4333333333333,714,674,0.5834306478500366,False,1.8424843846550973,3.600862063892858,4.044867897828136,Middle,Left
18794,626.4666666666667,715,679,0.5733567476272583,False,1.5297333387702583,4.143946300616032,4.417281407170535,Middle,Left
18795,626.5,717,683,0.5769217014312744,False,1.6725069182737202,4.179941499301496,4.502131753875744,Middle,Left
18796,626.5333333333333,717,683,0.576514720916748,False,0.9920067418905744,2.422074264349807,2.617350018240207,Middle,Left
18797,626.5666666666667,719,687,0.5794874429702759,False,1.2962294491413777,2.77491865713466,3.062741311070098,Middle,Left
18798,626.6,721,692,0.5961213111877441,False,1.6474770071051106,3.7769469144319885,4.120619914937233,Middle,Left
18799,626.6333333333333,723,695,0.5947735905647278,False,1.8588467844323673,3.6275261925321884,4.0760590826804295,Middle,Left
18800,626.6666666666666,724,700,0.5615078806877136,False,1.5339989216466696,4.180203449052183,4.45278043104316,Middle,Left
18801,626.7,516,627,0.5500590205192566,False,-86.96449549874114,-28.297743736753635,91.45264226878055,Middle,Left
18802,626.7333333333333,509,627,0.5249558687210083,False,-68.9792102736672,-22.139825775658288,72.4451746864848,Middle,Left
18803,626.7666666666667,509,627,0.5291913747787476,False,-36.66015379875243,-11.697938912530208,38.481276633571696,Middle,Left
18804,626.8,501,626,0.34340107440948486,False,-18.805450318840617,-5.322267154932158,19.544090906533675,Middle,Left
18805,626.8333333333334,863,527,0.6260594129562378,False,145.10672292433148,-43.7261444541085,151.551762598329,Middle,Left
18806,626.8666666666667,832,454,0.5550136566162109,False,99.9767090754321,-62.923913318062546,118.1302722625011,Middle,Left
18808,626.9333333333333,786,346,0.5330508947372437,False,30.32242964428434,-85.36988936336184,90.59507574611996,Front,Left
18809,626.9666666666667,786,346,0.5329824090003967,False,5.114704847148289,-53.335589259991195,53.58026957177363,Front,Left
18810,627.0,770,312,0.3822842240333557,False,-8.288287882409064,-39.4673511049955,40.32824716333055,Front,Left
18825,627.5,779,595,0.3854003846645355,False,-3.3789963672749472,99.11113175952927,99.16871510262109,Middle,Left
18832,627.7333333333333,225,595,0.41897422075271606,False,-234.91184541755766,81.96631712861635,248.80123042523607,Middle,Left
18833,627.7666666666667,225,595,0.4115253686904907,False,-177.0080878749077,44.315363749500236,182.47113370991468,Middle,Left
18837,627.9,543,602,0.5792542099952698,False,42.2418959428625,21.857551575294014,47.561857971637956,Middle,Left
18850,628.3333333333334,484,496,0.6137515902519226,False,38.569640387248135,-36.109815598683184,52.83498786005866,Middle,Left
18851,628.3666666666667,484,496,0.6137582063674927,False,21.635846950098887,-31.1955908698702,37.96412468329057,Middle,Left
18853,628.4333333333333,556,373,0.35388946533203125,False,39.87685554377855,-69.06913315344471,79.75405170038484,Middle,Left
18854,628.4666666666667,580,335,0.5166391730308533,False,36.42521471222146,-62.7027050019648,72.5150017678746,Front,Left
18855,628.5,604,302,0.47108420729637146,False,30.565827570785075,-49.03151278042181,57.77853460086741,Front,Left
18856,628.5333333333333,617,276,0.4822385013103485,False,22.107729368486176,-36.87474373454346,42.994167317422004,Front,Left
18857,628.5666666666667,617,276,0.4822663366794586,False,11.26960447570006,-19.14478990492571,22.215466809015382,Front,Left
18858,628.6,608,266,0.49781334400177,False,0.7833095325618196,-12.126279802140346,12.151552808740087,Front,Left
18859,628.6333333333333,598,259,0.4333786070346832,False,-5.636307123398984,-8.712194366584745,10.376429476001324,Front,Left
18860,628.6666666666666,588,254,0.4064325988292694,False,-8.621822992944686,-6.537110744252219,10.819872855273646,Front,Left
18861,628.7,577,251,0.43566256761550903,False,-10.157490107408885,-4.656659461188391,11.17403609353329,Front,Left
18862,628.7333333333333,567,249,0.3058617115020752,False,-10.364600902621035,-3.200321012254882,10.847442392199781,Front,Left
18863,628.7666666666667,567,249,0.30413612723350525,False,-6.026782390987574,-1.5900697915767392,6.233011144735968,Front,Left
18864,628.8,555,251,0.33957821130752563,False,-7.775174730998508,0.21210765730648617,7.778067353516923,Front,Left
18866,628.8666666666667,533,262,0.4456866979598999,False,-14.090706060545484,5.086551959921175,14.980687838870121,Front,Left
18867,628.9,520,271,0.4851924180984497,False,-14.755472741663846,7.6067493936156145,16.600801551950926,Front,Left
18868,628.9333333333333,506,282,0.5107690095901489,False,-14.555031531632505,9.487963101852506,17.37441759337363,Front,Left
18869,628.9666666666667,506,282,0.5112038254737854,False,-8.375898982428005,5.8184054505964635,10.198506054877308,Front,Left
18870,629.0,491,296,0.5093544125556946,False,-10.070981080297734,8.617967987880263,13.254962548413477,Front,Left
18871,629.0333333333333,477,315,0.4808622896671295,False,-12.031335929362777,13.49879350231268,18.082324802504093,Front,Left
18872,629.0666666666667,461,338,0.4970996379852295,False,-14.055683592505199,18.37862249785041,23.137329279134903,Front,Left
18873,629.1,444,366,0.5446757674217224,False,-15.659072643522277,23.30899603080003,28.080524425639904,Middle,Left
18876,629.2,410,433,0.5545753240585327,False,-23.686105531040965,42.62856533660012,48.76706037772212,Middle,Left
18877,629.2333333333333,391,475,0.5666902661323547,False,-23.138227370313743,45.80510950649706,51.317498212038004,Middle,Left
18889,629.6333333333333,173,865,0.35469385981559753,False,-105.28835344039852,191.64964159068353,218.66692134849234,Back,Left
18890,629.6666666666666,155,843,0.42286500334739685,False,-83.0808117923598,127.45460594015935,152.141703235631,Back,Left
18895,629.8333333333334,76,795,0.3410036265850067,False,-77.40201960074613,41.96172185260474,88.04464060412566,Back,Left
18896,629.8666666666667,82,770,0.39710792899131775,False,-41.187794438767305,-1.5325090382200983,41.21629525663821,Back,Left
18897,629.9,94,751,0.3125539720058441,False,-12.286466269068747,-16.6538834752443,20.695629688124477,Back,Left
18898,629.9333333333333,105,736,0.3608153760433197,False,2.6912175092508672,-18.649735390389214,18.84291065132015,Back,Left
18899,629.9666666666667,105,736,0.3630872964859009,False,4.223629937635219,-11.13357774104028,11.907795898732733,Back,Left
18902,630.0666666666667,304,504,0.44648268818855286,False,86.70832031306419,-103.01838580551235,134.65184969203477,Middle,Left
18904,630.1333333333333,158,733,0.4398897588253021,False,3.181167997544776,20.751136628245362,20.99355856430037,Back,Left
18905,630.1666666666666,158,733,0.4413294196128845,False,-13.042208907751366,34.042430558129695,36.45526424946761,Back,Left
18906,630.2,168,745,0.5852194428443909,False,-6.206749920619769,27.1065993587193,27.808118839131048,Back,Left
18907,630.2333333333333,178,761,0.468532919883728,False,1.8515961703985084,21.18305559360064,21.26382497717214,Back,Left
18908,630.2666666666667,189,783,0.4506881535053253,False,7.148600041654353,20.47257291587549,21.684757880856758,Back,Left
18909,630.3,198,806,0.4534381628036499,False,8.873723691474291,21.41278047026914,23.17865698483352,Back,Left
18910,630.3333333333334,208,834,0.41088345646858215,False,9.656442109665042,24.360631512585144,26.204717932259232,Back,Left
18911,630.3666666666667,208,834,0.4116332530975342,False,5.720071551982753,14.60360695002494,15.683894749411548,Back,Left
18915,630.5,492,499,0.5125405788421631,False,122.47586432903906,-134.69618555820904,182.0532882072627,Middle,Left
18925,630.8333333333334,493,415,0.37656354904174805,False,92.0034982908574,-139.89650933588786,167.43857686364262,Middle,Left
18926,630.8666666666667,480,423,0.5121421813964844,False,42.25460418495608,-78.39844608276604,89.06047340442157,Middle,Left
18927,630.9,464,436,0.4995744228363037,False,8.80341477841457,-28.864666382489318,30.17729406579087,Middle,Left
18928,630.9333333333333,448,452,0.5441306829452515,False,-7.625120426006607,-1.1034580030883099,7.704549375251146,Middle,Left
18929,630.9666666666667,448,452,0.5441201329231262,False,-7.333493455673912,4.308051081575269,8.505258984056507,Middle,Left
18930,631.0,431,475,0.502259373664856,False,-11.361601737225438,13.161674248335554,17.38722700877352,Middle,Left
18931,631.0333333333333,413,499,0.5505984425544739,False,-14.881175013323073,19.313645951806755,24.38167938696784,Middle,Left
18932,631.0666666666667,395,526,0.5185661911964417,False,-16.82460087685688,23.653916849042346,29.027142073703065,Middle,Left
18933,631.1,375,562,0.5255011320114136,False,-18.51110937560087,29.638216581245107,34.94402742146719,Middle,Left
18951,631.7,43,836,0.3467283248901367,False,-151.12972290175898,133.84515892344842,201.87798223581893,Back,Left
18961,632.0333333333333,158,782,0.4341910183429718,False,-62.42752163420087,73.12385634500532,96.14725073632418,Back,Left
18962,632.0666666666667,171,795,0.5544345378875732,False,-14.788273945970168,36.92891450332845,39.779866423797884,Back,Left
18963,632.1,184,812,0.5584239959716797,False,5.427771368194659,22.069010933937804,22.726679159693788,Back,Left
18964,632.1333333333333,196,832,0.45148521661758423,False,11.803354645074045,18.548372634097404,21.985479486486632,Back,Left
18965,632.1666666666666,196,832,0.4521600604057312,False,7.957198938435276,10.092215907697272,12.8518417697003,Back,Left
18999,633.3,1816,879,0.301521897315979,False,687.6869519829978,24.16384883793596,688.1113540106198,Back,Right
19000,633.3333333333334,1813,857,0.4731183648109436,False,517.2564110908597,7.185810737011348,517.3063219124087,Back,Right
19001,633.3666666666667,1813,857,0.47240132093429565,False,268.56875068665113,1.1281078258822665,268.5711199527146,Back,Right
19002,633.4,1804,838,0.2946417033672333,False,107.10725640732525,-8.446814545066193,107.43981129480477,Back,Right
19009,633.6333333333333,1747,812,0.350003182888031,False,9.075520853397279,-17.56151265909182,19.767948948636302,Back,Right
19010,633.6666666666666,1736,825,0.5036391615867615,False,-16.86270925837553,-6.285850972783429,17.996190874308546,Back,Right
19011,633.7,1725,842,0.5689929127693176,False,-19.0091513487309,5.5514974016315985,19.803205760666128,Back,Right
19012,633.7333333333333,1713,866,0.4970436692237854,False,-16.43310799899968,15.44715246714413,22.553526505847913,Back,Right
19013,633.7666666666667,1713,866,0.4971619248390198,False,-9.038050309977152,10.690127097312981,13.998756043391262,Back,Right
19029,634.3,1320,486,0.5775146484375,False,-169.78419100075996,-155.0607963130439,229.93590860719826,Middle,Right
19030,634.3333333333334,1306,450,0.5286129117012024,False,-132.66792096684682,-134.3364463192142,188.80428507674455,Middle,Right
19031,634.3666666666667,1306,450,0.5295345187187195,False,-70.05872450092929,-73.9432739451872,101.86183112643376,Middle,Right
19032,634.4,1295,422,0.4292917549610138,False,-33.97702104038185,-43.7921645016623,55.427354532930785,Middle,Right
19044,634.8,1367,431,0.4643431603908539,False,17.182103502990252,-16.137990591802964,23.572429258109796,Middle,Right
19045,634.8333333333334,1379,450,0.45242807269096375,False,24.109010128785886,3.619828490657536,24.379243788347427,Middle,Right
19046,634.8666666666667,1392,472,0.48786282539367676,False,20.6541452819708,14.89770246662168,25.466355375529147,Middle,Right
19047,634.9,1406,498,0.581119954586029,False,17.230050839407358,21.592981000102498,27.624834486370226,Middle,Right
19048,634.9333333333333,1421,527,0.5525453686714172,False,15.678770833531846,25.912141538794458,30.286348970731453,Middle,Right
19049,634.9666666666667,1421,527,0.5526565313339233,False,8.784670881186258,15.744555543045168,18.02946121598746,Middle,Right
19050,635.0,1436,559,0.6023210287094116,False,10.179843531379957,20.79430129798261,23.15236879445945,Middle,Right
19052,635.0666666666667,1468,641,0.6183738112449646,False,19.63830343464085,47.527782288689934,51.42521804593672,Middle,Right
19053,635.1,1485,690,0.6075533628463745,False,20.20978043682999,52.911845050694325,56.640079201688636,Middle,Right
19055,635.1666666666666,581,498,0.5838221907615662,False,-369.7811284405196,-49.50195409671292,373.0797855823029,Middle,Left
19056,635.2,581,498,0.5835263729095459,False,-283.1812864516315,-46.85343413105479,287.0311573440662,Middle,Left
19057,635.2333333333333,601,461,0.5449357032775879,False,-139.78571674785323,-42.22262927609139,146.02327564363603,Middle,Left
19058,635.2666666666667,616,431,0.5369847416877747,False,-48.90694865778737,-36.238677590103265,60.8697903766302,Middle,Left
19065,635.5,536,455,0.4660624563694,False,-45.840401177051135,-9.746927093087706,46.865178627963836,Middle,Left
19066,635.5333333333333,519,468,0.49356400966644287,False,-33.12105783473618,4.573751768855475,33.43536566773343,Middle,Left
19067,635.5666666666667,502,486,0.5593189597129822,False,-24.050645768129666,12.792015687586257,27.240947619631484,Middle,Left
19068,635.6,502,486,0.5590943694114685,False,-12.283364068938223,8.856843680496203,15.143470963779345,Middle,Left
19069,635.6333333333333,484,507,0.5295732021331787,False,-12.599872275664056,13.281191727328768,18.307016006469045,Middle,Left
19070,635.6666666666666,466,529,0.5069171786308289,False,-14.935558436124046,17.749461072697436,23.197290233345743,Middle,Left
19071,635.7,446,558,0.5973084568977356,False,-17.489281156976038,23.294154208028704,29.128895888021205,Middle,Left
19072,635.7333333333333,425,589,0.5680832266807556,False,-19.426048795346475,27.534463373137868,33.69744864297374,Middle,Left
19073,635.7666666666667,403,627,0.620840847492218,False,-20.85751050219717,32.70720889810275,38.79171636127224,Middle,Left
19074,635.8,403,627,0.6212819814682007,False,-12.308941606051292,19.823613515424604,23.334217284282445,Middle,Left
19079,635.9666666666667,287,804,0.2742980122566223,False,-54.5521583709851,83.86974756959768,100.0503500259798,Back,Left
19080,636.0,287,804,0.2766624689102173,False,-39.05243080866448,59.87984832295112,71.48908019582542,Back,Left
19081,636.0333333333333,271,791,0.30779173970222473,False,-26.561072501409267,24.84465749775253,36.36959689913748,Back,Left
19082,636.0666666666667,254,777,0.3487694263458252,False,-20.30013140484621,2.2073647665827423,20.419789280665317,Back,Left
19083,636.1,237,768,0.48564374446868896,False,-17.791794776792415,-6.555981992681366,18.96124630049038,Back,Left
19097,636.5666666666667,454,339,0.5080051422119141,False,81.75656811146798,-186.42340569419284,203.56282229323386,Front,Left
19098,636.6,454,339,0.5094223618507385,False,64.98345420236934,-139.78138629747545,154.1482574514402,Front,Left
19099,636.6333333333333,489,298,0.4822028875350952,False,49.33977428207515,-89.77805466810275,102.44272754175853,Front,Left
19100,636.6666666666666,521,265,0.4512798488140106,False,39.233982353791184,-56.90476192764268,69.11915292724073,Front,Left
19101,636.7,543,235,0.4605153799057007,False,30.159437948081166,-39.692239354056525,49.85043191672337,Front,Left
19102,636.7333333333333,535,224,0.42544201016426086,False,12.436346623652735,-24.515276318490514,27.48929774140439,Front,Left
19103,636.7666666666667,530,216,0.39497828483581543,False,1.9193386063444002,-14.840637789655064,14.964237056714317,Front,Left
19104,636.8,530,216,0.39461755752563477,False,-0.7644232138881546,-6.853093622694412,6.895595336977506,Front,Left
19105,636.8333333333334,522,205,0.44728535413742065,False,-4.296554914903773,-7.180420345952214,8.367724928637909,Front,Left
19106,636.8666666666667,514,199,0.43610459566116333,False,-6.488975984716477,-6.740500075351746,9.356342800263578,Front,Left
19107,636.9,506,195,0.3305934965610504,False,-7.51734036523364,-5.505409741697272,9.31772196358886,Front,Left
19108,636.9333333333333,499,194,0.3553065061569214,False,-7.482186883965129,-3.383719630415825,8.211740321262065,Front,Left
19109,636.9666666666667,490,193,0.4196356534957886,False,-8.116566429264855,-1.9996067288875743,8.359251023320313,Front,Left
19110,637.0,490,193,0.4195529818534851,False,-4.803723254435878,-0.9090231634446289,4.888975374951985,Front,Left
19111,637.0333333333333,482,197,0.3739042580127716,False,-5.562620650303525,1.3572806868324987,5.7258151700899065,Front,Left
19112,637.0666666666667,472,202,0.4778048098087311,False,-7.570760847984893,3.2985587031577124,8.258142002627372,Front,Left
19113,637.1,463,209,0.4559216797351837,False,-8.531774975536946,5.206717719638897,9.995053458846536,Front,Left
19114,637.1333333333333,452,222,0.521179735660553,False,-9.744777530765766,8.83607069551001,13.154346599514858,Front,Left
19115,637.1666666666666,444,236,0.5049306750297546,False,-9.22443832827597,11.662256827586708,14.869381183652518,Front,Left
19116,637.2,444,236,0.505789041519165,False,-5.238264592381521,7.2433182008914105,8.938963838116962,Front,Left
19117,637.2333333333333,432,255,0.5249899625778198,False,-7.382123227080928,11.418357380705938,13.596860983820108,Front,Left
19118,637.2666666666667,421,278,0.5206297039985657,False,-9.291101589090006,17.0505635647155,19.417679743295658,Front,Left
19119,637.3,410,303,0.4927944839000702,False,-10.352488942445662,21.409278826495367,23.780900890716534,Front,Left
19120,637.3333333333334,398,334,0.5155865550041199,False,-11.236964393826886,26.233874580803423,28.53919312646132,Front,Left
19121,637.3666666666667,386,371,0.4664824306964874,False,-11.716600798400034,31.63758610818833,33.73745083763887,Middle,Left
19122,637.4,386,371,0.46685701608657837,False,-6.856678286071117,19.24660714465562,20.431493428023998,Middle,Left
19147,638.2333333333333,1435,642,0.3162686228752136,False,439.66769780778714,123.29979623398401,456.6295262539881,Middle,Right
19155,638.5,1728,782,0.5387398600578308,False,457.31175704400215,148.88610781560487,480.93774673147914,Back,Right
19157,638.5666666666667,1709,746,0.44639089703559875,False,259.4122806796146,75.40722140853136,270.1499220950367,Back,Right
19158,638.6,1709,746,0.440097838640213,False,114.66241070723271,30.488630229627717,118.64663923800406,Back,Right
19159,638.6333333333333,1698,735,0.38915905356407166,False,35.83480525285947,4.9745998158280536,36.1784453900109,Back,Right
19169,638.9666666666667,1454,518,0.3912408947944641,False,-96.32197287851977,-93.2623970018437,134.0738496267628,Middle,Right
19170,639.0,1454,518,0.3860539197921753,False,-79.21036350518943,-71.399250187372,106.64021105541374,Middle,Right
19171,639.0333333333333,1410,457,0.5300193428993225,False,-61.30019276972678,-63.11491127333218,87.98412162797476,Middle,Right
19183,639.4333333333333,1444,398,0.3145955502986908,False,-17.884893685253438,-59.90219479194809,62.5151370711551,Middle,Right
19184,639.4666666666667,1465,413,0.4443375766277313,False,6.2623283756235715,-27.71493666042845,28.413631777294874,Middle,Right
19185,639.5,1484,435,0.5280321836471558,False,15.940590113385117,-0.9968593960427974,15.97172945608678,Middle,Right
19186,639.5333333333333,1505,459,0.5714603066444397,False,19.800295224729037,14.313797308357541,24.43228365035023,Middle,Right
19195,639.8333333333334,1693,786,0.5216028690338135,False,91.48205739673604,149.02080121858617,174.86041868121293,Back,Right
19197,639.9,1748,893,0.4519486427307129,False,88.85398459671363,155.2830947641103,178.90743444092166,Back,Right
19198,639.9333333333333,1757,873,0.46168938279151917,False,54.680819308771184,82.41482842249651,98.904984425397,Back,Right
19199,639.9666666666667,1765,855,0.4176120460033417,False,28.88959321825238,27.04974960157741,39.57647722857772,Back,Right
19200,640.0,1765,855,0.41743406653404236,False,12.10100378316196,5.769037920137219,13.405823028970703,Back,Right
19208,640.2666666666667,1836,838,0.4295352101325989,False,33.970288422787704,-7.6326082793556616,34.81719696749686,Back,Right
19209,640.3,1847,856,0.558185875415802,False,28.171024521279108,0.7989142414400909,28.182350621331867,Back,Right
19210,640.3333333333334,1848,862,0.4987775385379791,False,15.669452520556778,4.496307187648412,16.30179501219672,Back,Right
19211,640.3666666666667,1830,847,0.37186744809150696,False,-0.7690320543504221,-3.074037914619405,3.168772538560641,Back,Right
19212,640.4,1830,847,0.3776493966579437,False,-3.3730121114600227,-3.125224620652908,4.598286597591663,Back,Right
19217,640.5666666666667,1743,849,0.43174025416374207,False,-39.13440362784073,-0.9710764005041508,39.14644986052209,Back,Right
19218,640.6,1743,849,0.4414406418800354,False,-28.987479197793213,-0.17743287234589633,28.98802222758019,Back,Right
19219,640.6333333333333,1727,863,0.4130450487136841,False,-21.69798130456126,5.94800303374424,22.498469565339786,Back,Right
19245,641.5,636,727,0.2842652499675751,False,-471.7329366712936,-52.87448811914633,474.68692317609134,Back,Left
19246,641.5333333333333,615,731,0.4789966940879822,False,-361.661820139705,-39.34820314282142,363.79603246507935,Back,Left
19247,641.5666666666667,592,737,0.4922574758529663,False,-199.10904845160672,-17.7977667128977,199.90291062230938,Back,Left
19248,641.6,592,737,0.4916362166404724,False,-86.10925610954492,-6.446354365069215,86.35021408392248,Back,Left
19249,641.6333333333333,569,747,0.47809451818466187,False,-39.340629002487454,2.5176578421819062,39.421107180312134,Back,Left
19250,641.6666666666666,544,760,0.45892763137817383,False,-24.95570266250573,8.539041325096939,26.376169587927446,Back,Left
19251,641.7,520,778,0.5171985626220703,False,-21.989591131689075,13.605076914049175,25.85807873713847,Back,Left
19252,641.7333333333333,494,799,0.2690078020095825,False,-23.153890886649396,17.62887650604602,29.101201866182215,Back,Left
19269,642.3,1046,462,0.3394050896167755,False,219.40104279889047,-131.3368907921795,255.7072475785492,Middle,Right
19279,642.6333333333333,1271,628,0.5746978521347046,False,264.9762956728679,-32.374996017176514,266.94676929235777,Middle,Right
19280,642.6666666666666,1279,596,0.5161735415458679,False,164.63050842836128,-14.58630030391652,165.2754200174266,Middle,Right
19282,642.7333333333333,1295,549,0.4597914516925812,False,84.01921882924537,-25.098433833411,87.68785841589889,Middle,Right
19283,642.7666666666667,1302,534,0.493269145488739,False,37.14956863621557,-22.708836526788247,43.54057540108173,Middle,Right
19284,642.8,1302,534,0.4937454164028168,False,13.119391767942037,-12.698120056825205,18.258167852725308,Middle,Right
19285,642.8333333333334,1307,521,0.5213942527770996,False,5.411276883209978,-11.042093237568094,12.296736988888952,Middle,Right
19286,642.8666666666667,1313,513,0.34778228402137756,False,4.286538261327806,-9.463051982814676,10.388636248097244,Middle,Right
19295,643.1666666666666,1441,633,0.6015695333480835,False,56.30344188117608,45.46234080057752,72.36644249052752,Middle,Right
19296,643.2,1441,633,0.6014572978019714,False,41.80574566741971,36.05864076311417,55.20820540909023,Middle,Right
19297,643.2333333333333,1453,659,0.5458805561065674,False,26.642447222403653,30.13776223498579,40.22567223218401,Middle,Right
19298,643.2666666666667,1449,676,0.5399072766304016,False,11.00741231851649,23.537717744730354,25.98436611850331,Middle,Right
19299,643.3,1439,668,0.5617882013320923,False,-0.6448850819611209,9.050379277968917,9.07332584249156,Middle,Right
19300,643.3333333333334,1430,662,0.5688319206237793,False,-6.2473309489148425,0.11690715716874145,6.248424702968461,Middle,Right
19301,643.3666666666667,1421,658,0.5368109345436096,False,-8.407280043838004,-3.2122971606245607,9.000067265508262,Middle,Right
19302,643.4,1421,658,0.5370492339134216,False,-5.243517443809511,-2.4495526251702735,5.787467775030216,Middle,Right
19303,643.4333333333333,1410,656,0.54084712266922,False,-7.109591995190826,-2.1239186814961584,7.420062594324245,Middle,Right
19304,643.4666666666667,1400,657,0.5476111769676208,False,-8.662030333541175,-0.7473546058988136,8.694211200916712,Middle,Right
19305,643.5,1390,661,0.5869143009185791,False,-9.503336293290685,1.501660238623676,9.621246498018811,Middle,Right
19306,643.5333333333333,1380,666,0.39975830912590027,False,-9.862850996727271,3.3789180830052317,10.425589537062347,Middle,Right
19309,643.6333333333333,1359,691,0.2913125157356262,False,-14.627694860775222,12.839237320031726,19.463182471015507,Middle,Right
19311,643.7,1139,458,0.40646663308143616,False,-102.16061262493092,-89.23979810916745,135.64856187393275,Middle,Right
19313,643.7666666666667,1141,461,0.4860284626483917,False,-73.79055029105167,-68.49274528889693,100.6792007788398,Middle,Right
19314,643.8,1141,461,0.4842399060726166,False,-37.59062639332792,-35.88699833980277,51.97049011202193,Middle,Right
19315,643.8333333333334,1140,467,0.41785866022109985,False,-15.697219237254181,-12.398401101220198,20.00307580471466,Middle,Right
19316,643.8666666666667,976,330,0.3591143488883972,False,-74.39282985238333,-60.80597020086803,96.08152343460478,Front,Right
19337,644.5666666666667,316,296,0.43512362241744995,False,-332.02416687732983,-58.11562292955082,337.0719107535879,Front,Left
19338,644.6,316,296,0.4355943500995636,False,-237.78054293587948,-33.10674396365866,240.07424496342142,Front,Left
19339,644.6333333333333,335,320,0.5027777552604675,False,-112.608145121796,-4.547568627348909,112.69993224572904,Front,Left
19340,644.6666666666666,353,343,0.4978649318218231,False,-35.1808288954728,12.167695878692708,37.225576486723334,Front,Left
19341,644.7,373,376,0.3664020001888275,False,1.9039841045957928,23.938529961808268,24.014128595536118,Middle,Left
19342,644.7333333333333,392,409,0.509477436542511,False,15.726704654563365,29.860233656796442,33.74852283182694,Middle,Left
19343,644.7666666666667,413,450,0.5387340784072876,False,20.415037263750076,35.61710617160386,41.05303884634615,Middle,Left
19344,644.8,413,450,0.5388472080230713,False,12.633451783852372,21.60935856465661,25.031349974598267,Middle,Left
19345,644.8333333333334,433,494,0.5873235464096069,False,14.356425070383073,28.564524668773345,31.96934485338235,Middle,Left
19346,644.8666666666667,453,539,0.4061127305030823,False,17.04543281958163,36.74073799149704,40.50220497907126,Middle,Left
19360,645.3333333333334,1426,444,0.5442450642585754,False,421.01612580730955,-17.40809247085167,421.3758653189217,Middle,Right
19361,645.3666666666667,1419,448,0.5501633286476135,False,312.32686269151066,-18.018920907416245,312.8462092936232,Middle,Right
19362,645.4,1419,448,0.5504530072212219,False,161.1357962526083,-10.522272074400522,161.47898638389393,Middle,Right
19363,645.4333333333333,1411,454,0.5110719799995422,False,62.811315883681075,-2.212956280329225,62.850287020332814,Middle,Right
19364,645.4666666666667,1403,463,0.5121450424194336,False,15.406244051913909,4.000170080330715,15.917088818584437,Middle,Right
19365,645.5,1395,475,0.49396929144859314,False,-2.918504122029237,8.483648559909106,8.971619653014136,Middle,Right
19367,645.5666666666667,1378,507,0.4830630421638489,False,-12.126675875043563,19.208235335755237,22.715910118067463,Middle,Right
19368,645.6,1378,507,0.48188313841819763,False,-8.648687750681205,13.011400087393183,15.62358256108369,Middle,Right
19369,645.6333333333333,1369,529,0.48054009675979614,False,-8.17735442411497,15.701341849822555,17.703142694521272,Middle,Right
19370,645.6666666666666,1360,553,0.3559412360191345,False,-8.440608953800691,19.68328250617785,21.416710525404863,Middle,Right
19373,645.7666666666667,1332,655,0.4257625937461853,False,-16.74318419765499,55.13712051957738,57.62322688176187,Middle,Right
19374,645.8,1332,655,0.42511361837387085,False,-11.155313708412784,38.180938531477075,39.777193102046965,Middle,Right
19375,645.8333333333334,1321,694,0.5171900987625122,False,-10.094259350886695,35.505845360719796,36.91285855392821,Middle,Right
19376,645.8666666666667,1311,740,0.5313170552253723,False,-9.865443494789988,39.4586663181063,40.67325070550117,Back,Right
19377,645.9,1301,768,0.463956743478775,False,-9.881473067471232,35.326373705275955,36.68236891407058,Back,Right
19378,645.9333333333333,1294,749,0.47193729877471924,False,-8.668109609110914,11.659982565093213,14.528981988213719,Back,Right
19379,645.9666666666667,1288,732,0.4770791232585907,False,-7.325782342268744,-4.653145278089088,8.678643206475266,Back,Right
19380,646.0,1288,732,0.4771108031272888,False,-3.9945578366911945,-5.5953765956432235,6.874935022074244,Back,Right
19381,646.0333333333333,1279,715,0.5363941192626953,False,-5.513797487144329,-10.576929762348879,11.927841629016568,Back,Right
19382,646.0666666666667,1272,704,0.5646612048149109,False,-6.4117554631309,-11.642981843609181,13.291712994554238,Middle,Right
19383,646.1,1264,692,0.5002303123474121,False,-7.242100027113386,-11.9835939399734,14.001947597419543,Middle,Right
19384,646.1333333333333,1257,683,0.5390638113021851,False,-7.287842718941101,-10.784952595236511,13.016445520091942,Middle,Right
19385,646.1666666666666,1249,681,0.5516282320022583,False,-7.596581026673115,-6.863436110698402,10.237909871670523,Middle,Right
19386,646.2,1249,681,0.5516720414161682,False,-4.445200405155826,-3.267868021497434,5.517134042954102,Middle,Right
19387,646.2333333333333,1241,680,0.5487490296363831,False,-5.384189133136496,-1.670077401981217,5.637255639936286,Middle,Right
19388,646.2666666666667,1231,683,0.519115686416626,False,-7.499726057735634,0.585732393949671,7.522564282104931,Middle,Right
19389,646.3,1222,690,0.4571942389011383,False,-8.509855834985183,3.694962723962499,9.277413209710115,Middle,Right
19390,646.3333333333334,1229,670,0.5674139261245728,False,-2.143376276757018,-5.752344432920346,6.138691093279941,Middle,Right
19391,646.3666666666667,1243,636,0.5242747664451599,False,5.804670544758227,-19.358255482434355,20.20980592327357,Middle,Right
19392,646.4,1243,636,0.5242136716842651,False,4.7705940823708435,-13.611417617625818,14.423219386120639,Middle,Right
19393,646.4333333333333,1257,608,0.5229971408843994,False,8.481939824921069,-18.660765806720725,20.49798730819344,Middle,Right
19396,646.5333333333333,1290,553,0.42568230628967285,False,19.49177205184487,-34.89847794604087,39.97290258001515,Middle,Right
19397,646.5666666666667,1299,544,0.5017358064651489,False,17.024820398022992,-26.859991826185066,31.801001092539025,Middle,Right
19398,646.6,1299,544,0.5015408992767334,False,9.399446372496016,-14.090775795319564,16.938109535110232,Middle,Right
19399,646.6333333333333,1307,537,0.42766234278678894,False,7.450276901492051,-8.823002210946152,11.547813382769341,Middle,Right
19400,646.6666666666666,1314,533,0.25203555822372437,False,6.912971396141007,-5.8488249109357024,9.055270639944771,Middle,Right
19407,646.9,1405,618,0.6054587364196777,False,42.308906731204544,33.026729166452284,53.67316301676244,Middle,Right
19408,646.9333333333333,1424,645,0.5260626673698425,False,38.77653932219814,37.408771997685406,53.879831330292696,Middle,Right
19409,646.9666666666667,1438,654,0.5077276229858398,False,27.689493218092878,26.198604831049167,38.11921995225354,Middle,Right
19410,647.0,1438,654,0.5076967477798462,False,14.027047320629016,13.143502283469719,19.22263532429254,Middle,Right
19411,647.0333333333333,1438,644,0.5864500999450684,False,5.672463219389783,1.0492230198583208,5.768683378443518,Middle,Right
19412,647.0666666666667,1438,638,0.615413248538971,False,1.7898169795539638,-4.080769461908909,4.4560211199620685,Middle,Right
19413,647.1,1436,635,0.571667492389679,False,-0.5015055724570101,-4.538522209183546,4.566146261614682,Middle,Right
19414,647.1333333333333,1436,634,0.5842876434326172,False,-0.6980362069947251,-3.126524413422101,3.2034995636022794,Middle,Right
19415,647.1666666666666,1435,635,0.5419593453407288,False,-0.8605024590509386,-1.1332384472755397,1.422917376524789,Middle,Right
19416,647.2,1435,635,0.5422471761703491,False,-0.5262434266631186,-0.2998073541581542,0.6056538563515088,Middle,Right
19417,647.2333333333333,1434,639,0.5396777391433716,False,-0.6666583118519811,1.6635445653964993,1.7921534046564096,Middle,Right
19418,647.2666666666667,1434,644,0.5879899859428406,False,-0.41028896007403126,3.4215820034657565,3.446093503838712,Middle,Right
19419,647.3,1433,652,0.5328309535980225,False,-0.6135225154450081,5.667252519308791,5.700364987838043,Middle,Right
19420,647.3333333333334,1432,666,0.5277726650238037,False,-0.8128546620627457,9.584433167528376,9.618840462574227,Middle,Right
19421,647.3666666666667,1431,680,0.3098694384098053,False,-0.9273571598271132,12.146026173240243,12.181376896842147,Middle,Right
19422,647.4,1431,680,0.30614039301872253,False,-0.5563350173362126,7.475758786127526,7.4964310228186175,Middle,Right
19423,647.4333333333333,1386,664,0.4706733524799347,False,-19.249126667543557,-3.2649716570642466,19.524059961610682,Middle,Right
19435,647.8333333333334,778,595,0.34507888555526733,False,-271.0807199366142,-32.92407248874574,273.0727948196181,Middle,Left
19436,647.8666666666667,1451,678,0.37581920623779297,False,82.53447272479212,10.721567741736656,83.227947246103,Middle,Right
19441,648.0333333333333,1376,650,0.2641211152076721,False,79.03975283933711,2.1535012751059366,79.06908432911932,Middle,Right
19442,648.0666666666667,1368,658,0.6065405607223511,False,41.679204669020145,3.0947739543754937,41.793943672148856,Middle,Right
19457,648.5666666666667,429,455,0.3579501211643219,False,-378.9041829224112,-83.72652008330653,388.0444691029115,Middle,Left
19458,648.6,429,455,0.32939550280570984,False,-293.90381963631677,-63.85455107736156,300.76046763181495,Middle,Left
19471,649.0333333333333,1149,462,0.2859417498111725,False,149.19029844358096,-30.407826697349954,152.25761417459825,Middle,Right
19483,649.4333333333333,984,324,0.4207364618778229,False,95.51489681597766,-69.86193986694182,118.3375940085781,Front,Right
19484,649.4666666666667,1276,687,0.570747971534729,False,168.8853433614721,105.81259229945915,199.29516775740925,Middle,Right
19507,650.2333333333333,536,521,0.5193392038345337,False,-201.66799220126228,22.382317973153206,202.90625233427312,Middle,Left
19509,650.3,593,446,0.2632095217704773,False,-158.5041805166208,-33.584451039734354,162.02311746440947,Middle,Left
19517,650.5666666666667,590,421,0.48152121901512146,False,-85.17880865618406,-39.93178561895486,94.074316084705,Middle,Left
19518,650.6,590,421,0.48189690709114075,False,-36.163151252412284,-24.20808051584533,43.517866109984055,Middle,Left
19519,650.6333333333333,580,433,0.5269672870635986,False,-16.38782936337819,-6.124051073144159,17.494712137948387,Middle,Left
19520,650.6666666666666,572,448,0.47096768021583557,False,-9.32442935778451,6.013774657894061,11.095515692577901,Middle,Left
19521,650.7,562,465,0.3766721487045288,False,-8.351205819351941,12.81326464698944,15.294521553516054,Middle,Left
19522,650.7333333333333,552,488,0.5798869729042053,False,-8.873749626993014,18.32426029215292,20.359812074209596,Middle,Left
19523,650.7666666666667,540,513,0.5135322213172913,False,-10.286378067112818,22.123776438690207,24.3981773427591,Middle,Left
19524,650.8,540,513,0.5142238140106201,False,-6.19634333279193,13.462616317306551,14.820145370570547,Middle,Left
19527,650.9,506,612,0.6248947978019714,False,-17.203124233772257,48.02342722756755,51.011734395961085,Middle,Left
19528,650.9333333333333,493,656,0.6064748167991638,False,-17.389956793066794,52.4823416600228,55.288396462405146,Middle,Left
19531,651.0333333333333,466,756,0.5454899072647095,False,-21.479472172568695,73.33308245151964,76.41406092240832,Back,Left
19532,651.0666666666667,454,794,0.49657565355300903,False,-18.206915256235398,62.134243036848076,64.74686031700564,Back,Left
19533,651.1,446,772,0.5357321500778198,False,-13.315737804465638,24.62754300971561,27.996870324603563,Back,Left
19534,651.1333333333333,437,754,0.5626550316810608,False,-10.62275985474163,-0.04674749838945402,10.6228627149237,Back,Left
19535,651.1666666666666,429,739,0.6009833216667175,False,-9.03597529464772,-10.754066153880412,14.046308709676012,Back,Left
19536,651.2,429,739,0.6000606417655945,False,-4.939357430665576,-8.122510887662488,9.506441760620369,Back,Left
19537,651.2333333333333,420,726,0.5259765982627869,False,-5.9234561909497465,-9.71239238644974,11.376198799004337,Back,Left
19538,651.2666666666667,411,717,0.47525498270988464,False,-7.397332033423291,-9.694947160554916,12.194774358661261,Back,Left
19543,651.4333333333333,547,485,0.3091307282447815,False,52.86558754864174,-103.52289844348495,116.24010000427221,Middle,Left
19550,651.6666666666666,627,658,0.5625320672988892,False,75.05460182994202,-3.52322467928785,75.13725020249196,Middle,Left
19552,651.7333333333333,637,645,0.5709105730056763,False,51.54924920596429,10.292095394456997,52.566646471952275,Middle,Left
19553,651.7666666666667,495,437,0.4574727714061737,False,-34.332053105141014,-79.38391612695877,86.48986073561598,Middle,Left
19554,651.8,495,437,0.4529383182525635,False,-35.14115836552605,-61.8534621546559,71.13896113796174,Middle,Left
19555,651.8333333333334,479,453,0.5326561331748962,False,-27.206156534779208,-25.869769608143365,37.542241981178044,Middle,Left
19556,651.8666666666667,460,473,0.5127004384994507,False,-22.328832923507843,-0.09832143000224036,22.32904939377235,Middle,Left
19557,651.9,440,498,0.5154293775558472,False,-20.47696074612359,15.086515250515758,25.434403154041792,Middle,Left
19558,651.9333333333333,419,523,0.5065170526504517,False,-20.367808760710382,21.97605620107582,29.963222120888695,Middle,Left
19559,651.9666666666667,399,553,0.545009970664978,False,-20.193117323721644,26.59021841079654,33.38864630953837,Middle,Left
19560,652.0,399,553,0.5448500514030457,False,-11.638835178708234,16.18898367985556,19.938547512388308,Middle,Left
19561,652.0333333333333,377,590,0.5823771357536316,False,-14.488124867804121,23.11993096400805,27.2843722662916,Middle,Left
19569,652.3,188,865,0.3743860125541687,False,-88.65413417688079,130.66885830356367,157.90473722155767,Back,Left
19589,652.9666666666667,91,807,0.38593342900276184,False,-105.3897181440826,70.19527329386409,126.62688925851981,Back,Left
19590,653.0,91,807,0.3862770199775696,False,-63.888073023916405,29.79349498157972,70.49353316387746,Back,Left
19591,653.0333333333333,102,824,0.5233597755432129,False,-24.88546548316772,17.195863692121897,30.24870444220658,Back,Left
19592,653.0666666666667,115,845,0.5306946039199829,False,-1.946221341369288,16.557209633118507,16.67120176665838,Back,Left
19593,653.1,127,869,0.4534792900085449,False,8.026942411593188,19.584902243316602,21.1660152215598,Back,Left
19613,653.7666666666667,587,422,0.48010826110839844,False,200.57358843814302,-176.8129976452797,267.3810025324598,Middle,Left
19614,653.8,587,422,0.47930532693862915,False,150.2178743079639,-137.17232634992772,203.42481873619627,Middle,Left
19615,653.8333333333334,588,439,0.4977922737598419,False,78.264578698788,-65.03676684243695,101.76013620380176,Middle,Left
19616,653.8666666666667,588,459,0.5068990588188171,False,32.41173665390866,-16.29303213196591,36.27648782580253,Middle,Left
19618,653.9333333333333,589,514,0.4112299084663391,False,10.984545929605723,22.482376009957697,25.022339625477453,Middle,Left
19622,654.0666666666667,591,639,0.5220031142234802,False,3.37499598211971,72.66124295397,72.7395822471863,Middle,Left
19623,654.1,593,683,0.4411500096321106,False,1.4389657078098737,69.50338069514376,69.51827493805017,Middle,Left
19628,654.2666666666667,624,693,0.2781732976436615,False,13.571248465270035,43.82546407312758,45.87864520810407,Middle,Left
19629,654.3,851,594,0.4906422197818756,False,105.81718644692154,-21.033269291634326,107.88732717347744,Middle,Left
19633,654.4333333333333,653,549,0.524520993232727,False,-5.984768349834013,-42.704021440677494,43.12135085322604,Middle,Left
19634,654.4666666666667,658,529,0.5098764300346375,False,-21.266209740378553,-36.98177488154158,42.66032524619089,Middle,Left
19635,654.5,661,514,0.3606043756008148,False,-13.746312304590287,-26.68421494829398,30.016802450995446,Middle,Left
19637,654.5666666666667,644,525,0.5106680989265442,False,-13.77994004916039,-8.943822304789357,16.427985426646263,Middle,Left
19638,654.6,644,525,0.5102710723876953,False,-7.969660228145984,-2.0082773849754068,8.218799316633516,Middle,Left
19646,654.8666666666667,570,654,0.5551025867462158,False,-34.8047849899546,54.52360824603947,64.68536862664193,Middle,Left
19647,654.9,852,595,0.5663740038871765,False,94.13217806439316,16.678644811929814,95.59834799780347,Middle,Left
19648,654.9333333333333,549,696,0.5052623152732849,False,-50.519758410420806,45.526992220262144,68.00700706891234,Middle,Left
19649,654.9666666666667,543,684,0.5795047283172607,False,-57.49901140969653,26.385295510764504,63.26389280057607,Middle,Left
19650,655.0,543,684,0.5796163082122803,False,-34.47306730692516,11.838363671146952,36.449132005551576,Middle,Left
19651,655.0333333333333,536,674,0.5587803721427917,False,-18.77501348910757,0.029185759270967893,18.775036173725884,Middle,Left
19652,655.0666666666667,529,668,0.516472339630127,False,-11.008322471625862,-4.619475077940999,11.938287717885716,Middle,Left
19653,655.1,523,665,0.5290380120277405,False,-7.51073364070484,-4.764098685386753,8.894254106203576,Middle,Left
19654,655.1333333333333,516,663,0.5161963105201721,False,-6.672053944982111,-3.6231863811488756,7.5923503210332735,Middle,Left
19655,655.1666666666666,509,665,0.46165451407432556,False,-6.661060420496433,-1.046480531790194,6.742762596215294,Middle,Left
19656,655.2,509,665,0.4615626633167267,False,-3.847585246843154,-0.1457300867445861,3.8503440742234556,Middle,Left
19657,655.2333333333333,502,669,0.5099005699157715,False,-4.67693346629904,1.7645817077578858,4.998745367743959,Middle,Left
19658,655.2666666666667,494,678,0.5240541696548462,False,-6.227292858145077,5.158853615245958,8.086590564919247,Middle,Left
19659,655.3,487,689,0.518526017665863,False,-6.829641060275507,8.229000649784865,10.693944487716442,Middle,Left
19660,655.3333333333334,482,701,0.3223472237586975,False,-6.16469218904536,10.367630963445007,12.061973370052701,Middle,Left
19661,655.3666666666667,492,669,0.5477778315544128,False,0.7766035644232119,-7.133997446419015,7.176143299975821,Middle,Left
19662,655.4,492,669,0.5466240048408508,False,1.6854295700503101,-7.240840265018845,7.434409228655505,Middle,Left
19663,655.4333333333333,502,639,0.6040255427360535,False,5.356774360270552,-16.866116378405444,17.696353105562974,Middle,Left
19664,655.4666666666667,512,613,0.6791102886199951,False,7.970661611136658,-22.43614572808165,23.80991561620839,Middle,Left
19665,655.5,520,593,0.6443485617637634,False,8.448718218305759,-22.400212099491714,23.940558507155732,Middle,Left
19666,655.5333333333333,528,577,0.5198379158973694,False,8.344489636786312,-19.69239325274515,21.387399545508025,Middle,Left
19673,655.7666666666667,519,583,0.5652089715003967,False,1.00511642803977,-8.365677570192979,8.425842405501383,Middle,Left
19674,655.8,519,583,0.5642923712730408,False,-0.7266612264449297,-2.816776943982478,2.9089979185571306,Middle,Left
19675,655.8333333333334,508,598,0.5481680631637573,False,-5.371379527028958,5.6919282959271404,7.8262229555106515,Middle,Left
19676,655.8666666666667,499,620,0.6452511548995972,False,-7.7304297349396105,14.091135353569054,16.072325265481727,Middle,Left
19678,655.9333333333333,486,655,0.5176478028297424,False,-10.374896067428708,24.41274883014541,26.52585104862262,Middle,Left
19679,655.9666666666667,489,648,0.587873101234436,False,-5.200708456849732,12.99281160383266,13.995017750107962,Middle,Left
19680,656.0,489,648,0.5881313681602478,False,-2.0837806596953006,5.474271200354575,5.857455677403944,Middle,Left
19681,656.0333333333333,493,643,0.5612629652023315,False,1.0393681937864088,-0.2861896871376475,1.0780495254294984,Middle,Left
19682,656.0666666666667,495,640,0.48899731040000916,False,2.0012341802290328,-2.457888133628321,3.169566582602088,Middle,Left
19683,656.1,498,639,0.484937846660614,False,2.5941555700110976,-2.2294350193765977,3.420529729010162,Middle,Left
19685,656.1666666666666,505,644,0.4190725088119507,False,4.559416211070899,0.8626822978568285,4.640312158983666,Middle,Left
19686,656.2,505,644,0.4180951714515686,False,2.985084921545297,1.0494310381875267,3.1641803824605894,Middle,Left
19687,656.2333333333333,508,650,0.45191460847854614,False,2.7109075487185765,3.1722492247466767,4.172791018204153,Middle,Left
19696,656.5333333333333,662,520,0.4085133969783783,False,66.51853121195472,-52.659231046270044,84.83931641037807,Middle,Left
19719,657.3,1037,454,0.42982956767082214,False,208.09069937218462,-68.236713811745,218.99312381221222,Middle,Right
19720,657.3333333333334,1050,474,0.5073515772819519,False,150.96793038840894,-33.768730737517664,154.69855584775982,Middle,Right
19721,657.3666666666667,1064,505,0.31814083456993103,False,82.97954591129682,-0.29039200369237506,82.9800540320433,Middle,Right
19722,657.4,1064,505,0.31956812739372253,False,35.842962137282946,5.796463476776047,36.30863428459266,Middle,Right
19723,657.4333333333333,1079,535,0.3627397119998932,False,18.647962359679404,17.09674637269834,25.299115334343092,Middle,Right
19730,657.6666666666666,995,506,0.2923123240470886,False,-27.741290973621076,-0.346694903952681,27.74345728707107,Middle,Right
19748,658.2666666666667,1293,554,0.26215457916259766,False,101.4839761992955,16.95198444165964,102.89007338771532,Middle,Right
19759,658.6333333333333,1412,608,0.543350100517273,False,131.89912708186267,35.671123026780606,136.63750855072365,Middle,Right
19760,658.6666666666666,1416,627,0.5982367992401123,False,83.33371961309344,31.969416410458948,89.25554554300251,Middle,Right
19761,658.7,1412,645,0.4916280508041382,False,37.819588591351675,25.41369873137093,45.56508931658076,Middle,Right
19762,658.7333333333333,1406,644,0.5351186990737915,False,11.215604024904266,13.097015694736438,17.24301579630493,Middle,Right
19763,658.7666666666667,1399,638,0.526179313659668,False,-1.2124778402398135,2.84223944968754,3.0900530096476877,Middle,Right
19764,658.8,1399,638,0.5266287922859192,False,-2.9148195918821402,-0.1843450800196047,2.9206431418006895,Middle,Right
19765,658.8333333333334,1392,634,0.475372850894928,False,-4.942380796428035,-2.3340629090711444,5.465800728200971,Middle,Right
19769,658.9666666666667,1361,639,0.29203975200653076,False,-16.3020616009076,0.37853632036076634,16.306455843794453,Middle,Right
19770,659.0,1361,639,0.29301077127456665,False,-11.445015533688341,0.7020220678992445,11.466525870994447,Middle,Right
19771,659.0333333333333,1354,645,0.3948588967323303,False,-8.70355235309575,2.995835668688276,9.20471916556195,Middle,Right
19772,659.0666666666667,1346,656,0.5133699774742126,False,-7.918193761131953,6.782904002595673,10.426196772901296,Middle,Right
19773,659.1,1337,668,0.5155549049377441,False,-8.234890728624928,9.659628418842278,12.693378057179979,Middle,Right
19774,659.1333333333333,1330,673,0.5555649995803833,False,-7.770085736864228,8.205379856601839,11.30055268335793,Middle,Right
19775,659.1666666666666,1321,670,0.5665984749794006,False,-8.20640427421666,3.216706184282252,8.814321856381303,Middle,Right
19776,659.2,1321,670,0.5666096806526184,False,-4.820356843643422,0.9702408815066783,4.917032384295108,Middle,Right
19777,659.2333333333333,1314,668,0.58107590675354,False,-5.137109452493997,-0.6836614888885721,5.1824016207056465,Middle,Right
19778,659.2666666666667,1305,669,0.5857982635498047,False,-6.823998335021345,-0.26766617785207064,6.829245819205809,Middle,Right
19779,659.3,1298,672,0.6020906567573547,False,-7.19881085170584,1.1856693934814944,7.295799448263126,Middle,Right
19780,659.3333333333334,1289,676,0.5688310265541077,False,-8.025835357119313,2.6324658683268924,8.446532408479385,Middle,Right
19807,660.2333333333333,1084,708,0.3682216703891754,False,-91.31250884422019,15.285738323629424,92.58308737304165,Middle,Right
19809,660.3,1065,710,0.5154563188552856,False,-75.62848822871763,11.932287338312117,76.56401055904351,Middle,Right
19810,660.3333333333334,1057,709,0.5435299277305603,False,-44.28952635445626,5.876366618666445,44.677665889558874,Middle,Right
19811,660.3666666666667,1048,710,0.48196542263031006,False,-23.81128849620643,2.739253900391613,23.96833268670108,Middle,Right
19812,660.4,1048,710,0.48224127292633057,False,-10.112690219732182,1.0241750473207825,10.164420200278098,Middle,Right
19813,660.4333333333333,1038,715,0.5081844329833984,False,-7.624671244053516,2.396753497119425,7.992498914973388,Back,Right
19814,660.4666666666667,1029,717,0.4849933981895447,False,-7.761923857943876,2.473820586382977,8.146609740875684,Back,Right
19815,660.5,1020,717,0.47570711374282837,False,-8.30894610278453,1.4433941345586903,8.433384372045227,Back,Right
19816,660.5333333333333,1012,717,0.5256255269050598,False,-8.275999352577324,0.6505886478079226,8.301531838914842,Back,Right
19817,660.5666666666667,1002,721,0.5270019769668579,False,-8.997800171355257,1.9230752243488227,9.201012240082335,Back,Right
19818,660.6,1002,721,0.5271025896072388,False,-5.328578121519708,1.3380769879714922,5.494014454192613,Back,Right
19819,660.6333333333333,993,721,0.4973788261413574,False,-6.2245357598971145,0.6690786535687728,6.260392293690496,Back,Right
19820,660.6666666666666,984,720,0.47087013721466064,False,-7.555628546174933,-0.15459459034896683,7.557209949123996,Back,Right
19821,660.7,975,724,0.49172598123550415,False,-8.402411328043872,1.4522464906647472,8.526988682723115,Back,Right
19822,660.7333333333333,968,724,0.5129011869430542,False,-7.961335521839872,1.1255432493325586,8.04050439322232,Back,Right
19823,660.7666666666667,958,725,0.5379658341407776,False,-8.743240763123293,1.0143502941218527,8.801884205164589,Back,Left
19824,660.8,958,725,0.5378586053848267,False,-5.192171587970159,0.5664014228109109,5.222973901015282,Back,Left
19825,660.8333333333334,949,726,0.5492002964019775,False,-6.166753387290487,0.6696120704340349,6.203001504475849,Back,Left
19826,660.8666666666667,941,726,0.5116825699806213,False,-7.11415983428006,0.4053679206708457,7.125699495403429,Back,Left
19827,660.9,1459,604,0.6172568202018738,False,214.35852237314285,-51.306864530552346,220.4131812345932,Middle,Right
19839,661.3,1630,588,0.3582056164741516,False,235.51380408136245,-45.617176663301024,239.8909725679672,Middle,Right
19848,661.6,1553,796,0.5488556623458862,False,107.37610430991035,62.44381848592627,124.21295521754587,Back,Right
19849,661.6333333333333,1553,796,0.548408031463623,False,39.226345385895755,55.33883303702092,67.83135421199302,Back,Right
19866,662.2,235,797,0.5358929634094238,False,-545.7761866001927,31.137587141434356,546.6636947821199,Back,Left
19867,662.2333333333333,235,797,0.5354647040367126,False,-419.6339410299371,13.683419619437824,419.8569761678354,Back,Left
19868,662.2666666666667,245,776,0.5440288186073303,False,-215.82030527239982,-4.065365317543979,215.85859112631337,Back,Left
19869,662.3,255,758,0.3944007158279419,False,-84.19538955034895,-13.108939622411196,85.20978769812204,Back,Left
19872,662.4,716,502,0.4430224895477295,False,169.37146176420046,-117.24013633142064,205.9901493449435,Middle,Left
19873,662.4333333333333,716,502,0.44469332695007324,False,143.05658582568424,-86.30647963587694,167.07481909384012,Middle,Left
19878,662.6,541,961,0.3012238144874573,False,4.122396373445241,149.36875193014063,149.42562767151986,Back,Left
19879,662.6333333333333,541,961,0.2986871302127838,False,-22.36921888394452,128.30921234653798,130.24452359491661,Back,Left
19882,662.7333333333333,541,960,0.32324084639549255,False,-17.647140657691203,69.97823192851743,72.16906897857083,Back,Left
19895,663.1666666666666,565,426,0.32189345359802246,False,0.7726412778377281,-195.34224750802915,195.34377552415725,Middle,Left
19896,663.2,552,443,0.5050519108772278,False,-1.7589985492393794,-152.98410846158373,152.9942205368616,Middle,Left
19897,663.2333333333333,552,443,0.5046384334564209,False,-1.4675768638157178,-80.86594823410911,80.87926412655361,Middle,Left
19898,663.2666666666667,539,464,0.49028730392456055,False,-6.283292346257262,-25.022011316288683,25.798852940024563,Middle,Left
19899,663.3,525,488,0.5730853080749512,False,-10.398316129162705,5.618116497863504,11.818976745284312,Middle,Left
19900,663.3333333333334,511,516,0.6056241393089294,False,-12.651629892244888,20.523765167218325,24.10992898308638,Middle,Left
19901,663.3666666666667,496,548,0.6313216686248779,False,-14.04427160661617,28.023177141157678,31.34549444569518,Middle,Left
19902,663.4,480,588,0.4301031529903412,False,-15.117854335726063,34.41443090114354,37.58859632875129,Middle,Left
19903,663.4333333333333,480,588,0.42834559082984924,False,-8.928136097886782,21.027328701368685,22.844258939562742,Middle,Left
19904,663.4666666666667,465,628,0.500434398651123,False,-10.388242727996563,26.650399834238563,28.603485771852288,Middle,Left
19910,663.6666666666666,375,836,0.5248197317123413,False,-44.25109075353796,104.1966519244921,113.20380428745148,Back,Left
19911,663.7,364,814,0.414313942193985,False,-36.249177047042764,64.7464040398246,74.20309746012,Back,Left
19913,663.7666666666667,334,786,0.5163349509239197,False,-32.18593952309669,18.571572337472986,37.15962865894154,Back,Left
19917,663.9,474,529,0.6645824313163757,False,41.214602368492265,-105.96856128854883,113.70127277193451,Middle,Left
19918,663.9333333333333,513,468,0.5062794089317322,False,53.35642738400541,-109.1753926656462,121.51614998378889,Middle,Left
19922,664.0666666666667,573,359,0.2511535882949829,False,58.32367239958973,-109.67267101237663,124.21652679560664,Middle,Left
19930,664.3333333333334,474,365,0.3994107246398926,False,-7.194954662770819,-60.93785966651874,61.36114498064438,Middle,Left
19931,664.3666666666667,457,378,0.38172921538352966,False,-23.005870519317625,-21.04770599382173,31.181340669605067,Middle,Left
19932,664.4,440,392,0.27371057868003845,False,-23.287669399289804,0.8518892240611606,23.303245724591463,Middle,Left
19933,664.4333333333333,440,392,0.273366242647171,False,-13.508556549481481,4.393813171995566,14.205164351071083,Middle,Left
19934,664.4666666666667,421,409,0.3544854521751404,False,-14.084214375512039,10.345669726684706,17.475639521030995,Middle,Left
19935,664.5,401,431,0.5112149715423584,False,-16.68371911498673,16.325102480946423,23.342139030542523,Middle,Left
19936,664.5333333333333,380,458,0.4812914729118347,False,-18.968656576735903,21.896046666951275,28.96975650514609,Middle,Left
19941,664.7,283,611,0.6003230214118958,False,-52.31138623907974,78.22520692077144,94.10453829678826,Middle,Left
19943,664.7666666666667,224,726,0.5714364051818848,False,-61.074659530522325,103.78244325104504,120.41972248733015,Back,Left
19944,664.8,192,798,0.507616400718689,False,-50.36396484869342,94.9207453550314,107.45453389241024,Back,Left
19945,664.8333333333334,192,798,0.5085021257400513,False,-27.198070986590984,53.277622249881055,59.81839263966112,Back,Left
19949,664.9666666666667,74,899,0.4420253336429596,False,-61.39688370068851,66.00152817816462,90.14310317494582,Back,Left
19966,665.5333333333333,97,784,0.30257922410964966,False,-31.8670822058084,-8.129229073591489,32.88761611370875,Back,Left
19967,665.5666666666667,112,799,0.4670393168926239,False,-6.824469730228394,-11.573447894983415,13.435701815562135,Back,Left
19968,665.6,128,817,0.4759520888328552,False,7.270769381407263,0.2953852274843527,7.27676712766221,Back,Left
19969,665.6333333333333,128,817,0.47586169838905334,False,6.71302269747863,2.2851834979348578,7.091314219247167,Back,Left
19970,665.6666666666666,142,839,0.5286329388618469,False,9.689363288270076,10.960951057133828,14.629634616385985,Back,Left
19971,665.7,157,867,0.5788156986236572,False,12.461135542398297,19.69845352293919,23.30898904288681,Back,Left
20000,666.6666666666666,1676,825,0.5052416920661926,False,648.8385371561762,-4.786762906855209,648.8561939275089,Back,Right
20001,666.7,1667,805,0.5071340799331665,False,484.54935846712567,-15.570132268041794,484.79945318631223,Back,Right
20002,666.7333333333333,1658,791,0.4757687449455261,False,246.9621343910526,-16.828502934671455,247.53483458698608,Back,Right
20003,666.7666666666667,1648,777,0.4761081635951996,False,96.17591354922902,-15.858824760751444,97.47465655143904,Back,Right
20012,667.0666666666667,1435,445,0.5252758264541626,False,-61.18491658503015,-149.12371186764187,161.18770256660576,Middle,Right
20014,667.1333333333333,1373,336,0.39034146070480347,False,-89.56334524210045,-155.92981523540152,179.82130043546601,Front,Right
20015,667.1666666666666,1382,322,0.3812143802642822,False,-53.01720679373396,-97.23626418231856,110.7506897872117,Front,Right
20021,667.3666666666667,1466,283,0.31852447986602783,False,11.32617586119828,-62.199293053857744,63.22210306560884,Front,Right
20024,667.4666666666667,1486,284,0.36751219630241394,False,26.450249107521135,-29.28201914505756,39.45950231644388,Front,Right
20025,667.5,1496,290,0.4374653398990631,False,22.20129571031497,-8.525767998530824,23.78205733702663,Front,Right
20026,667.5333333333333,1507,297,0.5058901309967041,False,16.716459194920056,1.7251866308169213,16.805245518187967,Front,Right
20027,667.5666666666667,1519,307,0.4964354932308197,False,13.74858129146613,7.044084383495787,15.448061766120102,Front,Right
20028,667.6,1533,322,0.45884740352630615,False,13.325962620782443,11.349717373180033,17.50420989995137,Front,Right
20029,667.6333333333333,1533,322,0.4594034254550934,False,7.626016765420729,7.326264925809368,10.574984135667655,Front,Right
20030,667.6666666666666,1546,339,0.49741148948669434,False,8.878814926778045,10.692586150028298,13.898372317640423,Front,Right
20031,667.7,1560,362,0.3754090368747711,False,11.263567705732703,16.487051622002273,19.967243892139756,Middle,Right
20036,667.8666666666667,1629,500,0.3920881450176239,False,36.057954208089676,68.80783821739594,77.68329718687296,Middle,Right
20037,667.9,1649,549,0.5409567952156067,False,33.697382588350635,69.76843330335232,77.47998373070298,Middle,Right
20038,667.9333333333333,1670,601,0.6068904399871826,False,27.917496058748306,62.43982307256708,68.39676959859806,Middle,Right
20039,667.9666666666667,1694,664,0.6015070080757141,False,25.234282247365236,61.370645720604465,66.35604838071387,Middle,Right
20040,668.0,1719,735,0.6308656334877014,False,24.65737166086313,65.24454929435066,69.74838485473975,Back,Right
20041,668.0333333333333,1719,735,0.6306325793266296,False,14.14714936669028,38.396120521689426,40.91948076796118,Back,Right
20046,668.2,1850,948,0.5032221674919128,False,61.59625193156731,107.31020819541321,123.73188366367029,Back,Right
20047,668.2333333333333,1850,948,0.5016298294067383,False,44.0507833949669,74.29374552021305,86.37147759030448,Back,Right
20050,668.3333333333334,1880,866,0.4818997383117676,False,34.99440630399398,2.4428987555311608,35.07956993605808,Back,Right
20051,668.3666666666667,1867,830,0.2641508877277374,False,13.12338410706526,-26.583659809572318,29.646486795110203,Back,Right
20055,668.5,1832,764,0.4839382469654083,False,-11.085052340856013,-48.39179037980672,49.64517863360622,Back,Right
20062,668.7333333333333,1766,762,0.5089688301086426,False,-38.57650723877937,-32.695826957996815,50.56840922167582,Back,Right
20063,668.7666666666667,1755,776,0.4295908212661743,False,-31.834649053794312,-10.190046182867025,33.425767329819216,Back,Right
20064,668.8,1746,794,0.5252991318702698,False,-20.99545844061707,5.7179628662373005,21.760155662847342,Back,Right
20065,668.8333333333334,1746,794,0.5254372954368591,False,-10.202603422693283,6.138580011504404,11.906942561312459,Back,Right
20066,668.8666666666667,1735,815,0.515231192111969,False,-8.616384686177346,12.486258880806862,15.170654102533605,Back,Right
20067,668.9,1726,841,0.6100704669952393,False,-8.495711417150048,19.32103346753375,21.106384027991457,Back,Right
20068,668.9333333333333,1717,868,0.54964679479599,False,-8.687064397188248,23.779830006614965,25.31689955315226,Back,Right
20122,670.7333333333333,405,895,0.4188280403614044,False,-558.8266590620301,25.933357810708642,559.4280775271909,Back,Left
20157,671.9,1775,773,0.3070800304412842,False,157.28786242024057,-36.12305616656233,161.3826101274271,Back,Right
20163,672.1,1722,778,0.44140127301216125,False,196.1074186001864,-29.821308977918008,198.36186654492136,Back,Right
20164,672.1333333333333,1712,793,0.3699512779712677,False,116.0289395349602,-9.780342640489728,116.44041356751028,Back,Right
20176,672.5333333333333,1322,421,0.48019668459892273,False,-111.82325841509184,-159.0965295448019,194.46374169949635,Middle,Right
20177,672.5666666666667,1330,427,0.46393975615501404,False,-101.84065134086215,-116.0133976721438,154.3717160135432,Middle,Right
20178,672.6,1338,435,0.47993937134742737,False,-53.700403916671334,-55.99410568221382,77.58268654773808,Middle,Right
20179,672.6333333333333,1338,435,0.47835394740104675,False,-22.45804864910022,-21.66732478256322,31.20636012671825,Middle,Right
20180,672.6666666666666,1347,448,0.4788908362388611,False,-3.6142210644692128,-0.919416607058178,3.729332487213676,Middle,Right
20181,672.7,1356,462,0.2929406762123108,False,5.067115613229083,9.074121417036235,10.393042871505228,Middle,Right
20183,672.7666666666667,1374,502,0.35884568095207214,False,12.072470281007643,23.90777636103187,26.782948105369712,Middle,Right
20184,672.8,1383,526,0.526961624622345,False,12.023663585429503,26.589371168534186,29.181554878958398,Middle,Right
20185,672.8333333333334,1383,526,0.5268377661705017,False,6.939991229056188,15.844200229852037,17.297461061757595,Middle,Right
20186,672.8666666666667,1394,551,0.5853345394134521,False,7.747975176296516,17.79441180043105,19.40804499829457,Middle,Right
20188,672.9333333333333,1415,622,0.6471397280693054,False,13.485367391954455,40.59899349554545,42.78005851500592,Middle,Right
20193,673.1,1459,754,0.5540592074394226,False,27.38719499089573,83.24047139183281,87.63010057625108,Back,Right
20194,673.1333333333333,1467,738,0.4969800114631653,False,21.680860862311995,48.94954326187066,53.5361327822311,Back,Right
20195,673.1666666666666,1475,724,0.5422481298446655,False,14.889805832303072,16.27059459061026,22.055352322184344,Back,Right
20196,673.2,1484,712,0.5618384480476379,False,11.193971403617153,-1.483798873580021,11.29188446992954,Middle,Right
20197,673.2333333333333,1484,712,0.5616532564163208,False,5.810766477460406,-4.020522295431652,7.066088492485826,Middle,Right
20198,673.2666666666667,1493,703,0.5690969824790955,False,6.1978486812519895,-6.57419877233593,9.035121348043992,Middle,Right
20199,673.3,1501,697,0.4796218276023865,False,7.027465190681753,-6.7867861763166415,9.769633238217613,Middle,Right
20200,673.3333333333334,1510,695,0.4998279809951782,False,8.007836653303405,-4.804240993873552,9.33842488823488,Middle,Right
20202,673.4,1450,631,0.38593026995658875,False,-20.522420314507805,-29.436533881034244,35.884248111038914,Middle,Right
20203,673.4333333333333,1450,632,0.3920092284679413,False,-16.94303466760553,-20.978138704769073,26.965695378836667,Middle,Right
20210,673.6666666666666,1391,595,0.4680024981498718,False,-34.056860839912055,-26.233791583245907,42.989319500340066,Middle,Right
20211,673.7,1407,618,0.673734188079834,False,-15.97762836958833,-6.389386091964425,17.20781400843414,Middle,Right
20212,673.7333333333333,1424,644,0.5181626081466675,False,1.1625295961973592,10.8169570421883,10.87924789287301,Middle,Right
20213,673.7666666666667,1440,671,0.5369139313697815,False,10.47874592784964,20.712907046268853,23.212682622389842,Middle,Right
20214,673.8,1451,669,0.5628741979598999,False,12.358475470607317,12.889186796802704,17.85673688669002,Middle,Right
20215,673.8333333333334,1451,669,0.5628250241279602,False,7.477060544187546,6.0550635569520175,9.62134237308779,Middle,Right
20216,673.8666666666667,1462,661,0.5802586674690247,False,8.09438985077989,-1.0948555345765731,8.168099882959405,Middle,Right
20217,673.9,1472,656,0.5895259976387024,False,9.008693862995695,-4.016932169810328,9.86368638866998,Middle,Right
20218,673.9333333333333,1483,654,0.5656514167785645,False,10.012075755767874,-3.6861989500262613,10.66910135102341,Middle,Right
20220,674.0,1505,657,0.4051825702190399,False,15.250724158737453,-0.8051504710233623,15.271963025324785,Middle,Right
20221,674.0333333333333,1505,657,0.3322073519229889,False,9.746945289478038,0.047958524025821125,9.74706327547456,Middle,Right
20222,674.0666666666667,1517,664,0.5656617283821106,False,9.717402175256126,3.134277582993727,10.210367329480828,Middle,Right
20223,674.1,1530,673,0.35096022486686707,False,11.09766586417351,6.159934824769487,12.692635056529825,Middle,Right
20224,674.1333333333333,1542,685,0.4715103209018707,False,11.72442418473739,9.163955475027658,14.880866991272532,Middle,Right
20307,676.9,96,868,0.2822212874889374,False,-603.443798941971,83.07227442779103,609.1349778662559,Back,Left
20322,677.4,519,619,0.6997717618942261,False,-279.7943206056504,-43.922569454767896,283.2208571957341,Middle,Left
20323,677.4333333333333,519,620,0.6993071436882019,False,-104.03873562986777,-47.58612861328093,114.40497431432442,Middle,Left
20325,677.5,570,525,0.5600919723510742,False,-7.288119933306163,-68.25136735968645,68.63938984744203,Middle,Left
20326,677.5333333333333,588,492,0.5547526478767395,False,20.62202062156271,-57.05397059575943,60.666492359934075,Middle,Left
20331,677.7,530,503,0.45255741477012634,False,-7.590662071362551,-26.33472821602877,27.406861565924032,Middle,Left
20332,677.7333333333333,513,515,0.5060427188873291,False,-16.588368992709228,-4.681569375143344,17.236330167775186,Middle,Left
20333,677.7666666666667,494,528,0.46734458208084106,False,-19.209249851725254,6.639098482724389,20.324195150837337,Middle,Left
20334,677.8,473,544,0.49014076590538025,False,-20.43201336920471,12.606988219591667,24.00840107729549,Middle,Left
20335,677.8333333333334,473,544,0.48976632952690125,False,-12.025859010400572,8.349000826306213,14.639914608210475,Middle,Left
20337,677.9,429,591,0.5159907341003418,False,-24.023995920979203,23.904333155567215,33.89055212922291,Middle,Left
20338,677.9333333333333,407,621,0.6197454929351807,False,-25.30721390504062,29.24844533641532,38.67721073491154,Middle,Left
20344,678.1333333333333,328,782,0.30904653668403625,False,-48.19860597719362,85.81053580497746,98.42029096320577,Back,Left
20349,678.3,476,551,0.30724331736564636,False,30.53519683667055,-37.832889011531535,48.61816262275939,Middle,Left
20354,678.4666666666667,324,762,0.28823646903038025,False,-32.48299515175445,45.16758445467194,55.635021879197865,Back,Left
20366,678.8666666666667,576,476,0.34566619992256165,False,76.36536477372843,-79.8256057408251,110.47079373714236,Middle,Left
20367,678.9,566,484,0.49222034215927124,False,59.30378654863331,-65.02394486052896,88.00597993449634,Middle,Left
20368,678.9333333333333,556,494,0.4993298053741455,False,27.012293842394136,-30.720686154741976,40.907512469545246,Middle,Left
20369,678.9666666666667,545,509,0.5590184330940247,False,5.215126854282033,-5.311538800004126,7.443788855831611,Middle,Left
20370,679.0,532,526,0.5689663887023926,False,-6.3564018143774845,8.63250067614591,10.72025708411328,Middle,Left
20371,679.0333333333333,532,526,0.5688299536705017,False,-5.734985557892458,7.473054366848274,9.420010664489988,Middle,Left
20372,679.0666666666667,520,546,0.5753608345985413,False,-8.26863060787646,12.553898631930469,15.03231928181068,Middle,Left
20374,679.1333333333333,494,602,0.5855397582054138,False,-16.204108224806255,31.796905750778627,35.68776174944476,Middle,Left
20375,679.1666666666666,482,635,0.6166637539863586,False,-15.843361763537086,35.732921440420164,39.08777029503663,Middle,Left
20376,679.2,466,675,0.3833202123641968,False,-15.845207736755336,38.235195683722125,41.38841380378637,Middle,Left
20377,679.2333333333333,466,674,0.3222309947013855,False,-9.15755265356055,22.120497671340974,23.94111918500335,Middle,Left
20378,679.2666666666667,450,720,0.588961660861969,False,-10.854199789530687,29.328725043435618,31.272795937435713,Back,Left
20381,679.3666666666667,402,830,0.4320981204509735,False,-26.83505356470311,64.66282520462272,70.01000687947457,Back,Left
20382,679.4,392,813,0.515784740447998,False,-22.576319487180598,36.48927732230533,42.90871194863994,Back,Left
20383,679.4333333333333,392,813,0.5159802436828613,False,-12.288542713327097,16.06857550305521,20.228875418931487,Back,Left
20384,679.4666666666667,381,799,0.5537092685699463,False,-9.911867131159552,-0.2608634917621764,9.915299278745723,Back,Left
20385,679.5,369,788,0.607088029384613,False,-10.369818069422069,-7.702812558953214,12.917679672111388,Back,Left
20386,679.5333333333333,360,782,0.4067980945110321,False,-9.873227517880451,-8.309895195285723,12.904843268186736,Back,Left
20391,679.7,456,631,0.6119530200958252,False,34.90247211212097,-68.64503679906908,77.00859456374288,Middle,Left
20400,680.0,515,555,0.48011791706085205,False,53.05056696660734,-82.49835948346083,98.08334197477582,Middle,Left
20401,680.0333333333333,515,555,0.4794524908065796,False,33.89200238364734,-50.14526970579849,60.52450660220559,Middle,Left
20404,680.1333333333333,469,618,0.527515709400177,False,-3.2421759420193794,3.375180827351528,4.68012291038714,Middle,Left
20405,680.1666666666666,457,640,0.3014148473739624,False,-13.554286742648271,20.77125016808,24.802490250918236,Middle,Left
20408,680.2666666666667,446,693,0.533370316028595,False,-14.3133066841962,37.473611691444916,40.11411623652019,Middle,Left
20409,680.3,447,683,0.48151788115501404,False,-7.985050953357714,20.411419422910498,21.917734408138237,Middle,Left
20410,680.3333333333334,447,673,0.5043717622756958,False,-3.4872997057398116,4.535602551422411,5.721271689242039,Middle,Left
20411,680.3666666666667,448,667,0.4624519348144531,False,-0.7919987793343783,-2.7396239983960635,2.8518067464424686,Middle,Left
20412,680.4,449,662,0.43600165843963623,False,0.44454996530151636,-4.98979671965911,5.009560457282694,Middle,Left
20413,680.4333333333333,449,662,0.4339141845703125,False,0.47720882479016313,-3.2845674836944267,3.3190528494437004,Middle,Left
20414,680.4666666666667,450,661,0.5200304985046387,False,0.7036880927830031,-2.0164989607908033,2.1357539630760303,Middle,Left
20415,680.5,451,662,0.4786277413368225,False,0.8691042395530968,-0.5173767627401178,1.0114449534367211,Middle,Left
20416,680.5333333333333,453,665,0.5325170159339905,False,1.3759049617531613,1.2343202011894496,1.848421170307604,Middle,Left
20417,680.5666666666667,453,673,0.4339591860771179,False,0.8854480040493978,4.402065938091195,4.490234146587211,Middle,Left
20418,680.6,455,682,0.4491107761859894,False,1.2685041644068447,6.907118431764362,7.022633967788474,Middle,Left
20419,680.6333333333333,455,682,0.44862934947013855,False,0.8013336598464798,4.43802911412681,4.509793570912104,Middle,Left
20420,680.6666666666666,456,695,0.37092339992523193,False,0.8019591326350217,7.612009562864456,7.654137968155306,Middle,Left
20421,680.7,458,711,0.4745723307132721,False,1.3077425758344678,11.717889036865973,11.790636714145421,Middle,Left
20430,681.0,778,595,0.41879579424858093,False,135.91225545576452,-41.45811209473783,142.09474389129542,Middle,Left
20431,681.0333333333333,778,595,0.4182698726654053,False,102.52635572089136,-33.43286628436948,107.83974297723118,Middle,Left
20434,681.1333333333333,907,469,0.5228222608566284,False,107.75259832842652,-71.07410165903472,129.08195215895222,Middle,Left
20445,681.5,1440,655,0.5975892543792725,False,288.1731332578935,30.726441447508847,289.8066060939585,Middle,Right
20446,681.5333333333333,1437,619,0.742888867855072,False,197.41663197036155,20.69851406332692,198.49875330326617,Middle,Right
20450,681.6666666666666,1428,552,0.5658355355262756,False,94.12320001125688,-18.10399999917056,95.84848249361612,Middle,Right
20451,681.7,1426,537,0.5337197780609131,False,35.14918980932449,-23.70666314930629,42.39659682010571,Middle,Right
20458,681.9333333333333,1324,542,0.365549772977829,False,-33.24550634896794,-12.588219245969652,35.54893748319165,Middle,Right
20464,682.1333333333333,1256,648,0.5183314085006714,False,-60.099528260485,39.446576391809884,71.88870346701023,Middle,Right
20484,682.8,973,431,0.30344709753990173,False,-158.96604365036433,-59.52483493542506,169.74512955587014,Middle,Right
20485,682.8333333333334,973,431,0.3054157495498657,False,-109.48269230765713,-52.032559229445944,121.21817988610012,Middle,Right
20487,682.9,901,342,0.404681921005249,False,-84.84626955338486,-66.30109105675592,107.67880075688939,Front,Left
20488,682.9333333333333,878,324,0.4594396948814392,False,-54.352978099801646,-48.4560387891045,72.81643992567007,Front,Left
20489,682.9666666666667,855,306,0.4427238702774048,False,-35.686947353996814,-32.42191955008903,48.215548101824844,Front,Left
20510,683.6666666666666,331,297,0.5320661664009094,False,-238.46989196414876,-19.679402739369216,239.28052211906234,Front,Left
20511,683.7,345,319,0.5347965955734253,False,-168.0332926996956,0.18286635330547796,168.03339220406386,Front,Left
20512,683.7333333333333,361,343,0.5326974391937256,False,-77.8075386262982,13.774194720414197,79.01734940681554,Front,Left
20513,683.7666666666667,377,373,0.45713862776756287,False,-22.138982115162364,23.044166103692373,31.955721248471978,Middle,Left
20514,683.8,392,406,0.526129961013794,False,3.45428308615735,28.897827419232208,29.10354791414685,Middle,Left
20515,683.8333333333334,392,406,0.5269371271133423,False,6.555822836763268,17.743412657697853,18.915800427377615,Middle,Left
20516,683.8666666666667,409,445,0.5812111496925354,False,11.51667705182639,24.728245922531077,27.278562951908583,Middle,Left
20517,683.9,425,487,0.6069408059120178,False,14.292802913254171,33.262723130393574,36.20349382540788,Middle,Left
20518,683.9333333333333,442,536,0.6150513887405396,False,15.930040044970323,41.425599079865975,44.38295207577061,Middle,Left
20520,684.0,477,642,0.6362220644950867,False,24.27081494777844,70.13556543306886,74.21637283541678,Middle,Left
20521,684.0333333333333,477,643,0.6357946991920471,False,15.51246910744853,46.069440731244114,48.61100767417972,Middle,Left
20522,684.0666666666667,496,712,0.4935060441493988,False,15.424163934394132,51.460560718457046,53.72238027612951,Middle,Left
20524,684.1333333333333,532,854,0.3577253520488739,False,24.093131150651566,90.63611556241666,93.78371080782763,Back,Left
20526,684.2,564,866,0.2586248219013214,False,28.974889251061164,64.4244576012628,70.64032095289608,Back,Left
20528,684.2666666666667,577,834,0.5729173421859741,False,23.10187172501014,19.055686350665866,29.94688063043923,Back,Left
20529,684.3,593,807,0.5344782471656799,False,19.057997240277306,-8.466219450413693,20.853875673192753,Back,Left
20530,684.3333333333334,606,780,0.4182698726654053,False,15.780592238515554,-21.19212899962644,26.422214572876083,Back,Left
20531,684.3666666666667,622,758,0.5054222345352173,False,15.2893189465054,-23.800283590415205,28.288103026398858,Back,Left
20532,684.4,638,738,0.5174069404602051,False,15.501762840985805,-22.660902712863763,27.455803811581344,Back,Left
20533,684.4333333333333,638,738,0.5166831016540527,False,8.996588592513852,-12.8931488047764,15.721701320310645,Back,Left
20534,684.4666666666667,653,724,0.5365394353866577,False,10.371603006969549,-11.620170867803145,15.575574465525202,Back,Left
20535,684.5,671,711,0.48739200830459595,False,13.836379175416274,-11.975786930251834,18.29931313696456,Middle,Left
20536,684.5333333333333,782,950,0.42283007502555847,False,55.46469967050872,93.89333141799273,109.0517794183513,Back,Left
20537,684.5666666666667,782,950,0.30680567026138306,False,39.4702584737462,73.12356808856573,83.09607399863992,Back,Left
20542,684.7333333333333,730,507,0.5228926539421082,False,-1.9871985085153412,-148.42333489821823,148.43663732455303,Middle,Left
20543,684.7666666666667,729,458,0.5293120741844177,False,-8.956314000698658,-145.9278664141357,146.20245468753578,Middle,Left
20554,685.1333333333333,594,435,0.3852703273296356,False,-63.39871350199954,-93.59759590628884,113.0482500224818,Middle,Left
20555,685.1666666666666,568,455,0.39487528800964355,False,-57.312481967627605,-36.3272200317093,67.85563723466062,Middle,Left
20558,685.2666666666667,514,505,0.5219908952713013,False,-54.83005751899193,10.312906532180243,55.79149799635648,Middle,Left
20559,685.3,485,536,0.5006536245346069,False,-43.48539098738478,27.353671248878772,51.3731696522364,Middle,Left
20561,685.3666666666667,424,611,0.6429517269134521,False,-48.85690687178129,50.500223314230965,70.26570930308117,Middle,Left
20571,685.7,158,791,0.42419812083244324,False,-141.4661483518345,109.2834463522604,178.76113329281236,Back,Left
20572,685.7333333333333,153,779,0.4819520115852356,False,-100.36485193651384,68.56427534672108,121.54901627762904,Back,Left
20576,685.8666666666667,140,767,0.2952050268650055,False,-56.167338661797814,27.30524304729135,62.45275198276486,Back,Left
20579,685.9666666666667,126,793,0.3821081519126892,False,-30.49529995140134,19.403878297685115,36.14517688595968,Back,Left
20588,686.2666666666667,380,463,0.39760053157806396,False,94.15873629883289,-129.48101980258653,160.09747690238893,Middle,Left
20594,686.4666666666667,541,332,0.39619627594947815,False,144.57882362767322,-156.64653324073979,213.16935196670283,Front,Left
20595,686.5,539,329,0.455331951379776,False,91.69299543043137,-96.63466318134854,133.2136011793758,Front,Left
20596,686.5333333333333,534,329,0.4397619068622589,False,41.45877998357964,-45.15553883738192,61.301330535488134,Front,Left
20597,686.5666666666667,530,332,0.4604544937610626,False,13.322021545211882,-15.658740856006172,20.55899859542401,Front,Left
20598,686.6,525,336,0.4719240665435791,False,0.5759535508484088,-2.106171190488439,2.1835016776678646,Front,Left
20599,686.6333333333333,525,336,0.4719456732273102,False,-1.9379040561783483,1.197245577418078,2.27790893224458,Front,Left
20600,686.6666666666666,521,343,0.4923284947872162,False,-3.2561312930517357,4.235001869905416,5.342062507654991,Front,Left
20601,686.7,516,353,0.4296655058860779,False,-4.227034562639196,7.209493527837392,8.357309263254267,Front,Left
20602,686.7333333333333,511,364,0.4783831834793091,False,-4.7262596003778965,9.339316106725262,10.467108251637706,Middle,Left
20606,686.8666666666667,495,423,0.49182963371276855,False,-9.573646191457113,30.679654286607906,32.13869767966618,Middle,Left
20607,686.9,489,450,0.5761374831199646,False,-8.928852192156976,32.92839460902095,34.11749658161903,Middle,Left
20608,686.9333333333333,484,478,0.5523378849029541,False,-7.155680307460389,31.248826938766864,32.057650346080855,Middle,Left
20609,686.9666666666667,478,513,0.5686941742897034,False,-6.3519910122748255,32.532910214565774,33.14721763359661,Middle,Left
20610,687.0,472,549,0.5901049375534058,False,-6.060241656465826,34.225071973162166,34.75747517445555,Middle,Left
20611,687.0333333333333,472,549,0.5904632806777954,False,-3.450343874688029,20.080734758563295,20.375003835517905,Middle,Left
20613,687.1,460,638,0.29056698083877563,False,-6.594040946341704,46.650482018053324,47.11421068551131,Middle,Left
20633,687.7666666666667,1265,678,0.4027166962623596,False,335.4054915504547,48.57692610432532,338.90494465549955,Middle,Right
20634,687.8,1285,670,0.4438754618167877,False,263.2068152552479,25.040001987830102,264.395214208504,Middle,Right
20635,687.8333333333334,1285,670,0.441194623708725,False,139.2493872250043,10.277869395447954,139.62817209234345,Middle,Right
20636,687.8666666666667,1304,662,0.36750343441963196,False,66.41077203557909,-0.06682518948119665,66.41080565666707,Middle,Right
20642,688.0666666666667,1411,660,0.47389549016952515,False,70.56631189780394,-2.725728772560025,70.6189349409895,Middle,Right
20685,689.5,779,595,0.2995642423629761,False,-225.23426723040558,-29.48429835489817,227.15589137043838,Middle,Left
20691,689.7,525,628,0.278817743062973,False,-290.07371197233806,-7.877908359704705,290.18066754615967,Middle,Left
20692,689.7333333333333,500,649,0.5407043099403381,False,-189.74213236728266,8.160205542553854,189.91752354582803,Middle,Left
20694,689.8,452,693,0.4858934283256531,False,-112.04083648824317,26.144800962155795,115.05085683442772,Middle,Left
20695,689.8333333333334,452,693,0.4862225353717804,False,-50.90760226532823,18.31355974408227,54.10148277917087,Middle,Left
20696,689.8666666666667,438,684,0.49265292286872864,False,-24.438446502362254,5.389822082082713,25.025743735708,Middle,Left
20698,689.9333333333333,414,671,0.5278542041778564,False,-19.537810902350536,-4.674609115811409,20.089251485349934,Middle,Left
20699,689.9666666666667,414,667,0.535336971282959,False,-10.418178188714709,-6.182882967706989,12.114721563625475,Middle,Left
20700,690.0,414,664,0.5416130423545837,False,-4.3961528391210845,-5.108148353347758,6.739387166851433,Middle,Left
20701,690.0333333333333,414,664,0.5417890548706055,False,-1.4677685065633548,-2.7606208044515927,3.1265590694612153,Middle,Left
20702,690.0666666666667,414,664,0.5408734083175659,False,-0.32654702195008456,-1.1771907861292694,1.2216427892359192,Middle,Left
20703,690.1,415,668,0.5232837796211243,False,0.43667788281452624,1.2901042719282259,1.3620046276671878,Middle,Left
20704,690.1333333333333,415,674,0.5471025109291077,False,0.38833507044980176,3.7176260182953964,3.7378533062237924,Middle,Left
20705,690.1666666666666,416,683,0.5164230465888977,False,0.6378956512091554,6.379695024899619,6.411506802036516,Middle,Left
20706,690.2,416,696,0.5039262175559998,False,0.41311121054228095,9.648266645874365,9.657106716929635,Middle,Left
20707,690.2333333333333,416,696,0.5037937760353088,False,0.19869806835591394,6.1582104714431845,6.161415189139656,Middle,Left
20708,690.2666666666667,416,711,0.5013414621353149,False,0.07663263249505414,9.268408548533332,9.268725348336137,Middle,Left
20709,690.3,418,729,0.42543351650238037,False,0.8667058295452151,13.507952918919392,13.535729424553026,Back,Left
20711,690.3666666666667,415,750,0.38403040170669556,False,-0.6246084296042961,17.42550446901734,17.436695262866643,Back,Left
20712,690.4,412,746,0.3448724150657654,False,-1.8929024843467972,9.080101115122087,9.27530679148068,Back,Left
20713,690.4333333333333,412,746,0.32601404190063477,False,-1.3198927189078518,3.7607863393715144,3.9856781957189367,Back,Left
20715,690.5,405,745,0.390779584646225,False,-3.61528251696039,0.80368701817059,3.7035362156478757,Back,Left
20716,690.5333333333333,402,748,0.48870980739593506,False,-3.764514495571905,1.2038943117367467,3.952332336887055,Back,Left
20720,690.6666666666666,394,780,0.48938003182411194,False,-5.578824765705543,14.273688119692228,15.325190318710321,Back,Left
20721,690.7,391,797,0.40313342213630676,False,-4.813573996885065,17.752847132848505,18.39385973486194,Back,Left
20722,690.7333333333333,387,807,0.5667223334312439,False,-4.333846529822404,15.100331151214483,15.709940376092845,Back,Left
20723,690.7666666666667,382,804,0.5283190608024597,False,-4.5295530433952,6.98794397179681,8.327557368514617,Back,Left
20724,690.8,378,806,0.5755537748336792,False,-4.340903819816244,3.4373695367331814,5.537052944026863,Back,Left
20725,690.8333333333334,378,806,0.5763986706733704,False,-2.4750760063021002,1.3539686444852723,2.8212111454518323,Back,Left
20726,690.8666666666667,374,811,0.567619264125824,False,-2.786315730229515,2.5217291157096033,3.7580145132159846,Back,Left
20727,690.9,371,818,0.5518249273300171,False,-2.9319565813594872,4.619969335358231,5.4717900228926535,Back,Left
20738,691.2666666666667,322,897,0.35035666823387146,False,-22.402415211249366,36.38828321466575,42.73143295757752,Back,Left
20739,691.3,315,905,0.3542484641075134,False,-19.370058246414423,30.065726411142492,35.765165470037445,Back,Left
20740,691.3333333333334,309,920,0.4153464138507843,False,-13.18656616489393,22.580361671065717,26.148771680850693,Back,Left
20750,691.6666666666666,365,550,0.3794625997543335,False,17.11747981517845,-144.45446000503028,145.4651131047164,Middle,Left
20752,691.7333333333333,234,1019,0.32737046480178833,False,-40.00153305269777,84.7160429902992,93.68527411765574,Back,Left
20773,692.4333333333333,1304,664,0.40876850485801697,False,418.3346658510707,-60.05283048723905,422.623041376421,Middle,Right
20796,693.2,1090,354,0.27143117785453796,False,233.09154459744488,-191.34223578356648,301.56843229601566,Front,Right
20829,694.3,500,649,0.5747843384742737,False,-147.32266962928222,-9.455396462116596,147.62578876657847,Middle,Left
20832,694.4,452,693,0.5060901045799255,False,-173.17247145968096,45.51098048732978,179.05293691076986,Middle,Left
20833,694.4333333333333,438,684,0.5125994086265564,False,-110.59380116972264,32.29531000488492,115.21274194063677,Middle,Left
20835,694.5,414,672,0.5267536044120789,False,-62.895463700338986,11.244618366184493,63.89272882168825,Middle,Left
20836,694.5333333333333,414,667,0.5087142586708069,False,-27.850763003138155,0.6377939896993556,27.8580649189829,Middle,Left
20837,694.5666666666667,414,667,0.5090616345405579,False,-9.852105871791256,-1.5210514577889103,9.96883080637973,Middle,Left
20838,694.6,415,664,0.5225167274475098,False,-2.0650972222996966,-2.52989572681968,3.2657309941467005,Middle,Left
20839,694.6333333333333,415,665,0.5371775031089783,False,0.19382757179303667,-1.2197179488668226,1.2350226728182254,Middle,Left
20840,694.6666666666666,415,668,0.5076509714126587,False,0.5144519109367978,0.7947637708001691,0.9467366159830445,Middle,Left
20841,694.7,415,674,0.5332410335540771,False,0.35443116883945514,3.350689724464208,3.369383190299811,Middle,Left
20842,694.7333333333333,416,683,0.525844156742096,False,0.5984061674163519,6.190511767483947,6.219367000311137,Middle,Left
20843,694.7666666666667,416,683,0.5260239243507385,False,0.3892944529399137,4.0835299353633125,4.102044234780762,Middle,Left
20844,694.8,416,696,0.5196742415428162,False,0.1877260983051907,7.471649009824821,7.474006958385918,Middle,Left
20845,694.8333333333334,417,710,0.5041303038597107,False,0.4946625236945549,10.830756891993307,10.842047125234624,Middle,Left
20846,694.8666666666667,418,729,0.3245474696159363,False,0.762638423916787,14.877288075710204,14.896822407926575,Back,Left
20848,694.9333333333333,415,751,0.4406890571117401,False,-0.777764316622814,18.604563750066355,18.62081388292399,Back,Left
20849,694.9666666666667,415,750,0.4373305141925812,False,-0.7239119286713515,10.993849168938803,11.017657102571722,Back,Left
20850,695.0,412,746,0.5275756120681763,False,-1.6750147402958184,3.3093326226249413,3.70909109990277,Back,Left
20851,695.0333333333333,410,744,0.4216609001159668,False,-1.981627688804838,-0.3006676306548264,2.004307691239444,Back,Left
20852,695.0666666666667,405,745,0.4217289090156555,False,-3.310253836344592,-0.3948131552994305,3.333715328073407,Back,Left
20853,695.1,402,747,0.4693632423877716,False,-3.4160006532389486,0.599223062689887,3.4681592728403308,Back,Left
20854,695.1333333333333,401,755,0.3116050064563751,False,-2.4150883762357536,3.900052170465622,4.587271389113866,Back,Left
20855,695.1666666666666,401,755,0.30843043327331543,False,-1.2174058687458962,2.8419631766384894,3.0917360409042174,Back,Left
20857,695.2333333333333,394,779,0.5319105982780457,False,-3.4447658772484626,11.583896643741063,12.085241967041076,Back,Left
20858,695.2666666666667,391,797,0.3937045633792877,False,-3.6538501842799698,15.849428006065214,16.265146457643937,Back,Left
20859,695.3,387,807,0.5781093239784241,False,-3.8372030624127555,14.140406868854583,14.651799676454075,Back,Left
20860,695.3333333333334,382,804,0.49942445755004883,False,-4.360664204333416,6.601273863481671,7.911523805414543,Back,Left
20861,695.3666666666667,382,804,0.5000723600387573,False,-2.6133608950838703,2.471868497660581,3.597191826644827,Back,Left
20862,695.4,378,806,0.5765116810798645,False,-2.887348561206555,1.537032714669039,3.2709709995450034,Back,Left
20863,695.4333333333333,374,811,0.5645673274993896,False,-3.4057910811623846,2.832146049925109,4.429499309925632,Back,Left
20864,695.4666666666667,371,819,0.559887707233429,False,-3.3268761856534868,5.24413554230451,6.210399563693926,Back,Left
20865,695.5,367,830,0.34919196367263794,False,-3.596930956232697,8.103289437760145,8.865732457954062,Back,Left
20875,695.8333333333334,323,897,0.47132158279418945,False,-20.698468163213153,33.47192528332471,39.35475024029527,Back,Left
20876,695.8666666666667,316,905,0.43278610706329346,False,-17.9632854791162,27.240186358459617,32.62985409173379,Back,Left
20889,696.3,235,1018,0.3984715938568115,False,-44.08269317311736,62.32769114780014,76.34150195804882,Back,Left
20900,696.6666666666666,250,1030,0.422734797000885,False,-23.798192011528077,47.33622126808753,52.98180618815199,Back,Left
20904,696.8,265,1017,0.32150742411613464,False,-3.8083998128287533,19.19857762591265,19.572666961672546,Back,Left
20907,696.9,279,1013,0.30935633182525635,False,7.26946621275286,4.394043238097547,8.494277779577624,Back,Left
20908,696.9333333333333,284,1008,0.34546270966529846,False,8.285125938323397,-2.208498354306646,8.574425741404161,Back,Left
20909,696.9666666666667,284,1008,0.34668514132499695,False,4.969063186130484,-2.452596443915273,5.541373319355327,Back,Left
20910,697.0,289,1007,0.3222651779651642,False,4.391352599724593,-1.8829679420894339,4.778027409511634,Back,Left
20911,697.0333333333333,292,1001,0.3787379562854767,False,3.701165886079518,-3.5192135196750085,5.107200085501071,Back,Left
20917,697.2333333333333,319,987,0.5431768298149109,False,13.412235408641017,-8.234472472461212,15.738316160140046,Back,Left
20918,697.2666666666667,322,986,0.44065484404563904,False,10.74747554151182,-6.020968970012383,12.319102964633698,Back,Left
20928,697.6,357,966,0.4082539677619934,False,20.50930372301672,-11.526928913722395,23.526615340608537,Back,Left
20929,697.6333333333333,360,964,0.45342111587524414,False,14.858038779309329,-8.486686019436469,17.110965956367227,Back,Left
20930,697.6666666666666,365,961,0.4611193835735321,False,9.690340596044017,-5.629222019331328,11.206731968342215,Back,Left
20931,697.7,367,959,0.37591394782066345,False,5.523738904666565,-3.5883236728501466,6.586938459410695,Back,Left
20932,697.7333333333333,371,958,0.48020923137664795,False,4.1383004345148535,-2.132244340435857,4.655319152714084,Back,Left
20933,697.7666666666667,371,958,0.4815090596675873,False,2.1447756557593367,-0.97285569045509,2.3551031416880117,Back,Left
20934,697.8,374,956,0.5690034031867981,False,2.1505972449779724,-1.1998460211355357,2.462660956067973,Back,Left
20935,697.8333333333334,376,955,0.525729775428772,False,2.0880699293006666,-1.155933666340752,2.3866752335895356,Back,Left
20936,697.8666666666667,379,952,0.47655677795410156,False,2.4618401334613376,-1.9264585411867532,3.1260037353836174,Back,Left
20937,697.9,383,949,0.5021965503692627,False,3.1776589060241713,-2.516853309904811,4.05364856723095,Back,Left
20938,697.9333333333333,386,948,0.4870867431163788,False,3.2301978830163023,-1.9817971086405914,3.7896831191089326,Back,Left
20939,697.9666666666667,386,948,0.4869302213191986,False,1.8761480848061025,-1.0499931674522325,2.149980764522785,Back,Left
20940,698.0,389,946,0.43505892157554626,False,2.1092774159769667,-1.2849701556962914,2.469858198071424,Back,Left
20941,698.0333333333333,394,944,0.5035607218742371,False,3.3709334851809363,-1.6286336905247591,3.7437468209571,Back,Left
20942,698.0666666666667,397,943,0.5105109214782715,False,3.43913752817021,-1.4245233395922174,3.722490252869934,Back,Left
20943,698.1,400,940,0.40651366114616394,False,3.2659360834864044,-2.0531413821307485,3.8576842841834886,Back,Left
20944,698.1333333333333,404,938,0.4765284061431885,False,3.5449151142131226,-2.142701896680917,4.1421726889419554,Back,Left
20945,698.1666666666666,404,938,0.4767381250858307,False,2.0983698067239445,-1.2542605779855585,2.4446524176780944,Back,Left
20946,698.2,1516,797,0.5368950963020325,False,470.3106512319574,-60.08020429939495,474.13261816804476,Back,Right
20947,698.2333333333333,1516,797,0.5440778136253357,False,355.214480991404,-45.20145790199177,358.07890094566875,Back,Right
20948,698.2666666666667,1516,797,0.5441578030586243,False,184.77989047563256,-23.472014208689107,186.26471317777737,Back,Right
20949,698.3,1516,796,0.5415980219841003,False,76.42400980858936,-10.115793284894135,77.09058664328656,Back,Right
20950,698.3333333333334,1516,796,0.5476268529891968,False,24.862788487317026,-3.466635909354684,25.103302888127917,Back,Right
20951,698.3666666666667,1516,796,0.547473669052124,False,5.182825546039531,-0.8188585312725754,5.247114438900475,Back,Right
20952,698.4,1516,796,0.5382173657417297,False,-0.5108100883412003,-0.001521687952073414,0.5108123548675858,Back,Right
20953,698.4333333333333,1516,796,0.5411374568939209,False,-1.3095477280657788,0.1447320798134603,1.3175213952757552,Back,Right
20954,698.4666666666667,1516,796,0.5409520268440247,False,-0.8991086023774771,0.10969884362760529,0.9057759740478957,Back,Right
20955,698.5,1516,796,0.5419667363166809,False,-0.4464894470406475,0.05715559132921652,0.45013285587574653,Back,Right
20956,698.5333333333333,1516,796,0.5358743667602539,False,-0.1773983657937584,0.023670451016942443,0.17897058539782895,Back,Right
20957,698.5666666666667,1516,796,0.5371665954589844,False,-0.05458208942469159,0.00771407144621411,0.05512450801814312,Back,Right
20958,698.6,1516,796,0.5336786508560181,False,-0.009663787805514072,0.0016154110970943497,0.009797874655384098,Back,Right
20959,698.6333333333333,1516,796,0.5275394916534424,False,0.002417483866964526,-0.00015292377493112417,0.0024223158192054443,Back,Right
20960,698.6666666666666,1516,796,0.5272364020347595,False,0.0035494282545328005,-0.0004034125343482137,0.00357227974925607,Back,Right
20961,698.7,1516,796,0.5154599547386169,False,0.002252936867271504,-0.0002777646582668151,0.0022699950954337363,Back,Right
20962,698.7333333333333,1516,796,0.5150460600852966,False,0.0010710371857780997,-0.00013814045372974115,0.0010799089953677256,Back,Right
20963,698.7666666666667,1516,796,0.5064102411270142,False,0.00040841152960134674,-5.4959241124844036e-05,0.0004120928241262282,Back,Right
20964,698.8,1516,796,0.496520459651947,False,0.00011797905732375923,-1.6942879157927036e-05,0.00011918942537474952,Back,Right
20965,698.8333333333334,1516,796,0.49777305126190186,False,1.6440582376546942e-05,-3.0188361634446743e-06,1.671544557173835e-05,Back,Right
20966,698.8666666666667,1516,796,0.4977581202983856,False,-8.58814221129088e-06,7.359797860665187e-07,8.619620228690747e-06,Back,Right
20967,698.9,1516,796,0.49486926198005676,False,-9.422195260931739e-06,1.0942695730430724e-06,9.485525258709315e-06,Back,Right
20968,698.9333333333333,1516,796,0.49223750829696655,False,-5.593841677069451e-06,6.962282077459812e-07,5.6370026100207145e-06,Back,Right
20969,698.9666666666667,1516,796,0.4866350293159485,False,-2.5507443989375625e-06,3.3145000355993407e-07,2.5721889692577464e-06,Back,Right
20970,699.0,1516,796,0.4822804033756256,False,-9.319812113165001e-07,1.2656425567509314e-07,9.40535745764913e-07,Back,Right
20971,699.0333333333333,1516,796,0.49380505084991455,False,-2.5021980744587413e-07,3.66425965076493e-08,2.528885760904844e-07,Back,Right
20972,699.0666666666667,1516,796,0.49385684728622437,False,-2.3148190032979113e-08,5.1565199565081176e-09,2.3715572939838077e-08,Back,Right
20973,699.1,1516,796,0.49214503169059753,False,2.7075922169288526e-08,-2.629321574707366e-09,2.720328828029052e-08,Back,Right
20974,699.1333333333333,1516,796,0.4913722574710846,False,2.4595278344458996e-08,-2.9065801637638703e-09,2.4766427378404808e-08,Back,Right
20975,699.1666666666666,1516,796,0.4914360046386719,False,1.3772116475495237e-08,-1.7291188868049751e-09,1.3880239347335228e-08,Back,Right
20976,699.2,1516,796,0.48974230885505676,False,6.0310451525853496e-09,-7.895203350023783e-10,6.082503431310624e-09,Back,Right
20977,699.2333333333333,1516,796,0.49259644746780396,False,2.1063341801153827e-09,-2.8889055659695997e-10,2.1260530172159966e-09,Back,Right
20978,699.2666666666667,1516,796,0.4934045076370239,False,5.180234674517826e-10,-7.77555978138832e-11,5.238265417312896e-10,Back,Right
20979,699.3,1516,796,0.4987308979034424,False,1.648196990616475e-11,-7.313297928983936e-12,1.8031629393535162e-11,Back,Right
20980,699.3333333333334,1516,796,0.49658700823783875,False,-7.977637721175616e-11,8.329883108125843e-12,8.021008236891075e-11,Back,Right
20981,699.3666666666667,1516,796,0.49719154834747314,False,-6.326946225235197e-11,7.610104839547173e-12,6.372549371617839e-11,Back,Right
20982,699.4,1516,796,0.4939749836921692,False,-3.361459758691074e-11,4.251139586180043e-12,3.3882345826567736e-11,Back,Right
20983,699.4333333333333,1516,796,0.492186963558197,False,-1.4132599117381377e-11,1.8998639088230515e-12,1.4259727931649231e-11,Back,Right
20984,699.4666666666667,1516,796,0.4914281666278839,False,-4.727496407953411e-12,6.522482432866888e-13,4.7722793357140124e-12,Back,Right
20985,699.5,1516,796,0.4943714141845703,False,-1.0806198471548115e-12,1.2441084632899673e-13,1.0877579292973164e-12,Back,Right
20986,699.5333333333333,1516,796,0.49393826723098755,False,7.102538257106167e-14,-1.9544807386737415e-14,7.366549032722403e-14,Back,Right
20987,699.5666666666667,1516,796,0.49377092719078064,False,2.6296625419204057e-13,-6.753002529198214e-14,2.714987203648088e-13,Back,Right
20988,699.6,1516,796,0.49502041935920715,False,1.6699581838155112e-13,-1.954480738673742e-14,1.681356679967361e-13,Back,Right
20989,699.6333333333333,1516,796,0.5010911226272583,False,7.102538257106166e-14,-1.954480738673742e-14,7.366549032722402e-14,Back,Right
20990,699.6666666666666,1516,796,0.5012304782867432,False,7.102538257106166e-14,-1.954480738673742e-14,7.366549032722402e-14,Back,Right
20991,699.7,1516,796,0.503734290599823,False,7.102538257106166e-14,-1.954480738673742e-14,7.366549032722402e-14,Back,Right
20992,699.7333333333333,366,886,0.5271713137626648,False,-485.3948064432714,37.98741963469079,486.8790015728785,Back,Left
20993,699.7666666666667,366,887,0.549927294254303,False,-366.9930076167493,29.143274340826657,368.14833705843637,Back,Left
20994,699.8,366,887,0.5163673162460327,False,-190.99799825064008,15.266793782760274,191.60717713112115,Back,Left
20995,699.8333333333334,366,887,0.5119289755821228,False,-79.02695491881356,6.350803426907692,79.28172745284637,Back,Left
20996,699.8666666666667,366,887,0.5119648575782776,False,-25.72302197878232,2.081825159138477,25.807128002048973,Back,Left
20997,699.9,366,887,0.5162877440452576,False,-5.369499261040513,0.44258952649778327,5.387708956809021,Back,Left
20998,699.9333333333333,366,887,0.5185480713844299,False,0.5229251604106295,-0.036255447979022914,0.5241804850417863,Back,Left
20999,699.9666666666667,1516,796,0.5029084086418152,False,486.7467706195913,-38.515762684666875,488.26824869510267,Back,Right
21000,700.0,366,886,0.5056753158569336,False,-117.47277871503968,8.873221837009154,117.80741829274359,Back,Left
21001,700.0333333333333,1516,796,0.4969084560871124,False,309.86134511079115,-24.416911372463765,310.8218762488245,Back,Right
21002,700.0666666666667,1516,796,0.49687349796295166,False,255.20541917091293,-20.041718459421364,255.99116479481881,Back,Right
21003,700.1,1516,796,0.4974525570869446,False,137.75054381899167,-10.80300471354259,138.17350409274843,Back,Right
21004,700.1333333333333,1516,796,0.4954148530960083,False,58.683450825737864,-4.597336132248516,58.86325594400697,Back,Right
21005,700.1666666666666,1516,796,0.49802613258361816,False,19.828110501537232,-1.551319164002264,19.888704261710256,Back,Right
21006,700.2,1516,796,0.4989863932132721,False,4.536795000091045,-0.35387573806617656,4.550575448318925,Back,Right
21007,700.2333333333333,1516,796,0.4993944466114044,False,-0.10230920368229501,0.008817837989508526,0.1026884970428263,Back,Right
21008,700.2666666666667,1516,796,0.49952635169029236,False,-0.8855993372829016,0.06971114478018164,0.8883388035555343,Back,Right
21009,700.3,1516,796,0.4987652003765106,False,-0.6513493543555238,0.051135655666808874,0.6533535311757579,Back,Right
21010,700.3333333333334,1516,796,0.49618420004844666,False,-0.3346937547338739,0.02624290332603253,0.3357210142854302,Back,Right
21011,700.3666666666667,1516,796,0.49490371346473694,False,-0.1370120672019118,0.010731501540474194,0.13743169825136559,Back,Right
21012,700.4,1516,796,0.4974370300769806,False,-0.04396397789945401,0.0034385113217968036,0.04409823933961316,Back,Right
21013,700.4333333333333,1516,796,0.5015846490859985,False,-0.008830703994048304,0.0006879037081657905,0.008857457001996054,Back,Right
21014,700.4666666666667,1516,796,0.5017352104187012,False,0.0011556998492124708,-9.247897910000507e-05,0.001159394024068223,Back,Right
21015,700.5,1516,796,0.5017373561859131,False,0.002447012897191987,-0.0001924732004825213,0.002454570848830383,Back,Right
21016,700.5333333333333,1516,796,0.5016114711761475,False,0.0016442237726971595,-0.000129047971480615,0.001649280204709237,Back,Right
21017,700.5666666666667,366,886,0.5110455751419067,False,-485.3939992372431,37.987356355034045,486.8781918903014,Back,Left
21018,700.6,366,886,0.5149024724960327,False,-366.99269023592444,28.72116704687757,368.11484637696407,Back,Left
21019,700.6333333333333,366,886,0.5138797760009766,False,-190.997902094805,14.9476619107464,191.5819177302876,Back,Left
21020,700.6666666666666,366,886,0.5129194259643555,False,-79.0269387606934,6.184716954975432,79.26857999043217,Back,Left
21021,700.7,366,886,0.5163258910179138,False,-25.723026892600757,2.0131064575134126,25.80168037409083,Back,Left
21022,700.7333333333333,366,885,0.5100139379501343,False,-5.369505854863924,-0.0018602407427907863,5.369506177099862,Back,Left
21023,700.7666666666667,366,885,0.5091533064842224,False,0.5229210504253734,-0.36004860972601826,0.6348869398118175,Back,Left
21024,700.8,1516,796,0.4995618164539337,False,486.7467686868632,-37.83722815075121,488.21519093657326,Back,Right
21025,700.8333333333334,1516,796,0.49901750683784485,False,367.9220269991605,-28.543492501914667,369.0275720259637,Back,Right
21026,700.8666666666667,1516,796,0.4989710748195648,False,191.45954607736158,-14.84007319192921,192.0338135758678,Back,Right
21027,700.9,1516,796,0.5012383460998535,False,79.21040977825355,-6.135025586443911,79.44764034372051,Back,Right
21028,700.9333333333333,1516,796,0.5022138357162476,False,25.77950050395274,-1.9947035636789883,25.856556006944412,Back,Right
21029,700.9666666666667,1516,796,0.5035777688026428,False,5.379517903129191,-0.4151609981309232,5.39551401855806,Back,Right
21030,701.0,364,890,0.5286928415298462,False,-486.764383530065,39.71722173839861,488.38204591899296,Back,Left
21031,701.0333333333333,364,897,0.578896701335907,False,-368.98688574241373,33.057584862993906,370.46474294709765,Back,Left
21032,701.0666666666667,364,897,0.5789227485656738,False,-192.26151690031202,17.91812057675282,193.0946657104023,Back,Left
21033,701.1,1516,796,0.5076421499252319,False,406.61192295075205,-34.97227982234071,408.1131169684214,Back,Right
21034,701.1333333333333,363,910,0.5593067407608032,False,-144.98143238442765,18.483689073303772,146.1549263555592,Back,Left
21035,701.1666666666666,1516,796,0.49590545892715454,False,304.6054036389391,-27.91197714440854,305.8815626907758,Back,Right
21036,701.2,1516,796,0.49437451362609863,False,256.1323187889602,-24.39637604920873,257.2915620313732,Back,Right
21037,701.2333333333333,1516,796,0.4930140972137451,False,139.38771069907352,-13.472777166048528,140.0373150931373,Back,Right
21038,701.2666666666667,1516,796,0.4925070106983185,False,59.75613497384859,-5.8400761827104155,60.040837409488816,Back,Right
21039,701.3,1516,796,0.49346616864204407,False,20.347468883442886,-2.015289520750683,20.447026234030318,Back,Right
21040,701.3333333333334,1516,796,0.4910571873188019,False,4.7383643589851765,-0.4832717403933764,4.762945346480878,Back,Right
21041,701.3666666666667,1516,796,0.49137693643569946,False,-0.04243398589120417,-0.006356762714394559,0.04290747709691205,Back,Right
21042,701.4,1516,796,0.49382051825523376,False,-0.8762397169566626,0.08129042892544017,0.880002372387242,Back,Right
21043,701.4333333333333,1516,796,0.4959040582180023,False,-0.6549398002793047,0.0625938278402932,0.6579241060134488,Back,Right
21044,701.4666666666667,1516,796,0.4960862398147583,False,-0.33907583722767176,0.03284320569407957,0.3406627357841039,Back,Right
21045,701.5,1516,796,0.494019091129303,False,-0.13968558251683294,0.013680485249190084,0.14035390140541248,Back,Right
21046,701.5333333333333,1516,796,0.4930741786956787,False,-0.045204661975182955,0.004492285275527643,0.0454273275824946,Back,Right
21047,701.5666666666667,1516,796,0.4922286570072174,False,-0.009292453083291734,0.0009592597649157211,0.0093418340598495,Back,Right
21048,701.6,1516,796,0.49207988381385803,False,0.0010276170038754934,-7.504810346367283e-05,0.0010303537860791021,Back,Right
21049,701.6333333333333,1516,796,0.4939289689064026,False,0.0024324354098139676,-0.00022763727308414405,0.002443063804122608,Back,Right
21050,701.6666666666666,1516,796,0.4934777319431305,False,0.0016560205732872137,-0.00015873988516911577,0.0016636112798048756,Back,Right
21051,701.7,1516,796,0.4988662600517273,False,0.0008187222806722505,-7.946425029478282e-05,0.0008225695958057794,Back,Right
21052,701.7333333333333,1516,796,0.49621424078941345,False,0.0003239862886714232,-3.180054692931991e-05,0.00032554322298596023,Back,Right
21053,701.7666666666667,1516,796,0.49556100368499756,False,9.909837391762079e-05,-9.886634775389021e-06,9.959032714224065e-05,Back,Right
21054,701.8,1516,796,0.4949261248111725,False,1.720610179993484e-05,-1.8096177902792853e-06,1.7301001580735613e-05,Back,Right
21055,701.8333333333334,1516,796,0.49860331416130066,False,-4.645693585388142e-06,3.9313960690266987e-07,4.662298536112002e-06,Back,Right
21056,701.8666666666667,1516,796,0.4987379014492035,False,-6.577803700866141e-06,6.196313709423979e-07,6.606923986469366e-06,Back,Right
21057,701.9,1516,796,0.4991304576396942,False,-4.145640589301944e-06,3.9844619618037497e-07,4.164744321914417e-06,Back,Right
21058,701.9333333333333,1516,796,0.4966212213039398,False,-1.9625399527531295e-06,1.9086411091622043e-07,1.971799222788186e-06,Back,Right
21059,701.9666666666667,1516,796,0.4967946410179138,False,-7.45259102419925e-07,7.332225629295355e-08,7.488573181906162e-07,Back,Right
21060,702.0,1516,796,0.4976712465286255,False,-2.138353862464309e-07,2.14337288224246e-08,2.149069034312149e-07,Back,Right
21061,702.0333333333333,1516,796,0.495025098323822,False,-2.890419525705012e-08,3.1428194317392236e-09,2.9074556186435523e-08,Back,Right
21062,702.0666666666667,1516,796,0.4950360655784607,False,1.6241929245612888e-08,-1.4423120947606248e-09,1.6305843424925556e-08,Back,Right
21063,702.1,1516,796,0.4969025254249573,False,1.7429371447896073e-08,-1.6503759995977659e-09,1.7507333606485688e-08,Back,Right
21064,702.1333333333333,1516,796,0.4956034719944,False,1.0284276531369324e-08,-9.908191794901773e-10,1.0331895586973352e-08,Back,Right
21065,702.1666666666666,1516,796,0.49578505754470825,False,4.6704858886347435e-09,-4.551122067960251e-10,4.692607543435847e-09,Back,Right
21066,702.2,1516,796,0.4942879378795624,False,1.6990492550703694e-09,-1.6758478110779874e-10,1.7072940666487792e-09,Back,Right
21067,702.2333333333333,1516,796,0.49172717332839966,False,4.5258523476373236e-10,-4.565434241057188e-11,4.5488208769645403e-10,Back,Right
21068,702.2666666666667,1516,796,0.4917636215686798,False,3.952847903538583e-11,-4.626981101587644e-12,3.979836188796451e-11,Back,Right
21069,702.3,1516,796,0.49321264028549194,False,-5.0779701062284755e-11,4.6341659541245894e-12,5.099072007792566e-11,Back,Right
21070,702.3333333333334,1516,796,0.4911644160747528,False,-4.550132709270784e-11,4.298269428787877e-12,4.570389356805436e-11,Back,Right
21071,702.3666666666667,1516,796,0.4927850067615509,False,-2.534753557250505e-11,2.426845930483332e-12,2.5463447150174157e-11,Back,Right
21072,702.4,1516,796,0.49296489357948303,False,-1.1143911072552613e-11,1.08325982913648e-12,1.1196437194499933e-11,Back,Right
21073,702.4333333333333,1516,796,0.49439573287963867,False,-3.946128386765904e-12,3.634815605578092e-13,3.9628333411468635e-12,Back,Right
21074,702.4666666666667,1516,796,0.49442124366760254,False,-1.0670153124512203e-12,7.557025312634088e-14,1.069688057408773e-12,Back,Right
21075,702.5,1516,796,0.5010086297988892,False,-1.0731095434632563e-13,-2.040018268414858e-14,1.0923281730444299e-13,Back,Right
21076,702.5333333333333,1516,796,0.5012247562408447,False,8.462991727465324e-14,-2.040018268414858e-14,8.705395080903156e-14,Back,Right
21077,702.5666666666667,1516,796,0.5018486976623535,False,8.462991727465324e-14,-2.040018268414858e-14,8.705395080903156e-14,Back,Right
21078,702.6,1516,796,0.5019347667694092,False,8.462991727465324e-14,-2.040018268414858e-14,8.705395080903156e-14,Back,Right
21079,702.6333333333333,1516,796,0.49591192603111267,False,8.462991727465324e-14,-2.040018268414858e-14,8.705395080903156e-14,Back,Right
21080,702.6666666666666,1516,796,0.4958408772945404,False,8.462991727465324e-14,-2.040018268414858e-14,8.705395080903156e-14,Back,Right
21081,702.7,1516,796,0.4988313913345337,False,8.462991727465324e-14,-2.040018268414858e-14,8.705395080903156e-14,Back,Right
21082,702.7333333333333,1516,796,0.5010960102081299,False,8.462991727465324e-14,-2.040018268414858e-14,8.705395080903156e-14,Back,Right
21083,702.7666666666667,1516,796,0.49706965684890747,False,8.462991727465324e-14,-2.040018268414858e-14,8.705395080903156e-14,Back,Right
21084,702.8,1516,796,0.5067411065101624,False,8.462991727465324e-14,-2.040018268414858e-14,8.705395080903156e-14,Back,Right
21085,702.8333333333334,1516,796,0.5003342628479004,False,8.462991727465324e-14,-2.040018268414858e-14,8.705395080903156e-14,Back,Right
21086,702.8666666666667,1516,796,0.5003247261047363,False,8.462991727465324e-14,-2.040018268414858e-14,8.705395080903156e-14,Back,Right
21087,702.9,1516,796,0.5006008148193359,False,8.462991727465324e-14,-2.040018268414858e-14,8.705395080903156e-14,Back,Right
21088,702.9333333333333,1516,796,0.5054984092712402,False,8.462991727465324e-14,-2.040018268414858e-14,8.705395080903156e-14,Back,Right
21089,702.9666666666667,1516,796,0.5078571438789368,False,8.462991727465324e-14,-2.040018268414858e-14,8.705395080903156e-14,Back,Right
21090,703.0,1516,796,0.5066845417022705,False,8.462991727465324e-14,-2.040018268414858e-14,8.705395080903156e-14,Back,Right
21091,703.0333333333333,1516,796,0.5075387358665466,False,8.462991727465324e-14,-2.040018268414858e-14,8.705395080903156e-14,Back,Right
21092,703.0666666666667,1516,796,0.5073105692863464,False,8.462991727465324e-14,-2.040018268414858e-14,8.705395080903156e-14,Back,Right
21093,703.1,1516,796,0.5077415108680725,False,8.462991727465324e-14,-2.040018268414858e-14,8.705395080903156e-14,Back,Right
21094,703.1333333333333,1516,796,0.5059557557106018,False,8.462991727465324e-14,-2.040018268414858e-14,8.705395080903156e-14,Back,Right
21095,703.1666666666666,1516,796,0.504763662815094,False,8.462991727465324e-14,-2.040018268414858e-14,8.705395080903156e-14,Back,Right
21096,703.2,1516,796,0.5046337842941284,False,8.462991727465324e-14,-2.040018268414858e-14,8.705395080903156e-14,Back,Right
21097,703.2333333333333,1516,796,0.5030061602592468,False,8.462991727465324e-14,-2.040018268414858e-14,8.705395080903156e-14,Back,Right
21098,703.2666666666667,1516,796,0.5031457543373108,False,8.462991727465324e-14,-2.040018268414858e-14,8.705395080903156e-14,Back,Right
21099,703.3,1516,796,0.4995257556438446,False,8.462991727465324e-14,-2.040018268414858e-14,8.705395080903156e-14,Back,Right
21100,703.3333333333334,1516,796,0.49883294105529785,False,8.462991727465324e-14,-2.040018268414858e-14,8.705395080903156e-14,Back,Right
21101,703.3666666666667,1516,796,0.4998356103897095,False,8.462991727465324e-14,-2.040018268414858e-14,8.705395080903156e-14,Back,Right
21102,703.4,1516,796,0.5002391338348389,False,8.462991727465324e-14,-2.040018268414858e-14,8.705395080903156e-14,Back,Right
21116,703.8666666666667,1246,783,0.4685993194580078,False,-113.96225890407237,-5.4870717250109164,114.09427860604684,Back,Right
21117,703.9,1246,747,0.5449215173721313,False,-86.16357570132377,-19.34358446171788,88.30818782800021,Back,Right
21118,703.9333333333333,1244,716,0.5250232815742493,False,-45.68717316570383,-26.732140218437145,52.93321369925685,Back,Right
21119,703.9666666666667,1243,686,0.5146337747573853,False,-19.614485782396915,-29.4277441568565,35.36552245717929,Middle,Right
21120,704.0,1243,686,0.5142167210578918,False,-6.690612989903679,-17.487041597455423,18.723272310464434,Middle,Right
21121,704.0333333333333,1242,661,0.5285047888755798,False,-1.986270882619559,-18.530850428446826,18.636997870381652,Middle,Right
21129,704.3,1261,736,0.25904810428619385,False,7.709760964556411,20.760920884876427,22.146246863039707,Back,Right
21133,704.4333333333333,1274,647,0.5585875511169434,False,11.670060815074455,-18.56726648247801,21.93020073001813,Middle,Right
21159,705.3,1296,800,0.4795666038990021,False,16.73568837719403,46.84180641538767,49.74171381964237,Back,Right
21160,705.3333333333334,1301,760,0.37782108783721924,False,12.684720105317076,21.840265761300063,25.256669073226007,Back,Right
21161,705.3666666666667,1305,728,0.4925042390823364,False,8.297357722841587,-5.338879137325577,9.866598989711157,Back,Right
21162,705.4,1305,728,0.4923710823059082,False,4.013564382800439,-7.92749414331725,8.885598598136964,Back,Right
21163,705.4333333333333,1309,695,0.5295663475990295,False,3.2446659477307978,-18.97132964922233,19.246797286089603,Middle,Right
21190,706.3333333333334,493,601,0.4129503071308136,False,-342.68110394210083,-52.60711283364566,346.6956119129125,Middle,Left
21191,706.3666666666667,488,604,0.45466649532318115,False,-261.77975608049553,-35.128662354458434,264.1262266651634,Middle,Left
21192,706.4,488,604,0.4616831839084625,False,-136.8742525177794,-17.187622181401302,137.9491767229926,Middle,Left
21201,706.7,869,502,0.6296917200088501,False,103.96373922872314,-49.789176933925475,115.27107709297977,Middle,Left
21203,706.7666666666667,800,345,0.5644680261611938,False,73.86493406756958,-100.84906667343027,125.00625077854461,Front,Left
21204,706.8,800,345,0.5647048950195312,False,37.32563234914456,-67.37894898376848,77.02678492849603,Front,Left
21205,706.8333333333334,774,297,0.5241451859474182,False,4.087387259589761,-53.23661339821512,53.39329303124948,Front,Left
21225,707.5,293,252,0.4953039884567261,False,-206.58099352620468,-47.24057570879029,211.9136118317362,Front,Left
21226,707.5333333333333,300,271,0.5442883372306824,False,-153.9635341540046,-18.21337624203598,155.03708241361258,Front,Left
21227,707.5666666666667,308,296,0.48985281586647034,False,-76.22758130611491,5.19753075002048,76.4045710522464,Front,Left
21228,707.6,308,296,0.48973608016967773,False,-30.204318965322393,7.174481330498694,31.044710765613655,Front,Left
21229,707.6333333333333,317,324,0.48133718967437744,False,-5.45765509518721,16.31676790902399,17.2053164497192,Front,Left
21254,708.4666666666667,724,601,0.38007089495658875,False,173.0421854449737,127.97531382015885,215.22378793000743,Middle,Left
21290,709.6666666666666,1186,527,0.5675302743911743,False,326.80659175945493,62.61745088073306,332.75139905375613,Middle,Right
21291,709.7,1179,471,0.530131995677948,False,213.3063713510337,0.9073700532509363,213.30830124343177,Middle,Right
21299,709.9666666666667,1236,423,0.42732587456703186,False,127.11172535116621,-30.729444273153653,130.77342798553215,Middle,Right
21300,710.0,1236,423,0.4278680086135864,False,58.10421279294022,-23.39529737975803,62.63736491723284,Middle,Right
21301,710.0333333333333,1250,432,0.49600082635879517,False,27.194663169585024,-8.415206631854952,28.466917774216437,Middle,Right
21302,710.0666666666667,1264,443,0.46473371982574463,False,16.118780416966498,2.448368056467089,16.303667939157467,Middle,Right
21303,710.1,1278,459,0.4153240919113159,False,13.251272172102176,10.103658731135766,16.663737093893,Middle,Right
21304,710.1333333333333,1294,480,0.3559629023075104,False,13.900605043568177,16.066630534423137,21.24531565561997,Middle,Right
21305,710.1666666666666,1311,502,0.547275960445404,False,15.324486210369392,19.63332641100748,24.905970841807505,Middle,Right
21306,710.2,1311,502,0.5473050475120544,False,9.109959209632944,11.981863748868404,15.051791112609253,Middle,Right
21307,710.2333333333333,1328,529,0.46652019023895264,False,11.33306660770299,16.957619832696086,20.396060137312798,Middle,Right
21310,710.3333333333334,1386,636,0.5337425470352173,False,31.426414295329394,55.8493761836187,64.08410361049798,Middle,Right
21311,710.3666666666667,1407,683,0.47292155027389526,False,30.605309860062196,59.04291576663885,66.50376601258631,Middle,Right
21312,710.4,1407,683,0.4666013717651367,False,17.541063285555268,34.69087832266958,38.873460612429675,Middle,Right
21327,710.9,973,452,0.3630193769931793,False,-175.3739330221846,-81.79097879669817,193.50912277252363,Middle,Right
21328,710.9333333333333,954,468,0.4294648766517639,False,-143.73974023784487,-61.26678442437463,156.2521417368284,Middle,Left
21331,711.0333333333333,912,519,0.3815077543258667,False,-95.16143749408826,-10.22448724322917,95.70913919437486,Middle,Left
21338,711.2666666666667,743,801,0.3644684851169586,False,-117.67299929214134,122.21170577786867,169.65445998129442,Back,Left
21340,711.3333333333334,859,638,0.3124309480190277,False,-23.054244970354446,25.42283574334442,34.319364626784456,Middle,Left
21349,711.6333333333333,498,852,0.535038411617279,False,-148.83854354031092,87.77466110559665,172.79265949513993,Back,Left
21350,711.6666666666666,498,824,0.3953762650489807,False,-108.42533177272763,50.01641092331591,119.40558584788258,Back,Left
21351,711.7,499,803,0.48298582434654236,False,-55.03906208046584,13.314863204138419,56.62670692210781,Back,Left
21352,711.7333333333333,499,785,0.4655599296092987,False,-22.29708502645849,-6.441103033003177,23.20878732202271,Back,Left
21353,711.7666666666667,500,772,0.4898625314235687,False,-6.630693883949251,-12.729094510628904,14.352558951043013,Back,Left
21354,711.8,500,772,0.48984378576278687,False,-1.0409706586992566,-8.476595469191198,8.540274624424294,Back,Left
21355,711.8333333333334,501,764,0.5315936207771301,False,0.816316457698202,-7.5178349347360145,7.562024508360588,Back,Left
21356,711.8666666666667,502,761,0.5537298917770386,False,1.2247284164041377,-5.44012951243362,5.576286291610129,Back,Left
21357,711.9,503,762,0.5576141476631165,False,1.2026345531897984,-2.351713258791533,2.6413793972282584,Back,Left
21358,711.9333333333333,504,768,0.5218456387519836,False,1.1131699655021514,1.7236106870135681,2.0518238648781346,Back,Left
21359,711.9666666666667,505,779,0.5032269358634949,False,1.0494644731249965,6.365045303224541,6.450982668745306,Back,Left
21360,712.0,505,779,0.5023329257965088,False,0.5951545852649841,4.505359671774027,4.544499395138006,Back,Left
21361,712.0333333333333,506,792,0.5153419375419617,False,0.685095789998811,7.759488526736849,7.789673833867172,Back,Left
21362,712.0666666666667,506,808,0.45994967222213745,False,0.4119522352541271,11.817398445781432,11.824576553538323,Back,Left
21363,712.1,508,829,0.48529210686683655,False,1.03357780734459,16.416144524570875,16.448649918319543,Back,Left
21398,713.2666666666667,1786,779,0.4398782253265381,False,540.1294264018187,-10.7976607300978,540.2373429728826,Back,Right
21404,713.4666666666667,1768,778,0.5115631222724915,False,400.5946549397283,-11.51047718700424,400.75998883540325,Back,Right
21413,713.7666666666667,1387,333,0.4348331093788147,False,45.83865561566,-194.60578366574032,199.93147172170768,Front,Right
21414,713.8,1387,333,0.43544936180114746,False,-36.7100896160825,-145.0851851001412,149.65741416703364,Front,Right
21415,713.8333333333334,1391,330,0.35730600357055664,False,-34.23343066521822,-76.29125119127072,83.61987074517558,Front,Right
21416,713.8666666666667,1390,725,0.5287988781929016,False,-19.764957473073533,134.8883962979076,136.32876805624622,Back,Right
21417,713.9,1401,331,0.34855547547340393,False,-4.2019987543885,-50.72369711091545,50.897448287038664,Front,Right
21418,713.9333333333333,1406,335,0.44931545853614807,False,2.4546002482886955,-60.693245622591384,60.742860704638424,Front,Right
21419,713.9666666666667,1411,343,0.3069723844528198,False,4.7148657733452275,-33.47514369516939,33.80554990934035,Front,Right
21420,714.0,1411,343,0.3101753294467926,False,3.1274781313316558,-14.496870876462797,14.830387205693349,Front,Right
21421,714.0333333333333,1417,351,0.4711759686470032,False,4.057120370158272,-1.6202893480074447,4.3687026986531805,Front,Right
21422,714.0666666666667,1400,625,0.5732146501541138,False,-4.665101284176525,117.00820418066317,117.10116573106943,Middle,Right
21424,714.1333333333333,1434,399,0.47930872440338135,False,10.100863953790977,-6.635444131084526,12.085386689292898,Middle,Right
21425,714.1666666666666,1439,421,0.5208300352096558,False,10.578488513109246,-16.57648538313984,19.66428963576953,Middle,Right
21426,714.2,1439,421,0.5208588242530823,False,6.1985847941408645,-11.350874132026963,12.933089229231863,Middle,Right
21427,714.2333333333333,1446,449,0.5020279884338379,False,5.7565525240129425,6.18940023886487,8.452607424847097,Middle,Right
21428,714.2666666666667,1453,479,0.5581508278846741,False,6.202640234904705,19.364299080134202,20.333441045443955,Middle,Right
21429,714.3,1459,515,0.370693564414978,False,6.196581475616641,28.73309180201992,29.3936759607787,Middle,Right
21430,714.3333333333334,1467,555,0.43915605545043945,False,6.9566933777279765,35.157739934230214,35.839395363687295,Middle,Right
21433,714.4333333333333,1480,655,0.5656697154045105,False,9.64288364634266,63.67109340953501,64.39715320557761,Middle,Right
21449,714.9666666666667,778,595,0.3050081431865692,False,-290.2505269357209,16.55145268234822,290.7220648185474,Middle,Left
21450,715.0,778,595,0.30480632185935974,False,-221.1679628609636,1.1708421529789508,221.17106200273074,Middle,Left
21453,715.1,540,740,0.4739497900009155,False,-215.96516361999406,59.13849316754827,223.9158620364778,Back,Left
21454,715.1333333333333,505,752,0.5166299939155579,False,-138.65604838999087,49.56930786346387,147.25018179000782,Back,Left
21455,715.1666666666666,479,737,0.5415470004081726,False,-77.33301241540661,20.61095214482235,80.03253187021882,Back,Left
21456,715.2,479,737,0.5409456491470337,False,-33.7671870199323,6.752396234977924,34.43570493184695,Back,Left
21462,715.4,503,485,0.538421094417572,False,-1.6232637061153667,-104.93139806226192,104.94395306238685,Middle,Left
21463,715.4333333333333,503,485,0.5442805290222168,False,4.788442622301436,-80.53856600102712,80.68078951180928,Middle,Left
21473,715.7666666666667,509,414,0.422645628452301,False,6.442088194822562,-72.16683426938012,72.45379540627287,Middle,Left
21474,715.8,494,430,0.4821276366710663,False,-2.313637827893988,-33.461707666844426,33.54159805346217,Middle,Left
21475,715.8333333333334,494,430,0.48206549882888794,False,-2.896955920526832,-12.442651315886565,12.775442277048928,Middle,Left
21476,715.8666666666667,480,448,0.5614914298057556,False,-7.68727607156037,4.151277516711215,8.736550716451925,Middle,Left
21477,715.9,464,472,0.5150945782661438,False,-12.049343588829103,15.48534267634141,19.620971401166088,Middle,Left
21478,715.9333333333333,448,500,0.525573194026947,False,-14.493964260657481,22.78676413770476,27.005770121524108,Middle,Left
21479,715.9666666666667,430,531,0.543644905090332,False,-16.409318321871403,27.554201193680306,32.07023123100795,Middle,Left
21480,716.0,411,569,0.5008649826049805,False,-17.84402676222542,32.81252545547514,37.35065083579162,Middle,Left
21481,716.0333333333333,411,569,0.5046042203903198,False,-10.56797485432665,19.89972396214108,22.53177991839731,Middle,Left
21482,716.0666666666667,392,608,0.6488009095191956,False,-12.83072986238448,25.661153186672127,28.690109997546855,Middle,Left
21488,716.2666666666667,283,845,0.3605358600616455,False,-53.82520801217218,115.88998867750001,127.77966384845706,Back,Left
21489,716.3,267,825,0.5248993635177612,False,-45.163165214639136,74.60780127931105,87.21258799014026,Back,Left
21490,716.3333333333334,251,804,0.5128281712532043,False,-31.310731280841242,26.898857452653296,41.278449893367025,Back,Left
21492,716.4,216,781,0.28201058506965637,False,-30.40004603825403,-2.662093523383419,30.516381519688807,Back,Left
21493,716.4333333333333,216,781,0.26475581526756287,False,-17.40647857647472,-6.804860028691275,18.689344997708016,Back,Left
21498,716.6,363,807,0.354056715965271,False,54.30145976077092,6.303446637844912,54.66609526632373,Back,Left
21499,716.6333333333333,363,807,0.35079723596572876,False,44.15679350244399,5.978164343449785,44.55963264362459,Back,Left
21503,716.7666666666667,20,884,0.5435476899147034,False,-121.06259938845587,35.89728385065563,126.27259385371117,Back,Left
21510,717.0,94,889,0.4360675513744354,False,-68.16452881049582,28.186281326273356,73.76224944347034,Back,Left
21511,717.0333333333333,94,889,0.4349808692932129,False,-29.96949715100942,14.915604163600483,33.47605124636981,Back,Left
21512,717.0666666666667,106,904,0.31840941309928894,False,-5.450327495839922,12.587007432614847,13.71637072700392,Back,Left
21513,717.1,118,923,0.5122901797294617,False,6.2833273307522575,14.878971126535777,16.15128428731485,Back,Left
21528,717.6,644,827,0.5054442882537842,False,227.7370015298925,-31.51277404182274,229.9069307211882,Back,Left
21529,717.6333333333333,644,827,0.5041214227676392,False,171.0659784562253,-26.476641255824845,173.1028062088405,Back,Left
21530,717.6666666666666,449,523,0.506720244884491,False,6.459810917169619,-142.71717266071022,142.86329314891407,Middle,Left
21531,717.7,434,544,0.5099877119064331,False,-31.92317754905666,-94.32369645539467,99.57936019998336,Middle,Left
21533,717.7666666666667,399,597,0.5547955632209778,False,-40.05991733292905,-23.51947978060018,46.453879341462645,Middle,Left
21534,717.8,381,632,0.43606823682785034,False,-32.19840296511052,13.794590193927569,35.028957622544816,Middle,Left
21535,717.8333333333334,381,632,0.43234238028526306,False,-17.20746548527785,14.619771292950082,22.579516847913194,Middle,Left
21540,718.0,282,818,0.3530755639076233,False,-49.05996878180747,87.10336543172666,99.9693793439013,Back,Left
21541,718.0333333333333,282,818,0.35386431217193604,False,-34.0272551338462,63.2517766414274,71.82368230772413,Back,Left
21542,718.0666666666667,268,802,0.5148900747299194,False,-22.89597056179299,25.551747265451397,34.309142459175426,Back,Left
21543,718.1,254,790,0.49785637855529785,False,-17.15805932881412,2.9854186951148414,17.415846942260558,Back,Left
21544,718.1333333333333,240,781,0.4232293963432312,False,-14.802868475357162,-6.093688445291473,16.00805903184398,Back,Left
21545,718.1666666666666,225,775,0.4022408723831177,False,-14.46648853296296,-7.671619696782278,16.37476837229787,Back,Left
21562,718.7333333333333,525,407,0.4665406048297882,False,118.32422165963231,-160.0410159069769,199.03202808567025,Middle,Left
21563,718.7666666666667,516,421,0.4934050440788269,False,88.24004473362446,-113.72651359069994,143.9445219106573,Middle,Left
21564,718.8,507,437,0.49811315536499023,False,41.83712533354608,-50.72013545787902,65.74859083691786,Middle,Left
21565,718.8333333333334,507,437,0.4983513057231903,False,15.911562859703832,-18.087244671549975,24.089961653079055,Middle,Left
21566,718.8666666666667,498,458,0.5464543104171753,False,0.7780976777929798,4.224461478212593,4.295522177464453,Middle,Left
21567,718.9,489,483,0.5937302708625793,False,-6.045146750431165,16.968361948917508,18.013026021846525,Middle,Left
21568,718.9333333333333,479,510,0.6090160608291626,False,-8.930006327705186,23.472911793204393,25.114191228554596,Middle,Left
21569,718.9666666666667,469,541,0.6307775378227234,False,-9.895579948291937,27.808772435734173,29.516949823711226,Middle,Left
21572,719.0666666666667,448,622,0.6682736277580261,False,-14.754581066301734,51.032304697109154,53.122441445594895,Middle,Left
21573,719.1,436,669,0.5792836546897888,False,-14.457569243489758,53.467695253313956,55.387866398079936,Middle,Left
21579,719.3,514,622,0.6352076530456543,False,24.62006093637089,11.495918822964803,27.17174175673713,Middle,Left
21591,719.7,535,617,0.623879611492157,False,30.05391674975266,-2.944141352308952,30.19777939358189,Middle,Left
21592,719.7333333333333,525,640,0.5677276253700256,False,14.11592272259984,5.433876634141601,15.125683111366593,Middle,Left
21602,720.0666666666667,467,655,0.5394573211669922,False,-19.162352728065727,10.964143281326098,22.077323206590428,Middle,Left
21603,720.1,461,661,0.5190178155899048,False,-19.535398890852907,9.854102408117202,21.880017003978725,Middle,Left
21604,720.1333333333333,453,671,0.5075005888938904,False,-14.732969088005841,9.717925457041966,17.64931877826337,Middle,Left
21605,720.1666666666666,446,684,0.5301425457000732,False,-10.613448530711048,11.078971077430468,15.342388661762984,Middle,Left
21606,720.2,438,698,0.5697705745697021,False,-8.776450435179445,12.554361252142584,15.317900270287067,Middle,Left
21607,720.2333333333333,438,698,0.571650505065918,False,-4.744797018497827,7.518231868442559,8.8902704781357,Middle,Left
21608,720.2666666666667,432,717,0.42585068941116333,False,-4.556342640476185,11.467280069658036,12.339318070841594,Back,Left
21610,720.3333333333334,436,651,0.5444984436035156,False,-0.9112868346771443,-20.526761451930852,20.546979812116675,Middle,Left
21611,720.3666666666667,440,612,0.4929167926311493,False,1.8110608626655198,-34.02384430323929,34.07201083909412,Middle,Left
21614,720.4666666666667,445,554,0.5735292434692383,False,3.642052081924252,-46.54831232779141,46.69057639324092,Middle,Left
21615,720.5,452,532,0.43180879950523376,False,5.385580586400427,-38.418179650482706,38.793826904668435,Middle,Left
21616,720.5333333333333,467,518,0.5191693305969238,False,9.754274051587391,-26.663282498801617,28.391486327495638,Middle,Left
21617,720.5666666666667,481,506,0.5575094819068909,False,12.32461883016363,-18.37999135135017,22.129625197561097,Middle,Left
21618,720.6,494,497,0.4128043055534363,False,13.067601503316514,-12.945163685186923,18.394006412028954,Middle,Left
21619,720.6333333333333,494,497,0.4172089993953705,False,7.68436139872804,-6.513003365116904,10.073163502112218,Middle,Left
21653,721.7666666666667,676,610,0.3969475328922272,False,80.30088800537689,45.07724918287255,92.08795256898085,Middle,Left
21669,722.3,568,650,0.5411601662635803,False,13.759284322140601,52.12521997624372,53.91063404031993,Middle,Left
21670,722.3333333333334,563,646,0.6087162494659424,False,-6.013305530848161,29.691371435757997,30.294180648162033,Middle,Left
21671,722.3666666666667,558,640,0.5974028706550598,False,-9.108164855874103,10.629999703373905,13.998412793438742,Middle,Left
21675,722.5,541,626,0.531604528427124,False,-12.990530181036277,-3.161742415505019,13.36976026286253,Middle,Left
21676,722.5333333333333,537,628,0.4363462030887604,False,-9.887442568575384,-3.4401099024370887,10.468804931209785,Middle,Left
21677,722.5666666666667,532,631,0.47363796830177307,False,-7.2717126946603745,-0.7714447646227649,7.312518891500296,Middle,Left
21678,722.6,527,636,0.497904896736145,False,-5.846860998338155,2.14001299159946,6.2261897769102985,Middle,Left
21679,722.6333333333333,527,636,0.4976649284362793,False,-3.125161199660698,1.7554377268096528,3.584437771334765,Middle,Left
21680,722.6666666666666,521,644,0.4761731028556824,False,-3.853699595761686,4.322644347522281,5.791049536097935,Middle,Left
21682,722.7333333333333,520,612,0.5235090851783752,False,-2.778994834410657,-10.551148953213207,10.910983297694726,Middle,Left
21683,722.7666666666667,520,594,0.5603041052818298,False,-1.4145674052403507,-16.34499780222284,16.406095028940854,Middle,Left
21684,722.8,521,579,0.4551338255405426,False,-0.1523432623605696,-16.80949279953175,16.810183123544384,Middle,Left
21685,722.8333333333334,521,579,0.45811429619789124,False,0.13682791159073604,-9.797252506737056,9.798207925848267,Middle,Left
21687,722.9,521,554,0.4738670587539673,False,0.1305921345002262,-14.964809511824166,14.965379314630697,Middle,Left
21732,724.4,1243,537,0.4584692418575287,False,304.81788251991946,-16.744446493527835,305.27744429011136,Middle,Right
21733,724.4333333333333,1243,537,0.458345890045166,False,230.44074033035116,-9.993958365562039,230.65735194832382,Middle,Right
21734,724.4666666666667,1263,551,0.44678935408592224,False,128.36684446186104,1.336093806380875,128.37379757471956,Middle,Right
21752,725.0666666666667,1400,596,0.5097879767417908,False,113.82591718449076,21.784351318802003,115.89174856421633,Middle,Right
21753,725.1,1393,604,0.5866337418556213,False,60.23690085221653,19.609149088171627,63.348267160530185,Middle,Right
21754,725.1333333333333,1388,614,0.2619277536869049,False,23.154475081705968,15.1657759122986,27.679062038504828,Middle,Right
21760,725.3333333333334,1210,348,0.31499212980270386,False,-68.35566380169469,-104.30096380499249,124.70440178446255,Front,Right
21761,725.3666666666667,1197,323,0.4627445936203003,False,-61.29386957663869,-92.11284762317867,110.64228461546213,Front,Right
21762,725.4,1180,299,0.5105072259902954,False,-41.340121043426336,-61.192254066538624,73.84780000534175,Front,Right
21763,725.4333333333333,1180,299,0.5107502937316895,False,-20.336350002640362,-29.855463499187707,36.12361875810922,Front,Right
21764,725.4666666666667,1164,276,0.5459030270576477,False,-14.76415567060312,-21.379131107076443,25.98167699667144,Front,Right
21765,725.5,1145,255,0.4388892650604248,False,-15.559324777422267,-19.709017508309614,25.110514902569427,Front,Right
21773,725.7666666666667,777,464,0.5175424218177795,False,-164.46000729470427,77.12257946720936,181.6452208648777,Middle,Left
21774,725.8,778,464,0.47031712532043457,False,-121.14943424959326,61.82138920281166,136.01128475961852,Middle,Left
21775,725.8333333333334,778,464,0.4721832871437073,False,-62.298451469642,33.001704457028026,70.49971313831259,Middle,Left
21786,726.2,693,251,0.3528687655925751,False,-61.39586282364087,-75.96562549790988,97.67409190337027,Front,Left
21787,726.2333333333333,693,251,0.3559543788433075,False,-35.320947809065174,-63.31478954315597,72.50056502555576,Front,Left
21802,726.7333333333333,532,645,0.4445730149745941,False,-83.72252923609247,131.9635446489109,156.2812817262306,Middle,Left
21804,726.8,489,718,0.5473017692565918,False,-75.15718004006746,141.86560342821846,160.54423423974984,Back,Left
21805,726.8333333333334,489,718,0.547187864780426,False,-41.90870639752655,83.7507106115677,93.65106085814854,Back,Left
21806,726.8666666666667,474,700,0.5549764633178711,False,-24.627679109180622,30.45014578239489,39.16291557677841,Middle,Left
21807,726.9,458,684,0.5221477150917053,False,-17.907410266407418,1.3486681084819452,17.958124849668188,Middle,Left
21808,726.9333333333333,442,671,0.4991590976715088,False,-15.905085889884372,-9.892185362552954,18.730378757828305,Middle,Left
21809,726.9666666666667,424,660,0.5369246006011963,False,-16.432591080902494,-12.362372829201924,20.56351894983799,Middle,Left
21825,727.5,443,375,0.5685135722160339,False,-1.571093509962921,-127.87800060281754,127.88765137022123,Middle,Left
21826,727.5333333333333,475,326,0.5654376745223999,False,15.246304657883037,-115.16450499821435,116.1693290727149,Front,Left
21827,727.5666666666667,501,286,0.5423651933670044,False,22.78133042993865,-81.17393245952351,84.31011995662996,Front,Left
21828,727.6,526,253,0.48026537895202637,False,25.060183762003145,-54.78501907970832,60.244594162043875,Front,Left
21829,727.6333333333333,526,253,0.48013490438461304,False,14.88870613740209,-26.959944968011342,30.797925305515545,Front,Left
21830,727.6666666666666,522,239,0.4941089451313019,False,5.104029736562294,-16.532643021532913,17.3025837616569,Front,Left
21831,727.7,512,226,0.4510221481323242,False,-3.0142911876732477,-13.183915194900496,13.524110737139534,Front,Left
21832,727.7333333333333,501,218,0.4833626449108124,False,-7.831226640250068,-10.3992877462199,13.01819097723035,Front,Left
21833,727.7666666666667,491,210,0.26567038893699646,False,-9.604782119303884,-8.890499152110543,13.087888092926907,Front,Left
21834,727.8,480,203,0.40208348631858826,False,-10.509644356675311,-7.823756557157766,13.102052937210502,Front,Left
21835,727.8333333333334,480,203,0.40158146619796753,False,-6.234912471886184,-4.331442277387243,7.591806486892265,Front,Left
21836,727.8666666666667,595,687,0.2691730558872223,False,45.697774060687415,202.4068529100631,207.50137507751015,Middle,Left
21838,727.9333333333333,604,710,0.30534350872039795,False,39.460282389848444,163.51353936267444,168.20758437477028,Middle,Left
21839,727.9666666666667,609,715,0.2609082758426666,False,23.803970790559397,89.67877453571506,92.78422079009674,Back,Left
21842,728.0666666666667,408,221,0.38584327697753906,False,-73.87106587154918,-169.8357151824691,185.20557368648363,Front,Left
21843,728.1,396,233,0.4731711447238922,False,-65.15753349032661,-139.31948985629137,153.80320030597642,Front,Left
21844,728.1333333333333,383,250,0.4678090512752533,False,-41.590407425603956,-67.90320311019529,79.62792840738837,Front,Left
21845,728.1666666666666,369,271,0.492217093706131,False,-25.74641289667848,-17.655654566335066,31.218582850795773,Front,Left
21846,728.2,356,294,0.4665417969226837,False,-17.543711385562684,8.456164313495677,19.47533116731933,Front,Left
21847,728.2333333333333,356,294,0.4659268260002136,False,-8.677478177481863,9.538880026758504,12.895303784152052,Front,Left
21848,728.2666666666667,341,318,0.4784545600414276,False,-9.766552373117506,15.835554523229028,18.60511575656025,Front,Left
21852,728.4,277,476,0.26696693897247314,False,-32.85156077188596,76.9624457505636,83.68060170109534,Middle,Left
21853,728.4333333333333,276,475,0.2660638689994812,False,-23.520253311404453,54.94584129237605,59.768284157733774,Middle,Left
21854,728.4666666666667,258,527,0.4267053008079529,False,-19.527845431532388,49.780116364325764,53.473327299165085,Middle,Left
21855,728.5,239,586,0.32046055793762207,False,-18.5937893611477,52.751374926630774,55.932428513847846,Middle,Left
21856,728.5333333333333,219,652,0.29888370633125305,False,-19.020920740376383,58.8727272985896,61.869163929907586,Middle,Left
21857,728.5666666666667,198,725,0.2916087210178375,False,-19.932350331103045,65.9261419155747,68.87346933031847,Back,Left
21862,728.7333333333333,117,891,0.3867713510990143,False,-45.87030738236854,109.4221512655951,118.64776562137085,Back,Left
21863,728.7666666666667,104,866,0.5172258615493774,False,-36.61726790089072,60.43389168089956,70.6617263603452,Back,Left
21864,728.8,89,845,0.4535374045372009,False,-25.84453654133422,17.334641809628792,31.11960596962131,Back,Left
21865,728.8333333333334,89,845,0.45541858673095703,False,-13.016810759427546,2.3397079521734003,13.225414762804688,Back,Left
21881,729.3666666666667,16,836,0.28464987874031067,False,-36.04935630173989,-5.117984899300437,36.410848097775215,Back,Left
21882,729.4,26,855,0.4818090498447418,False,-20.71606220988921,3.733178295806505,21.049747116587422,Back,Left
21883,729.4333333333333,26,855,0.48014184832572937,False,-9.240494782119832,3.7343357580619783,9.966544404773611,Back,Left
21884,729.4666666666667,37,873,0.5383592247962952,False,1.347076144296496,9.755828341070707,9.848390770017767,Back,Left
21885,729.5,47,899,0.5501958131790161,False,6.885537094452205,17.68495845654801,18.978102557655923,Back,Left
21892,729.7333333333333,443,342,0.3881783187389374,False,172.1106158687602,-223.46686829385214,282.06294566955404,Front,Left
21893,729.7666666666667,482,292,0.48987600207328796,False,145.3624026420342,-193.21161202056794,241.7870036239569,Front,Left
21894,729.8,520,249,0.5008717775344849,False,95.28132761091919,-124.41984582968395,156.7125694626364,Front,Left
21895,729.8333333333334,520,249,0.5026161074638367,False,46.1426291980823,-59.648913802189796,75.41309665497621,Front,Left
21896,729.8666666666667,524,223,0.49152815341949463,False,19.600730064604978,-33.90712430777867,39.16480177262059,Front,Left
21897,729.9,515,209,0.5006375312805176,False,2.8003295994653428,-20.918684578007554,21.105288681745456,Front,Left
21898,729.9333333333333,506,196,0.47419053316116333,False,-5.173433912423807,-15.262409746018829,16.11538301442405,Front,Left
21899,729.9666666666667,496,184,0.4210917055606842,False,-8.631197272749908,-12.877718231436733,15.502683419634275,Front,Left
21900,730.0,486,174,0.43255043029785156,False,-9.824957812121138,-11.238242551594823,14.927420797258872,Front,Left
21901,730.0333333333333,486,174,0.43243786692619324,False,-5.890688363586296,-6.202699237460606,8.55416198275935,Front,Left
21902,730.0666666666667,475,164,0.42080357670783997,False,-7.346334875331554,-6.90837310889362,10.084356950852007,Front,Left
21903,730.1,464,157,0.4028662443161011,False,-9.147811414219898,-7.072765541778987,11.563151217514543,Front,Left
21904,730.1333333333333,453,153,0.40636470913887024,False,-10.250527198925706,-5.805092264681571,11.780169950275823,Front,Left
21909,730.3,403,164,0.46022966504096985,False,-27.22453445475373,1.5138826300999009,27.26659342301108,Front,Left
21910,730.3333333333334,389,175,0.4749566316604614,False,-24.66667094872259,6.821707826245301,25.59258395237205,Front,Left
21911,730.3666666666667,374,187,0.5063916444778442,False,-20.130846326952383,9.95298211908402,22.45691044872777,Front,Left
21912,730.4,358,204,0.528590202331543,False,-17.57921520439448,13.485252369228249,22.15583080509937,Front,Left
21913,730.4333333333333,358,204,0.5278027057647705,False,-9.704754915000471,8.422650753496622,12.850031660490297,Front,Left
21914,730.4666666666667,342,226,0.504967987537384,False,-10.95900398113801,13.251490822655533,17.195981428273367,Front,Left
21915,730.5,325,251,0.48944559693336487,False,-13.732251292611876,19.070605423987367,23.500270568673393,Front,Left
21916,730.5333333333333,306,279,0.5130307674407959,False,-16.4497394771035,23.876242214170944,28.99429031954974,Front,Left
21917,730.5666666666667,288,316,0.49829554557800293,False,-17.588207488129832,30.27169135694107,35.01028906272279,Front,Left
21918,730.6,269,359,0.5197517275810242,False,-18.386922476116965,36.78345913292872,41.12300796301959,Middle,Left
21919,730.6333333333333,269,359,0.5194991827011108,False,-10.768419305906004,22.417901719911992,24.870085883877486,Middle,Left
21920,730.6666666666666,247,405,0.4344765543937683,False,-14.151808631259756,29.812215736442884,33.00063476134983,Middle,Left
21921,730.7,224,458,0.34227582812309265,False,-18.489237779950948,40.91669586715365,44.90019949141333,Middle,Left
21924,730.8,149,667,0.4845849275588989,False,-43.11416676478112,113.84001002489718,121.73076545512251,Middle,Left
21925,730.8333333333334,149,667,0.48478594422340393,False,-29.30345345702254,78.78169073542072,84.05502471381091,Middle,Left
21926,730.8666666666667,117,761,0.31130701303482056,False,-27.981190294847142,78.95930653091271,83.7706338650907,Back,Left
21935,731.1666666666666,158,869,0.40084215998649597,False,1.3701247701095305,91.24851619181365,91.25880203626029,Back,Left
21936,731.2,175,844,0.4905148148536682,False,13.19626269683941,44.371425562500576,46.29216732464062,Back,Left
21937,731.2333333333333,175,844,0.4899214804172516,False,9.733220819664567,17.291704158257136,19.842848087435407,Back,Left
21938,731.2666666666667,190,825,0.45847275853157043,False,11.339282498516686,-2.8507363876992713,11.692135199924756,Back,Left
21944,731.4666666666667,260,797,0.48534736037254333,False,36.385066944502825,-17.054246970833603,40.18358416440897,Back,Left
21945,731.5,273,804,0.46015408635139465,False,30.976637145290887,-9.431778058766506,32.38071163796195,Back,Left
21952,731.7333333333333,734,456,0.4402427077293396,False,211.51841639580152,-150.9775092381558,259.8735245659802,Middle,Left
21953,731.7666666666667,741,452,0.41405144333839417,False,157.3589495829663,-114.15776311792791,194.40636279181675,Middle,Left
21956,731.8666666666667,757,456,0.3288775086402893,False,88.04511591801825,-57.72587628596085,105.281618671064,Middle,Left
21957,731.9,766,460,0.25959908962249756,False,42.33305243058079,-21.618924757205292,47.53383253797243,Middle,Left
21959,731.9666666666667,786,473,0.32764244079589844,False,24.76289510365703,-0.574301600393536,24.76955381598417,Middle,Left
21982,732.7333333333333,1176,526,0.3919292390346527,False,175.7928771147835,25.78764545258956,177.67424771835064,Middle,Right
21983,732.7666666666667,1196,541,0.47555989027023315,False,136.9419723090594,25.930845148078205,139.37543725487933,Middle,Right
21987,732.9,1262,607,0.39101457595825195,False,100.07718348189391,42.868843351494405,108.87231229272034,Middle,Right
21992,733.0666666666667,1370,757,0.28642675280570984,False,96.85367086813085,91.10458851877178,132.9687166584943,Back,Right
21993,733.1,1398,796,0.43737155199050903,False,67.21746510540233,77.70552763965841,102.74403457599715,Back,Right
21994,733.1333333333333,1414,772,0.4722057282924652,False,40.31967609701637,32.390319581719986,51.718556468392144,Back,Right
21995,733.1666666666666,1431,758,0.4255266785621643,False,25.684912720716355,4.736713444718589,26.118024345807527,Back,Right
21996,733.2,1448,752,0.4275488555431366,False,19.411927982222274,-4.721653880207793,19.977911886667872,Back,Right
21997,733.2333333333333,1448,752,0.4305398762226105,False,10.100939317791275,-4.413768748991585,11.023172395970064,Back,Right
22008,733.6,1444,527,0.38004717230796814,False,2.490394414551556,-97.4644927104966,97.49630456409348,Middle,Right
22009,733.6333333333333,1444,527,0.3797391951084137,False,0.08339679294286118,-72.90376197478444,72.90380967481123,Middle,Right
22010,733.6666666666666,1407,463,0.6477713584899902,False,-15.997669082147212,-64.77005812467677,66.71645858059235,Middle,Right
22011,733.7,1552,799,0.4264717996120453,False,49.09172042031874,105.83699455428392,116.66818945243928,Back,Right
22012,733.7333333333333,1557,809,0.41494977474212646,False,42.07728764628868,95.78014032744032,104.61516819664669,Back,Right
22014,733.8,1137,542,0.3005344271659851,False,-154.2070679259765,-59.13465127457924,165.15667343372118,Middle,Right
22015,733.8333333333334,1136,545,0.36565130949020386,False,-124.50981672693652,-60.5073317550768,138.43349182005866,Middle,Right
22016,733.8666666666667,421,514,0.5543392300605774,False,-368.45468249672683,-48.297353109324895,371.6066298804834,Middle,Left
22018,733.9333333333333,208,762,0.4839525520801544,False,-346.29964347985725,78.93980825741554,355.1829618689412,Back,Left
22019,733.9666666666667,208,762,0.4844321310520172,False,-196.1856451957684,68.28845797580652,207.73088569972788,Back,Left
22020,734.0,212,769,0.5011125802993774,False,-84.94745236597777,40.52209981237487,94.11753416167538,Back,Left
22021,734.0333333333333,779,464,0.3518936336040497,False,210.04560233810793,-110.26338757389044,237.22809635633075,Middle,Left
22022,734.0666666666667,219,793,0.4283668100833893,False,-62.42305402211019,48.278999658018165,78.91450742053837,Back,Left
22023,734.1,222,811,0.4963098466396332,False,-83.35040005742212,63.74366048467286,104.9311366645647,Back,Left
22029,734.3,482,490,0.36620065569877625,False,57.843492954401114,-95.89479786553801,111.98965101668209,Middle,Left
22032,734.4,532,439,0.5239210724830627,False,79.68709073643679,-105.38565591734601,132.12179571579534,Middle,Left
22033,734.4333333333333,528,438,0.45344218611717224,False,48.25575453617691,-63.01713392723506,79.37113464137222,Middle,Left
22034,734.4666666666667,524,440,0.5428257584571838,False,20.59991286537447,-28.026439225891075,34.78272136770765,Middle,Left
22035,734.5,520,443,0.5390417575836182,False,5.289734229063098,-8.697006286423974,10.179351971526474,Middle,Left
22036,734.5333333333333,516,449,0.4919285774230957,False,-1.3588626986071253,0.9499497961345575,1.6579844537395174,Middle,Left
22037,734.5666666666667,516,449,0.4920845627784729,False,-1.969782002366197,2.267632492678068,3.0036974312828404,Middle,Left
22038,734.6,512,459,0.5155979990959167,False,-2.9355388343375566,5.766078938359857,6.470321056276963,Middle,Left
22039,734.6333333333333,507,472,0.4894763231277466,False,-3.978964684506312,9.442650775025161,10.246746489478095,Middle,Left
22040,734.6666666666666,503,487,0.5411707162857056,False,-4.173733379239488,12.44330475663642,13.124628893325267,Middle,Left
22041,734.7,498,504,0.5022616386413574,False,-4.557184752440213,14.901183073662885,15.582464178129555,Middle,Left
22042,734.7333333333333,494,526,0.4330154061317444,False,-4.39032008976175,18.33534888309478,18.853644983275004,Middle,Left
22043,734.7666666666667,493,527,0.43275341391563416,False,-2.929597974474052,11.630211477108144,11.993513384088102,Middle,Left
22044,734.8,488,552,0.659457802772522,False,-3.5432454302953356,16.0788201675584,16.464599787422454,Middle,Left
22045,734.8333333333334,484,585,0.5544553399085999,False,-3.8453570088234454,24.013488638494028,24.319424481602958,Middle,Left
22046,734.8666666666667,478,618,0.6725517511367798,False,-4.8086162419310945,29.22012693015084,29.61314924111061,Middle,Left
22048,734.9333333333333,466,704,0.3315856456756592,False,-8.015581135374926,54.11349560542086,54.70392990979424,Middle,Left
22049,734.9666666666667,466,704,0.34469887614250183,False,-5.203677386136318,35.707982231608845,36.08515281098141,Middle,Left
22052,735.0666666666667,450,822,0.5389660596847534,False,-9.259664844416273,67.16298969695222,67.79829332707298,Back,Left
22053,735.1,446,807,0.5514703989028931,False,-7.762241383693016,38.087256889058594,38.87018817335282,Back,Left
22060,735.3333333333334,607,508,0.5351530313491821,False,63.736108664464844,-109.37130120082453,126.58741277887763,Middle,Left
22061,735.3666666666667,607,508,0.5355916023254395,False,49.5719038673013,-89.4778664629867,102.29204387339732,Middle,Left
22063,735.4333333333333,603,496,0.2510036826133728,False,24.436740062619286,-53.23173276444474,58.572789228389,Middle,Left
22065,735.5,580,510,0.4856927990913391,False,-0.063394525551562,-18.397020213393347,18.39712943906938,Middle,Left
22071,735.7,511,596,0.5348834991455078,False,-33.52511204226397,31.8730578222755,46.25824199414057,Middle,Left
22072,735.7333333333333,497,622,0.557485818862915,False,-31.245230088106975,38.34993793889588,49.46698033209538,Middle,Left
22073,735.7666666666667,497,622,0.5574204325675964,False,-17.650997975225728,23.31698196700421,29.244476018062322,Middle,Left
22074,735.8,480,655,0.5757005214691162,False,-14.954361954781435,24.725838826852822,28.89636736972516,Middle,Left
22075,735.8333333333334,462,689,0.3166671693325043,False,-15.75945691496006,28.89129230976421,32.90998714042172,Middle,Left
22076,735.8666666666667,445,730,0.2876504361629486,False,-16.426498922311197,34.74425567887656,38.431668836050264,Back,Left
22077,735.9,431,745,0.3647134602069855,False,-15.52115226153298,27.453278474095598,31.537099842914078,Back,Left
22078,735.9333333333333,420,730,0.5327721834182739,False,-13.451562527004024,8.23558135539778,15.772423234217195,Back,Left
22079,735.9666666666667,420,730,0.5325262546539307,False,-7.4051893548565255,1.3357854133027285,7.524702788261656,Back,Left
22080,736.0,410,720,0.2965761721134186,False,-7.423230298471774,-4.678073950706273,8.774321851426807,Back,Left
22081,736.0333333333333,397,713,0.4922369718551636,False,-9.78030092236904,-6.729508778281723,11.871839559607578,Back,Left
22082,736.0666666666667,385,709,0.484836608171463,False,-11.137117511214903,-5.942901524057166,12.623528230381972,Middle,Left
22093,736.4333333333333,410,543,0.6219183802604675,False,3.8740034949137794,-73.36005534630527,73.46227347075217,Middle,Left
22094,736.4666666666667,439,485,0.5485827922821045,False,17.153530461250167,-78.88745344510573,80.73087339016445,Middle,Left
22095,736.5,466,438,0.5588247776031494,False,23.675347709180524,-66.41304507253163,70.50684112167214,Middle,Left
22096,736.5333333333333,491,397,0.3607116937637329,False,25.396345313849043,-53.46428439988003,59.18956041137252,Middle,Left
22097,736.5666666666667,491,397,0.36078721284866333,False,14.983595802506157,-28.591080612590165,32.279374742527295,Middle,Left
22098,736.6,512,363,0.4966655671596527,False,15.667945697947916,-26.442840045479407,30.736107627099663,Middle,Left
22099,736.6333333333333,531,335,0.5190836787223816,False,17.196266697536235,-26.71737315749763,31.773095800846487,Front,Left
22100,736.6666666666666,539,315,0.41098248958587646,False,13.586959874776692,-23.930996960715337,27.519049659691348,Front,Left
22101,736.7,531,310,0.4284956455230713,False,3.8324722151404575,-15.444152651862895,15.912564042726341,Front,Left
22102,736.7333333333333,522,308,0.48186805844306946,False,-3.321685934460624,-8.257650140115818,8.900695662910193,Front,Left
22103,736.7666666666667,522,308,0.48146384954452515,False,-3.1941995616584085,-3.4919398203986782,4.7324998202836435,Front,Left
22104,736.8,514,307,0.35269466042518616,False,-5.199931384136857,-1.5911073941204616,5.437914043027551,Front,Left
22105,736.8333333333334,504,307,0.3471418023109436,False,-7.583284377233073,-0.5808887882525089,7.605500228801828,Front,Left
22106,736.8666666666667,493,311,0.3479968011379242,False,-9.450022928965723,1.5325979983934457,9.573494136555237,Front,Left
22107,736.9,483,316,0.40341490507125854,False,-10.014724761278815,3.3726527480517,10.567378984550128,Front,Left
22108,736.9333333333333,474,324,0.4046213924884796,False,-9.687030914438077,5.653587121639337,11.21613192144445,Front,Left
22109,736.9666666666667,474,324,0.4046729505062103,False,-5.539925431900033,3.673663911590136,6.647298724018088,Front,Left
22110,737.0,462,336,0.43597060441970825,False,-7.527787755443444,6.835333746426924,10.168056644022345,Front,Left
22111,737.0333333333333,452,349,0.4933757781982422,False,-8.92540993514785,10.000593943244223,13.404283708131853,Front,Left
22112,737.0666666666667,440,367,0.5042611360549927,False,-10.472131816766286,13.940905229524786,17.43600824174846,Middle,Left
22114,737.1333333333333,415,410,0.5126979351043701,False,-16.879643923643854,26.908219453144493,31.764361368168423,Middle,Left
22115,737.1666666666666,415,410,0.5134323835372925,False,-10.896563885780154,17.860906055907456,20.922405924148396,Middle,Left
22116,737.2,402,439,0.5126745104789734,False,-10.71848016711224,20.950710681770808,23.533340076666633,Middle,Left
22117,737.2333333333333,390,471,0.5461190938949585,False,-11.22766093240515,26.164881457359332,28.47211603816483,Middle,Left
22119,737.3,364,543,0.5900430679321289,False,-17.553518235761395,46.44000337139303,49.64675130950871,Middle,Left
22126,737.5333333333333,280,792,0.5083924531936646,False,-46.726385580003395,135.54910675820435,143.37683024923598,Back,Left
22127,737.5666666666667,280,792,0.5089437961578369,False,-32.201249669336626,94.21131534216568,99.56250508483569,Back,Left
22128,737.6,274,773,0.26719850301742554,False,-18.554457211134476,39.06233128529587,43.24504142490818,Back,Left
22129,737.6333333333333,268,756,0.5136472582817078,False,-10.824216253343408,5.574416382144811,12.175293651516913,Back,Left
22130,737.6666666666666,263,742,0.4472709596157074,False,-6.988746692801065,-8.653593197343529,11.123275397168229,Back,Left
22131,737.7,257,731,0.3569301664829254,False,-5.888111417728373,-12.178741241828225,13.527438571399648,Back,Left
22132,737.7333333333333,252,725,0.47913306951522827,False,-5.317173061536883,-10.19882082697116,11.50166403730322,Back,Left
22133,737.7666666666667,252,725,0.4818097949028015,False,-2.971172963956098,-5.541347720413964,6.2876389320857715,Back,Left
22134,737.8,247,721,0.4455137550830841,False,-3.409556899178972,-4.06102637522367,5.3025478280729565,Back,Left
22135,737.8333333333334,241,721,0.32113441824913025,False,-4.581037115169106,-2.0832138955084325,5.032462735579499,Back,Left
22136,737.8666666666667,236,725,0.5165425539016724,False,-4.966577394000514,0.8367582575440649,5.036571789636788,Back,Left
22137,737.9,230,732,0.4221472442150116,False,-5.4714523128972505,3.958357884378469,6.753176108552912,Back,Left
22150,738.3333333333334,507,474,0.5137773156166077,False,113.66484234102757,-106.0535409217454,155.45755023944955,Middle,Left
22151,738.3666666666667,507,474,0.5141608715057373,False,86.91346647244087,-80.88921788595373,118.73085624410109,Middle,Left
22152,738.4,501,487,0.5261180996894836,False,42.930470244771215,-36.777113274557465,56.529473164419436,Middle,Left
22153,738.4333333333333,494,503,0.5109585523605347,False,14.019966992092748,-6.642090863354813,15.513763099146244,Middle,Left
22154,738.4666666666667,488,524,0.531059741973877,False,0.41938062617730587,10.393812626869817,10.402269994193157,Middle,Left
22155,738.5,482,547,0.5837869644165039,False,-4.713120453625211,18.749670263017194,19.332967681715385,Middle,Left
22158,738.6,468,606,0.6525267362594604,False,-9.547322711113068,37.2272536707326,38.432015128213216,Middle,Left
22159,738.6333333333333,460,645,0.520636260509491,False,-9.755455435092228,41.26734652117414,42.4047497297736,Middle,Left
22160,738.6666666666666,452,685,0.5523900985717773,False,-9.051588112301694,41.452178839728376,42.42893326393661,Middle,Left
22164,738.8,430,783,0.5787243843078613,False,-14.39148891301496,65.35294973398416,66.91877906885401,Back,Left
22165,738.8333333333334,424,767,0.5305353403091431,False,-11.800911273245916,35.27330623219905,37.19499481690399,Back,Left
22166,738.8666666666667,419,754,0.6014676094055176,False,-8.468845348605097,9.539194962302968,12.756080199944515,Back,Left
22168,738.9333333333333,459,682,0.3549351096153259,False,12.58262267366764,-29.46169165210331,32.03613067072097,Middle,Left
22169,738.9666666666667,459,682,0.3493462800979614,False,11.022113117990207,-23.974576768023933,26.386877587006097,Middle,Left
22170,739.0,491,642,0.38584834337234497,False,19.598500433195916,-29.761077317950075,35.63457509715786,Middle,Left
22171,739.0333333333333,514,611,0.5874975919723511,False,22.562127830583044,-31.31489065318654,38.59626910550552,Middle,Left
22180,739.3333333333334,536,604,0.2557202875614166,False,22.85284439388204,-21.32881968697963,31.259735221698147,Middle,Left
22181,739.3666666666667,536,604,0.26004981994628906,False,13.25885226076464,-10.547245065467035,16.942300367535758,Middle,Left
22182,739.4,526,626,0.566825270652771,False,1.732495030783907,5.111151746331668,5.396796383570552,Middle,Left
22183,739.4333333333333,514,650,0.474817156791687,False,-6.117211863981259,15.873402463886679,17.01132525023717,Middle,Left
22184,739.4666666666667,503,672,0.5498143434524536,False,-9.576604432450058,20.37666526713699,22.514880409732783,Middle,Left
22185,739.5,496,662,0.36328017711639404,False,-9.105368138814567,8.357480679680608,12.359417957758936,Middle,Left
22186,739.5333333333333,489,655,0.5043165683746338,False,-8.132776781082406,-0.2659030846128765,8.13712250253858,Middle,Left
22187,739.5666666666667,489,655,0.504490852355957,False,-4.526803871651871,-1.6899568069707382,4.83196722896887,Middle,Left
22188,739.6,483,651,0.4916542172431946,False,-4.5061970821004165,-2.9186857532610615,5.368848914713413,Middle,Left
22189,739.6333333333333,475,649,0.5026480555534363,False,-5.977198770448832,-2.7498270971727985,6.5793961885419865,Middle,Left
22190,739.6666666666666,468,648,0.5463491082191467,False,-6.670969435947012,-1.981173030554895,6.95894243346913,Middle,Left
22191,739.7,460,651,0.5309438705444336,False,-7.355527632023666,0.2582311168956777,7.360059106773319,Middle,Left
22192,739.7333333333333,453,656,0.4738253057003021,False,-7.327422159261173,2.658606379270573,7.794825423313203,Middle,Left
22193,739.7666666666667,453,656,0.47390806674957275,False,-4.229638841773356,1.9640907725778405,4.663421200659799,Middle,Left
22194,739.8,445,666,0.4962313771247864,False,-5.269160872418436,5.232176503804318,7.425612921933609,Middle,Left
22195,739.8333333333334,438,678,0.5039717555046082,False,-6.184912253288915,8.670977155124396,10.65077388763711,Middle,Left
22196,739.8666666666667,430,694,0.5179711580276489,False,-7.114173311762129,12.37706367235865,14.275964663006446,Middle,Left
22197,739.9,421,712,0.4608041048049927,False,-8.075698832822413,15.41065896451842,17.398428703740496,Middle,Left
22221,740.7,1628,541,0.4686046540737152,False,504.6151181635251,-62.729561003853675,508.49917925491735,Middle,Right
22226,740.8666666666667,1534,671,0.4734310805797577,False,343.28789604159044,4.697242003232489,343.32003094940256,Middle,Right
22227,740.9,1509,717,0.4713760316371918,False,159.09901889777268,34.142737673868055,162.72130883845668,Back,Right
22259,741.9666666666667,500,455,0.5627036094665527,False,-366.74897466366883,-85.60809108649107,376.6079601871492,Middle,Left
22260,742.0,521,419,0.41296955943107605,False,-296.7686471778677,-86.00342656565971,308.9793186101888,Middle,Left
22262,742.0666666666667,553,362,0.34069404006004333,False,-145.53392793004704,-73.83201993476314,163.1909658847431,Middle,Left
22263,742.1,553,362,0.3399892747402191,False,-57.16360483589381,-40.500441038289004,70.05685863732505,Middle,Left
22272,742.4,442,388,0.3414308726787567,False,-64.14351189054184,-6.493632274633086,64.47136866679844,Middle,Left
22273,742.4333333333333,435,402,0.4724465012550354,False,-41.2677344146815,8.214804994250121,42.077415852381485,Middle,Left
22274,742.4666666666667,428,419,0.5307279229164124,False,-22.72852364556941,14.543242392532346,26.98317413491522,Middle,Left
22275,742.5,428,419,0.5310452580451965,False,-9.83238602983078,9.532228971704264,13.694495398101004,Middle,Left
22276,742.5333333333333,420,440,0.48521688580513,False,-6.761474894625684,13.479843740280277,15.080574591607137,Middle,Left
22277,742.5666666666667,412,464,0.537835419178009,False,-6.737140761077233,18.62349869668919,19.804640096203524,Middle,Left
22278,742.6,404,492,0.5386576056480408,False,-7.265836257339481,23.497515827176827,24.595235851011765,Middle,Left
22279,742.6333333333333,396,522,0.541333794593811,False,-7.669902880300024,27.110423847779643,28.17450073026129,Middle,Left
22280,742.6666666666666,387,559,0.5757707357406616,False,-8.303299436590644,31.928292805985606,32.99031165415747,Middle,Left
22281,742.7,387,559,0.5745493173599243,False,-4.911464415311658,19.310241695197327,19.925057516348854,Middle,Left
22282,742.7333333333333,378,599,0.5312800407409668,False,-6.032895918704455,25.795074311676803,26.491162524714714,Middle,Left
22289,742.9666666666667,323,775,0.44880053400993347,False,-26.900837752269215,90.34923209247957,94.26897056547638,Back,Left
22290,743.0,317,757,0.49042782187461853,False,-21.796659827832904,56.11747852795398,60.201875186622225,Back,Left
22306,743.5333333333333,528,433,0.49469369649887085,False,77.37205006916034,-110.42194411136938,134.8311531999895,Middle,Left
22307,743.5666666666667,516,443,0.5669360756874084,False,57.31693840863477,-89.26355149867561,106.08116258175127,Middle,Left
22308,743.6,502,456,0.5340468287467957,False,23.642420934684736,-42.33045859149097,48.48537709679848,Middle,Left
22309,743.6333333333333,488,472,0.5405497550964355,False,1.7549799835302942,-9.348897454296171,9.512194192379456,Middle,Left
22310,743.6666666666666,473,490,0.5263185501098633,False,-9.216328960883072,8.070375329422703,12.250374585006234,Middle,Left
22311,743.7,473,490,0.52630615234375,False,-7.280856378524863,7.767317535876691,10.646224274729692,Middle,Left
22312,743.7333333333333,457,513,0.5345678925514221,False,-10.616242414264162,14.142774491119095,17.683966560279124,Middle,Left
22313,743.7666666666667,442,539,0.5232259631156921,False,-13.060760498677862,20.283311692144583,24.124597364609283,Middle,Left
22314,743.8,425,572,0.5362656712532043,False,-15.158943984616476,26.74476125203259,30.74208576458279,Middle,Left
22315,743.8333333333334,407,606,0.5893529057502747,False,-16.73190275397805,30.958200541318675,35.19043549780369,Middle,Left
22318,743.9333333333333,368,693,0.32055047154426575,False,-26.411103828469273,55.36309934124047,61.34019215902609,Middle,Left
22321,744.0333333333333,297,859,0.32966849207878113,False,-46.95567832434108,106.40881261690262,116.30851701160191,Back,Left
22324,744.1333333333333,269,823,0.47109079360961914,False,-42.6149089872224,55.394530349743384,69.88980226512227,Back,Left
22325,744.1666666666666,251,806,0.4449310004711151,False,-31.452064506532082,15.749692961478686,35.17506489125367,Back,Left
22326,744.2,234,796,0.2981412410736084,False,-23.363401071434154,-2.1816702490831084,23.465041970992186,Back,Left
22334,744.4666666666667,93,837,0.31874147057533264,False,-71.57471942504162,12.85001784310153,72.71907190924165,Back,Left
22335,744.5,93,837,0.3228219449520111,False,-49.95330645392403,10.104200097386158,50.964965273093895,Back,Left
22336,744.5333333333333,68,865,0.34850242733955383,False,-35.569021704558274,17.168525713706742,39.49574129196143,Back,Left
22344,744.8,157,879,0.3318180739879608,False,19.571986890004325,17.089681592663716,25.983069252132825,Back,Left
22352,745.0666666666667,438,509,0.4365624189376831,False,139.73972909193338,-146.30812222493276,202.31969384039905,Middle,Left
22353,745.1,438,509,0.43238508701324463,False,102.16635747069475,-113.66393772136445,152.83146056082825,Middle,Left
22354,745.1333333333333,475,446,0.6123329997062683,False,67.96695136789819,-86.46390070131199,109.97960084821447,Middle,Left
22355,745.1666666666666,505,398,0.4270937740802765,False,45.84902102778118,-65.383179479,79.85670221082917,Middle,Left
22356,745.2,530,355,0.528493344783783,False,33.10862673708253,-52.18002636954149,61.79754296362843,Front,Left
22357,745.2333333333333,551,327,0.5020562410354614,False,25.72804107809872,-39.62187275158321,47.242194043661726,Front,Left
22358,745.2666666666667,553,309,0.43603894114494324,False,14.397973788804851,-28.25837982826333,31.714944107494677,Front,Left
22359,745.3,553,309,0.4364386796951294,False,6.30234975275318,-14.306566889761566,15.633216833948476,Front,Left
22360,745.3333333333334,542,301,0.44173017144203186,False,-2.442932712121932,-9.159110233560483,9.47930485354637,Front,Left
22361,745.3666666666667,532,297,0.4704526960849762,False,-7.190641551059974,-6.0645025314001595,9.406567751799225,Front,Left
22362,745.4,520,295,0.4173336327075958,False,-10.066408659104821,-3.7976319231000706,10.758930779378092,Front,Left
22363,745.4333333333333,509,293,0.3922064006328583,False,-10.972789394776994,-2.6350319251244843,11.284746357298232,Front,Left
22364,745.4666666666667,497,293,0.41094279289245605,False,-11.56783193259729,-1.3157098603913346,11.64241504403397,Front,Left
22365,745.5,497,293,0.41093215346336365,False,-6.791262162739719,-0.5253298741214448,6.811549988050049,Front,Left
22366,745.5333333333333,484,298,0.4428362548351288,False,-8.56089834522365,1.9476238723197548,8.7796480126075,Front,Left
22367,745.5666666666667,471,305,0.42691993713378906,False,-10.749832237468102,4.520708697168205,11.661719438331584,Front,Left
22368,745.6,459,312,0.4722677767276764,False,-11.667472521043566,6.025578310562349,13.131546329584573,Front,Left
22369,745.6333333333333,444,324,0.4596727192401886,False,-13.237554759632175,8.815374715945534,15.904203450559612,Front,Left
22370,745.6666666666666,429,339,0.512194812297821,False,-14.261167729608196,11.922808683881701,18.588552173971568,Front,Left
22371,745.7,429,339,0.5119251012802124,False,-8.42413957331934,7.444001004483034,11.241853873161196,Front,Left
22372,745.7333333333333,415,359,0.5156605243682861,False,-9.737724849023637,11.945752050741309,15.411822646691812,Middle,Left
22373,745.7666666666667,398,378,0.4440534710884094,False,-13.037023595514695,15.725229334587329,20.426620421777383,Middle,Left
22374,745.8,383,407,0.4505375921726227,False,-14.45334337130099,22.001604365745376,26.32431821102906,Middle,Left
22375,745.8333333333334,364,440,0.4532543122768402,False,-16.624729744398305,27.76199275728152,32.3590772570794,Middle,Left
22376,745.8666666666667,349,469,0.3179643750190735,False,-16.325800118920704,29.31076772698294,33.55075042779365,Middle,Left
22377,745.9,349,469,0.31697899103164673,False,-9.381711178597048,17.215127170712243,19.605537690724212,Middle,Left
22379,745.9666666666667,307,558,0.4993133544921875,False,-21.9122037759655,45.35937973136383,50.374775472784954,Middle,Left
22380,746.0,287,607,0.46950551867485046,False,-23.33744833629578,51.91002115139453,56.914732633892804,Middle,Left
22382,746.0666666666667,241,730,0.541571319103241,False,-33.15682587790991,83.0828731734985,89.45467521075504,Back,Left
22383,746.1,241,730,0.5413297414779663,False,-20.911269221982945,53.56860669879553,57.505450212345025,Back,Left
22384,746.1333333333333,215,801,0.3420400023460388,False,-20.87754329051423,55.66801929784047,59.45418560868558,Back,Left
22386,746.2,174,877,0.4845246374607086,False,-29.36487052935604,64.62380921450273,70.9826199755848,Back,Left
22387,746.2333333333333,161,850,0.3699411451816559,False,-23.96959382697728,27.546514317264645,36.51509111670863,Back,Left
22388,746.2666666666667,146,826,0.2941337823867798,False,-19.22249788063026,-0.8158173021142083,19.23980204267351,Back,Left
22389,746.3,146,826,0.2898333668708801,False,-10.26330689665499,-5.524326243305991,11.65562734894202,Back,Left
22390,746.3333333333334,133,806,0.38287150859832764,False,-9.822304994530828,-12.473091703609725,15.876261904246952,Back,Left
22391,746.3666666666667,118,790,0.30435991287231445,False,-11.929153067502138,-15.1996852527394,19.321882017294257,Back,Left
22408,746.9333333333333,32,847,0.3251272439956665,False,-43.568499442560196,14.788781674143081,46.01002289807992,Back,Left
22409,746.9666666666667,44,863,0.5163460969924927,False,-25.750674619941304,20.64256859707351,33.00322532218593,Back,Left
22410,747.0,57,882,0.3783802390098572,False,-6.220385914320893,20.992142369940204,21.89436553551896,Back,Left
22411,747.0333333333333,70,909,0.4820263385772705,False,5.371592455475955,23.590231401300347,24.194069998134317,Back,Left
22418,747.2666666666667,422,377,0.5080587863922119,False,153.7425091397903,-210.45179044394368,260.62754117257083,Middle,Left
22419,747.3,422,377,0.5053121447563171,False,115.28330662797873,-163.3192107290438,199.9084925165471,Middle,Left
22420,747.3333333333334,456,325,0.546137809753418,False,74.12340534313562,-107.93648848640049,130.93725507447317,Front,Left
22421,747.3666666666667,487,286,0.47914451360702515,False,48.588989145044664,-68.97297659780793,84.36919678946238,Front,Left
22422,747.4,515,250,0.4657260775566101,False,35.349690537227254,-48.11417278375603,59.704055504989476,Front,Left
22423,747.4333333333333,527,222,0.47036847472190857,False,23.135567643543844,-35.908262939661284,42.71601383009474,Front,Left
22424,747.4666666666667,517,211,0.4335193336009979,False,6.973636589761163,-23.220395917328247,24.244966360948617,Front,Left
22425,747.5,517,211,0.43364205956459045,False,1.1508810578914872,-11.159085526993891,11.218276026563883,Front,Left
22426,747.5333333333333,507,198,0.5112521648406982,False,-4.593054812680261,-9.787337496593667,10.811481294647542,Front,Left
22427,747.5666666666667,497,189,0.43984556198120117,False,-7.898534208238045,-9.21063433325938,12.133533181218201,Front,Left
22429,747.6333333333333,476,176,0.3053402006626129,False,-14.017315871611576,-10.70731730450674,17.6389282016772,Front,Left
22433,747.7666666666667,441,174,0.2854853570461273,False,-23.963821292587575,-7.29875100656391,25.050678577613247,Front,Left
22434,747.8,428,178,0.2863607108592987,False,-21.108190459169162,-1.9224982976665057,21.19555859525978,Front,Left
22435,747.8333333333334,415,185,0.43071746826171875,False,-17.17712476841166,2.8013302600698635,17.40405316400649,Front,Left
22436,747.8666666666667,401,197,0.46861961483955383,False,-15.135782741247624,7.525494231684997,16.903401510387592,Front,Left
22437,747.9,401,197,0.4679732620716095,False,-8.383562221302624,5.190742015939792,9.860421806114344,Front,Left
22438,747.9333333333333,386,209,0.48396745324134827,False,-9.973312123249933,7.64886576228486,12.568695324385011,Front,Left
22439,747.9666666666667,372,227,0.5111485123634338,False,-11.956126015580047,12.455821323524388,17.26546941568618,Front,Left
22440,748.0,356,246,0.5137829184532166,False,-14.016219621779697,16.07438060290283,21.326981133131362,Front,Left
22441,748.0333333333333,340,271,0.4841158390045166,False,-15.22055154944026,20.486387133499406,25.521701496036236,Front,Left
22442,748.0666666666667,323,298,0.5327720046043396,False,-16.186181546219824,24.021683534924705,28.966079349806037,Front,Left
22443,748.1,323,298,0.5327261686325073,False,-9.526308985810001,14.512378459526515,17.35971461302442,Front,Left
22444,748.1333333333333,306,329,0.561290442943573,False,-11.49434254561782,19.777397191350122,22.874993993888253,Front,Left
22445,748.1666666666666,286,370,0.34070754051208496,False,-15.43504343804237,29.673067146124154,33.44744354644533,Middle,Left
22447,748.2333333333333,246,467,0.29334259033203125,False,-26.50553024891333,59.853532361838234,65.45982332672214,Middle,Left
22448,748.2666666666667,226,518,0.5334233641624451,False,-25.731907094906063,61.49336993638884,66.66007492400865,Middle,Left
22449,748.3,226,518,0.5342798233032227,False,-14.733097213044632,35.83024123126605,38.74106787608908,Middle,Left
22451,748.3666666666667,179,650,0.5936774015426636,False,-26.392912857558528,71.84982928449352,76.54399922474354,Middle,Left
22452,748.4,150,731,0.4002689719200134,False,-29.57055653572381,82.1289744653153,87.2902414967266,Back,Left
22458,748.6,25,916,0.5230154395103455,False,-70.41575753557734,127.38029454787917,145.54764975228449,Back,Left
22459,748.6333333333333,764,619,0.5077808499336243,False,263.9477016427883,-43.68149086064531,267.53777648459106,Middle,Left
22474,749.1333333333333,65,744,0.3585653603076935,False,-82.92756478909672,-2.9592661308259665,82.98034862473698,Back,Left
22475,749.1666666666666,77,758,0.4580416679382324,False,-104.65737935971592,11.453752689952179,105.28226586242376,Back,Left
22476,749.2,88,774,0.5038074851036072,False,-59.71167483031983,15.940374844123419,61.80274800696983,Back,Left
22477,749.2333333333333,98,797,0.5358241200447083,False,-22.28036253572074,19.719426486076365,29.75349283131173,Back,Left
22478,749.2666666666667,110,822,0.5214142799377441,False,-1.142700927344798,22.621515444981657,22.650358196657695,Back,Left
22479,749.3,110,822,0.5218754410743713,False,3.105363294069172,13.590388557064577,13.940657886919968,Back,Left
22486,749.5333333333333,512,333,0.5088672637939453,False,172.22859288822698,-200.1531168044286,264.0529461581254,Front,Left
22487,749.5666666666667,552,291,0.37955242395401,False,146.54713562280347,-171.47863537637872,225.56813903961125,Front,Left
22488,749.6,586,254,0.5092285871505737,False,94.46772224282523,-109.60910307010008,144.70074644444443,Front,Left
22489,749.6333333333333,603,227,0.437068372964859,False,52.4918227119628,-63.71897217390737,82.55603470687842,Front,Left
22490,749.6666666666666,599,214,0.4691682457923889,False,21.169459272654827,-34.135893221629416,40.167215635827645,Front,Left
22491,749.7,599,214,0.46938392519950867,False,6.654010857414951,-14.457400491386029,15.915159108815878,Front,Left
22492,749.7333333333333,594,202,0.49342313408851624,False,-0.8509216801269925,-9.914380838529699,9.950829870775351,Front,Left
22493,749.7666666666667,589,191,0.466947078704834,False,-3.9392054305959285,-9.563246378918908,10.342776258255908,Front,Left
22494,749.8,584,183,0.49759435653686523,False,-4.937137017416938,-8.8408716690641,10.126022605031498,Front,Left
22495,749.8333333333334,578,177,0.4981430768966675,False,-5.563537910156533,-7.513095976819295,9.348773461510724,Front,Left
22496,749.8666666666667,573,173,0.4627414345741272,False,-5.4372740194048585,-5.793731851998404,7.945519337019823,Front,Left
22497,749.9,573,173,0.46279677748680115,False,-3.119801767269467,-3.0419884876631014,4.3573910802374085,Front,Left
22498,749.9333333333333,567,172,0.49005377292633057,False,-3.9226168728444004,-1.6898680541175901,4.2711330079325265,Front,Left
22499,749.9666666666667,562,172,0.4137476682662964,False,-4.520385762724248,-0.7357193173148365,4.579865757607999,Front,Left
22500,750.0,556,176,0.4455786347389221,False,-5.2513996224419515,1.4331296686163757,5.4434418010714465,Front,Left
22501,750.0333333333333,550,181,0.428320974111557,False,-5.697603437551689,3.325031228006173,6.596856645313514,Front,Left
22502,750.0666666666667,543,189,0.4591464698314667,False,-6.3268149669431235,5.635302504090809,8.47261600325116,Front,Left
22503,750.1,543,189,0.45872271060943604,False,-3.7684737564452617,3.6683233844341263,5.259086508682178,Front,Left
22504,750.1333333333333,536,201,0.5034615397453308,False,-4.676666577400272,6.834553398133055,8.281444948081516,Front,Left
22505,750.1666666666666,530,219,0.48569807410240173,False,-5.397020186124896,12.111367580409107,13.259451404836641,Front,Left
22506,750.2,522,237,0.47209686040878296,False,-6.624025837168729,15.53693929437312,16.890062194335293,Front,Left
22507,750.2333333333333,515,260,0.5135715007781982,False,-7.001313386705246,19.297244056341988,20.528078753475306,Front,Left
22508,750.2666666666667,508,287,0.519680380821228,False,-7.067974159324385,23.218353862343836,24.270315506682113,Front,Left
22509,750.3,508,287,0.51983243227005,False,-4.096582233295183,14.116854177320661,14.69923664201259,Front,Left
22510,750.3333333333334,499,320,0.506815493106842,False,-5.636864642030362,20.465633637062247,21.227727225471543,Front,Left
22511,750.3666666666667,492,357,0.5382224321365356,False,-6.486626975808777,28.575557172292733,29.302539091864734,Middle,Left
22512,750.4,483,397,0.3691462576389313,False,-7.69886580287809,34.84242584494948,35.68286946717611,Middle,Left
22517,750.5666666666667,553,466,0.3560938537120819,False,24.88049639566774,50.376203232004144,56.185415838694475,Middle,Left
22519,750.6333333333333,582,492,0.44143348932266235,False,32.42339675111954,42.854834037620776,53.73837974178724,Middle,Left
22520,750.6666666666666,595,506,0.5170405507087708,False,25.568916800630245,29.335756372871877,38.91472868113106,Middle,Left
22521,750.7,595,506,0.5168357491493225,False,13.555575812760747,14.545176560556778,19.882550057607663,Middle,Left
22522,750.7333333333333,587,522,0.5572305917739868,False,2.317125987179992,12.524237148498568,12.736780950942682,Middle,Left
22526,750.8666666666667,530,623,0.6271029114723206,False,-24.721761449062623,49.508265443504484,55.33745419125151,Middle,Left
22527,750.9,530,623,0.6269732117652893,False,-19.104214817257947,35.200533229156775,40.05057506954062,Middle,Left
22528,750.9333333333333,514,656,0.5457857847213745,False,-16.793194172024624,31.722752985238618,35.893515117104194,Middle,Left
22529,750.9666666666667,502,658,0.545698344707489,False,-14.358354462273489,18.55772184680574,23.463831379544562,Middle,Left
22530,751.0,490,645,0.5310688614845276,False,-12.929159028742841,2.892364083245033,13.24873288962263,Middle,Left
22531,751.0333333333333,478,633,0.48024266958236694,False,-12.282361026118076,-6.1842809612176275,13.751426230874495,Middle,Left
22532,751.0666666666667,466,624,0.560039758682251,False,-12.0479520112476,-8.989783392439408,15.032277043359215,Middle,Left
22533,751.1,466,624,0.5601586699485779,False,-6.920962217990543,-5.695163999627332,8.962957715258048,Middle,Left
22534,751.1333333333333,453,619,0.518541157245636,False,-8.573425700692443,-4.81479922127478,9.832899866594897,Middle,Left
22535,751.1666666666666,442,614,0.2585718035697937,False,-9.89203239869424,-4.7361290752446985,10.967370860611705,Middle,Left
22536,751.2,428,611,0.47203221917152405,False,-11.860847901285618,-3.98932410967697,12.51376920793577,Middle,Left
22538,751.2666666666667,405,618,0.4113730490207672,False,-16.913239945843237,0.7821226117404785,16.931314220859026,Middle,Left
22539,751.3,405,618,0.4151581823825836,False,-10.674560117726722,1.3020527372234376,10.753677279771463,Middle,Left
22540,751.3333333333334,404,621,0.46265286207199097,False,-5.4796549872905915,2.1113538781166588,5.872344844981169,Middle,Left
22541,751.3666666666667,402,627,0.42320066690444946,False,-3.08546273813599,3.8968630238304973,4.970475000935323,Middle,Left
22542,751.4,399,636,0.5356027483940125,False,-2.622856481147831,6.368902390358219,6.887836654466322,Middle,Left
22543,751.4333333333333,397,649,0.3480110764503479,False,-2.2775447337637242,9.608174930940944,9.874423300520233,Middle,Left
22544,751.4666666666667,395,665,0.47955629229545593,False,-2.0988794489698503,12.883140075302949,13.052991731445509,Middle,Left
22545,751.5,395,665,0.48363038897514343,False,-1.1811494278079784,8.02883965856222,8.115256017755238,Middle,Left
22546,751.5333333333333,394,682,0.3339245319366455,False,-0.9411925405524106,10.950597879463318,10.990970717643552,Middle,Left
22583,752.7666666666667,1000,666,0.35587695240974426,False,255.28077635748693,0.09574546253844929,255.2807943126056,Middle,Right
22584,752.8,1014,682,0.5559569001197815,False,199.0872601490205,4.874821141416495,199.14693327993922,Middle,Right
22585,752.8333333333334,1026,699,0.499614953994751,False,110.10993637073562,10.844055696417296,110.64263026299786,Middle,Right
22586,752.8666666666667,1039,689,0.41953355073928833,False,53.269908095051015,3.109586345067286,53.360590661016964,Middle,Right
22587,752.9,1039,689,0.4193873703479767,False,20.659360394146304,0.41916109747589303,20.66361217021018,Middle,Right
22588,752.9333333333333,1053,683,0.3964252173900604,False,12.038875277528776,-2.7695629907935193,12.353339512369386,Middle,Right
