frame,time_sec,player_id,x,y,confidence,keypoints,court_region,court_side
0,0.0,1,1476.5,668.5,0.912200927734375,"[[1399.835205078125, 556.6879272460938, 0.8481191992759705], [1399.5897216796875, 547.5964965820312, 0.7923510074615479], [0.0, 0.0, 0.2737087309360504], [1410.3946533203125, 537.130859375, 0.8392772674560547], [0.0, 0.0, 0.09098302572965622], [1447.552978515625, 543.5256958007812, 0.9947622418403625], [1439.99609375, 568.335693359375, 0.9790145754814148], [1494.521728515625, 567.5145874023438, 0.986316978931427], [1479.1815185546875, 631.5413208007812, 0.877169668674469], [1506.9390869140625, 616.8375244140625, 0.9734740853309631], [1480.598388671875, 691.9926147460938, 0.8467064499855042], [1521.9827880859375, 608.14990234375, 0.9977739453315735], [1518.156982421875, 619.6146850585938, 0.995722770690918], [1516.0118408203125, 701.1536865234375, 0.9949477910995483], [1520.004150390625, 705.7509765625, 0.9886071085929871], [1507.566162109375, 795.982177734375, 0.9713059663772583], [1533.115478515625, 783.3792724609375, 0.9521267414093018]]",Middle,Right
0,0.0,2,373.0,666.0,0.9045666456222534,"[[0.0, 0.0, 0.0267927348613739], [0.0, 0.0, 0.012747354805469513], [0.0, 0.0, 0.015387757681310177], [341.02325439453125, 482.96075439453125, 0.6650211811065674], [379.300048828125, 481.8975830078125, 0.7447077035903931], [326.4942932128906, 523.4195556640625, 0.9971798658370972], [411.3877258300781, 521.1220092773438, 0.9974397420883179], [309.7816162109375, 592.6177978515625, 0.9527328610420227], [446.0517578125, 587.66552734375, 0.9687179327011108], [303.3992919921875, 592.0572509765625, 0.6792283058166504], [409.19049072265625, 596.8524780273438, 0.7547343969345093], [352.601806640625, 643.2843017578125, 0.999806821346283], [407.819091796875, 642.91015625, 0.999812662601471], [354.7017822265625, 740.3226318359375, 0.9991965889930725], [402.1053771972656, 742.1090698242188, 0.999232292175293], [368.4763488769531, 831.0911865234375, 0.9965691566467285], [396.084228515625, 838.4315185546875, 0.9965509176254272]]",Middle,Left
1,0.03333333333333333,1,1473.4469,668.0754,0.9149743914604187,"[[1397.04833984375, 557.3588256835938, 0.8214179873466492], [1396.3443603515625, 548.38671875, 0.7556179761886597], [0.0, 0.0, 0.24251650273799896], [1406.4208984375, 537.5350952148438, 0.8158268928527832], [0.0, 0.0, 0.08932115882635117], [1445.9111328125, 544.075439453125, 0.9943641424179077], [1437.7803955078125, 565.2158203125, 0.9735050201416016], [1494.65185546875, 568.5306396484375, 0.9857127666473389], [1477.5701904296875, 624.7461547851562, 0.8438358306884766], [1507.090087890625, 617.3033447265625, 0.9713351726531982], [1479.937255859375, 689.9990234375, 0.8119245767593384], [1521.09912109375, 609.8729248046875, 0.9977372884750366], [1517.208740234375, 619.4454345703125, 0.9953061938285828], [1510.9178466796875, 702.96630859375, 0.9953267574310303], [1517.3221435546875, 704.588134765625, 0.9884023070335388], [1503.7730712890625, 799.76416015625, 0.9749543070793152], [1534.7110595703125, 784.7122192382812, 0.9549223780632019]]",Middle,Right
1,0.03333333333333333,2,369.93863,665.5468,0.9028638005256653,"[[0.0, 0.0, 0.028166532516479492], [0.0, 0.0, 0.014096220023930073], [0.0, 0.0, 0.015797078609466553], [338.221923828125, 480.24481201171875, 0.6955150365829468], [376.5685119628906, 479.7711181640625, 0.7431042194366455], [323.76953125, 520.8079223632812, 0.9975945353507996], [408.38592529296875, 520.5865478515625, 0.9975722432136536], [307.81854248046875, 590.5548706054688, 0.9626711010932922], [443.0038146972656, 585.3539428710938, 0.972321093082428], [296.9068908691406, 594.5148315429688, 0.7280328273773193], [407.2113037109375, 585.6741943359375, 0.7831974029541016], [347.1244201660156, 644.572509765625, 0.9998297691345215], [402.55389404296875, 645.3140869140625, 0.9998255372047424], [347.9571838378906, 740.5089111328125, 0.9992483258247375], [398.03515625, 745.5831298828125, 0.9992456436157227], [364.7146301269531, 833.96044921875, 0.9966153502464294], [394.9413757324219, 844.653076171875, 0.9964513778686523]]",Middle,Left
2,0.06666666666666667,1,1472.148,666.8357,0.9120896458625793,"[[1392.7216796875, 555.27587890625, 0.8488448858261108], [1392.5576171875, 546.2772216796875, 0.7905139923095703], [0.0, 0.0, 0.26191675662994385], [1404.0294189453125, 536.1488037109375, 0.8241969347000122], [0.0, 0.0, 0.0832299217581749], [1444.623046875, 544.0748901367188, 0.9945553541183472], [1434.7044677734375, 562.6747436523438, 0.9695111513137817], [1494.4716796875, 569.5906372070312, 0.9859657883644104], [1477.5184326171875, 622.0614624023438, 0.8083963990211487], [1506.49169921875, 619.140625, 0.9718918800354004], [1481.12109375, 687.7699584960938, 0.7841288447380066], [1520.4453125, 609.6336669921875, 0.9973064661026001], [1515.2882080078125, 617.564453125, 0.9938840270042419], [1508.149658203125, 704.37646484375, 0.994438648223877], [1514.1700439453125, 702.2821655273438, 0.9846254587173462], [1498.49755859375, 800.2102661132812, 0.9697562456130981], [1534.04150390625, 779.600830078125, 0.9416414499282837]]",Middle,Right
2,0.06666666666666667,2,365.53424,665.0871,0.8946038484573364,"[[0.0, 0.0, 0.02716459333896637], [0.0, 0.0, 0.01552205067127943], [0.0, 0.0, 0.012824062258005142], [335.27386474609375, 477.6422424316406, 0.7197719216346741], [374.10009765625, 476.70916748046875, 0.6915206909179688], [322.14306640625, 516.84423828125, 0.9984645843505859], [408.6143798828125, 517.2693481445312, 0.9962931275367737], [307.5703430175781, 585.8834228515625, 0.9834644794464111], [438.85174560546875, 581.619873046875, 0.9590331315994263], [287.2820739746094, 599.651611328125, 0.8451275825500488], [410.95660400390625, 581.9638671875, 0.7474899888038635], [348.8111267089844, 643.6109619140625, 0.999775230884552], [406.72760009765625, 643.993896484375, 0.9996434450149536], [341.22222900390625, 739.8804931640625, 0.9977039694786072], [396.702392578125, 744.9138793945312, 0.9963245987892151], [352.8636474609375, 838.1764526367188, 0.9843462705612183], [395.0600280761719, 847.2028198242188, 0.9768022894859314]]",Middle,Left
3,0.1,1,1471.813,666.4348,0.9120445251464844,"[[1392.7176513671875, 555.27294921875, 0.8492580056190491], [1392.5556640625, 546.2765502929688, 0.7909806370735168], [0.0, 0.0, 0.26266080141067505], [1404.0240478515625, 536.1453857421875, 0.8242502212524414], [0.0, 0.0, 0.08337762951850891], [1444.600830078125, 544.0595703125, 0.994560182094574], [1434.6734619140625, 562.6483764648438, 0.9695774912834167], [1494.4486083984375, 569.5866088867188, 0.9859691858291626], [1477.5008544921875, 622.0419921875, 0.8087700009346008], [1506.49609375, 619.1087036132812, 0.9719005823135376], [1481.099365234375, 687.7958374023438, 0.7844502925872803], [1520.4383544921875, 609.6154174804688, 0.9973084926605225], [1515.264892578125, 617.543212890625, 0.9938926696777344], [1508.1800537109375, 704.345947265625, 0.994440495967865], [1514.140625, 702.245849609375, 0.9846428036689758], [1498.606689453125, 800.2172241210938, 0.9697650074958801], [1533.974853515625, 779.6160888671875, 0.9416905641555786]]",Middle,Right
3,0.1,2,364.21417,664.97437,0.8946542143821716,"[[0.0, 0.0, 0.027163194492459297], [0.0, 0.0, 0.015519509091973305], [0.0, 0.0, 0.012827437371015549], [335.27252197265625, 477.64532470703125, 0.7197180390357971], [374.09613037109375, 476.7073059082031, 0.6915765404701233], [322.1470031738281, 516.8547973632812, 0.9984627962112427], [408.6112060546875, 517.274169921875, 0.9962942004203796], [307.5622253417969, 585.8787841796875, 0.9834290146827698], [438.8407287597656, 581.6474609375, 0.9590224623680115], [287.2763366699219, 599.5390625, 0.8448644280433655], [410.9127197265625, 581.9532470703125, 0.7473614811897278], [348.8222961425781, 643.6635131835938, 0.9997751116752625], [406.7327880859375, 644.0360107421875, 0.9996433258056641], [341.19451904296875, 739.970947265625, 0.9977021813392639], [396.66778564453125, 744.9608154296875, 0.9963240623474121], [352.8562927246094, 838.2913818359375, 0.9843382239341736], [395.0497741699219, 847.2515258789062, 0.9768020510673523]]",Middle,Left
4,0.13333333333333333,1,1469.1663,665.2477,0.9200959801673889,"[[1388.3427734375, 551.6123657226562, 0.8571114540100098], [1388.64208984375, 542.5933227539062, 0.8114871978759766], [0.0, 0.0, 0.2732143700122833], [1400.3662109375, 533.1904907226562, 0.8262922167778015], [0.0, 0.0, 0.07790949195623398], [1441.6318359375, 542.7889404296875, 0.9943423271179199], [1430.7010498046875, 556.5999145507812, 0.957964301109314], [1493.603515625, 570.296142578125, 0.9851511120796204], [1476.0362548828125, 611.8960571289062, 0.7237536311149597], [1501.321044921875, 620.1834106445312, 0.9698124527931213], [1474.3463134765625, 677.3128662109375, 0.7154504060745239], [1516.4454345703125, 605.7529296875, 0.9971598386764526], [1510.4132080078125, 611.1056518554688, 0.9925935864448547], [1499.5732421875, 702.772216796875, 0.9952890872955322], [1504.01611328125, 697.8145751953125, 0.9845603704452515], [1496.427734375, 802.32177734375, 0.9772090911865234], [1528.90185546875, 779.7343139648438, 0.949608325958252]]",Middle,Right
4,0.13333333333333333,2,359.891,664.1942,0.8831480145454407,"[[0.0, 0.0, 0.03684552386403084], [0.0, 0.0, 0.019262002781033516], [0.0, 0.0, 0.017913075163960457], [332.8907470703125, 476.44415283203125, 0.7202518582344055], [370.0180969238281, 475.94219970703125, 0.7205424308776855], [320.0487060546875, 515.6888427734375, 0.9986491799354553], [404.2391052246094, 515.7276611328125, 0.9967272281646729], [305.52618408203125, 584.913330078125, 0.9854861497879028], [438.01373291015625, 578.0313110351562, 0.9651749730110168], [281.63702392578125, 598.9898071289062, 0.8709118366241455], [416.893798828125, 578.7171630859375, 0.7898873090744019], [346.2461853027344, 639.55810546875, 0.9998086094856262], [402.941162109375, 640.0029296875, 0.9996956586837769], [338.67596435546875, 735.8878784179688, 0.9982865452766418], [397.1287841796875, 741.3262939453125, 0.9972497820854187], [342.7887268066406, 834.1327514648438, 0.9885843992233276], [393.9842529296875, 845.0919189453125, 0.9828997254371643]]",Middle,Left
5,0.16666666666666666,1,1463.6748,663.45715,0.9123506546020508,"[[1385.411376953125, 548.879638671875, 0.8436721563339233], [1386.1357421875, 539.888671875, 0.8309242129325867], [0.0, 0.0, 0.2371480017900467], [1398.9969482421875, 530.4144897460938, 0.8453287482261658], [0.0, 0.0, 0.05388624593615532], [1439.236572265625, 540.3462524414062, 0.9933509230613708], [1427.67529296875, 551.3027954101562, 0.9179726243019104], [1490.157470703125, 570.1180419921875, 0.9836918115615845], [1472.1007080078125, 600.4542236328125, 0.5163648128509521], [1494.1973876953125, 626.4666748046875, 0.9642781019210815], [1466.362548828125, 660.8304443359375, 0.5476545095443726], [1513.8511962890625, 603.969970703125, 0.9962856769561768], [1506.444091796875, 608.373046875, 0.9872981309890747], [1497.342529296875, 702.4752197265625, 0.9947375655174255], [1496.7188720703125, 699.26318359375, 0.9766365885734558], [1499.624267578125, 800.8936157226562, 0.9780963063240051], [1517.8642578125, 782.36865234375, 0.9391618967056274]]",Middle,Right
5,0.16666666666666666,2,352.86676,662.5234,0.9018314480781555,"[[0.0, 0.0, 0.040999796241521835], [0.0, 0.0, 0.02295563742518425], [0.0, 0.0, 0.018801461905241013], [330.16070556640625, 475.7996520996094, 0.7359995245933533], [366.4686279296875, 473.610107421875, 0.7090580463409424], [319.3109130859375, 517.27197265625, 0.9988613128662109], [401.01519775390625, 514.3641967773438, 0.9962683916091919], [305.271728515625, 585.9476318359375, 0.9899486303329468], [433.0022277832031, 576.0506591796875, 0.9615820050239563], [277.67828369140625, 601.9990234375, 0.9068453907966614], [410.32403564453125, 583.8883056640625, 0.7931969165802002], [345.36541748046875, 641.8194580078125, 0.999806821346283], [400.8580322265625, 640.6792602539062, 0.9996441602706909], [337.69842529296875, 738.41552734375, 0.9981174468994141], [396.5616760253906, 741.54638671875, 0.9964723587036133], [339.2004699707031, 835.8033447265625, 0.9860986471176147], [395.19140625, 844.14892578125, 0.9767662286758423]]",Middle,Left
6,0.2,1,1458.2965,661.81506,0.9122013449668884,"[[1383.932373046875, 545.1901245117188, 0.9039322733879089], [1383.93115234375, 535.8382568359375, 0.9201701879501343], [0.0, 0.0, 0.22340382635593414], [1398.80322265625, 524.2017822265625, 0.9226741194725037], [0.0, 0.0, 0.019677959382534027], [1440.833740234375, 536.0581665039062, 0.993194580078125], [1424.482666015625, 549.8583984375, 0.9526471495628357], [1488.486572265625, 571.64404296875, 0.9868599772453308], [1465.737548828125, 601.8965454101562, 0.6726234555244446], [1489.064453125, 627.6363525390625, 0.9764840006828308], [1453.638916015625, 662.283447265625, 0.6991024017333984], [1509.5927734375, 607.2047119140625, 0.9967304468154907], [1499.0177001953125, 613.0822143554688, 0.9916777610778809], [1491.581298828125, 700.2047729492188, 0.9950401186943054], [1487.1429443359375, 701.1339721679688, 0.9835261702537537], [1502.6580810546875, 796.0828857421875, 0.9750971794128418], [1513.5633544921875, 785.27490234375, 0.9467222094535828]]",Middle,Right
6,0.2,2,347.38947,662.68097,0.9068590998649597,"[[0.0, 0.0, 0.029899872839450836], [0.0, 0.0, 0.01798493042588234], [0.0, 0.0, 0.01258285716176033], [326.7015075683594, 477.01654052734375, 0.7395352721214294], [364.6230773925781, 474.74456787109375, 0.6699737906455994], [318.0609130859375, 517.210205078125, 0.9988922476768494], [398.0401611328125, 516.0220947265625, 0.995799720287323], [303.7792053222656, 584.2474365234375, 0.9902085065841675], [428.6216125488281, 577.7224731445312, 0.9498242139816284], [275.5, 605.6607666015625, 0.899201512336731], [398.3209228515625, 585.3923950195312, 0.7361659407615662], [341.27740478515625, 640.2400512695312, 0.9998255372047424], [396.3209228515625, 639.88525390625, 0.9996592998504639], [333.685791015625, 735.34814453125, 0.9983516931533813], [395.09625244140625, 741.3284912109375, 0.9967058300971985], [333.03753662109375, 831.586669921875, 0.9879655241966248], [395.0197448730469, 842.9346313476562, 0.978870153427124]]",Middle,Left
7,0.23333333333333334,1,1451.3135,659.8996,0.9053021669387817,"[[1380.6463623046875, 538.5838623046875, 0.9183706641197205], [1380.9051513671875, 528.8212890625, 0.9242509603500366], [0.0, 0.0, 0.28708598017692566], [1396.236572265625, 519.193603515625, 0.9160130023956299], [0.0, 0.0, 0.026472285389900208], [1438.88037109375, 534.414794921875, 0.9932447075843811], [1418.08935546875, 550.1964721679688, 0.9697082042694092], [1486.3447265625, 571.9901733398438, 0.9865862131118774], [1456.8773193359375, 600.7177734375, 0.8112717270851135], [1484.0692138671875, 626.0546875, 0.9776419401168823], [1443.031982421875, 648.07373046875, 0.8170101642608643], [1503.3365478515625, 608.541015625, 0.9964448809623718], [1489.2333984375, 615.0357055664062, 0.9928460717201233], [1487.0670166015625, 698.26416015625, 0.9926491379737854], [1476.69384765625, 700.9639892578125, 0.9816756844520569], [1497.94384765625, 796.3375854492188, 0.9576283693313599], [1496.702392578125, 788.56103515625, 0.9268456101417542]]",Middle,Right
7,0.23333333333333334,2,343.82324,662.078,0.9074181318283081,"[[0.0, 0.0, 0.026108194142580032], [0.0, 0.0, 0.015974676236510277], [0.0, 0.0, 0.009675017558038235], [322.2497863769531, 478.90972900390625, 0.7480762600898743], [361.5616455078125, 475.74652099609375, 0.6358732581138611], [316.00543212890625, 517.467529296875, 0.9989866614341736], [394.139892578125, 514.86474609375, 0.9960821270942688], [300.5321044921875, 585.3643798828125, 0.9907304644584656], [423.26312255859375, 575.4871215820312, 0.9560586810112], [273.91363525390625, 610.312744140625, 0.8980810046195984], [395.47467041015625, 583.9019775390625, 0.75412517786026], [338.84429931640625, 638.4662475585938, 0.9998464584350586], [392.8270568847656, 637.5096435546875, 0.9997027516365051], [333.9058532714844, 732.3550415039062, 0.9983978867530823], [394.15728759765625, 738.9471435546875, 0.9969616532325745], [332.94244384765625, 828.2772216796875, 0.9878162741661072], [394.00860595703125, 840.5030517578125, 0.9795530438423157]]",Middle,Left
8,0.26666666666666666,1,1446.879,658.2311,0.9088813066482544,"[[1377.822021484375, 535.054443359375, 0.9345057606697083], [1378.5208740234375, 525.361328125, 0.9348111152648926], [0.0, 0.0, 0.3263457417488098], [1394.638671875, 516.5655517578125, 0.925579845905304], [0.0, 0.0, 0.026766860857605934], [1436.9395751953125, 534.6911010742188, 0.9946289658546448], [1415.208740234375, 545.9686889648438, 0.9836001396179199], [1482.978271484375, 574.6118774414062, 0.9896883368492126], [1454.0220947265625, 593.5299072265625, 0.916682779788971], [1480.44677734375, 625.0145263671875, 0.9848871827125549], [1438.0653076171875, 638.919921875, 0.9175913333892822], [1499.0474853515625, 607.1691284179688, 0.9981868863105774], [1483.479248046875, 611.287109375, 0.9970405697822571], [1482.28759765625, 699.7509155273438, 0.9962496161460876], [1465.9918212890625, 699.483154296875, 0.9926127195358276], [1500.047119140625, 797.2531127929688, 0.9760907888412476], [1485.5638427734375, 788.288818359375, 0.9649501442909241]]",Middle,Right
8,0.26666666666666666,2,339.9762,662.5557,0.9063869714736938,"[[0.0, 0.0, 0.033542945981025696], [0.0, 0.0, 0.020934918895363808], [0.0, 0.0, 0.012305965647101402], [317.98406982421875, 480.366943359375, 0.7269580960273743], [356.54180908203125, 478.25830078125, 0.6449817419052124], [310.7205810546875, 519.7081298828125, 0.998723566532135], [388.10546875, 518.1859741210938, 0.9950897693634033], [297.559814453125, 586.2985229492188, 0.9917506575584412], [418.1527404785156, 574.4521484375, 0.9394176602363586], [269.156982421875, 616.8606567382812, 0.9275497794151306], [390.55963134765625, 588.9552001953125, 0.7333518266677856], [335.3758544921875, 640.3837890625, 0.9998544454574585], [387.3521728515625, 640.9073486328125, 0.9997115731239319], [327.2119140625, 731.0856323242188, 0.9993672966957092], [383.4060363769531, 740.2780151367188, 0.9985793828964233], [333.3275146484375, 825.4121704101562, 0.9959359169006348], [387.8744201660156, 840.7342529296875, 0.9921865463256836]]",Middle,Left
9,0.3,1,1445.4663,657.6378,0.9089340567588806,"[[1377.827392578125, 535.0510864257812, 0.9344055652618408], [1378.52734375, 525.3587646484375, 0.934717059135437], [0.0, 0.0, 0.32594406604766846], [1394.6417236328125, 516.5646362304688, 0.9255861043930054], [0.0, 0.0, 0.02676261030137539], [1436.9482421875, 534.7064208984375, 0.9946371912956238], [1415.181396484375, 545.9744873046875, 0.9836020469665527], [1483.01611328125, 574.6749877929688, 0.9896953105926514], [1454.0499267578125, 593.560546875, 0.9165221452713013], [1480.46533203125, 625.0316772460938, 0.9848765134811401], [1438.081298828125, 638.9176635742188, 0.9173702597618103], [1499.0003662109375, 607.1705322265625, 0.9981892704963684], [1483.4088134765625, 611.2874755859375, 0.9970423579216003], [1482.3614501953125, 699.7890014648438, 0.9962511658668518], [1466.0267333984375, 699.5238647460938, 0.9926112294197083], [1500.0887451171875, 797.2371826171875, 0.9760887026786804], [1485.621337890625, 788.2875366210938, 0.964930534362793]]",Middle,Right
9,0.3,2,338.79956,662.7439,0.9063600897789001,"[[0.0, 0.0, 0.03336501866579056], [0.0, 0.0, 0.020815033465623856], [0.0, 0.0, 0.012242952361702919], [317.9853210449219, 480.3624572753906, 0.7265197038650513], [356.5436096191406, 478.26422119140625, 0.6448030471801758], [310.706787109375, 519.7261352539062, 0.9987233281135559], [388.1113586425781, 518.224609375, 0.9950835704803467], [297.5373229980469, 586.312255859375, 0.9917511343955994], [418.1952209472656, 574.4800415039062, 0.9393386840820312], [269.165283203125, 616.906982421875, 0.9274659752845764], [390.6873779296875, 588.8920288085938, 0.7328776121139526], [335.3703918457031, 640.4190063476562, 0.999854564666748], [387.355224609375, 640.952880859375, 0.9997116923332214], [327.208740234375, 731.11181640625, 0.9993671774864197], [383.4325256347656, 740.3138427734375, 0.9985785484313965], [333.32928466796875, 825.4681396484375, 0.9959333539009094], [387.8694763183594, 840.77490234375, 0.9921780228614807]]",Middle,Left
10,0.3333333333333333,1,1442.3684,657.49927,0.9060271978378296,"[[1373.0103759765625, 532.3366088867188, 0.8851336240768433], [1374.453369140625, 523.429443359375, 0.8763726353645325], [0.0, 0.0, 0.25707170367240906], [1391.3101806640625, 515.569091796875, 0.8947902917861938], [0.0, 0.0, 0.03730817884206772], [1432.921875, 533.75146484375, 0.9949550032615662], [1413.756103515625, 546.5645751953125, 0.9738035798072815], [1480.621337890625, 575.7520751953125, 0.9917535781860352], [1450.7552490234375, 600.3934326171875, 0.8938696980476379], [1464.6962890625, 625.0394897460938, 0.9873409867286682], [1436.779052734375, 639.6826171875, 0.9116429090499878], [1499.698486328125, 612.3653564453125, 0.9987732768058777], [1483.56787109375, 616.132080078125, 0.9973036050796509], [1481.7607421875, 699.5556640625, 0.9986296892166138], [1460.724609375, 697.5391235351562, 0.9962687492370605], [1502.966796875, 798.15185546875, 0.993371844291687], [1465.2064208984375, 784.0509033203125, 0.9870748519897461]]",Middle,Right
10,0.3333333333333333,2,336.40665,662.1645,0.9162394404411316,"[[0.0, 0.0, 0.030610166490077972], [0.0, 0.0, 0.020736541599035263], [0.0, 0.0, 0.010131043381989002], [313.3513488769531, 481.03436279296875, 0.7187492251396179], [351.5234375, 478.7917785644531, 0.5839444398880005], [306.9945373535156, 519.029541015625, 0.9986629486083984], [384.4200439453125, 517.8776245117188, 0.9932315349578857], [298.1985778808594, 583.4259033203125, 0.9909477829933167], [411.9849853515625, 574.6452026367188, 0.8871816992759705], [268.98681640625, 617.7020874023438, 0.9128720760345459], [388.4720764160156, 584.4173583984375, 0.5855072736740112], [330.854736328125, 638.5551147460938, 0.9998248219490051], [383.8406066894531, 638.353759765625, 0.9996084570884705], [319.815185546875, 729.7742919921875, 0.9991236329078674], [381.15460205078125, 735.1085815429688, 0.9977113008499146], [332.9932861328125, 826.8935546875, 0.994376540184021], [387.046630859375, 833.3219604492188, 0.9880107045173645]]",Middle,Left
11,0.36666666666666664,1,1439.69,656.82513,0.9006397128105164,"[[1371.93115234375, 531.7681884765625, 0.8765966296195984], [1372.1845703125, 523.2081298828125, 0.9204724431037903], [0.0, 0.0, 0.15948665142059326], [1388.68115234375, 513.1397094726562, 0.949154794216156], [0.0, 0.0, 0.015007042326033115], [1428.8902587890625, 529.4715576171875, 0.99517422914505], [1412.705078125, 541.8434448242188, 0.9575320482254028], [1470.8466796875, 572.338623046875, 0.9907796382904053], [1450.3472900390625, 599.8823852539062, 0.6360151171684265], [1455.6865234375, 624.07666015625, 0.9828073978424072], [1443.0029296875, 648.4498901367188, 0.6754283308982849], [1491.66357421875, 611.6671142578125, 0.998767614364624], [1476.67333984375, 615.5956420898438, 0.9964469075202942], [1471.131103515625, 702.519775390625, 0.9989181756973267], [1449.0528564453125, 701.6778564453125, 0.9956335425376892], [1500.072509765625, 799.29443359375, 0.99516761302948], [1445.783203125, 785.7852172851562, 0.9877859354019165]]",Middle,Right
11,0.36666666666666664,2,333.00955,660.263,0.9057862758636475,"[[0.0, 0.0, 0.031167954206466675], [0.0, 0.0, 0.02227049134671688], [0.0, 0.0, 0.011221427470445633], [307.45428466796875, 481.8426818847656, 0.7422831654548645], [345.33538818359375, 478.0552978515625, 0.597658097743988], [303.84698486328125, 521.6461791992188, 0.998788058757782], [378.4322814941406, 515.9742431640625, 0.9932308197021484], [296.5207214355469, 582.3963623046875, 0.9900064468383789], [404.47393798828125, 571.2291259765625, 0.8719953298568726], [267.8966064453125, 619.4815673828125, 0.8919646143913269], [380.04034423828125, 595.7649536132812, 0.5390381217002869], [327.5076599121094, 640.8338623046875, 0.9998373985290527], [379.6505432128906, 636.9043579101562, 0.9996386766433716], [321.81793212890625, 734.031494140625, 0.9992075562477112], [381.7321472167969, 730.6644287109375, 0.9981056451797485], [332.8194580078125, 827.9269409179688, 0.9955759048461914], [388.244384765625, 824.0455322265625, 0.9912084341049194]]",Middle,Left
12,0.4,1,1436.4766,655.6123,0.9067363739013672,"[[1365.639404296875, 530.4122924804688, 0.8306904435157776], [1366.35595703125, 522.0623168945312, 0.903470516204834], [0.0, 0.0, 0.10106556862592697], [1382.8629150390625, 514.1473388671875, 0.9586578607559204], [0.0, 0.0, 0.0104730986058712], [1420.8397216796875, 533.2721557617188, 0.9967765212059021], [1406.677978515625, 539.9222412109375, 0.9146241545677185], [1463.4248046875, 576.7828369140625, 0.9930883049964905], [0.0, 0.0, 0.3682985007762909], [1446.61669921875, 629.7599487304688, 0.9812832474708557], [0.0, 0.0, 0.4307163655757904], [1481.9984130859375, 614.8450317382812, 0.999053418636322], [1467.47509765625, 616.0253295898438, 0.9951139092445374], [1468.901611328125, 704.5227661132812, 0.999251663684845], [1441.054443359375, 699.1228637695312, 0.9944297671318054], [1499.4500732421875, 798.7672119140625, 0.9972221851348877], [1428.471435546875, 781.0177001953125, 0.9886825680732727]]",Middle,Right
12,0.4,2,329.90057,656.87537,0.8965947031974792,"[[0.0, 0.0, 0.03283974155783653], [0.0, 0.0, 0.024123242124915123], [0.0, 0.0, 0.011347026564180851], [303.5022888183594, 478.19549560546875, 0.7110131978988647], [340.6007080078125, 474.4713134765625, 0.5790619254112244], [299.5191345214844, 519.6397094726562, 0.9984844326972961], [373.6356506347656, 514.4125366210938, 0.9908609390258789], [293.3353576660156, 583.4832763671875, 0.989565372467041], [395.81402587890625, 571.2723388671875, 0.8124406337738037], [268.2685546875, 622.6282958984375, 0.8976272940635681], [0.0, 0.0, 0.4527489244937897], [327.4920654296875, 641.5245361328125, 0.9997593760490417], [379.0916442871094, 638.77685546875, 0.9994220733642578], [316.916259765625, 732.7578125, 0.9989093542098999], [377.4983215332031, 730.8121337890625, 0.9968612194061279], [332.7759094238281, 828.2916259765625, 0.9936133027076721], [388.9776306152344, 824.53759765625, 0.9854952096939087]]",Middle,Left
13,0.43333333333333335,1,1433.7439,655.51514,0.9037458896636963,"[[1362.2554931640625, 533.1430053710938, 0.7957135438919067], [1362.55078125, 524.5220947265625, 0.8631381988525391], [0.0, 0.0, 0.08946140110492706], [1378.848876953125, 514.7973022460938, 0.9449325799942017], [0.0, 0.0, 0.012250947766005993], [1415.530029296875, 534.53515625, 0.9968259334564209], [1400.557373046875, 540.3403930664062, 0.949770450592041], [1454.455322265625, 584.9537353515625, 0.9939372539520264], [1435.43212890625, 595.89453125, 0.5480421185493469], [1432.2896728515625, 632.53466796875, 0.983513593673706], [1431.936767578125, 641.640380859375, 0.5655019283294678], [1479.51025390625, 617.989990234375, 0.9993834495544434], [1463.927001953125, 619.283935546875, 0.9976423382759094], [1462.326416015625, 705.0908813476562, 0.9994372725486755], [1434.3594970703125, 700.79052734375, 0.9969105124473572], [1499.6715087890625, 797.5211791992188, 0.997612714767456], [1415.3720703125, 783.0316772460938, 0.9922327995300293]]",Middle,Right
13,0.43333333333333335,2,328.9476,650.95276,0.8992782831192017,"[[0.0, 0.0, 0.03634882718324661], [0.0, 0.0, 0.031068969517946243], [0.0, 0.0, 0.012509610503911972], [302.29644775390625, 477.0860595703125, 0.7172690629959106], [338.63330078125, 472.01373291015625, 0.5387011766433716], [297.51220703125, 520.7977294921875, 0.998331606388092], [371.3495178222656, 513.3284912109375, 0.9799036383628845], [290.5238342285156, 582.4807739257812, 0.9882081151008606], [385.6017150878906, 577.7877197265625, 0.5768424868583679], [267.46392822265625, 623.3496704101562, 0.8833160400390625], [0.0, 0.0, 0.24677492678165436], [320.1211853027344, 643.052001953125, 0.9996925592422485], [372.30560302734375, 637.589599609375, 0.9989307522773743], [317.07330322265625, 735.0584716796875, 0.9991254210472107], [374.5910339355469, 722.3172607421875, 0.996178388595581], [332.5105895996094, 828.9949951171875, 0.996250331401825], [389.9249267578125, 808.5140380859375, 0.9883975386619568]]",Middle,Left
14,0.4666666666666667,1,1430.845,656.84125,0.9063467383384705,"[[1358.4439697265625, 533.578125, 0.8392267823219299], [1359.3868408203125, 524.8885498046875, 0.8836008906364441], [0.0, 0.0, 0.10345157235860825], [1376.6209716796875, 515.487060546875, 0.9540992975234985], [0.0, 0.0, 0.013353865593671799], [1412.4337158203125, 536.7279052734375, 0.9978240728378296], [1390.602783203125, 544.073974609375, 0.9714398980140686], [1445.4180908203125, 588.70849609375, 0.9951485991477966], [1421.1746826171875, 599.503662109375, 0.6682034134864807], [1419.703369140625, 635.130859375, 0.9858782291412354], [1417.57861328125, 642.748046875, 0.6526472568511963], [1476.3934326171875, 620.0437622070312, 0.9995446801185608], [1456.343994140625, 622.9105224609375, 0.9984238147735596], [1458.843505859375, 706.4598388671875, 0.999471127986908], [1427.0042724609375, 705.4591064453125, 0.9973752498626709], [1489.935791015625, 798.183349609375, 0.997259259223938], [1417.5234375, 787.813720703125, 0.99173903465271]]",Middle,Right
14,0.4666666666666667,2,330.74832,647.4342,0.9016892313957214,"[[0.0, 0.0, 0.02829052321612835], [0.0, 0.0, 0.026229003444314003], [0.0, 0.0, 0.008164893835783005], [301.24810791015625, 476.876220703125, 0.7449606657028198], [0.0, 0.0, 0.45703884959220886], [297.5644226074219, 518.9076538085938, 0.9985633492469788], [370.07794189453125, 511.641845703125, 0.9745451807975769], [288.64813232421875, 580.7080078125, 0.9898894429206848], [380.140869140625, 580.9354248046875, 0.5073968768119812], [268.48138427734375, 623.515869140625, 0.8892382979393005], [0.0, 0.0, 0.20382633805274963], [316.090087890625, 641.8593139648438, 0.9997511506080627], [367.6697998046875, 634.60888671875, 0.9989307522773743], [314.1881408691406, 733.045654296875, 0.9993543028831482], [367.28765869140625, 711.4249877929688, 0.9964512586593628], [328.6337585449219, 826.4075317382812, 0.9973583817481995], [389.9580078125, 788.8458251953125, 0.9903671741485596]]",Middle,Left
15,0.5,1,1429.8986,657.3688,0.9062235951423645,"[[1358.4144287109375, 533.5595703125, 0.8386442065238953], [1359.359619140625, 524.8773193359375, 0.8833594918251038], [0.0, 0.0, 0.10358168184757233], [1376.61279296875, 515.4984741210938, 0.954023003578186], [0.0, 0.0, 0.013411423191428185], [1412.475830078125, 536.7691650390625, 0.9978140592575073], [1390.611572265625, 544.0418090820312, 0.9714330434799194], [1445.4462890625, 588.7720947265625, 0.9951379895210266], [1421.2208251953125, 599.4627685546875, 0.6691820621490479], [1419.716796875, 635.1250610351562, 0.9858533143997192], [1417.62255859375, 642.7398681640625, 0.6533851027488708], [1476.397705078125, 620.11962890625, 0.9995443224906921], [1456.2965087890625, 622.9371948242188, 0.9984261989593506], [1458.9403076171875, 706.4742431640625, 0.9994704127311707], [1426.9677734375, 705.3845825195312, 0.9973790645599365], [1490.39697265625, 798.197265625, 0.9972610473632812], [1417.2470703125, 787.7554321289062, 0.9917623996734619]]",Middle,Right
15,0.5,2,331.51068,646.57477,0.9016591906547546,"[[0.0, 0.0, 0.02821476198732853], [0.0, 0.0, 0.026135476306080818], [0.0, 0.0, 0.008130144327878952], [301.25408935546875, 476.87750244140625, 0.7450010776519775], [0.0, 0.0, 0.4567231237888336], [297.56201171875, 518.9273071289062, 0.9985660910606384], [370.05218505859375, 511.6754150390625, 0.9747188687324524], [288.63641357421875, 580.67626953125, 0.9899062514305115], [380.20733642578125, 580.9698486328125, 0.5086686015129089], [268.4086608886719, 623.4547729492188, 0.8893487453460693], [0.0, 0.0, 0.20418989658355713], [316.0647277832031, 641.87060546875, 0.9997525811195374], [367.6177978515625, 634.6250610351562, 0.9989401698112488], [314.152099609375, 733.119873046875, 0.9993569254875183], [367.17425537109375, 711.4827880859375, 0.9964751601219177], [328.6385192871094, 826.39404296875, 0.9973641037940979], [390.0130615234375, 788.8126831054688, 0.9904069304466248]]",Middle,Left
16,0.5333333333333333,1,1427.2968,658.9166,0.9061836004257202,"[[1353.136474609375, 535.009765625, 0.9229064583778381], [1354.167236328125, 526.1766357421875, 0.932370662689209], [0.0, 0.0, 0.18562568724155426], [1371.7232666015625, 515.6917114257812, 0.9609763026237488], [0.0, 0.0, 0.01854029856622219], [1413.310302734375, 537.8468627929688, 0.9984398484230042], [1380.97021484375, 549.2693481445312, 0.9781202673912048], [1441.292236328125, 590.6229248046875, 0.9953166246414185], [1414.06103515625, 605.2705688476562, 0.6554720997810364], [1408.3621826171875, 633.7918090820312, 0.9883409142494202], [1408.0050048828125, 646.3695068359375, 0.6808918714523315], [1469.400390625, 622.659912109375, 0.9994803071022034], [1449.5823974609375, 627.7705078125, 0.9981599450111389], [1432.680419921875, 707.4859619140625, 0.9995612502098083], [1446.283447265625, 711.1900634765625, 0.997719943523407], [1426.5609130859375, 797.6031494140625, 0.9977672100067139], [1476.8358154296875, 793.327392578125, 0.9929651021957397]]",Middle,Right
16,0.5333333333333333,2,332.54678,644.9034,0.9021662473678589,"[[0.0, 0.0, 0.027551252394914627], [0.0, 0.0, 0.02503601647913456], [0.0, 0.0, 0.007824527099728584], [299.815673828125, 475.9456787109375, 0.7468550801277161], [0.0, 0.0, 0.4572054445743561], [296.8382568359375, 515.9789428710938, 0.9986346364021301], [369.02410888671875, 509.96026611328125, 0.9776475429534912], [287.3130798339844, 577.0750732421875, 0.9903979301452637], [379.50750732421875, 582.4142456054688, 0.5374234914779663], [267.07269287109375, 620.2120361328125, 0.8948789834976196], [0.0, 0.0, 0.21700617671012878], [313.33685302734375, 638.8087158203125, 0.9997864365577698], [364.3935546875, 631.718505859375, 0.9991241097450256], [312.66180419921875, 731.6361083984375, 0.9994562268257141], [360.78167724609375, 708.8338012695312, 0.9971359968185425], [329.21795654296875, 823.6012573242188, 0.9977472424507141], [389.4219970703125, 783.6514892578125, 0.9920501112937927]]",Middle,Left
17,0.5666666666666667,1,1424.4524,660.85046,0.9081055521965027,"[[1347.7430419921875, 535.7239379882812, 0.807399570941925], [1348.492919921875, 527.358642578125, 0.8405086994171143], [0.0, 0.0, 0.17043456435203552], [1364.8193359375, 518.2376098632812, 0.9235843420028687], [0.0, 0.0, 0.04064984619617462], [1402.354248046875, 537.0060424804688, 0.9939256310462952], [1384.9246826171875, 549.511474609375, 0.979347288608551], [1429.968017578125, 592.840576171875, 0.9888840913772583], [1413.832763671875, 608.8575439453125, 0.8875116109848022], [1396.967529296875, 639.5258178710938, 0.9807836413383484], [1404.9185791015625, 647.58349609375, 0.873799204826355], [1462.1378173828125, 623.9884033203125, 0.9983958601951599], [1446.20703125, 629.295166015625, 0.9970291256904602], [1436.9739990234375, 710.108642578125, 0.9975064396858215], [1416.9296875, 716.1764526367188, 0.9940952062606812], [1472.733642578125, 794.9173583984375, 0.9872587323188782], [1424.024658203125, 793.4196166992188, 0.9778964519500732]]",Middle,Right
17,0.5666666666666667,2,333.3332,644.72046,0.8986942172050476,"[[0.0, 0.0, 0.062109142541885376], [0.0, 0.0, 0.06387302279472351], [0.0, 0.0, 0.013526402413845062], [303.22906494140625, 474.58984375, 0.8489100337028503], [0.0, 0.0, 0.3807448148727417], [299.8550720214844, 517.6068115234375, 0.9987819790840149], [366.0697021484375, 511.1271057128906, 0.9777426719665527], [287.81524658203125, 576.0184936523438, 0.9910339713096619], [378.87274169921875, 577.50439453125, 0.5149701833724976], [269.61895751953125, 618.7503662109375, 0.9102453589439392], [0.0, 0.0, 0.23523423075675964], [314.997802734375, 637.8958129882812, 0.9997435212135315], [362.1607666015625, 630.943115234375, 0.9989404082298279], [313.087158203125, 728.5528564453125, 0.9995449185371399], [365.97845458984375, 709.47119140625, 0.9976959824562073], [329.98370361328125, 817.3211059570312, 0.9983831644058228], [394.1122741699219, 785.404052734375, 0.9944847226142883]]",Middle,Left
18,0.6,1,1419.2399,661.2657,0.911349356174469,"[[1341.3349609375, 540.5371704101562, 0.7746025323867798], [1340.7119140625, 531.0916748046875, 0.845395028591156], [0.0, 0.0, 0.15069769322872162], [1354.741455078125, 519.798583984375, 0.9222963452339172], [0.0, 0.0, 0.03377636894583702], [1396.2491455078125, 536.5220336914062, 0.9960213303565979], [1377.7637939453125, 546.5018920898438, 0.9479383826255798], [1424.7427978515625, 594.9926147460938, 0.9895390868186951], [1405.986328125, 603.0740966796875, 0.5414698719978333], [1391.1702880859375, 639.15478515625, 0.9684334993362427], [1399.04931640625, 648.4596557617188, 0.5072252154350281], [1454.2335205078125, 620.509033203125, 0.9989991784095764], [1438.2110595703125, 624.7601318359375, 0.9965445399284363], [1428.612548828125, 703.404296875, 0.9988452196121216], [1400.8682861328125, 710.850341796875, 0.9945263266563416], [1471.5113525390625, 792.0067749023438, 0.9962741136550903], [1415.51318359375, 799.7872314453125, 0.9887211918830872]]",Middle,Right
18,0.6,2,334.34637,645.05554,0.8928747177124023,"[[0.0, 0.0, 0.04982907325029373], [0.0, 0.0, 0.049840088933706284], [0.0, 0.0, 0.0139865567907691], [303.4188537597656, 473.4735107421875, 0.8038415908813477], [0.0, 0.0, 0.44713449478149414], [300.9862976074219, 517.2614135742188, 0.9986916184425354], [365.430419921875, 508.70721435546875, 0.9644060134887695], [288.9033508300781, 575.8933715820312, 0.9904204607009888], [0.0, 0.0, 0.41515395045280457], [270.668701171875, 616.9551391601562, 0.8992628455162048], [0.0, 0.0, 0.1870778650045395], [312.16229248046875, 634.807861328125, 0.9997264742851257], [358.52838134765625, 626.655517578125, 0.9985669255256653], [314.11163330078125, 726.8464965820312, 0.9995861649513245], [364.49932861328125, 706.0684814453125, 0.9973394274711609], [331.6741943359375, 818.3673095703125, 0.9987325072288513], [398.16558837890625, 784.3206787109375, 0.994707465171814]]",Middle,Left
19,0.6333333333333333,1,1411.4803,662.07947,0.9077589511871338,"[[1336.815185546875, 543.627685546875, 0.7530548572540283], [1335.7447509765625, 535.3392944335938, 0.7862727642059326], [0.0, 0.0, 0.1407271921634674], [1348.308837890625, 524.1466674804688, 0.924492359161377], [0.0, 0.0, 0.048093728721141815], [1387.5155029296875, 544.0917358398438, 0.9967339038848877], [1380.1536865234375, 547.6346435546875, 0.9780997633934021], [1414.631591796875, 608.3043212890625, 0.9933005571365356], [1404.49560546875, 601.7557373046875, 0.8633584380149841], [1385.3489990234375, 652.897216796875, 0.9837608933448792], [1390.5245361328125, 652.2159423828125, 0.8471198678016663], [1452.20068359375, 621.5966796875, 0.9994623064994812], [1442.64013671875, 622.8963623046875, 0.9986574649810791], [1417.86865234375, 707.76806640625, 0.9994068145751953], [1399.4361572265625, 710.5835571289062, 0.9980639815330505], [1469.833984375, 791.0458374023438, 0.9975741505622864], [1408.2255859375, 793.40869140625, 0.9944154024124146]]",Middle,Right
19,0.6333333333333333,2,335.10287,642.2788,0.8905914425849915,"[[0.0, 0.0, 0.059289295226335526], [0.0, 0.0, 0.06656020879745483], [0.0, 0.0, 0.012438113801181316], [302.62078857421875, 474.969482421875, 0.8381302952766418], [0.0, 0.0, 0.324644535779953], [304.8094177246094, 521.0616455078125, 0.9984012246131897], [363.69720458984375, 494.0086669921875, 0.9744707942008972], [290.5614013671875, 574.6636352539062, 0.9895456433296204], [361.6850891113281, 485.50201416015625, 0.5073579549789429], [266.8193359375, 605.0382080078125, 0.8983930945396423], [0.0, 0.0, 0.25253206491470337], [313.57318115234375, 634.2874755859375, 0.9997642636299133], [356.8175048828125, 620.3944091796875, 0.9990731477737427], [309.07257080078125, 728.1585693359375, 0.9996227025985718], [361.95635986328125, 706.7354736328125, 0.9981666803359985], [330.5684509277344, 818.6953125, 0.9987267851829529], [399.64373779296875, 788.4957275390625, 0.9957442879676819]]",Middle,Left
20,0.6666666666666666,1,1402.3735,662.7142,0.9018933176994324,"[[1329.530029296875, 542.7818603515625, 0.7738586664199829], [1329.693115234375, 534.3785400390625, 0.8402795195579529], [0.0, 0.0, 0.1557234525680542], [1344.0313720703125, 525.078369140625, 0.9454908967018127], [0.0, 0.0, 0.04875665903091431], [1380.431396484375, 546.6275634765625, 0.9967560172080994], [1381.421875, 549.2228393554688, 0.9636474847793579], [1407.52001953125, 610.9064331054688, 0.9915933609008789], [1406.4571533203125, 604.1212768554688, 0.6934700012207031], [1376.2938232421875, 655.5081176757812, 0.9762561917304993], [1388.6488037109375, 651.79296875, 0.6772485971450806], [1447.3277587890625, 622.858154296875, 0.9991674423217773], [1443.8193359375, 623.194091796875, 0.9972836971282959], [1407.638916015625, 706.2182006835938, 0.9992524981498718], [1396.9952392578125, 708.505615234375, 0.9966850876808167], [1461.10888671875, 790.7542724609375, 0.997583270072937], [1405.52978515625, 792.7684936523438, 0.9929803013801575]]",Middle,Right
20,0.6666666666666666,2,334.459,633.04065,0.8800621628761292,"[[0.0, 0.0, 0.08368630707263947], [0.0, 0.0, 0.07710064947605133], [0.0, 0.0, 0.021325144916772842], [304.7672424316406, 470.8280029296875, 0.7901096343994141], [0.0, 0.0, 0.4086570143699646], [302.6661376953125, 517.2940673828125, 0.9983023405075073], [364.33697509765625, 490.465576171875, 0.9888412356376648], [295.4410400390625, 571.41748046875, 0.989719808101654], [346.2281799316406, 479.86236572265625, 0.7772798538208008], [266.078369140625, 599.9837646484375, 0.9185681939125061], [295.75592041015625, 429.7909240722656, 0.5025656223297119], [314.57421875, 636.99658203125, 0.9997497200965881], [360.8676452636719, 623.6719970703125, 0.999369204044342], [303.908203125, 730.4229125976562, 0.9989983439445496], [360.93377685546875, 711.9752197265625, 0.9969095587730408], [329.8714294433594, 822.056396484375, 0.9946086406707764], [396.4073181152344, 795.69580078125, 0.9872936010360718]]",Middle,Left
21,0.7,1,1399.0857,662.9501,0.9019585847854614,"[[1329.5496826171875, 542.7734375, 0.7741401791572571], [1329.7100830078125, 534.3701171875, 0.8404439687728882], [0.0, 0.0, 0.1557798832654953], [1344.03125, 525.0667114257812, 0.9455649852752686], [0.0, 0.0, 0.048750221729278564], [1380.419921875, 546.6273803710938, 0.9967581629753113], [1381.4500732421875, 549.2210083007812, 0.9637102484703064], [1407.517578125, 610.8997802734375, 0.9915919303894043], [1406.4976806640625, 604.12255859375, 0.6936740875244141], [1376.29296875, 655.509521484375, 0.9762448072433472], [1388.6474609375, 651.7984619140625, 0.6773035526275635], [1447.35107421875, 622.8992919921875, 0.9991655349731445], [1443.87158203125, 623.23095703125, 0.99727863073349], [1407.6575927734375, 706.2554931640625, 0.9992490410804749], [1397.030029296875, 708.5133666992188, 0.9966712594032288], [1461.119140625, 790.806884765625, 0.9975689053535461], [1405.615478515625, 792.7619018554688, 0.9929416179656982]]",Middle,Right
21,0.7,2,334.22662,629.6222,0.8802701830863953,"[[0.0, 0.0, 0.08328711986541748], [0.0, 0.0, 0.07660774141550064], [0.0, 0.0, 0.021243423223495483], [304.732421875, 470.79071044921875, 0.7896097302436829], [0.0, 0.0, 0.4088852107524872], [302.65478515625, 517.2474365234375, 0.9982979893684387], [364.35296630859375, 490.3963623046875, 0.9889021515846252], [295.46038818359375, 571.3583984375, 0.9897029995918274], [346.1620178222656, 479.70367431640625, 0.7793083190917969], [266.03961181640625, 599.9786987304688, 0.9184817671775818], [295.5639343261719, 429.67120361328125, 0.5049004554748535], [314.5528564453125, 636.9805908203125, 0.9997496008872986], [360.8670654296875, 623.646728515625, 0.9993714690208435], [303.9354248046875, 730.3798217773438, 0.9989919066429138], [360.97198486328125, 711.9329833984375, 0.9969053864479065], [329.91058349609375, 821.9646606445312, 0.9945605397224426], [396.3637390136719, 795.628173828125, 0.9872287511825562]]",Middle,Left
22,0.7333333333333333,1,1391.0422,663.695,0.8997140526771545,"[[1322.315185546875, 548.5993041992188, 0.8254876732826233], [1321.97607421875, 540.02685546875, 0.8768969774246216], [0.0, 0.0, 0.16199979186058044], [1337.9759521484375, 527.0732421875, 0.9487600326538086], [0.0, 0.0, 0.036539215594530106], [1373.856201171875, 542.3807983398438, 0.9962967038154602], [1374.1470947265625, 547.1630859375, 0.9814721345901489], [1396.142333984375, 610.1824951171875, 0.9914088845252991], [1402.8251953125, 608.1890869140625, 0.8321494460105896], [1378.8009033203125, 656.740966796875, 0.9811583757400513], [1389.9354248046875, 654.6488647460938, 0.8076218366622925], [1442.3218994140625, 619.70751953125, 0.9991363883018494], [1438.449951171875, 622.46630859375, 0.9981649518013], [1398.43359375, 703.2085571289062, 0.9990474581718445], [1392.99462890625, 711.3162841796875, 0.9972430467605591], [1448.09423828125, 784.9930419921875, 0.9958474040031433], [1401.9639892578125, 794.12353515625, 0.9915283918380737]]",Middle,Right
22,0.7333333333333333,2,333.1913,622.49097,0.881397008895874,"[[0.0, 0.0, 0.09233162552118301], [0.0, 0.0, 0.0781293511390686], [0.0, 0.0, 0.022180484607815742], [304.86279296875, 470.47979736328125, 0.7956827282905579], [0.0, 0.0, 0.3875657021999359], [305.41229248046875, 516.726318359375, 0.9983793497085571], [363.21893310546875, 487.69610595703125, 0.9927531480789185], [300.1197814941406, 569.8617553710938, 0.9914980530738831], [341.0547790527344, 471.4190368652344, 0.909231424331665], [269.02044677734375, 598.6939697265625, 0.9423534274101257], [287.0924072265625, 426.3074951171875, 0.7469165921211243], [316.19671630859375, 633.8493041992188, 0.9998188614845276], [360.2628479003906, 620.0206298828125, 0.9996179342269897], [304.3487854003906, 727.2423095703125, 0.9991337656974792], [361.6762390136719, 710.7433471679688, 0.9979079961776733], [332.7822265625, 818.8104858398438, 0.9945810437202454], [396.2861022949219, 798.1868896484375, 0.9893972873687744]]",Middle,Left
23,0.7666666666666667,1,1383.8423,665.6168,0.9009053111076355,"[[1314.946044921875, 550.0611572265625, 0.8735091686248779], [1315.208740234375, 540.8533325195312, 0.9139463305473328], [0.0, 0.0, 0.24761514365673065], [1331.272216796875, 527.78271484375, 0.9381778240203857], [0.0, 0.0, 0.03579812869429588], [1372.200927734375, 542.8309326171875, 0.9945759773254395], [1357.354248046875, 547.5301513671875, 0.938412070274353], [1389.654052734375, 607.9511108398438, 0.9841448068618774], [1386.317626953125, 608.154296875, 0.5284440517425537], [1379.447021484375, 664.7376708984375, 0.9569918513298035], [1383.8447265625, 659.4481201171875, 0.5087409615516663], [1438.6451416015625, 617.1825561523438, 0.996338963508606], [1426.696044921875, 618.6046752929688, 0.9883727431297302], [1401.7939453125, 702.60302734375, 0.9946653842926025], [1386.9654541015625, 703.7169189453125, 0.9773048162460327], [1425.332275390625, 797.892822265625, 0.9812659621238708], [1410.1156005859375, 795.3762817382812, 0.949430525302887]]",Middle,Right
23,0.7666666666666667,2,331.8534,616.6047,0.889915406703949,"[[0.0, 0.0, 0.11004739254713058], [0.0, 0.0, 0.08798003196716309], [0.0, 0.0, 0.023039689287543297], [305.2217712402344, 469.4945983886719, 0.8088034987449646], [0.0, 0.0, 0.3280438184738159], [305.6861877441406, 513.720458984375, 0.9984096884727478], [360.87896728515625, 486.6114807128906, 0.9942936301231384], [302.80755615234375, 566.4246215820312, 0.9931107759475708], [329.01055908203125, 468.865478515625, 0.9585469961166382], [271.6273193359375, 599.6053466796875, 0.9611759185791016], [275.53790283203125, 418.3623046875, 0.8828896284103394], [316.2945251464844, 629.4681396484375, 0.9998499155044556], [359.3168029785156, 616.8931884765625, 0.9997093081474304], [304.18255615234375, 723.7836303710938, 0.9991957545280457], [364.4764709472656, 709.5401000976562, 0.9983032941818237], [332.6741943359375, 817.41455078125, 0.994207501411438], [392.8231201171875, 798.2645874023438, 0.9898326396942139]]",Middle,Left
24,0.8,1,1377.6816,667.31165,0.9049999117851257,"[[1310.971435546875, 548.1439208984375, 0.795494556427002], [1310.587158203125, 539.432861328125, 0.8284998536109924], [0.0, 0.0, 0.18776842951774597], [1323.3040771484375, 527.19091796875, 0.9008074402809143], [0.0, 0.0, 0.04967470467090607], [1364.8035888671875, 542.1200561523438, 0.9940643906593323], [1353.6962890625, 544.5955200195312, 0.9378048181533813], [1388.4354248046875, 603.8571166992188, 0.9829505085945129], [1385.32421875, 602.8572998046875, 0.5596033930778503], [1375.9298095703125, 657.40478515625, 0.951292097568512], [1381.5823974609375, 653.148681640625, 0.5191363096237183], [1431.26513671875, 616.0709228515625, 0.9960787892341614], [1422.555419921875, 615.9512939453125, 0.9880499243736267], [1400.3699951171875, 704.2161254882812, 0.9930550456047058], [1389.0877685546875, 700.182373046875, 0.9725023508071899], [1411.260498046875, 802.52783203125, 0.9727469682693481], [1409.7288818359375, 791.9178466796875, 0.9305074214935303]]",Middle,Right
24,0.8,2,329.10315,613.1476,0.9007316827774048,"[[0.0, 0.0, 0.16104817390441895], [0.0, 0.0, 0.13573482632637024], [0.0, 0.0, 0.024989409372210503], [308.5730285644531, 471.1256103515625, 0.845543622970581], [0.0, 0.0, 0.21040919423103333], [307.5819091796875, 514.0732421875, 0.9982932209968567], [359.6669921875, 486.2796936035156, 0.9943616390228271], [305.6206970214844, 565.742919921875, 0.9938430786132812], [317.94622802734375, 467.35821533203125, 0.9675178527832031], [273.07452392578125, 596.9415893554688, 0.9720960855484009], [268.0995788574219, 409.09783935546875, 0.9212799668312073], [315.6526794433594, 626.8819580078125, 0.9998507499694824], [356.8343200683594, 613.1483764648438, 0.9997205138206482], [304.92535400390625, 724.12255859375, 0.9992750287055969], [364.4626770019531, 703.9120483398438, 0.9985191226005554], [332.00457763671875, 816.594482421875, 0.994425892829895], [388.86212158203125, 786.273193359375, 0.9906733632087708]]",Middle,Left
25,0.8333333333333334,1,1371.5938,668.62146,0.9045736193656921,"[[1305.6536865234375, 548.7823486328125, 0.7571507692337036], [1305.1248779296875, 540.344482421875, 0.804377555847168], [0.0, 0.0, 0.1449209600687027], [1318.7576904296875, 528.97705078125, 0.9034649729728699], [0.0, 0.0, 0.03759531304240227], [1361.1055908203125, 542.6376342773438, 0.9933435916900635], [1352.205810546875, 544.981689453125, 0.930295467376709], [1386.065673828125, 600.17724609375, 0.9828494191169739], [1382.1292724609375, 599.3900146484375, 0.5601889491081238], [1372.3814697265625, 653.2899780273438, 0.95341557264328], [1373.7269287109375, 650.48193359375, 0.5313237309455872], [1426.553466796875, 614.0645751953125, 0.9965479969978333], [1419.47998046875, 613.5708618164062, 0.9895216226577759], [1395.943603515625, 704.2471923828125, 0.9944905042648315], [1387.55517578125, 699.5646362304688, 0.9782868027687073], [1401.4881591796875, 804.508056640625, 0.9786377549171448], [1401.8828125, 792.8062133789062, 0.9455611109733582]]",Middle,Right
25,0.8333333333333334,2,329.637,611.95624,0.8945803642272949,"[[0.0, 0.0, 0.24858923256397247], [0.0, 0.0, 0.21508783102035522], [0.0, 0.0, 0.0325348861515522], [311.0318298339844, 471.9392395019531, 0.8685685992240906], [0.0, 0.0, 0.14423014223575592], [308.7419738769531, 515.8251953125, 0.9979921579360962], [356.97369384765625, 486.5083923339844, 0.9944441914558411], [311.6408386230469, 569.295654296875, 0.9939531683921814], [310.1049499511719, 461.80780029296875, 0.9762322902679443], [275.6158447265625, 599.6163330078125, 0.9787291288375854], [262.8601989746094, 403.9671936035156, 0.9513571858406067], [319.79071044921875, 625.7948608398438, 0.999815046787262], [359.3463439941406, 612.964599609375, 0.9996802806854248], [304.82598876953125, 721.420654296875, 0.9991335272789001], [372.4267883300781, 706.3746948242188, 0.9983891248703003], [333.26947021484375, 813.755859375, 0.9929619431495667], [392.056640625, 793.5027465820312, 0.9891449809074402]]",Middle,Left
26,0.8666666666666667,1,1365.4972,667.0906,0.9050399661064148,"[[1299.802490234375, 547.33251953125, 0.8309924602508545], [1299.1810302734375, 538.8388061523438, 0.8666238784790039], [0.0, 0.0, 0.15793992578983307], [1312.7584228515625, 525.90576171875, 0.9267138242721558], [0.0, 0.0, 0.033043794333934784], [1354.4798583984375, 542.359619140625, 0.9964858293533325], [1349.46142578125, 542.2018432617188, 0.9301989078521729], [1386.5213623046875, 605.9115600585938, 0.9909562468528748], [0.0, 0.0, 0.46508169174194336], [1363.6270751953125, 651.801025390625, 0.9759671092033386], [1370.465576171875, 642.6958618164062, 0.524854838848114], [1425.9884033203125, 615.8435668945312, 0.9984740614891052], [1420.38525390625, 615.0320434570312, 0.9933295845985413], [1392.6558837890625, 706.0818481445312, 0.9989051818847656], [1386.0452880859375, 703.4852294921875, 0.9932628273963928], [1393.0711669921875, 804.2120361328125, 0.9961671233177185], [1387.913330078125, 796.0156860351562, 0.986099362373352]]",Middle,Right
26,0.8666666666666667,2,329.93103,611.58606,0.8852137923240662,"[[303.66986083984375, 470.40643310546875, 0.5681703686714172], [307.70770263671875, 464.88720703125, 0.5487067103385925], [0.0, 0.0, 0.07991142570972443], [318.527587890625, 471.0339660644531, 0.8975124359130859], [0.0, 0.0, 0.06787658482789993], [312.2062683105469, 515.74755859375, 0.9965871572494507], [353.2266845703125, 484.3953552246094, 0.992135763168335], [315.6584167480469, 574.0111694335938, 0.9926177859306335], [302.5985107421875, 458.03338623046875, 0.9724003672599792], [279.417724609375, 602.0011596679688, 0.984463095664978], [261.9214172363281, 403.04534912109375, 0.9635816216468811], [326.7410888671875, 625.6564331054688, 0.999607264995575], [361.717529296875, 613.1674194335938, 0.9993889331817627], [306.33160400390625, 722.5330200195312, 0.9987039566040039], [378.6144104003906, 709.8807373046875, 0.9977641105651855], [335.7875061035156, 814.1592407226562, 0.990216851234436], [392.07147216796875, 799.8306884765625, 0.9861100912094116]]",Middle,Left
27,0.9,1,1363.4246,666.5083,0.9053036570549011,"[[1299.888916015625, 547.3309326171875, 0.8289027214050293], [1299.248046875, 538.8598022460938, 0.8658005595207214], [0.0, 0.0, 0.15588980913162231], [1312.755859375, 525.9814453125, 0.9276357293128967], [0.0, 0.0, 0.03302253037691116], [1354.39990234375, 542.48876953125, 0.9965253472328186], [1349.619140625, 542.178466796875, 0.9299443960189819], [1386.4759521484375, 606.0830078125, 0.990998387336731], [0.0, 0.0, 0.4610176980495453], [1363.5948486328125, 652.0570068359375, 0.9758578538894653], [1370.549560546875, 642.661865234375, 0.5198789834976196], [1425.8609619140625, 616.0888671875, 0.998491644859314], [1420.4539794921875, 615.2124633789062, 0.9933522939682007], [1392.2845458984375, 706.1087646484375, 0.9989199638366699], [1386.133544921875, 703.426513671875, 0.9932924509048462], [1392.8868408203125, 804.1572265625, 0.9962365031242371], [1387.79248046875, 795.873779296875, 0.9862545728683472]]",Middle,Right
27,0.9,2,330.03986,611.558,0.8847195506095886,"[[303.9193420410156, 470.5223693847656, 0.5933911204338074], [308.08428955078125, 464.97308349609375, 0.576082170009613], [0.0, 0.0, 0.0866132378578186], [319.1143798828125, 471.0723876953125, 0.9006168842315674], [0.0, 0.0, 0.06695803254842758], [312.4032287597656, 515.828857421875, 0.9965658783912659], [353.2210693359375, 484.45068359375, 0.9921403527259827], [315.6790771484375, 574.2977294921875, 0.992544412612915], [302.4969787597656, 457.9529113769531, 0.971938967704773], [279.25494384765625, 602.0960083007812, 0.9846169948577881], [262.0323486328125, 403.0257568359375, 0.9636000990867615], [326.6698913574219, 625.7503662109375, 0.999593198299408], [361.5187683105469, 613.278564453125, 0.9993698000907898], [306.2543029785156, 722.5908203125, 0.9986831545829773], [378.6724548339844, 710.0330810546875, 0.9977328777313232], [335.82012939453125, 814.0660400390625, 0.9901472926139832], [392.11431884765625, 800.0077514648438, 0.9860442876815796]]",Middle,Left
28,0.9333333333333333,1,1359.4987,664.93555,0.9113284349441528,"[[1296.191650390625, 546.712158203125, 0.7436376214027405], [1294.972412109375, 538.5967407226562, 0.8053018450737], [0.0, 0.0, 0.10658011585474014], [1307.14404296875, 526.5994873046875, 0.9252992868423462], [0.0, 0.0, 0.03267539292573929], [1348.29833984375, 541.7667846679688, 0.9959790706634521], [1353.789306640625, 540.316162109375, 0.9183241128921509], [1382.4610595703125, 602.65185546875, 0.989875078201294], [0.0, 0.0, 0.4285602867603302], [1359.988525390625, 646.2350463867188, 0.9717656970024109], [0.0, 0.0, 0.4792300760746002], [1420.0166015625, 612.155029296875, 0.9984917640686035], [1421.8470458984375, 610.4988403320312, 0.9933075308799744], [1386.788330078125, 705.3235473632812, 0.9989833235740662], [1385.45703125, 702.427734375, 0.9936861395835876], [1380.715087890625, 803.024169921875, 0.996644139289856], [1379.0394287109375, 795.5385131835938, 0.9877074360847473]]",Middle,Right
28,0.9333333333333333,2,330.47025,611.3017,0.8792220950126648,"[[302.89453125, 470.0375061035156, 0.5375230312347412], [306.93560791015625, 464.6639099121094, 0.5206161737442017], [0.0, 0.0, 0.07261107116937637], [317.499267578125, 470.77294921875, 0.8794056177139282], [0.0, 0.0, 0.061951976269483566], [314.8657531738281, 511.30035400390625, 0.9958849549293518], [351.9896240234375, 482.85272216796875, 0.9901960492134094], [322.3184509277344, 567.1231689453125, 0.9921740293502808], [300.268310546875, 459.8822937011719, 0.967431902885437], [289.92401123046875, 596.1834716796875, 0.9842216968536377], [260.55999755859375, 403.1976013183594, 0.9595121741294861], [335.8646240234375, 622.9718017578125, 0.9995668530464172], [368.52276611328125, 611.0121459960938, 0.9993147850036621], [306.30419921875, 723.4305419921875, 0.9986764788627625], [379.30731201171875, 708.4591674804688, 0.9976105690002441], [336.0705871582031, 818.1580810546875, 0.9900654554367065], [393.5726623535156, 797.570068359375, 0.9855073690414429]]",Middle,Left
29,0.9666666666666667,1,1353.9095,664.00006,0.9167214632034302,"[[1289.2718505859375, 542.869384765625, 0.7784196734428406], [1288.244384765625, 535.2457885742188, 0.8243542909622192], [0.0, 0.0, 0.11562945693731308], [1301.439697265625, 524.32666015625, 0.9239569306373596], [0.0, 0.0, 0.02812960371375084], [1344.870361328125, 540.5367431640625, 0.9952827095985413], [1345.026123046875, 540.9882202148438, 0.9099153876304626], [1378.4442138671875, 599.9259033203125, 0.9892047047615051], [0.0, 0.0, 0.42737260460853577], [1356.9908447265625, 642.26318359375, 0.9755773544311523], [1357.7763671875, 638.0369873046875, 0.5222335457801819], [1411.480712890625, 611.3243408203125, 0.9982075691223145], [1412.193115234375, 610.838623046875, 0.9923067688941956], [1377.95068359375, 705.1279907226562, 0.9990390539169312], [1386.42138671875, 705.1372680664062, 0.9942249655723572], [1351.8720703125, 801.569091796875, 0.9969213008880615], [1391.0006103515625, 798.2589111328125, 0.9889770150184631]]",Middle,Right
29,0.9666666666666667,2,331.31818,611.957,0.8840834498405457,"[[302.9730224609375, 471.04095458984375, 0.5770365595817566], [307.37884521484375, 465.60687255859375, 0.558722734451294], [0.0, 0.0, 0.09578362107276917], [315.8629150390625, 470.99761962890625, 0.8933977484703064], [0.0, 0.0, 0.07878202944993973], [314.83056640625, 509.49957275390625, 0.9963766932487488], [350.8973388671875, 483.64215087890625, 0.9906666874885559], [322.28839111328125, 560.63916015625, 0.9924142956733704], [300.6448059082031, 461.5333557128906, 0.9688249826431274], [290.0005187988281, 594.3622436523438, 0.9842823147773743], [258.8863220214844, 405.8729248046875, 0.9613357186317444], [339.95489501953125, 618.59521484375, 0.9995631575584412], [372.7184143066406, 606.3016357421875, 0.9993106126785278], [311.13385009765625, 723.6612548828125, 0.9987315535545349], [380.22662353515625, 704.00390625, 0.9977641105651855], [337.63104248046875, 824.0711059570312, 0.9910837411880493], [402.5514221191406, 793.0193481445312, 0.9870818853378296]]",Middle,Left
30,1.0,1,1349.3431,663.9781,0.9097701907157898,"[[1283.86865234375, 541.36767578125, 0.8168796896934509], [1283.3603515625, 533.340087890625, 0.8450888395309448], [0.0, 0.0, 0.13993826508522034], [1298.26318359375, 523.2745361328125, 0.9161132574081421], [0.0, 0.0, 0.026984374970197678], [1344.478515625, 542.0543212890625, 0.9950829744338989], [1333.022705078125, 545.2042846679688, 0.9109228849411011], [1378.63916015625, 595.6770629882812, 0.9897991418838501], [0.0, 0.0, 0.4643647372722626], [1353.4300537109375, 639.2839965820312, 0.9795459508895874], [1355.275390625, 635.2125244140625, 0.5816811919212341], [1403.248291015625, 615.0360717773438, 0.9981856942176819], [1396.375244140625, 615.71484375, 0.9923967719078064], [1372.508544921875, 704.6705932617188, 0.9990516304969788], [1377.08251953125, 706.1427001953125, 0.9944724440574646], [1345.2159423828125, 800.611328125, 0.9969244599342346], [1391.697021484375, 798.23828125, 0.9891878962516785]]",Middle,Right
30,1.0,2,331.66418,611.6286,0.8825569152832031,"[[303.705322265625, 472.2918701171875, 0.5870659947395325], [307.3800048828125, 466.5283203125, 0.5561105608940125], [0.0, 0.0, 0.09311726689338684], [318.01708984375, 470.6890869140625, 0.855433464050293], [0.0, 0.0, 0.0607302188873291], [319.8819580078125, 508.0574951171875, 0.9942077398300171], [348.662353515625, 483.4825744628906, 0.9888221025466919], [327.7756042480469, 563.90283203125, 0.9907324314117432], [299.0820617675781, 463.0542297363281, 0.9740133285522461], [291.30328369140625, 599.0176391601562, 0.9846455454826355], [258.8336486816406, 406.51788330078125, 0.9713394641876221], [345.932373046875, 616.736328125, 0.9993638396263123], [373.0101318359375, 606.8446655273438, 0.9990898370742798], [315.050048828125, 718.179443359375, 0.998149037361145], [385.4215087890625, 707.05859375, 0.997053861618042], [336.0431213378906, 818.08642578125, 0.9862257242202759], [397.44403076171875, 801.8402099609375, 0.9817678928375244]]",Middle,Left
31,1.0333333333333334,1,1343.8485,663.63574,0.9022327065467834,"[[1279.1470947265625, 539.9613647460938, 0.855465292930603], [1279.3074951171875, 531.9461669921875, 0.8930040001869202], [0.0, 0.0, 0.13622374832630157], [1295.3369140625, 521.9456787109375, 0.9510634541511536], [0.0, 0.0, 0.022422902286052704], [1339.3804931640625, 542.9879150390625, 0.9957377910614014], [1329.886962890625, 544.6026611328125, 0.9446254968643188], [1369.1009521484375, 597.0393676757812, 0.9895820617675781], [1365.0113525390625, 590.3984375, 0.5352078080177307], [1351.2838134765625, 635.68017578125, 0.9809072613716125], [1355.051025390625, 624.90087890625, 0.6230359077453613], [1399.6290283203125, 618.029541015625, 0.9979022741317749], [1395.3668212890625, 617.9710083007812, 0.9926363229751587], [1357.857666015625, 710.0977172851562, 0.9987173080444336], [1373.31494140625, 709.384033203125, 0.9935698509216309], [1324.87841796875, 803.842041015625, 0.9949500560760498], [1401.380615234375, 796.4102783203125, 0.9846624135971069]]",Middle,Right
31,1.0333333333333334,2,331.8139,611.5793,0.8844884634017944,"[[303.56170654296875, 473.253662109375, 0.6718392968177795], [308.3459167480469, 466.57708740234375, 0.6490085124969482], [0.0, 0.0, 0.15156026184558868], [318.3542175292969, 469.42559814453125, 0.8958686590194702], [0.0, 0.0, 0.10849945992231369], [320.57513427734375, 507.54583740234375, 0.9967656135559082], [350.21954345703125, 477.0836181640625, 0.9924647808074951], [332.8059997558594, 567.405517578125, 0.993119478225708], [301.02142333984375, 451.6226806640625, 0.9769906997680664], [287.2984313964844, 600.9728393554688, 0.9858826398849487], [257.998291015625, 396.301025390625, 0.971803605556488], [348.6794128417969, 613.9678955078125, 0.9995632767677307], [377.5024108886719, 601.411376953125, 0.9993258714675903], [323.73516845703125, 716.69189453125, 0.9988872408866882], [395.01519775390625, 700.919189453125, 0.9981536269187927], [343.1351623535156, 815.9095458984375, 0.9923936128616333], [402.0824890136719, 794.936279296875, 0.9894485473632812]]",Middle,Left
32,1.0666666666666667,1,1338.6514,662.52124,0.8998451232910156,"[[1274.89404296875, 540.427490234375, 0.8375891447067261], [1275.253662109375, 531.212890625, 0.8925963640213013], [0.0, 0.0, 0.16666918992996216], [1291.0511474609375, 519.704345703125, 0.9411669373512268], [0.0, 0.0, 0.026423027738928795], [1330.500244140625, 539.8458862304688, 0.9949400424957275], [1324.94091796875, 539.9859619140625, 0.8894083499908447], [1361.8304443359375, 600.9224853515625, 0.9852393865585327], [0.0, 0.0, 0.3075658082962036], [1338.454833984375, 638.30078125, 0.9636625051498413], [0.0, 0.0, 0.37419870495796204], [1386.838134765625, 617.783935546875, 0.9968535304069519], [1387.2548828125, 616.8282470703125, 0.9856868386268616], [1341.8946533203125, 706.4031982421875, 0.997480571269989], [1371.957763671875, 705.5985107421875, 0.9839769601821899], [1325.3756103515625, 802.048828125, 0.9925687909126282], [1390.7049560546875, 799.0001220703125, 0.9724788069725037]]",Middle,Right
32,1.0666666666666667,2,332.2141,611.97205,0.8830800652503967,"[[310.9039001464844, 474.5239562988281, 0.9051689505577087], [315.5499267578125, 466.9003601074219, 0.8784638047218323], [0.0, 0.0, 0.44215014576911926], [327.16046142578125, 466.7630615234375, 0.8711749315261841], [0.0, 0.0, 0.11267261952161789], [326.6579895019531, 505.8880920410156, 0.9947382807731628], [345.98052978515625, 482.7309265136719, 0.9918437600135803], [333.2353515625, 567.48876953125, 0.9893729090690613], [300.3251647949219, 463.55877685546875, 0.9766051769256592], [300.31573486328125, 604.724609375, 0.9867030382156372], [258.70037841796875, 408.6984558105469, 0.9792910218238831], [354.7630920410156, 614.3651123046875, 0.9989967942237854], [375.50909423828125, 606.2018432617188, 0.9987150430679321], [328.7181396484375, 716.8866577148438, 0.9976696372032166], [397.193603515625, 709.679931640625, 0.9966981410980225], [339.69647216796875, 816.6322631835938, 0.9847028851509094], [400.4376220703125, 807.19921875, 0.9814152121543884]]",Middle,Left
33,1.1,1,1336.9093,662.1293,0.9000551700592041,"[[1274.919921875, 540.496826171875, 0.8347712755203247], [1275.2861328125, 531.2862548828125, 0.8906381130218506], [0.0, 0.0, 0.16419954597949982], [1291.034423828125, 519.7041625976562, 0.9410561919212341], [0.0, 0.0, 0.026425164192914963], [1330.434814453125, 539.6309814453125, 0.9949207901954651], [1325.0567626953125, 540.0675659179688, 0.8908934593200684], [1361.9088134765625, 600.5809326171875, 0.9852602481842041], [0.0, 0.0, 0.31199029088020325], [1338.594482421875, 638.0535278320312, 0.9637031555175781], [0.0, 0.0, 0.37695780396461487], [1386.8521728515625, 617.7716064453125, 0.9968763589859009], [1387.4197998046875, 616.9400634765625, 0.9859271049499512], [1341.8878173828125, 706.4444580078125, 0.9974779486656189], [1372.104248046875, 705.76416015625, 0.9841225147247314], [1325.459228515625, 802.1651611328125, 0.9925156235694885], [1391.060546875, 799.169921875, 0.972498893737793]]",Middle,Right
33,1.1,2,332.30933,612.1898,0.8825942277908325,"[[310.9995422363281, 474.58660888671875, 0.9065414667129517], [315.6331787109375, 466.9305725097656, 0.8792148232460022], [0.0, 0.0, 0.45023995637893677], [327.131103515625, 466.74334716796875, 0.868759036064148], [0.0, 0.0, 0.11625080555677414], [326.5787353515625, 505.879638671875, 0.9947351217269897], [345.98736572265625, 482.69561767578125, 0.9918112754821777], [333.30865478515625, 567.3807373046875, 0.9892809987068176], [300.46453857421875, 463.43597412109375, 0.9761766195297241], [300.3490905761719, 604.3594970703125, 0.9865767955780029], [258.77191162109375, 408.48687744140625, 0.9789407849311829], [354.7777099609375, 614.3284912109375, 0.9989859461784363], [375.56719970703125, 606.1383056640625, 0.9986996650695801], [328.9420471191406, 716.96533203125, 0.9976568222045898], [397.3030700683594, 709.61181640625, 0.996673583984375], [339.80462646484375, 816.7242431640625, 0.9846960306167603], [400.267578125, 807.05419921875, 0.9813699722290039]]",Middle,Left
34,1.1333333333333333,1,1335.0961,662.2875,0.9012707471847534,"[[1272.89404296875, 541.6209716796875, 0.848082959651947], [1272.7764892578125, 532.6337890625, 0.9056611061096191], [0.0, 0.0, 0.1595265418291092], [1287.849853515625, 520.3048706054688, 0.9525668025016785], [0.0, 0.0, 0.024628281593322754], [1327.7763671875, 539.7369384765625, 0.9955276846885681], [1319.623291015625, 541.2752685546875, 0.9043912887573242], [1351.984619140625, 600.961181640625, 0.9864352345466614], [0.0, 0.0, 0.31779471039772034], [1331.633544921875, 648.7818603515625, 0.9652045369148254], [0.0, 0.0, 0.37459269165992737], [1378.7923583984375, 621.9164428710938, 0.9972013235092163], [1377.218994140625, 621.121337890625, 0.9868026375770569], [1329.02685546875, 710.7739868164062, 0.9976849555969238], [1356.1993408203125, 708.3671264648438, 0.9842315912246704], [1320.5018310546875, 807.457763671875, 0.99298095703125], [1386.475830078125, 799.4991455078125, 0.9730058312416077]]",Middle,Right
34,1.1333333333333333,2,332.09338,612.6555,0.8815678954124451,"[[314.86566162109375, 472.8218078613281, 0.9127551913261414], [319.10809326171875, 465.59478759765625, 0.8649740815162659], [310.5377502441406, 466.55792236328125, 0.5247839093208313], [328.91082763671875, 467.1473388671875, 0.8214147686958313], [0.0, 0.0, 0.16936099529266357], [330.366455078125, 506.0400695800781, 0.9945171475410461], [344.52178955078125, 484.4365539550781, 0.9925157427787781], [336.8245544433594, 568.175537109375, 0.9884647130966187], [298.3686218261719, 467.5052490234375, 0.982098400592804], [307.13702392578125, 605.9940795898438, 0.986079752445221], [259.39617919921875, 409.1034851074219, 0.9840512871742249], [360.5697326660156, 614.972412109375, 0.9988065958023071], [377.4647216796875, 607.4801635742188, 0.9985472559928894], [338.55694580078125, 717.5955810546875, 0.9968374967575073], [401.575439453125, 709.7394409179688, 0.9958781003952026], [339.9893798828125, 817.1830444335938, 0.978291392326355], [400.3746643066406, 805.158203125, 0.975095808506012]]",Middle,Left
35,1.1666666666666667,1,1333.2393,663.69727,0.9004982113838196,"[[1266.1767578125, 540.8768310546875, 0.7360888719558716], [1265.281982421875, 532.4276123046875, 0.8234891295433044], [0.0, 0.0, 0.0906379297375679], [1278.42431640625, 520.9637451171875, 0.9455738067626953], [0.0, 0.0, 0.025116557255387306], [1321.0408935546875, 540.0263671875, 0.9957463145256042], [1317.706298828125, 540.9490966796875, 0.9295164346694946], [1348.0068359375, 600.0855712890625, 0.9878022074699402], [0.0, 0.0, 0.4015043079853058], [1323.3165283203125, 649.0804443359375, 0.9652880430221558], [0.0, 0.0, 0.4118112325668335], [1372.637939453125, 623.5889892578125, 0.9981125593185425], [1374.7044677734375, 622.0303344726562, 0.9924773573875427], [1321.3876953125, 711.9439697265625, 0.9982207417488098], [1349.97705078125, 708.0819091796875, 0.9898490905761719], [1314.196044921875, 807.4191284179688, 0.9939895868301392], [1384.322998046875, 797.8541259765625, 0.9797434210777283]]",Middle,Right
35,1.1666666666666667,2,332.32382,613.5198,0.8856956958770752,"[[315.4007568359375, 472.0694580078125, 0.9217901229858398], [319.5685729980469, 464.9478759765625, 0.8808090686798096], [310.7183532714844, 466.3211975097656, 0.5544456839561462], [330.2973327636719, 466.8399353027344, 0.8356954455375671], [0.0, 0.0, 0.17663051187992096], [334.4866638183594, 505.7787780761719, 0.9947882890701294], [345.7069091796875, 484.5967712402344, 0.9931249022483826], [340.3420715332031, 568.6050415039062, 0.9884776473045349], [298.82720947265625, 467.46826171875, 0.9835808277130127], [310.77105712890625, 606.74658203125, 0.9858766794204712], [259.16278076171875, 410.8079833984375, 0.9850443601608276], [365.30010986328125, 616.3099365234375, 0.9987384676933289], [379.939453125, 608.8981323242188, 0.9984840750694275], [343.28558349609375, 716.7338256835938, 0.9963755011558533], [403.35015869140625, 709.3485107421875, 0.9953925609588623], [340.3905029296875, 815.9309692382812, 0.97468501329422], [398.82861328125, 805.2354736328125, 0.9715774059295654]]",Middle,Left
36,1.2,1,1330.708,665.53625,0.8983879089355469,"[[1259.3836669921875, 539.3848266601562, 0.8515902161598206], [1260.525390625, 532.4906616210938, 0.9024926424026489], [0.0, 0.0, 0.09187857806682587], [1276.6256103515625, 523.1890869140625, 0.9675958752632141], [0.0, 0.0, 0.012082915753126144], [1321.656494140625, 546.0516967773438, 0.9974426031112671], [1303.494384765625, 542.663330078125, 0.9524268507957458], [1341.6103515625, 608.3471069335938, 0.9936915636062622], [0.0, 0.0, 0.4845254123210907], [1310.44677734375, 653.5562744140625, 0.9863541722297668], [1314.19140625, 630.4153442382812, 0.5733382701873779], [1371.9720458984375, 624.9095458984375, 0.9991260170936584], [1362.881591796875, 621.2950439453125, 0.9963494539260864], [1321.65966796875, 714.4686889648438, 0.9995810389518738], [1334.500732421875, 706.1514892578125, 0.9972813129425049], [1303.5377197265625, 807.5912475585938, 0.9984017014503479], [1388.8948974609375, 789.4947509765625, 0.9941064119338989]]",Middle,Right
36,1.2,2,332.42273,614.2119,0.8906559944152832,"[[312.1420593261719, 471.6122131347656, 0.6652416586875916], [316.7789611816406, 464.9151306152344, 0.6068275570869446], [0.0, 0.0, 0.16480153799057007], [328.4873352050781, 467.7470397949219, 0.84688401222229], [0.0, 0.0, 0.10742422193288803], [337.7363586425781, 504.6986389160156, 0.995744526386261], [350.1173400878906, 481.96368408203125, 0.9924232959747314], [339.50726318359375, 563.0321044921875, 0.9925590753555298], [300.86767578125, 459.58013916015625, 0.987168550491333], [308.6231384277344, 603.4111328125, 0.9871671795845032], [258.7618408203125, 398.2063293457031, 0.9851689338684082], [365.36480712890625, 616.2579956054688, 0.999528169631958], [381.257080078125, 607.0116577148438, 0.9993504881858826], [350.016845703125, 716.950439453125, 0.9985914826393127], [407.2804870605469, 703.78466796875, 0.9980529546737671], [352.13885498046875, 816.6395874023438, 0.9894188046455383], [403.817138671875, 795.21630859375, 0.9872530102729797]]",Middle,Left
37,1.2333333333333334,1,1328.5989,666.23303,0.888171911239624,"[[1256.3851318359375, 540.4581909179688, 0.7997238636016846], [1257.125, 533.234619140625, 0.8727937340736389], [0.0, 0.0, 0.07212222367525101], [1271.770751953125, 523.8124389648438, 0.9712273478507996], [0.0, 0.0, 0.015762005001306534], [1314.3160400390625, 547.6680297851562, 0.9982923865318298], [1300.907470703125, 542.539794921875, 0.959112823009491], [1333.5504150390625, 612.6493530273438, 0.9944942593574524], [0.0, 0.0, 0.4447058439254761], [1299.4976806640625, 649.71923828125, 0.9825857877731323], [0.0, 0.0, 0.4672276973724365], [1367.6104736328125, 626.0631103515625, 0.9993749260902405], [1360.9163818359375, 621.90576171875, 0.9969808459281921], [1315.1058349609375, 715.9346923828125, 0.9995903372764587], [1329.98828125, 706.51220703125, 0.9969135522842407], [1309.974853515625, 805.2088623046875, 0.9983490705490112], [1376.6419677734375, 787.110595703125, 0.9931426048278809]]",Middle,Right
37,1.2333333333333334,2,332.1308,615.18994,0.8916689157485962,"[[310.1812744140625, 473.54547119140625, 0.8147491216659546], [315.00799560546875, 466.45599365234375, 0.8036194443702698], [0.0, 0.0, 0.21428616344928741], [330.407958984375, 468.45684814453125, 0.9038029313087463], [0.0, 0.0, 0.05700385570526123], [345.69036865234375, 507.77069091796875, 0.9956037998199463], [345.666015625, 484.5473327636719, 0.9916781187057495], [343.06719970703125, 559.6519165039062, 0.9917303919792175], [300.1790771484375, 456.74383544921875, 0.9782474637031555], [316.6440124511719, 585.0103149414062, 0.9877045154571533], [258.9696350097656, 392.8836364746094, 0.9785726070404053], [366.25555419921875, 618.5066528320312, 0.999500036239624], [373.3779296875, 608.3230590820312, 0.999303936958313], [353.4610900878906, 720.86474609375, 0.9989628791809082], [403.0997314453125, 703.5638427734375, 0.9984673857688904], [353.4846496582031, 820.5866088867188, 0.9929880499839783], [406.50970458984375, 793.4683227539062, 0.9913422465324402]]",Middle,Left
38,1.2666666666666666,1,1320.7451,666.4935,0.8958442211151123,"[[1252.81689453125, 541.003662109375, 0.7715190649032593], [1252.79638671875, 533.5706176757812, 0.8121241331100464], [0.0, 0.0, 0.07429322600364685], [1265.25146484375, 523.8861694335938, 0.9415075182914734], [0.0, 0.0, 0.019033780321478844], [1310.176513671875, 548.8942260742188, 0.9976468682289124], [1291.7696533203125, 544.1260375976562, 0.9574755430221558], [1329.119140625, 614.6956787109375, 0.9938973784446716], [1311.138916015625, 597.339599609375, 0.5216410160064697], [1292.656494140625, 653.0357666015625, 0.9837973713874817], [1289.46875, 635.2713623046875, 0.563503086566925], [1359.925048828125, 625.3475341796875, 0.9993376135826111], [1349.83056640625, 620.3731689453125, 0.9972671270370483], [1311.839599609375, 716.092041015625, 0.9995986819267273], [1319.22216796875, 701.3875732421875, 0.9974462985992432], [1305.8853759765625, 805.5071411132812, 0.9983658194541931], [1370.27685546875, 777.7289428710938, 0.9939954876899719]]",Middle,Right
38,1.2666666666666666,2,332.0056,615.2514,0.8915837407112122,"[[310.3415222167969, 474.40960693359375, 0.8446574211120605], [315.14068603515625, 466.76043701171875, 0.8442321419715881], [0.0, 0.0, 0.23305641114711761], [332.17828369140625, 467.19073486328125, 0.9175260066986084], [0.0, 0.0, 0.04786183312535286], [348.70745849609375, 507.71795654296875, 0.9958196878433228], [346.2620544433594, 482.59906005859375, 0.9918879866600037], [357.63848876953125, 562.8760986328125, 0.9926208257675171], [298.76837158203125, 454.152099609375, 0.9799689650535583], [331.6531677246094, 586.1954345703125, 0.9892781972885132], [257.0699157714844, 394.0917663574219, 0.9807721376419067], [366.8313903808594, 619.7280883789062, 0.9994644522666931], [373.02764892578125, 609.0323486328125, 0.9992389678955078], [352.0635986328125, 719.2296142578125, 0.9987438321113586], [403.3803405761719, 703.3057861328125, 0.9981118440628052], [359.4834899902344, 817.8475341796875, 0.9909181594848633], [403.8074951171875, 795.3731689453125, 0.988679826259613]]",Middle,Left
39,1.3,1,1317.5791,666.5972,0.8958085179328918,"[[1252.638671875, 541.1121215820312, 0.7687548398971558], [1252.6048583984375, 533.7017211914062, 0.810447633266449], [0.0, 0.0, 0.07259618490934372], [1265.100341796875, 523.9863891601562, 0.9418069124221802], [0.0, 0.0, 0.018646810203790665], [1310.165283203125, 548.957763671875, 0.9976307153701782], [1291.865234375, 543.9507446289062, 0.957120418548584], [1329.08984375, 614.669189453125, 0.9938951134681702], [1310.968017578125, 597.0870361328125, 0.5208818912506104], [1292.649658203125, 652.7147216796875, 0.9838185906410217], [1289.51123046875, 634.855712890625, 0.5633588433265686], [1359.9998779296875, 625.2822265625, 0.9993347525596619], [1349.999267578125, 620.1762084960938, 0.9972533583641052], [1311.94140625, 716.069580078125, 0.9995978474617004], [1319.241455078125, 701.1145629882812, 0.9974387884140015], [1305.681884765625, 805.6931762695312, 0.9983602166175842], [1370.4801025390625, 777.5816650390625, 0.9939761161804199]]",Middle,Right
39,1.3,2,331.92548,615.2771,0.8917231559753418,"[[310.30023193359375, 474.3870849609375, 0.830489456653595], [315.011474609375, 466.7926940917969, 0.8291204571723938], [0.0, 0.0, 0.216898575425148], [331.9100036621094, 467.30328369140625, 0.914204478263855], [0.0, 0.0, 0.04734696075320244], [348.7502746582031, 507.745849609375, 0.9957582354545593], [346.0257568359375, 482.5203552246094, 0.9918087124824524], [357.443359375, 562.3719482421875, 0.9925686717033386], [298.3297119140625, 453.7523193359375, 0.9802163243293762], [332.1532287597656, 583.800048828125, 0.9891037940979004], [256.6354064941406, 393.3516845703125, 0.9807659387588501], [366.78173828125, 619.5598754882812, 0.999488353729248], [372.78546142578125, 608.8446044921875, 0.9992746710777283], [352.192626953125, 719.2423095703125, 0.998802661895752], [403.27166748046875, 703.28564453125, 0.99820876121521], [359.1432189941406, 817.7684326171875, 0.9913468956947327], [403.70068359375, 795.4557495117188, 0.9892426133155823]]",Middle,Left
40,1.3333333333333333,1,1311.5555,666.26953,0.9013141393661499,"[[1247.8359375, 543.1557006835938, 0.7991977334022522], [1247.2064208984375, 535.500244140625, 0.824044406414032], [0.0, 0.0, 0.1207900196313858], [1260.108154296875, 524.4462890625, 0.9279488921165466], [0.0, 0.0, 0.02721496857702732], [1303.44384765625, 547.112060546875, 0.9965308308601379], [1289.5791015625, 544.172607421875, 0.9607374668121338], [1326.641845703125, 611.2271728515625, 0.9933876991271973], [1303.558349609375, 594.7144165039062, 0.726308286190033], [1285.796142578125, 646.4547119140625, 0.9864053130149841], [1280.9324951171875, 632.572021484375, 0.7760018706321716], [1357.4669189453125, 625.389892578125, 0.9992232322692871], [1348.9725341796875, 622.4613647460938, 0.9974666833877563], [1313.135986328125, 712.544921875, 0.9994751811027527], [1318.0595703125, 705.502197265625, 0.9975746273994446], [1322.3369140625, 796.8982543945312, 0.9979945421218872], [1350.4521484375, 782.9240112304688, 0.9940952062606812]]",Middle,Right
40,1.3333333333333333,2,331.64227,615.349,0.8903422355651855,"[[309.798583984375, 474.53558349609375, 0.7836410403251648], [314.02996826171875, 466.4984436035156, 0.7845591902732849], [0.0, 0.0, 0.15678110718727112], [331.2416076660156, 466.4842529296875, 0.9156036972999573], [0.0, 0.0, 0.037130117416381836], [351.2157287597656, 509.787841796875, 0.9957242012023926], [345.9132995605469, 483.90765380859375, 0.9920709729194641], [366.1221923828125, 570.010498046875, 0.9935018420219421], [296.760986328125, 458.9578857421875, 0.9858819246292114], [325.4425048828125, 600.53125, 0.990020751953125], [258.00042724609375, 401.6007385253906, 0.9854119420051575], [367.9120178222656, 622.176513671875, 0.9994180202484131], [371.73492431640625, 610.9546508789062, 0.9991776347160339], [354.56072998046875, 721.5382080078125, 0.9979707598686218], [399.6887512207031, 705.486572265625, 0.9970598816871643], [367.709228515625, 818.80078125, 0.98203444480896], [402.98773193359375, 796.0225830078125, 0.9783279895782471]]",Middle,Left
41,1.3666666666666667,1,1306.1327,665.15955,0.9084097146987915,"[[1238.21826171875, 538.6944580078125, 0.8993443250656128], [1239.252197265625, 531.095947265625, 0.9005596041679382], [0.0, 0.0, 0.1916649490594864], [1257.107666015625, 521.3768920898438, 0.9427660703659058], [0.0, 0.0, 0.02302010916173458], [1306.3134765625, 548.4771728515625, 0.9966116547584534], [1279.428955078125, 545.565185546875, 0.9798780083656311], [1320.208251953125, 612.67822265625, 0.9941378831863403], [1292.7880859375, 599.5911254882812, 0.8858051300048828], [1273.886474609375, 648.2828369140625, 0.9913039207458496], [1265.5347900390625, 636.550537109375, 0.9151555895805359], [1354.36328125, 628.838623046875, 0.9991887211799622], [1338.1307373046875, 623.68505859375, 0.9981229901313782], [1306.44189453125, 718.105712890625, 0.9993630051612854], [1312.93896484375, 702.2535400390625, 0.9979740977287292], [1303.872314453125, 801.865966796875, 0.9969125986099243], [1360.4769287109375, 773.059326171875, 0.9933174848556519]]",Middle,Right
41,1.3666666666666667,2,332.4998,615.70306,0.8917906284332275,"[[316.720458984375, 470.80560302734375, 0.5979219079017639], [320.85504150390625, 464.94476318359375, 0.5469092726707458], [0.0, 0.0, 0.09232814610004425], [336.41778564453125, 470.91046142578125, 0.780449628829956], [0.0, 0.0, 0.027544789016246796], [359.48101806640625, 515.5081787109375, 0.9897962212562561], [336.08636474609375, 492.587890625, 0.9849495887756348], [371.231201171875, 567.6688232421875, 0.990601658821106], [293.30889892578125, 463.3079833984375, 0.9878770112991333], [337.85736083984375, 596.1068725585938, 0.9898281097412109], [259.6237487792969, 411.609130859375, 0.9900722503662109], [372.020263671875, 622.16748046875, 0.999395489692688], [362.5897216796875, 613.0281982421875, 0.9992623925209045], [361.7340087890625, 720.0489501953125, 0.998245358467102], [390.49951171875, 709.4005737304688, 0.9978818297386169], [366.4120788574219, 814.6224975585938, 0.9860885739326477], [404.2576904296875, 801.9522705078125, 0.985008955001831]]",Middle,Left
42,1.4,1,1299.9475,663.4187,0.9033896327018738,"[[1233.5458984375, 536.4812622070312, 0.8880647420883179], [1234.8095703125, 527.0673828125, 0.8998320698738098], [0.0, 0.0, 0.19521234929561615], [1253.230712890625, 518.1055908203125, 0.9383323788642883], [0.0, 0.0, 0.01811625435948372], [1298.2506103515625, 541.5593872070312, 0.994379460811615], [1276.74169921875, 543.739990234375, 0.9852910041809082], [1316.5003662109375, 606.1180419921875, 0.9906632900238037], [1291.9923095703125, 600.99658203125, 0.9460436701774597], [1272.188720703125, 643.0289916992188, 0.98752361536026], [1257.476806640625, 636.4566650390625, 0.9485383033752441], [1348.27197265625, 619.0936279296875, 0.9987313151359558], [1334.7476806640625, 616.6800537109375, 0.9981694221496582], [1305.1949462890625, 708.4703369140625, 0.9978699684143066], [1304.17919921875, 701.08154296875, 0.9962028861045837], [1320.3104248046875, 792.5771484375, 0.9874825477600098], [1341.265625, 780.4140014648438, 0.9826961755752563]]",Middle,Right
42,1.4,2,332.1729,616.1881,0.8911532163619995,"[[323.47845458984375, 469.7904052734375, 0.5872534513473511], [0.0, 0.0, 0.49150240421295166], [0.0, 0.0, 0.09888474643230438], [341.893310546875, 470.2940368652344, 0.6968644261360168], [0.0, 0.0, 0.0312266256660223], [363.19500732421875, 512.5219116210938, 0.9880727529525757], [332.6353454589844, 492.12396240234375, 0.9829427003860474], [376.18353271484375, 561.9937744140625, 0.9902663826942444], [293.5279846191406, 465.1278076171875, 0.988314151763916], [347.456787109375, 594.0336303710938, 0.9901751279830933], [261.72601318359375, 415.02947998046875, 0.9908062815666199], [374.3352355957031, 618.1070556640625, 0.9993112087249756], [359.9983825683594, 610.1137084960938, 0.999161958694458], [362.55853271484375, 719.2747802734375, 0.9979228377342224], [386.9630126953125, 708.6453857421875, 0.9974660873413086], [364.68524169921875, 815.8177490234375, 0.982490062713623], [403.36846923828125, 800.8238525390625, 0.9808803200721741]]",Middle,Left
43,1.4333333333333333,1,1295.4636,662.7554,0.9091488122940063,"[[1228.8206787109375, 534.2166137695312, 0.9431976079940796], [1229.3870849609375, 525.6363525390625, 0.9240083694458008], [0.0, 0.0, 0.21450144052505493], [1247.5133056640625, 516.7354736328125, 0.9375499486923218], [0.0, 0.0, 0.011163320392370224], [1295.94287109375, 544.1259765625, 0.9961147308349609], [1266.8480224609375, 543.2017211914062, 0.9923315048217773], [1314.068115234375, 607.8465576171875, 0.9950409531593323], [1277.6787109375, 598.9064331054688, 0.9851554036140442], [1272.7464599609375, 640.87744140625, 0.9955969452857971], [1247.1143798828125, 634.74853515625, 0.9896548986434937], [1351.202392578125, 620.4647216796875, 0.9993094205856323], [1331.229736328125, 616.0587158203125, 0.9990845918655396], [1312.8402099609375, 713.8436279296875, 0.9990302324295044], [1298.2318115234375, 696.785400390625, 0.9984195232391357], [1303.3280029296875, 808.8821411132812, 0.9912960529327393], [1333.1207275390625, 778.7777099609375, 0.9890950322151184]]",Middle,Right
43,1.4333333333333333,2,332.37323,616.0111,0.8908388614654541,"[[324.0625915527344, 468.7171630859375, 0.7428416013717651], [329.0332946777344, 463.08880615234375, 0.6516783833503723], [0.0, 0.0, 0.1913350522518158], [343.1537780761719, 468.2861022949219, 0.7201735973358154], [0.0, 0.0, 0.04608544334769249], [365.9385070800781, 505.5147705078125, 0.9908005595207214], [327.0654602050781, 488.80364990234375, 0.9853878617286682], [379.9888916015625, 556.4925537109375, 0.9898965358734131], [291.65081787109375, 463.7240295410156, 0.9831660985946655], [355.3675537109375, 596.4135131835938, 0.9889406561851501], [262.4224853515625, 415.35443115234375, 0.9863364696502686], [372.94781494140625, 614.26025390625, 0.9992873072624207], [352.9533996582031, 608.11083984375, 0.9990930557250977], [365.0169677734375, 716.4401245117188, 0.9980596899986267], [380.3311767578125, 709.115234375, 0.9974431991577148], [364.72216796875, 814.0827026367188, 0.9848989844322205], [404.779296875, 802.9266357421875, 0.9823697805404663]]",Middle,Left
44,1.4666666666666666,1,1290.6523,662.18994,0.9124748706817627,"[[1226.397216796875, 532.1126708984375, 0.9440639615058899], [1228.081787109375, 523.65966796875, 0.9214081168174744], [0.0, 0.0, 0.2477637380361557], [1247.3133544921875, 515.9817504882812, 0.9269014000892639], [0.0, 0.0, 0.014090052805840969], [1292.735107421875, 542.9363403320312, 0.995882511138916], [1259.3233642578125, 545.028076171875, 0.9921656847000122], [1309.113037109375, 607.7815551757812, 0.9945953488349915], [1266.669677734375, 605.0148315429688, 0.9855676889419556], [1266.3458251953125, 640.6106567382812, 0.9949506521224976], [1236.1788330078125, 640.5908813476562, 0.9892966151237488], [1347.587646484375, 618.9584350585938, 0.9991287589073181], [1323.9552001953125, 616.5185546875, 0.9988563060760498], [1315.523193359375, 711.811767578125, 0.9985325336456299], [1291.905029296875, 698.7435913085938, 0.9976747632026672], [1302.44482421875, 808.5313110351562, 0.9862443804740906], [1320.1690673828125, 783.6280517578125, 0.9829733371734619]]",Middle,Right
44,1.4666666666666666,2,333.11237,616.3048,0.889140248298645,"[[328.6541442871094, 469.24237060546875, 0.8056725859642029], [333.78955078125, 464.13397216796875, 0.6837477684020996], [0.0, 0.0, 0.2837084233760834], [346.30401611328125, 471.405517578125, 0.6627726554870605], [0.0, 0.0, 0.07295575737953186], [367.36492919921875, 511.140380859375, 0.9917675256729126], [325.7193603515625, 492.96124267578125, 0.9873330593109131], [385.45391845703125, 559.8858642578125, 0.9893468022346497], [292.1004638671875, 464.96728515625, 0.9830818772315979], [361.3807373046875, 601.7086791992188, 0.9884937405586243], [263.22564697265625, 416.9000244140625, 0.9863475561141968], [374.9850158691406, 618.2646484375, 0.9992676377296448], [353.06903076171875, 611.516357421875, 0.9990822076797485], [368.01983642578125, 717.1660766601562, 0.9980900883674622], [379.99908447265625, 708.0634765625, 0.9974933862686157], [368.1623229980469, 812.1279296875, 0.985724687576294], [407.29473876953125, 797.729248046875, 0.9832416772842407]]",Middle,Left
45,1.5,1,1288.981,661.99536,0.9126396775245667,"[[1226.3624267578125, 532.098876953125, 0.9437989592552185], [1228.06298828125, 523.63232421875, 0.9217140674591064], [0.0, 0.0, 0.24735571444034576], [1247.339599609375, 515.9921875, 0.9279260039329529], [0.0, 0.0, 0.01411142386496067], [1292.595947265625, 542.92822265625, 0.9958744645118713], [1259.3388671875, 545.1106567382812, 0.9921582937240601], [1309.1143798828125, 607.7711181640625, 0.9945580959320068], [1266.345703125, 605.2742919921875, 0.9854885935783386], [1266.3031005859375, 640.7415161132812, 0.9948888421058655], [1235.8369140625, 640.9816284179688, 0.9891824126243591], [1347.5987548828125, 618.8836669921875, 0.9991154074668884], [1324.1256103515625, 616.5488891601562, 0.9988386034965515], [1315.724609375, 711.8270263671875, 0.9984927177429199], [1292.79052734375, 699.0326538085938, 0.9976158142089844], [1302.30126953125, 808.5408325195312, 0.9858469367027283], [1319.89404296875, 784.0394897460938, 0.9825084209442139]]",Middle,Right
45,1.5,2,333.3486,616.0503,0.8891887068748474,"[[328.9074401855469, 469.2102355957031, 0.8003817200660706], [334.0312805175781, 464.1156005859375, 0.6759126782417297], [0.0, 0.0, 0.2764824330806732], [346.52557373046875, 471.4120788574219, 0.6603375673294067], [0.0, 0.0, 0.07168222963809967], [367.423095703125, 511.1401062011719, 0.9916554689407349], [325.89666748046875, 493.0192565917969, 0.9873272776603699], [385.4777526855469, 559.7247314453125, 0.9893695116043091], [291.896728515625, 465.0315856933594, 0.9836564064025879], [361.4591064453125, 601.76416015625, 0.9885892868041992], [263.2091979980469, 416.73651123046875, 0.9868137836456299], [375.148193359375, 618.1883544921875, 0.9992727637290955], [353.3382263183594, 611.492919921875, 0.9990931749343872], [368.0115966796875, 717.0196533203125, 0.998089611530304], [380.37176513671875, 707.982177734375, 0.9975110292434692], [368.0579528808594, 812.1480102539062, 0.9856340289115906], [407.230224609375, 797.696044921875, 0.9832315444946289]]",Middle,Left
46,1.5333333333333334,1,1287.5535,661.92377,0.9078619480133057,"[[1221.2935791015625, 531.5687866210938, 0.9473234415054321], [1223.547607421875, 523.254638671875, 0.9242954850196838], [0.0, 0.0, 0.2561444342136383], [1243.50830078125, 515.6675415039062, 0.92371666431427], [0.0, 0.0, 0.014016173779964447], [1289.09716796875, 540.7332153320312, 0.9962944388389587], [1253.673095703125, 545.1004028320312, 0.9921669960021973], [1309.0831298828125, 602.1607666015625, 0.9951854348182678], [1258.5955810546875, 605.6431884765625, 0.9843863844871521], [1265.813232421875, 638.406982421875, 0.9954330921173096], [1229.1517333984375, 639.8426513671875, 0.9887386560440063], [1343.7257080078125, 618.6194458007812, 0.9992764592170715], [1318.141845703125, 616.953125, 0.9990069270133972], [1320.0584716796875, 710.0425415039062, 0.9988711476325989], [1283.85107421875, 697.1962890625, 0.9981108903884888], [1300.9677734375, 806.5017700195312, 0.9896177649497986], [1310.1466064453125, 779.9371948242188, 0.9865702986717224]]",Middle,Right
46,1.5333333333333334,2,333.14658,616.3338,0.8879148364067078,"[[329.9714050292969, 470.43621826171875, 0.7708770036697388], [334.3160400390625, 464.7151794433594, 0.6209414601325989], [0.0, 0.0, 0.2863236665725708], [345.7633972167969, 471.21636962890625, 0.5816878080368042], [0.0, 0.0, 0.0980423092842102], [370.0960388183594, 513.1068725585938, 0.9917905330657959], [326.1814270019531, 496.4742431640625, 0.9854736328125], [393.8123474121094, 562.2420654296875, 0.9887323379516602], [294.77899169921875, 466.2741394042969, 0.9764813780784607], [365.59368896484375, 606.252197265625, 0.9863135814666748], [262.0516662597656, 415.68255615234375, 0.9801202416419983], [375.25311279296875, 621.385498046875, 0.9992976188659668], [351.8212585449219, 614.9215087890625, 0.9990660548210144], [370.01715087890625, 718.059814453125, 0.9982821941375732], [379.1105041503906, 709.880615234375, 0.9975848197937012], [374.1938781738281, 814.2587890625, 0.9881219863891602], [408.12969970703125, 800.9247436523438, 0.9851028919219971]]",Middle,Left
47,1.5666666666666667,1,1286.5089,661.8866,0.9081786274909973,"[[1217.9630126953125, 533.4773559570312, 0.9452188014984131], [1220.729736328125, 524.6757202148438, 0.9440953135490417], [0.0, 0.0, 0.2611720561981201], [1242.954833984375, 516.1788330078125, 0.9551280736923218], [0.0, 0.0, 0.014153895899653435], [1286.552001953125, 540.9688720703125, 0.9971728324890137], [1249.1717529296875, 544.635009765625, 0.99302738904953], [1308.6263427734375, 604.3301391601562, 0.9956302642822266], [1251.9869384765625, 606.3433837890625, 0.9786970615386963], [1262.184326171875, 638.9527587890625, 0.9948010444641113], [1227.3055419921875, 643.5055541992188, 0.982071578502655], [1340.6328125, 620.087890625, 0.9995719790458679], [1313.73681640625, 619.2614135742188, 0.9993700385093689], [1314.446533203125, 710.0261840820312, 0.9994100332260132], [1287.7012939453125, 702.7169189453125, 0.9989386200904846], [1304.68505859375, 805.3726806640625, 0.995460569858551], [1284.52099609375, 790.364990234375, 0.9937693476676941]]",Middle,Right
47,1.5666666666666667,2,333.1007,616.7512,0.88297039270401,"[[333.2295837402344, 468.5082092285156, 0.812730073928833], [337.1995849609375, 462.4095458984375, 0.6230360865592957], [0.0, 0.0, 0.38545435667037964], [0.0, 0.0, 0.49598029255867004], [0.0, 0.0, 0.177017942070961], [371.56231689453125, 510.192626953125, 0.9931018352508545], [323.74395751953125, 493.6304626464844, 0.9866161346435547], [400.4989013671875, 562.146484375, 0.9880578517913818], [296.7523193359375, 460.6445617675781, 0.9674404859542847], [368.772705078125, 609.4840087890625, 0.9831835031509399], [263.29766845703125, 409.042236328125, 0.9693612456321716], [376.56939697265625, 621.1062622070312, 0.9990884065628052], [350.925048828125, 615.3628540039062, 0.9987053871154785], [369.2060546875, 715.715087890625, 0.9978577494621277], [377.3326721191406, 708.5435791015625, 0.9966385364532471], [375.5631103515625, 812.7119750976562, 0.9849479794502258], [411.3073425292969, 799.2567138671875, 0.9792734384536743]]",Middle,Left
48,1.6,1,1285.9436,661.891,0.9044021964073181,"[[1216.2984619140625, 532.6481323242188, 0.9549634456634521], [1219.56982421875, 524.062744140625, 0.9532753825187683], [0.0, 0.0, 0.3555847406387329], [1241.97412109375, 517.4580688476562, 0.9578706622123718], [0.0, 0.0, 0.025367360562086105], [1284.6015625, 543.00634765625, 0.9976932406425476], [1245.22705078125, 543.9874267578125, 0.9943874478340149], [1301.88623046875, 606.0673828125, 0.9954066276550293], [1254.478271484375, 601.097412109375, 0.9784893989562988], [1253.9403076171875, 638.7884521484375, 0.9936081171035767], [1231.271240234375, 636.9315185546875, 0.9791271090507507], [1340.7828369140625, 616.9334716796875, 0.9995726943016052], [1311.9083251953125, 614.7259521484375, 0.9993687272071838], [1307.5267333984375, 711.08251953125, 0.9993048906326294], [1288.27099609375, 700.9117431640625, 0.9987524747848511], [1303.8497314453125, 807.4480590820312, 0.9946320056915283], [1273.717041015625, 789.5696411132812, 0.9926139116287231]]",Middle,Right
48,1.6,2,332.73367,616.5744,0.883758008480072,"[[335.38958740234375, 469.7480163574219, 0.8594889640808105], [338.34063720703125, 463.3614807128906, 0.6420814990997314], [328.62078857421875, 466.6084899902344, 0.5669732689857483], [0.0, 0.0, 0.38125091791152954], [0.0, 0.0, 0.3432410955429077], [372.30706787109375, 511.1000061035156, 0.9935125708580017], [321.84552001953125, 497.8616638183594, 0.9874194264411926], [405.7380065917969, 562.760986328125, 0.9860038161277771], [295.5317077636719, 465.85986328125, 0.9624302983283997], [370.2635498046875, 611.3941650390625, 0.9796546101570129], [264.383544921875, 412.6846618652344, 0.9640147089958191], [378.73199462890625, 621.5621337890625, 0.998810887336731], [351.5697021484375, 617.59228515625, 0.9983208775520325], [371.1840515136719, 714.3300170898438, 0.9971973896026611], [377.17376708984375, 711.0394287109375, 0.9956169128417969], [375.9105224609375, 812.1827392578125, 0.9815448522567749], [411.3602294921875, 803.9293212890625, 0.9741228222846985]]",Middle,Left
49,1.6333333333333333,1,1283.1992,662.2356,0.8974266648292542,"[[1213.484619140625, 534.4241943359375, 0.9429073333740234], [1216.4410400390625, 526.04443359375, 0.9492776393890381], [0.0, 0.0, 0.2719254791736603], [1239.4287109375, 518.6356201171875, 0.9607022404670715], [0.0, 0.0, 0.017869122326374054], [1282.384765625, 543.9981079101562, 0.9976086616516113], [1247.0521240234375, 540.6510009765625, 0.9917261600494385], [1300.9935302734375, 607.2268676757812, 0.9954079985618591], [1262.979248046875, 595.303955078125, 0.9538277387619019], [1248.93896484375, 635.7811889648438, 0.9927531480789185], [1238.65478515625, 630.29345703125, 0.9564070701599121], [1335.628173828125, 619.7536010742188, 0.9996103644371033], [1309.0352783203125, 615.1568603515625, 0.9993269443511963], [1303.69921875, 713.8140258789062, 0.9994945526123047], [1287.697265625, 700.00244140625, 0.9988918900489807], [1303.391845703125, 808.6481323242188, 0.996577799320221], [1266.574462890625, 787.0274047851562, 0.9945584535598755]]",Middle,Right
49,1.6333333333333333,2,332.5733,617.4828,0.8887192606925964,"[[321.46826171875, 477.59814453125, 0.7490050792694092], [325.7061462402344, 470.956787109375, 0.6665183901786804], [0.0, 0.0, 0.21984049677848816], [339.7669982910156, 472.97796630859375, 0.7149470448493958], [0.0, 0.0, 0.05914309620857239], [374.01104736328125, 511.20013427734375, 0.9917620420455933], [321.1420593261719, 496.240966796875, 0.9852075576782227], [406.9362487792969, 562.20068359375, 0.9893865585327148], [294.4187316894531, 471.4728698730469, 0.9772546291351318], [379.16375732421875, 610.3333129882812, 0.9865725040435791], [264.27587890625, 423.75543212890625, 0.979889452457428], [377.126953125, 618.8975219726562, 0.9992771744728088], [348.3565368652344, 612.5472412109375, 0.9990295171737671], [370.5646057128906, 716.30810546875, 0.9980454444885254], [374.6217041015625, 709.4572143554688, 0.9972956776618958], [375.70025634765625, 815.5645751953125, 0.9859029054641724], [409.70220947265625, 804.3592529296875, 0.9828271865844727]]",Middle,Left
50,1.6666666666666667,1,1278.2915,662.7022,0.8981053233146667,"[[1208.3154296875, 536.74853515625, 0.9495413303375244], [1211.6646728515625, 528.174072265625, 0.9586856961250305], [0.0, 0.0, 0.2965376675128937], [1234.886962890625, 521.5108642578125, 0.9646570086479187], [0.0, 0.0, 0.017606418579816818], [1275.5777587890625, 547.0482177734375, 0.9975899457931519], [1244.590087890625, 545.4381103515625, 0.9890284538269043], [1295.7620849609375, 608.3051147460938, 0.9950873255729675], [1263.86865234375, 603.3010864257812, 0.9243273138999939], [1244.62158203125, 632.8318481445312, 0.9919117093086243], [1237.879150390625, 636.386962890625, 0.9320788383483887], [1329.2938232421875, 621.2319946289062, 0.9995332956314087], [1305.3736572265625, 617.1477661132812, 0.9990743398666382], [1299.972900390625, 714.26171875, 0.9994730353355408], [1285.5208740234375, 700.2562255859375, 0.9986457228660583], [1301.922607421875, 808.813232421875, 0.996826708316803], [1260.6448974609375, 785.6163940429688, 0.9943124055862427]]",Middle,Right
50,1.6666666666666667,2,332.4981,618.7982,0.893703818321228,"[[323.27581787109375, 476.8809814453125, 0.73887699842453], [327.6925964355469, 470.24615478515625, 0.6180365681648254], [0.0, 0.0, 0.243682861328125], [340.73114013671875, 473.9537658691406, 0.6425328850746155], [0.0, 0.0, 0.08078760653734207], [373.1064453125, 514.8067626953125, 0.9915599226951599], [318.95745849609375, 500.6137390136719, 0.985438346862793], [407.29559326171875, 564.3594970703125, 0.9888759255409241], [290.9740295410156, 473.73223876953125, 0.9793200492858887], [381.32403564453125, 614.2052612304688, 0.985544741153717], [263.48992919921875, 424.85699462890625, 0.9809634685516357], [375.96771240234375, 623.8614501953125, 0.999163031578064], [345.783935546875, 617.792724609375, 0.9988910555839539], [368.2046813964844, 717.9194946289062, 0.9973284006118774], [366.9197998046875, 710.8284912109375, 0.9963563680648804], [379.39874267578125, 816.4030151367188, 0.9799525141716003], [405.97039794921875, 803.9610595703125, 0.975602388381958]]",Middle,Left
51,1.7,1,1276.6304,662.8924,0.8985454440116882,"[[1208.372802734375, 536.7643432617188, 0.9494641423225403], [1211.67529296875, 528.177001953125, 0.9582822322845459], [0.0, 0.0, 0.29648494720458984], [1234.8179931640625, 521.4200439453125, 0.9641633629798889], [0.0, 0.0, 0.017642803490161896], [1275.48291015625, 546.9259033203125, 0.9975749850273132], [1244.510498046875, 545.40869140625, 0.9890866279602051], [1295.65625, 608.2215576171875, 0.9950864911079407], [1263.8331298828125, 603.287109375, 0.9256834387779236], [1244.6143798828125, 632.8023681640625, 0.9919513463973999], [1237.762451171875, 636.3770751953125, 0.9333319067955017], [1329.35498046875, 621.11279296875, 0.9995324611663818], [1305.434326171875, 617.097412109375, 0.9990780353546143], [1300.0103759765625, 714.1895751953125, 0.999470055103302], [1285.5272216796875, 700.299072265625, 0.9986466765403748], [1301.92724609375, 808.8015747070312, 0.996793806552887], [1260.7099609375, 785.7227783203125, 0.9942800998687744]]",Middle,Right
51,1.7,2,332.45084,619.31915,0.893724799156189,"[[323.8291931152344, 476.587646484375, 0.7400857210159302], [328.25360107421875, 470.0025329589844, 0.613196074962616], [0.0, 0.0, 0.24918542802333832], [341.0745849609375, 473.8734130859375, 0.6326309442520142], [0.0, 0.0, 0.08490363508462906], [373.05328369140625, 514.7785034179688, 0.9916468262672424], [318.91943359375, 500.57330322265625, 0.9856729507446289], [407.41259765625, 564.23486328125, 0.9888750314712524], [291.0185241699219, 473.77789306640625, 0.9796940684318542], [381.38726806640625, 614.014404296875, 0.985529363155365], [263.5011901855469, 425.0008850097656, 0.9812286496162415], [375.8572692871094, 623.8212280273438, 0.9991725087165833], [345.66259765625, 617.7611083984375, 0.9989060163497925], [368.08514404296875, 717.7130126953125, 0.9973512887954712], [366.7502136230469, 710.5692138671875, 0.9963956475257874], [379.50543212890625, 816.01806640625, 0.9801170229911804], [405.7691345214844, 803.4395141601562, 0.9758067727088928]]",Middle,Left
52,1.7333333333333334,1,1273.138,663.6256,0.8987417221069336,"[[1205.4879150390625, 539.1063232421875, 0.9436804056167603], [1208.3516845703125, 530.119140625, 0.9523025155067444], [0.0, 0.0, 0.270457923412323], [1231.38671875, 522.3427124023438, 0.961286187171936], [0.0, 0.0, 0.016873430460691452], [1272.18017578125, 548.5036010742188, 0.9974225759506226], [1244.462890625, 548.060546875, 0.987174391746521], [1288.581787109375, 607.996337890625, 0.9949356317520142], [1265.267333984375, 609.298095703125, 0.9154720902442932], [1239.9893798828125, 629.9616088867188, 0.9916203022003174], [1240.6719970703125, 649.604736328125, 0.924764096736908], [1326.309326171875, 622.5520629882812, 0.9994788765907288], [1304.099609375, 618.4041748046875, 0.9989194869995117], [1295.298095703125, 714.5490112304688, 0.9994215965270996], [1279.4691162109375, 698.83203125, 0.9984297156333923], [1300.726806640625, 811.7459106445312, 0.996562659740448], [1259.3341064453125, 785.3161010742188, 0.9935862421989441]]",Middle,Right
52,1.7333333333333334,2,332.78458,621.18225,0.8989936113357544,"[[313.67327880859375, 482.33990478515625, 0.7899916172027588], [317.1138000488281, 474.9586486816406, 0.7556359171867371], [0.0, 0.0, 0.2140195220708847], [332.24371337890625, 473.67388916015625, 0.8268764019012451], [0.0, 0.0, 0.05252144858241081], [371.12176513671875, 512.3786010742188, 0.9928060173988342], [321.5986328125, 498.72442626953125, 0.987613320350647], [408.1395263671875, 562.4437255859375, 0.9892019033432007], [290.25927734375, 476.6717834472656, 0.9742490649223328], [382.1524353027344, 608.64794921875, 0.984684407711029], [260.5527648925781, 422.82098388671875, 0.9740482568740845], [378.295654296875, 631.0559692382812, 0.9988873600959778], [351.4481201171875, 624.3016357421875, 0.9984506368637085], [366.27386474609375, 723.6361694335938, 0.9956037998199463], [367.3123779296875, 714.7880859375, 0.9935938715934753], [372.1798400878906, 817.7596435546875, 0.963850736618042], [403.45953369140625, 800.3089599609375, 0.9560292363166809]]",Middle,Left
53,1.7666666666666666,1,1269.9368,664.2446,0.8973698616027832,"[[1202.648193359375, 539.9790649414062, 0.9286643862724304], [1204.8929443359375, 531.3623046875, 0.9324252009391785], [0.0, 0.0, 0.29895472526550293], [1225.4869384765625, 522.63037109375, 0.9528802633285522], [0.0, 0.0, 0.036466263234615326], [1264.980224609375, 546.4827270507812, 0.9976512789726257], [1244.447509765625, 547.1586303710938, 0.9899041056632996], [1278.9700927734375, 609.9224243164062, 0.9948853850364685], [1264.4140625, 608.8961791992188, 0.9412727952003479], [1232.276611328125, 641.1116943359375, 0.9903773665428162], [1239.7095947265625, 650.438232421875, 0.9394492506980896], [1323.803955078125, 622.4491577148438, 0.9994489550590515], [1305.6890869140625, 619.6482543945312, 0.9989079236984253], [1292.7445068359375, 714.0374145507812, 0.9992865920066833], [1274.072998046875, 702.7841796875, 0.9982085227966309], [1298.733154296875, 811.904296875, 0.9958651065826416], [1255.51513671875, 791.4208984375, 0.9925757646560669]]",Middle,Right
53,1.7666666666666666,2,332.55286,623.1537,0.8943569660186768,"[[320.2670593261719, 481.5125427246094, 0.8102275133132935], [323.9618225097656, 473.9226379394531, 0.7527897953987122], [0.0, 0.0, 0.294750839471817], [338.09661865234375, 472.385986328125, 0.7734563946723938], [0.0, 0.0, 0.08853098750114441], [371.810546875, 512.2252807617188, 0.992527961730957], [320.06146240234375, 500.2555847167969, 0.9873324036598206], [410.407470703125, 562.8836669921875, 0.9869369864463806], [288.9735412597656, 480.76934814453125, 0.9688699841499329], [381.2898864746094, 605.9434814453125, 0.9797223210334778], [262.5404052734375, 429.1941833496094, 0.9655370116233826], [378.79473876953125, 631.0391845703125, 0.998345136642456], [349.4281311035156, 626.193359375, 0.9976863861083984], [375.3767395019531, 724.7041015625, 0.9916670918464661], [368.560302734375, 720.5924072265625, 0.9879354238510132], [379.1299133300781, 818.466552734375, 0.9307512640953064], [392.77294921875, 808.4600830078125, 0.9154974818229675]]",Middle,Left
54,1.8,1,1266.201,664.4715,0.8928316831588745,"[[1199.1865234375, 539.989990234375, 0.91958087682724], [1201.61083984375, 531.5950927734375, 0.9359656572341919], [0.0, 0.0, 0.21411223709583282], [1221.692138671875, 524.6383666992188, 0.9655251502990723], [0.0, 0.0, 0.02111091837286949], [1258.716796875, 549.1502075195312, 0.9974825978279114], [1244.4764404296875, 546.7457275390625, 0.9917958378791809], [1270.688232421875, 611.3101806640625, 0.9949677586555481], [1266.15576171875, 612.973876953125, 0.948902428150177], [1226.3575439453125, 630.368896484375, 0.9912875294685364], [1243.43408203125, 654.914794921875, 0.945469081401825], [1324.1142578125, 621.479248046875, 0.999531626701355], [1309.253173828125, 617.3051147460938, 0.9992004036903381], [1285.690673828125, 715.209228515625, 0.9994409680366516], [1268.249755859375, 700.8641967773438, 0.9987521171569824], [1298.681396484375, 811.2996826171875, 0.9965587258338928], [1250.09033203125, 788.2351684570312, 0.9945084452629089]]",Middle,Right
54,1.8,2,333.12347,624.20386,0.8952139019966125,"[[321.0155029296875, 481.8229064941406, 0.7669526934623718], [324.653564453125, 474.0299377441406, 0.7095590233802795], [0.0, 0.0, 0.2598465383052826], [338.1876525878906, 472.8525695800781, 0.7647165060043335], [0.0, 0.0, 0.09857559204101562], [373.2825622558594, 513.447998046875, 0.9929102063179016], [320.0206298828125, 503.25067138671875, 0.9862450361251831], [411.34625244140625, 563.1267700195312, 0.9865027666091919], [288.7596740722656, 485.44476318359375, 0.9561321139335632], [379.0247802734375, 598.3723754882812, 0.976254940032959], [259.1485290527344, 434.05914306640625, 0.9476763010025024], [379.9712829589844, 631.2611694335938, 0.9983693957328796], [349.6842346191406, 627.0762939453125, 0.9975748658180237], [372.5870361328125, 724.7243041992188, 0.9917763471603394], [364.12469482421875, 722.1689453125, 0.9869214296340942], [380.04296875, 815.165771484375, 0.9333320260047913], [394.1322021484375, 808.3401489257812, 0.9123712778091431]]",Middle,Left
55,1.8333333333333333,1,1261.9534,664.879,0.897308886051178,"[[1195.867919921875, 539.5409545898438, 0.925970733165741], [1198.2119140625, 530.9210815429688, 0.9450386166572571], [0.0, 0.0, 0.2024562507867813], [1220.16552734375, 524.0270385742188, 0.9734999537467957], [0.0, 0.0, 0.015658017247915268], [1257.6597900390625, 549.0606079101562, 0.9973957538604736], [1244.0872802734375, 547.9804077148438, 0.9929558038711548], [1265.3004150390625, 608.893310546875, 0.9952638149261475], [1264.05810546875, 614.1885375976562, 0.96465665102005], [1221.2449951171875, 624.3834228515625, 0.9925421476364136], [1241.9918212890625, 662.71923828125, 0.9623293876647949], [1320.2889404296875, 619.8931884765625, 0.9995468258857727], [1305.634033203125, 616.2823486328125, 0.9992938041687012], [1280.68408203125, 713.339599609375, 0.9994180202484131], [1264.207275390625, 701.1015625, 0.9988403916358948], [1300.33544921875, 809.48291015625, 0.9961696267127991], [1249.119384765625, 791.5618286132812, 0.9944270849227905]]",Middle,Right
55,1.8333333333333333,2,333.35278,630.9106,0.8946669697761536,"[[318.1117248535156, 481.434814453125, 0.8631446957588196], [322.3446044921875, 473.62799072265625, 0.8357659578323364], [0.0, 0.0, 0.3632384240627289], [337.7886657714844, 473.6466064453125, 0.8426720499992371], [0.0, 0.0, 0.08919376879930496], [373.67584228515625, 513.5432739257812, 0.9939193725585938], [320.8547058105469, 507.1158142089844, 0.9899819493293762], [411.76739501953125, 561.8453979492188, 0.9881240725517273], [294.0836486816406, 496.5845031738281, 0.97171550989151], [374.6102600097656, 592.81591796875, 0.9830284118652344], [263.0855407714844, 449.6893310546875, 0.9696310758590698], [380.8797912597656, 632.2684326171875, 0.9986280202865601], [350.61102294921875, 629.076171875, 0.9981226325035095], [370.62017822265625, 727.4625244140625, 0.9937458038330078], [363.8524169921875, 725.2810668945312, 0.9909712076187134], [382.7557373046875, 814.5936279296875, 0.9492542147636414], [394.0584411621094, 807.9933471679688, 0.9381143450737]]",Middle,Left
56,1.8666666666666667,1,1258.5006,666.0031,0.9015834331512451,"[[1192.303955078125, 541.4053955078125, 0.9376952648162842], [1194.487548828125, 532.943603515625, 0.9534608721733093], [0.0, 0.0, 0.19777032732963562], [1217.44384765625, 524.667236328125, 0.9683386087417603], [0.0, 0.0, 0.008164186961948872], [1255.5394287109375, 548.416748046875, 0.9963459372520447], [1233.55126953125, 547.2837524414062, 0.9897762537002563], [1262.740234375, 607.4222412109375, 0.9950228929519653], [1257.78759765625, 613.6272583007812, 0.9569114446640015], [1218.51123046875, 617.6944580078125, 0.9939861297607422], [1243.4105224609375, 661.9514770507812, 0.9639949798583984], [1312.0753173828125, 621.5828247070312, 0.9995635151863098], [1291.7320556640625, 618.1494140625, 0.999322772026062], [1280.1363525390625, 715.8551635742188, 0.9995627999305725], [1261.20458984375, 703.23388671875, 0.9991289973258972], [1302.159912109375, 811.4498291015625, 0.9972310662269592], [1247.39990234375, 793.5826416015625, 0.9960075616836548]]",Middle,Right
56,1.8666666666666667,2,333.45853,638.7603,0.9000757336616516,"[[320.02227783203125, 486.60626220703125, 0.9293473362922668], [324.6931457519531, 478.09051513671875, 0.9095368981361389], [313.2818298339844, 481.8793029785156, 0.5259310007095337], [340.35723876953125, 476.1563720703125, 0.8756405711174011], [0.0, 0.0, 0.1054493635892868], [375.5987548828125, 513.6541748046875, 0.9953479170799255], [318.586181640625, 512.7957763671875, 0.9926517605781555], [411.4552917480469, 560.1011352539062, 0.9890143275260925], [294.1903076171875, 514.47265625, 0.974317193031311], [372.83056640625, 581.65283203125, 0.9852513074874878], [264.8890380859375, 469.4149169921875, 0.9722893238067627], [377.9869079589844, 631.0667724609375, 0.9986255168914795], [343.273193359375, 628.8318481445312, 0.9981562495231628], [369.02667236328125, 726.5581665039062, 0.9937193393707275], [344.82476806640625, 722.0211181640625, 0.9907949566841125], [387.08563232421875, 809.6087036132812, 0.9487102627754211], [380.17364501953125, 797.0438232421875, 0.9369619488716125]]",Middle,Left
57,1.9,1,1257.3708,666.4256,0.9014996290206909,"[[1192.2691650390625, 541.4015502929688, 0.9383167624473572], [1194.460205078125, 532.9169921875, 0.954065203666687], [0.0, 0.0, 0.19814470410346985], [1217.492919921875, 524.6617431640625, 0.9686316847801208], [0.0, 0.0, 0.008060252293944359], [1255.6746826171875, 548.4405517578125, 0.9963502883911133], [1233.4400634765625, 547.4183349609375, 0.9897640943527222], [1262.5960693359375, 607.3997192382812, 0.9950315952301025], [1257.6287841796875, 613.7234497070312, 0.9567124843597412], [1218.4803466796875, 617.8859252929688, 0.9940087795257568], [1243.5458984375, 662.0675659179688, 0.9639146327972412], [1312.10400390625, 621.451416015625, 0.9995638728141785], [1291.5810546875, 618.0389404296875, 0.9993226528167725], [1280.15380859375, 715.733642578125, 0.9995653033256531], [1261.130126953125, 703.0216064453125, 0.9991323351860046], [1302.212890625, 811.4505615234375, 0.9972473978996277], [1247.43798828125, 793.3477783203125, 0.9960275888442993]]",Middle,Right
57,1.9,2,333.1632,641.62085,0.8999191522598267,"[[319.8541259765625, 486.80902099609375, 0.9332364797592163], [324.52899169921875, 478.2489013671875, 0.9152933955192566], [313.09466552734375, 482.04998779296875, 0.533777117729187], [340.3913269042969, 476.1441650390625, 0.8801831007003784], [0.0, 0.0, 0.10186692327260971], [375.557861328125, 513.6412353515625, 0.995332658290863], [318.58978271484375, 512.7999267578125, 0.9926514029502869], [411.47979736328125, 560.1768798828125, 0.9889933466911316], [294.36737060546875, 514.5560302734375, 0.9740923643112183], [372.7384033203125, 581.670654296875, 0.9853975772857666], [265.1383361816406, 469.54296875, 0.9723267555236816], [377.93792724609375, 631.1646118164062, 0.9985824823379517], [343.22833251953125, 628.9535522460938, 0.9981021285057068], [369.0407409667969, 726.624267578125, 0.9935311675071716], [344.83197021484375, 722.164306640625, 0.9905248284339905], [387.0059509277344, 809.7396240234375, 0.9471186399459839], [379.760009765625, 797.2764892578125, 0.9351580739021301]]",Middle,Left
58,1.9333333333333333,1,1255.0481,665.59314,0.9008316993713379,"[[1188.336669921875, 540.1639404296875, 0.9301378130912781], [1191.80419921875, 531.6708374023438, 0.940264880657196], [0.0, 0.0, 0.33861008286476135], [1213.859375, 525.5467529296875, 0.9611721634864807], [0.0, 0.0, 0.043626636266708374], [1250.1409912109375, 550.9354248046875, 0.9972788691520691], [1235.0340576171875, 552.41259765625, 0.9904929995536804], [1264.946533203125, 611.5050048828125, 0.9941049218177795], [1259.3349609375, 613.0150146484375, 0.9504843354225159], [1213.546630859375, 631.9111938476562, 0.9890329837799072], [1236.8455810546875, 653.6561889648438, 0.9448816180229187], [1307.4190673828125, 625.1748046875, 0.9991956353187561], [1292.1466064453125, 623.0398559570312, 0.9985606074333191], [1275.2264404296875, 711.3956298828125, 0.9987609386444092], [1257.141357421875, 704.5074462890625, 0.9972802400588989], [1301.6842041015625, 807.8831176757812, 0.9930005073547363], [1250.3846435546875, 797.62109375, 0.9885531663894653]]",Middle,Right
58,1.9333333333333333,2,332.37244,646.26154,0.8996186852455139,"[[331.1579284667969, 485.6067810058594, 0.9451282024383545], [334.83380126953125, 477.08984375, 0.8293085694313049], [322.992919921875, 481.8094482421875, 0.7552787661552429], [343.9728088378906, 477.04962158203125, 0.5303857922554016], [0.0, 0.0, 0.3675037920475006], [377.1211853027344, 515.2371215820312, 0.9956713914871216], [319.6332702636719, 518.4903564453125, 0.9943925738334656], [409.3541259765625, 560.6115112304688, 0.9898922443389893], [295.69915771484375, 524.393310546875, 0.9883272051811218], [370.968505859375, 575.5718994140625, 0.98971027135849], [262.92156982421875, 481.67108154296875, 0.9891828894615173], [375.2684020996094, 633.0972900390625, 0.9991751313209534], [339.0030517578125, 631.5272216796875, 0.999011754989624], [372.6304931640625, 726.5406494140625, 0.9977717995643616], [329.4591979980469, 718.6825561523438, 0.9970916509628296], [383.9247131347656, 809.8466796875, 0.983176589012146], [378.58929443359375, 790.0777587890625, 0.9798877239227295]]",Middle,Left
59,1.9666666666666666,1,1250.9893,666.24225,0.9010485410690308,"[[1183.24853515625, 539.9404907226562, 0.8941601514816284], [1186.2930908203125, 532.5145874023438, 0.9272049069404602], [0.0, 0.0, 0.1626027524471283], [1209.6082763671875, 525.49072265625, 0.9651404619216919], [0.0, 0.0, 0.014640253968536854], [1245.4134521484375, 545.3896484375, 0.996052622795105], [1232.6192626953125, 544.3851318359375, 0.9882105588912964], [1259.236083984375, 610.5035400390625, 0.9935328960418701], [1252.8603515625, 609.1881103515625, 0.9371553659439087], [1212.70849609375, 636.560791015625, 0.9902831315994263], [1230.7100830078125, 642.81494140625, 0.9371907711029053], [1303.9410400390625, 622.915283203125, 0.9993288516998291], [1290.59765625, 620.489990234375, 0.9988848567008972], [1264.9862060546875, 712.9673461914062, 0.9992265701293945], [1250.6763916015625, 707.3079223632812, 0.9983031749725342], [1299.7076416015625, 807.1748046875, 0.9954391121864319], [1248.90576171875, 796.239013671875, 0.992782473564148]]",Middle,Right
59,1.9666666666666666,2,331.42932,650.24713,0.9077346324920654,"[[341.1149597167969, 481.63226318359375, 0.9790874719619751], [344.1356201171875, 474.4310302734375, 0.8105786442756653], [333.5817565917969, 477.826171875, 0.9210730195045471], [0.0, 0.0, 0.17361067235469818], [320.6803894042969, 485.8931579589844, 0.7033779621124268], [383.92181396484375, 516.466552734375, 0.9973325729370117], [320.47454833984375, 517.9468383789062, 0.9951033592224121], [407.6547546386719, 556.9730834960938, 0.9923077821731567], [306.63031005859375, 537.3796997070312, 0.9852118492126465], [369.39013671875, 556.064453125, 0.9924145340919495], [270.1437683105469, 499.73809814453125, 0.9884711503982544], [377.082763671875, 638.8775634765625, 0.999333918094635], [333.6905517578125, 633.1983642578125, 0.9991183876991272], [384.49163818359375, 735.5413818359375, 0.9989122152328491], [305.3436584472656, 709.9844360351562, 0.9982388019561768], [376.943359375, 820.7364501953125, 0.9922049641609192], [370.63348388671875, 771.675537109375, 0.9886088371276855]]",Middle,Left
60,2.0,1,1247.5901,666.14886,0.9054325222969055,"[[1177.5098876953125, 538.2774658203125, 0.920569658279419], [1181.2578125, 531.0845336914062, 0.9419723153114319], [0.0, 0.0, 0.20696493983268738], [1205.5216064453125, 525.6165771484375, 0.9677913188934326], [0.0, 0.0, 0.014647961594164371], [1241.52197265625, 546.1524658203125, 0.9959754347801208], [1223.8701171875, 545.4652709960938, 0.9917037487030029], [1258.9517822265625, 607.6602172851562, 0.9939915537834167], [1247.8994140625, 610.0934448242188, 0.9710862040519714], [1208.27978515625, 625.5844116210938, 0.9925310015678406], [1224.30810546875, 648.66650390625, 0.9719610214233398], [1301.4412841796875, 621.2546997070312, 0.9993307590484619], [1285.0816650390625, 619.203125, 0.9990710020065308], [1261.5052490234375, 709.8741455078125, 0.999097466468811], [1248.343017578125, 705.7708129882812, 0.9984387755393982], [1296.02294921875, 803.224853515625, 0.994024932384491], [1248.76220703125, 797.2626342773438, 0.9921301007270813]]",Middle,Right
60,2.0,2,329.40762,652.6204,0.906440258026123,"[[331.9866638183594, 487.359619140625, 0.9704394936561584], [336.2541198730469, 479.31072998046875, 0.8611524105072021], [325.2848205566406, 482.0987548828125, 0.780750036239624], [0.0, 0.0, 0.3868810832500458], [0.0, 0.0, 0.25400879979133606], [384.1795654296875, 516.2137451171875, 0.9964677095413208], [319.4247741699219, 514.264404296875, 0.9916990995407104], [399.51019287109375, 555.8784790039062, 0.9936705827713013], [303.3370666503906, 531.95556640625, 0.9740608334541321], [351.63726806640625, 540.8782958984375, 0.9943963289260864], [267.0843200683594, 507.5666198730469, 0.9833991527557373], [373.8868103027344, 639.36962890625, 0.9994589686393738], [328.28753662109375, 632.2899169921875, 0.9992203712463379], [385.07684326171875, 737.3221435546875, 0.9994258880615234], [291.0208740234375, 713.05029296875, 0.9989388585090637], [372.92413330078125, 821.5889282226562, 0.996273398399353], [368.58154296875, 780.7655639648438, 0.9941883087158203]]",Middle,Left
61,2.033333333333333,1,1245.1069,665.1155,0.906644344329834,"[[1173.0050048828125, 537.3926391601562, 0.9033812880516052], [1176.7545166015625, 530.3369750976562, 0.9256588816642761], [0.0, 0.0, 0.1754026859998703], [1201.242431640625, 525.5841064453125, 0.9641103148460388], [0.0, 0.0, 0.013523245230317116], [1237.9697265625, 546.2525024414062, 0.9957500696182251], [1217.6539306640625, 545.8958740234375, 0.9921401143074036], [1254.68798828125, 609.1353759765625, 0.9942806959152222], [1241.193115234375, 613.72705078125, 0.9802124500274658], [1204.4837646484375, 622.6181640625, 0.993152379989624], [1217.734619140625, 654.1100463867188, 0.9805814027786255], [1299.453369140625, 619.1705932617188, 0.9993695616722107], [1281.5262451171875, 617.721923828125, 0.9991638660430908], [1257.95361328125, 705.5736083984375, 0.9990618824958801], [1246.7158203125, 703.4251098632812, 0.9985032081604004], [1293.2164306640625, 799.2978515625, 0.9933834671974182], [1249.345458984375, 797.513671875, 0.9917840957641602]]",Middle,Right
61,2.033333333333333,2,326.98547,652.72797,0.9071996808052063,"[[327.0260925292969, 493.1796875, 0.9104622602462769], [331.2691650390625, 485.45355224609375, 0.7260373830795288], [320.8167419433594, 487.93927001953125, 0.524391233921051], [0.0, 0.0, 0.33317333459854126], [0.0, 0.0, 0.12048135697841644], [379.889892578125, 513.7000732421875, 0.991693913936615], [313.22491455078125, 513.920166015625, 0.9810526967048645], [389.5110168457031, 548.9525146484375, 0.9917665123939514], [292.15179443359375, 536.5709838867188, 0.9654859304428101], [336.64874267578125, 525.38427734375, 0.9934008717536926], [261.92388916015625, 519.2462768554688, 0.9800272583961487], [373.85211181640625, 636.554443359375, 0.9992874264717102], [326.5067138671875, 631.901123046875, 0.9989990592002869], [382.44451904296875, 733.9757080078125, 0.9993384480476379], [293.0476989746094, 717.7164306640625, 0.9988308548927307], [374.2211608886719, 818.1082763671875, 0.9961596727371216], [358.465087890625, 792.4985961914062, 0.9942263960838318]]",Middle,Left
62,2.066666666666667,1,1243.9526,664.7078,0.9034531116485596,"[[1170.291748046875, 537.8642578125, 0.935332715511322], [1173.9967041015625, 529.7561645507812, 0.9565394520759583], [0.0, 0.0, 0.1989055573940277], [1199.8076171875, 524.7942504882812, 0.9761329293251038], [0.0, 0.0, 0.009090949781239033], [1237.11865234375, 548.4614868164062, 0.9967435002326965], [1213.26806640625, 549.29833984375, 0.9910253286361694], [1256.9354248046875, 610.3385620117188, 0.9949126243591309], [1233.0089111328125, 613.375244140625, 0.9598658084869385], [1207.50537109375, 625.9176025390625, 0.9929526448249817], [1213.8480224609375, 656.2645263671875, 0.9619981050491333], [1296.507080078125, 617.99658203125, 0.9994385838508606], [1277.321044921875, 617.5095825195312, 0.9991273283958435], [1252.863525390625, 704.3213500976562, 0.9992387294769287], [1246.6573486328125, 704.2178955078125, 0.9985039234161377], [1289.64501953125, 796.5397338867188, 0.9948061108589172], [1246.4954833984375, 799.1146240234375, 0.9924544095993042]]",Middle,Right
62,2.066666666666667,2,325.77652,652.6461,0.8966608047485352,"[[326.3801574707031, 486.3293151855469, 0.658122181892395], [0.0, 0.0, 0.39142927527427673], [0.0, 0.0, 0.1969493329524994], [0.0, 0.0, 0.32417574524879456], [0.0, 0.0, 0.0876808911561966], [375.8211669921875, 514.4306030273438, 0.9898942112922668], [314.53472900390625, 517.7806396484375, 0.9779135584831238], [385.05633544921875, 546.4681396484375, 0.9916753768920898], [299.16229248046875, 549.3363647460938, 0.9722469449043274], [346.1097412109375, 515.587890625, 0.9914239048957825], [261.413330078125, 534.0247802734375, 0.9782586693763733], [369.9037780761719, 637.2093505859375, 0.9995429515838623], [325.135498046875, 634.5680541992188, 0.9993658661842346], [381.97369384765625, 732.0169677734375, 0.9994739890098572], [295.7877197265625, 721.5894775390625, 0.9991360306739807], [376.1954040527344, 816.1524658203125, 0.9969019889831543], [340.9034423828125, 800.6570434570312, 0.9955536723136902]]",Middle,Left
63,2.1,1,1243.6862,664.5729,0.9036294221878052,"[[1170.251220703125, 537.929931640625, 0.9358264803886414], [1173.9696044921875, 529.837646484375, 0.9569000601768494], [0.0, 0.0, 0.20026849210262299], [1199.7833251953125, 524.8344116210938, 0.9761032462120056], [0.0, 0.0, 0.009085114113986492], [1236.9541015625, 548.3900756835938, 0.9967220425605774], [1213.1885986328125, 549.2140502929688, 0.9909626841545105], [1256.55126953125, 610.2523193359375, 0.9948864579200745], [1233.020263671875, 613.2144165039062, 0.9595120549201965], [1207.507080078125, 626.1123657226562, 0.9929388761520386], [1213.9014892578125, 656.103759765625, 0.9617984294891357], [1296.512939453125, 617.9005126953125, 0.9994335770606995], [1277.371337890625, 617.437744140625, 0.9991198182106018], [1252.876953125, 704.2456665039062, 0.9992364645004272], [1246.68798828125, 704.2246704101562, 0.9984989166259766], [1289.6619873046875, 796.4844970703125, 0.9948064684867859], [1246.511474609375, 799.1522216796875, 0.9924532771110535]]",Middle,Right
63,2.1,2,325.3615,652.22906,0.8966262340545654,"[[325.7266540527344, 486.097412109375, 0.6166103482246399], [0.0, 0.0, 0.35616767406463623], [0.0, 0.0, 0.16894029080867767], [0.0, 0.0, 0.3237093389034271], [0.0, 0.0, 0.08272946625947952], [375.4143981933594, 514.1831665039062, 0.9897896647453308], [314.7571105957031, 517.4501953125, 0.9769139885902405], [385.1565856933594, 546.53662109375, 0.9917422533035278], [299.549072265625, 549.427978515625, 0.9708564877510071], [346.2247619628906, 515.894287109375, 0.9911717772483826], [261.6962585449219, 534.4517822265625, 0.9766309261322021], [369.6722106933594, 637.05126953125, 0.9995570778846741], [325.33447265625, 634.3507080078125, 0.9993755221366882], [382.0394287109375, 731.9789428710938, 0.9994832277297974], [295.7276611328125, 721.54345703125, 0.9991374015808105], [375.94677734375, 816.1561279296875, 0.9969394207000732], [340.92791748046875, 800.703369140625, 0.995554506778717]]",Middle,Left
64,2.1333333333333333,1,1242.304,664.5258,0.9006723165512085,"[[1168.7264404296875, 538.0465087890625, 0.9404906034469604], [1172.2330322265625, 530.1458740234375, 0.9626501798629761], [0.0, 0.0, 0.20391488075256348], [1198.2802734375, 525.7247314453125, 0.9794735312461853], [0.0, 0.0, 0.009025711566209793], [1236.4208984375, 550.5816650390625, 0.9969522953033447], [1211.4705810546875, 551.354736328125, 0.9898903369903564], [1244.6651611328125, 613.2191772460938, 0.9945884943008423], [1229.432861328125, 616.554443359375, 0.9372743368148804], [1200.200927734375, 632.1594848632812, 0.9915565252304077], [1213.0670166015625, 659.7123413085938, 0.9386903047561646], [1295.8963623046875, 620.4208984375, 0.9993189573287964], [1275.3597412109375, 619.7473754882812, 0.9988483190536499], [1257.73291015625, 705.4853515625, 0.9990956783294678], [1247.23388671875, 703.4720458984375, 0.9980289340019226], [1287.1771240234375, 798.8795166015625, 0.9940882921218872], [1244.245849609375, 797.431640625, 0.990776002407074]]",Middle,Right
64,2.1333333333333333,2,324.52545,655.29346,0.8857592940330505,"[[0.0, 0.0, 0.47469571232795715], [0.0, 0.0, 0.21134577691555023], [0.0, 0.0, 0.18283745646476746], [0.0, 0.0, 0.18432550132274628], [0.0, 0.0, 0.16113325953483582], [374.2381896972656, 506.980224609375, 0.9838066101074219], [321.6365966796875, 513.2587890625, 0.9752203226089478], [366.42529296875, 538.642333984375, 0.9853538274765015], [314.6478576660156, 557.0001220703125, 0.9749155044555664], [331.44586181640625, 496.04010009765625, 0.9860223531723022], [271.7828369140625, 543.3571166992188, 0.9774816632270813], [364.0370178222656, 636.1038208007812, 0.9995627999305725], [323.6947021484375, 635.1006469726562, 0.9994720816612244], [372.5089111328125, 728.8037109375, 0.9993466734886169], [298.09454345703125, 722.1016845703125, 0.9991069436073303], [377.88055419921875, 817.3789672851562, 0.9965642094612122], [327.312255859375, 808.5682983398438, 0.9956302642822266]]",Middle,Left
65,2.1666666666666665,1,1240.2683,664.17615,0.9009066224098206,"[[1165.414794921875, 538.183349609375, 0.937882661819458], [1169.5888671875, 530.5281982421875, 0.9625563025474548], [0.0, 0.0, 0.2340230792760849], [1194.639892578125, 527.1607666015625, 0.9826958179473877], [0.0, 0.0, 0.016437934711575508], [1231.5107421875, 551.6549072265625, 0.9977619647979736], [1209.3515625, 552.0763549804688, 0.9910069108009338], [1233.979736328125, 611.8079833984375, 0.9949048757553101], [1224.526123046875, 617.3331909179688, 0.9312810301780701], [1190.4129638671875, 629.9491577148438, 0.9899820685386658], [1207.7425537109375, 662.9808959960938, 0.9245449304580688], [1296.0281982421875, 620.299560546875, 0.9993088245391846], [1276.97021484375, 619.5850219726562, 0.9986754059791565], [1261.7127685546875, 706.238525390625, 0.9990257024765015], [1248.73974609375, 703.2510986328125, 0.9976293444633484], [1281.36083984375, 800.9598999023438, 0.9940558671951294], [1245.0418701171875, 797.6064453125, 0.9898507595062256]]",Middle,Right
65,2.1666666666666665,2,322.9179,657.4005,0.8930382132530212,"[[0.0, 0.0, 0.4161578118801117], [0.0, 0.0, 0.24277357757091522], [0.0, 0.0, 0.1305605173110962], [0.0, 0.0, 0.3903496563434601], [0.0, 0.0, 0.12878112494945526], [369.93707275390625, 507.9363098144531, 0.9887714982032776], [323.4333801269531, 518.1265869140625, 0.9848930835723877], [343.11627197265625, 516.3215942382812, 0.9892382621765137], [310.76202392578125, 554.359619140625, 0.987357497215271], [309.0222473144531, 479.53375244140625, 0.9881514310836792], [266.652099609375, 552.2282104492188, 0.986068606376648], [360.6083984375, 637.974853515625, 0.9997401833534241], [322.9974060058594, 639.3938598632812, 0.999693751335144], [373.23504638671875, 729.4041748046875, 0.9994183778762817], [306.49700927734375, 727.7725830078125, 0.999275267124176], [377.48992919921875, 816.2224731445312, 0.9965596795082092], [318.95794677734375, 813.5875854492188, 0.9959843158721924]]",Middle,Left
66,2.2,1,1238.6062,664.0513,0.9026109576225281,"[[1163.8848876953125, 539.1070556640625, 0.955614447593689], [1168.450439453125, 531.685546875, 0.9705896973609924], [0.0, 0.0, 0.30835506319999695], [1193.212890625, 528.3928833007812, 0.9817843437194824], [0.0, 0.0, 0.0186831783503294], [1229.6856689453125, 552.5343017578125, 0.9976027607917786], [1203.872802734375, 551.761474609375, 0.9921642541885376], [1232.7791748046875, 610.1165161132812, 0.9944639801979065], [1217.754150390625, 618.2283935546875, 0.9478356242179871], [1189.26953125, 611.6875, 0.9903836846351624], [1203.5888671875, 660.7698974609375, 0.9449286460876465], [1295.9134521484375, 618.3974609375, 0.999117910861969], [1274.9964599609375, 617.0869140625, 0.9984752535820007], [1262.419677734375, 707.5580444335938, 0.9986574649810791], [1251.4384765625, 701.900390625, 0.9971283078193665], [1271.3935546875, 801.729248046875, 0.9912148714065552], [1248.211669921875, 795.6131591796875, 0.9864903688430786]]",Middle,Right
66,2.2,2,321.6739,657.7974,0.8964701890945435,"[[0.0, 0.0, 0.3920218050479889], [0.0, 0.0, 0.20959213376045227], [0.0, 0.0, 0.1573411524295807], [0.0, 0.0, 0.27539190649986267], [0.0, 0.0, 0.18060357868671417], [370.2457275390625, 515.8308715820312, 0.985627293586731], [319.110595703125, 529.630859375, 0.9784512519836426], [339.9971923828125, 504.5142517089844, 0.9875083565711975], [302.5918884277344, 558.430419921875, 0.978236973285675], [302.745361328125, 471.47906494140625, 0.9856346249580383], [265.1355895996094, 552.127197265625, 0.9768462777137756], [357.91302490234375, 638.9281616210938, 0.9997116923332214], [317.2422180175781, 642.48291015625, 0.999643087387085], [371.04364013671875, 731.0635375976562, 0.9995689988136292], [306.528564453125, 734.1143188476562, 0.9994139671325684], [374.3677062988281, 822.1990356445312, 0.9979462027549744], [306.2354431152344, 824.4483642578125, 0.9973904490470886]]",Middle,Left
67,2.2333333333333334,1,1237.0762,664.0131,0.8994314074516296,"[[1161.6845703125, 542.1241455078125, 0.9703970551490784], [1165.97216796875, 534.79638671875, 0.9770326614379883], [0.0, 0.0, 0.41085284948349], [1189.7288818359375, 530.029541015625, 0.9790588021278381], [0.0, 0.0, 0.02381804957985878], [1224.70458984375, 553.39501953125, 0.9975417852401733], [1200.6923828125, 552.4573974609375, 0.9921218156814575], [1224.39892578125, 613.1925048828125, 0.9938905239105225], [1213.668701171875, 621.8990478515625, 0.9462042450904846], [1184.165771484375, 609.2366943359375, 0.9899645447731018], [1193.4058837890625, 664.4830322265625, 0.9460418820381165], [1295.450927734375, 618.7053833007812, 0.9986647367477417], [1275.822265625, 617.1883544921875, 0.997714638710022], [1265.0341796875, 707.8558349609375, 0.9978399276733398], [1253.539794921875, 699.8973388671875, 0.9954264760017395], [1261.714599609375, 801.0908203125, 0.985435426235199], [1248.652099609375, 790.7839965820312, 0.9778876900672913]]",Middle,Right
67,2.2333333333333334,2,320.91486,658.8912,0.890378475189209,"[[342.44195556640625, 511.85833740234375, 0.6295430064201355], [0.0, 0.0, 0.3930954039096832], [0.0, 0.0, 0.41242438554763794], [0.0, 0.0, 0.27281248569488525], [0.0, 0.0, 0.34302130341529846], [366.82672119140625, 523.8104248046875, 0.9848229885101318], [313.65606689453125, 540.937744140625, 0.9806967973709106], [334.86376953125, 493.467529296875, 0.9804116487503052], [294.13262939453125, 560.3648681640625, 0.9679054617881775], [292.5490417480469, 463.099609375, 0.9789757132530212], [264.0364990234375, 551.3614501953125, 0.9669651389122009], [354.6344299316406, 642.2808227539062, 0.9995586276054382], [312.4364013671875, 647.7587280273438, 0.9994984865188599], [369.71685791015625, 733.7999267578125, 0.999453604221344], [305.92138671875, 740.281494140625, 0.9993094205856323], [371.8912048339844, 824.496826171875, 0.9979944229125977], [297.5525207519531, 829.6770629882812, 0.9975636005401611]]",Middle,Left
68,2.2666666666666666,1,1236.2212,664.346,0.9023284912109375,"[[1158.989501953125, 544.8709106445312, 0.9839171171188354], [1164.2060546875, 537.4720458984375, 0.986957848072052], [1156.5655517578125, 538.3173828125, 0.5830625295639038], [1188.7003173828125, 533.3714599609375, 0.9814961552619934], [0.0, 0.0, 0.03365592658519745], [1221.1103515625, 556.9991455078125, 0.9978260397911072], [1195.7197265625, 556.11962890625, 0.9931421279907227], [1215.4234619140625, 618.5894775390625, 0.9936677813529968], [1208.6583251953125, 622.6753540039062, 0.9461673498153687], [1176.2471923828125, 622.04541015625, 0.9901435375213623], [1190.8533935546875, 663.4026489257812, 0.9492491483688354], [1294.4052734375, 618.2579956054688, 0.9984334111213684], [1273.692138671875, 617.3504638671875, 0.997334897518158], [1267.5460205078125, 708.1284790039062, 0.9975709319114685], [1254.2926025390625, 701.4188842773438, 0.9949163198471069], [1258.2340087890625, 801.0628662109375, 0.9841728210449219], [1248.0809326171875, 791.8568115234375, 0.9761241674423218]]",Middle,Right
68,2.2666666666666666,2,319.97162,654.9933,0.8965801000595093,"[[333.72430419921875, 503.39990234375, 0.6288120746612549], [342.4976806640625, 499.6834716796875, 0.5045789480209351], [0.0, 0.0, 0.2400980442762375], [356.03826904296875, 508.03558349609375, 0.5587323904037476], [0.0, 0.0, 0.13169418275356293], [361.20770263671875, 524.0244140625, 0.9904809594154358], [310.89208984375, 540.3516235351562, 0.9835917949676514], [323.4219665527344, 495.478271484375, 0.9893020987510681], [291.74090576171875, 563.5863037109375, 0.9680115580558777], [284.428466796875, 454.94281005859375, 0.9867825508117676], [261.772216796875, 551.809814453125, 0.9657004475593567], [353.033447265625, 643.02392578125, 0.9997038245201111], [311.4375, 648.9205932617188, 0.9996035695075989], [370.15631103515625, 732.5758666992188, 0.9995586276054382], [301.52789306640625, 740.3025512695312, 0.9993183612823486], [372.4987487792969, 821.9686279296875, 0.9979566335678101], [292.0958251953125, 829.768310546875, 0.9972056746482849]]",Middle,Left
69,2.3,1,1236.0317,664.4377,0.9022183418273926,"[[1159.08447265625, 544.8341064453125, 0.983953058719635], [1164.318115234375, 537.4459838867188, 0.9869488477706909], [1156.656005859375, 538.2826538085938, 0.5838654637336731], [1188.820556640625, 533.3924560546875, 0.9814003705978394], [0.0, 0.0, 0.03368273377418518], [1221.15087890625, 557.0478515625, 0.9978166818618774], [1195.734130859375, 556.1442260742188, 0.9931389689445496], [1215.386962890625, 618.3291015625, 0.9936559200286865], [1208.629638671875, 622.829833984375, 0.9464288949966431], [1176.2259521484375, 620.504638671875, 0.9901534914970398], [1190.797119140625, 663.5260009765625, 0.9495211243629456], [1294.3385009765625, 618.299072265625, 0.998424768447876], [1273.6104736328125, 617.3626708984375, 0.9973258972167969], [1267.530517578125, 708.162109375, 0.9975559711456299], [1254.32763671875, 701.3497314453125, 0.9948990941047668], [1258.09912109375, 801.045166015625, 0.9840647578239441], [1248.104736328125, 791.818359375, 0.9760147929191589]]",Middle,Right
69,2.3,2,319.73297,653.41125,0.8967726826667786,"[[333.7222900390625, 503.1742858886719, 0.6260801553726196], [342.504638671875, 499.4549560546875, 0.5014840960502625], [0.0, 0.0, 0.23808148503303528], [356.09039306640625, 507.869384765625, 0.5592719316482544], [0.0, 0.0, 0.13125604391098022], [361.3326416015625, 523.9379272460938, 0.9904678463935852], [311.0110168457031, 540.4109497070312, 0.9837629795074463], [323.4136047363281, 495.3609924316406, 0.9893529415130615], [291.8866882324219, 563.7496337890625, 0.969162106513977], [284.3435974121094, 455.12615966796875, 0.9868975877761841], [261.7312927246094, 552.0003051757812, 0.9668786525726318], [353.15185546875, 643.0054321289062, 0.9997066855430603], [311.5286560058594, 648.937744140625, 0.9996092915534973], [370.2440185546875, 732.593994140625, 0.9995586276054382], [301.6112060546875, 740.3171997070312, 0.9993236064910889], [372.61907958984375, 822.0487060546875, 0.9979459643363953], [291.9401550292969, 829.7562255859375, 0.9972079396247864]]",Middle,Left
70,2.3333333333333335,1,1235.0239,664.84344,0.9033744931221008,"[[1157.3026123046875, 547.211181640625, 0.9858282804489136], [1162.26220703125, 539.9838256835938, 0.9880084991455078], [1154.39794921875, 540.9873657226562, 0.6456865072250366], [1185.6719970703125, 535.3450927734375, 0.9788820743560791], [0.0, 0.0, 0.044716157019138336], [1219.7923583984375, 557.89990234375, 0.9979290962219238], [1188.661865234375, 556.7299194335938, 0.9920670986175537], [1216.386962890625, 623.5084228515625, 0.9931123852729797], [1197.2691650390625, 620.987060546875, 0.9223641753196716], [1175.9091796875, 640.8438110351562, 0.9885963797569275], [1184.29345703125, 660.423583984375, 0.9291922450065613], [1293.228759765625, 618.1115112304688, 0.9982367753982544], [1269.2589111328125, 617.72412109375, 0.996673583984375], [1269.959716796875, 708.288330078125, 0.9974483251571655], [1253.431884765625, 702.3868408203125, 0.9939572811126709], [1256.4163818359375, 799.6717529296875, 0.9847366213798523], [1249.2017822265625, 789.598388671875, 0.9744841456413269]]",Middle,Right
70,2.3333333333333335,2,319.60162,653.4779,0.8918248414993286,"[[0.0, 0.0, 0.47678062319755554], [0.0, 0.0, 0.3590700626373291], [0.0, 0.0, 0.16504232585430145], [0.0, 0.0, 0.49040907621383667], [0.0, 0.0, 0.14130949974060059], [358.751953125, 521.6690673828125, 0.9897692203521729], [310.3427429199219, 536.4617919921875, 0.9790142178535461], [322.35675048828125, 503.4716491699219, 0.9882115721702576], [291.541748046875, 563.4754638671875, 0.9508349299430847], [283.4505310058594, 458.9574279785156, 0.9821168780326843], [263.4851989746094, 552.7530517578125, 0.9409371614456177], [350.3336181640625, 643.8214111328125, 0.9996825456619263], [310.2332763671875, 649.4274291992188, 0.9995416402816772], [368.49285888671875, 735.3499145507812, 0.9994845390319824], [303.5149841308594, 743.8082885742188, 0.9991362690925598], [373.052978515625, 821.8355712890625, 0.9976289868354797], [291.11334228515625, 833.0143432617188, 0.9965187311172485]]",Middle,Left
71,2.3666666666666667,1,1234.0498,666.32776,0.9041069149971008,"[[1157.2421875, 550.7723999023438, 0.9885882139205933], [1162.459228515625, 543.115478515625, 0.9891340136528015], [1153.489501953125, 544.4312744140625, 0.7147685885429382], [1185.7801513671875, 537.7101440429688, 0.9746494293212891], [0.0, 0.0, 0.05477497726678848], [1217.5614013671875, 560.1758422851562, 0.9977951049804688], [1185.4935302734375, 560.4915161132812, 0.9925923943519592], [1212.2144775390625, 626.65966796875, 0.9928295016288757], [1191.0345458984375, 627.1809692382812, 0.9342178106307983], [1170.572998046875, 636.9140625, 0.989257276058197], [1176.65478515625, 661.9097290039062, 0.9430405497550964], [1292.7127685546875, 617.41552734375, 0.9981410503387451], [1268.2386474609375, 618.1290283203125, 0.9967250227928162], [1272.3968505859375, 708.8263549804688, 0.9974827170372009], [1255.29638671875, 704.361572265625, 0.994485080242157], [1255.7591552734375, 799.97705078125, 0.9850715398788452], [1249.212890625, 791.5797119140625, 0.9763350486755371]]",Middle,Right
71,2.3666666666666667,2,318.91962,655.7374,0.9002435207366943,"[[0.0, 0.0, 0.4786979854106903], [0.0, 0.0, 0.40427181124687195], [0.0, 0.0, 0.12738020718097687], [346.8948669433594, 502.79412841796875, 0.5959690809249878], [0.0, 0.0, 0.08615453541278839], [355.5057678222656, 521.5556030273438, 0.9900141954421997], [307.47900390625, 539.46044921875, 0.9787600636482239], [317.27630615234375, 500.5184326171875, 0.9893233180046082], [292.31219482421875, 568.4229736328125, 0.9510058760643005], [276.6590270996094, 458.12127685546875, 0.9839625954627991], [261.6075134277344, 558.4603881835938, 0.9423680305480957], [347.1512145996094, 646.2694091796875, 0.9997028708457947], [307.07952880859375, 653.34521484375, 0.9995636343955994], [367.7007751464844, 735.476318359375, 0.9994988441467285], [304.0830078125, 746.8541259765625, 0.9991525411605835], [374.75341796875, 819.7694091796875, 0.9976091384887695], [295.28472900390625, 834.039306640625, 0.9965147376060486]]",Middle,Left
72,2.4,1,1232.7908,667.86365,0.9030886292457581,"[[1158.344482421875, 555.0108032226562, 0.968308687210083], [1161.552734375, 547.1712036132812, 0.97292160987854], [0.0, 0.0, 0.44224846363067627], [1184.36767578125, 539.8477783203125, 0.9616758227348328], [0.0, 0.0, 0.026346642524003983], [1220.214599609375, 560.2498779296875, 0.9962403774261475], [1189.3748779296875, 562.3557739257812, 0.9825891256332397], [1214.930908203125, 624.52294921875, 0.9911888837814331], [1195.8408203125, 632.4913940429688, 0.8601114153862], [1165.8311767578125, 617.847412109375, 0.9862237572669983], [1180.04296875, 664.0839233398438, 0.8846535682678223], [1293.23876953125, 615.578857421875, 0.9977660179138184], [1269.3056640625, 617.370361328125, 0.9955012202262878], [1271.381591796875, 706.2498779296875, 0.9973148703575134], [1256.090087890625, 705.4989624023438, 0.9930360913276672], [1253.99365234375, 797.7687377929688, 0.9846701622009277], [1244.0947265625, 795.9742431640625, 0.9724404811859131]]",Middle,Right
72,2.4,2,318.3874,661.81445,0.8997154831886292,"[[0.0, 0.0, 0.3907879889011383], [0.0, 0.0, 0.32477661967277527], [0.0, 0.0, 0.10531053692102432], [342.81695556640625, 509.626708984375, 0.5252799987792969], [0.0, 0.0, 0.09059761464595795], [350.7921142578125, 527.46484375, 0.987626850605011], [305.3912048339844, 543.3721313476562, 0.9704895615577698], [311.15777587890625, 505.5230712890625, 0.9874580502510071], [294.0556640625, 568.5166015625, 0.9262108206748962], [271.0418701171875, 462.23876953125, 0.9804758429527283], [262.4888916015625, 569.4823608398438, 0.9158300757408142], [343.74530029296875, 650.9837036132812, 0.9996674060821533], [305.1520080566406, 657.985595703125, 0.9994934797286987], [367.1314697265625, 737.975341796875, 0.9995027780532837], [303.17724609375, 752.2337646484375, 0.9991267323493958], [372.502685546875, 817.2003173828125, 0.9978949427604675], [296.260009765625, 839.7972412109375, 0.9968068599700928]]",Middle,Left
73,2.433333333333333,1,1232.0469,670.08905,0.9010644555091858,"[[1159.944091796875, 555.1134033203125, 0.9551387429237366], [1161.5537109375, 547.6331787109375, 0.9616897106170654], [0.0, 0.0, 0.3895474374294281], [1178.79345703125, 540.06689453125, 0.9609821438789368], [0.0, 0.0, 0.04564148932695389], [1215.5885009765625, 558.6075439453125, 0.9976438879966736], [1194.6956787109375, 559.28857421875, 0.9882761836051941], [1216.768310546875, 632.4874267578125, 0.992155134677887], [1206.051025390625, 627.085205078125, 0.8447659611701965], [1169.87158203125, 641.0111694335938, 0.9822816848754883], [1177.0579833984375, 644.461181640625, 0.8347291946411133], [1294.544921875, 614.2890625, 0.9984914064407349], [1276.8604736328125, 615.2484741210938, 0.996708869934082], [1266.0062255859375, 705.7472534179688, 0.9979871511459351], [1256.031982421875, 703.3224487304688, 0.9941263198852539], [1255.55810546875, 799.948974609375, 0.9881744384765625], [1246.221435546875, 792.5123291015625, 0.97672039270401]]",Middle,Right
73,2.433333333333333,2,316.2251,668.0121,0.9038238525390625,"[[313.22918701171875, 505.18304443359375, 0.5846054553985596], [321.659423828125, 500.49578857421875, 0.5187474489212036], [0.0, 0.0, 0.17046824097633362], [338.3280944824219, 507.151123046875, 0.6647931933403015], [0.0, 0.0, 0.08853316307067871], [346.22625732421875, 526.7105712890625, 0.9908674955368042], [301.8350830078125, 541.2275390625, 0.9812614917755127], [308.7829284667969, 510.86053466796875, 0.9889152646064758], [296.7822265625, 569.467041015625, 0.9514337778091431], [269.445068359375, 473.11492919921875, 0.9838119149208069], [268.14337158203125, 575.1680297851562, 0.9437819719314575], [338.7976989746094, 651.0457763671875, 0.9996589422225952], [300.7654113769531, 657.4026489257812, 0.9995132684707642], [364.2861328125, 741.263671875, 0.9993933439254761], [300.9390563964844, 753.7911987304688, 0.9990239143371582], [369.58062744140625, 819.933349609375, 0.9971267580986023], [294.6251220703125, 839.9447021484375, 0.9959816932678223]]",Middle,Left
74,2.466666666666667,1,1231.8059,672.24207,0.8998515605926514,"[[1158.672119140625, 557.7886962890625, 0.9467468857765198], [1160.583740234375, 550.366455078125, 0.9588144421577454], [0.0, 0.0, 0.3452061116695404], [1180.0379638671875, 543.3308715820312, 0.9425148963928223], [0.0, 0.0, 0.02511844038963318], [1216.2633056640625, 562.178955078125, 0.9953023195266724], [1197.4320068359375, 560.8461303710938, 0.9356736540794373], [1218.2789306640625, 630.957763671875, 0.9882946014404297], [0.0, 0.0, 0.476273775100708], [1172.9139404296875, 648.1668090820312, 0.9768562912940979], [1180.794921875, 641.12158203125, 0.5890910029411316], [1294.24951171875, 616.9208984375, 0.9965264201164246], [1278.17041015625, 616.6697998046875, 0.9877628087997437], [1271.004150390625, 706.1215209960938, 0.9974002838134766], [1256.3167724609375, 703.7924194335938, 0.9871045351028442], [1255.965576171875, 798.6329956054688, 0.9898858070373535], [1244.840576171875, 792.4942626953125, 0.969732940196991]]",Middle,Right
74,2.466666666666667,2,313.76514,673.9155,0.897895336151123,"[[296.76593017578125, 507.90289306640625, 0.6106917262077332], [303.49993896484375, 502.1490783691406, 0.557746171951294], [0.0, 0.0, 0.1558685600757599], [321.69158935546875, 504.9742126464844, 0.7198572754859924], [0.0, 0.0, 0.06488416343927383], [338.6615295410156, 526.4136962890625, 0.9913404583930969], [291.65203857421875, 539.4449462890625, 0.9831680655479431], [306.12158203125, 518.2244262695312, 0.9901646971702576], [283.75872802734375, 570.5123291015625, 0.966648519039154], [266.9109191894531, 486.61474609375, 0.9862425327301025], [263.38372802734375, 586.3896484375, 0.9620392322540283], [333.5311279296875, 653.0616455078125, 0.9996306896209717], [294.38433837890625, 658.1329956054688, 0.9994877576828003], [358.26385498046875, 746.4168090820312, 0.9991629123687744], [296.0387878417969, 755.2403564453125, 0.9987462759017944], [367.95416259765625, 828.2879638671875, 0.9953837990760803], [294.0257568359375, 843.2239990234375, 0.9939849972724915]]",Middle,Left
75,2.5,1,1231.7864,672.98193,0.8998525142669678,"[[1158.6776123046875, 557.7630004882812, 0.9473052620887756], [1160.593994140625, 550.314453125, 0.959267258644104], [0.0, 0.0, 0.34809136390686035], [1180.0556640625, 543.2457275390625, 0.9426724910736084], [0.0, 0.0, 0.025234928354620934], [1216.24609375, 562.1514892578125, 0.9952852129936218], [1197.50732421875, 560.79638671875, 0.9356879591941833], [1218.2930908203125, 630.9508056640625, 0.9882386922836304], [0.0, 0.0, 0.47646263241767883], [1172.8787841796875, 648.2626342773438, 0.9767981767654419], [1180.858642578125, 640.7680053710938, 0.5895644426345825], [1294.274658203125, 616.8187255859375, 0.996476948261261], [1278.2589111328125, 616.5571899414062, 0.9876114726066589], [1270.9290771484375, 706.0941162109375, 0.9973545074462891], [1256.29052734375, 703.7735595703125, 0.9869042038917542], [1255.9686279296875, 798.676025390625, 0.9896978735923767], [1244.798828125, 792.5425415039062, 0.9692267179489136]]",Middle,Right
75,2.5,2,312.94806,676.06104,0.8979910016059875,"[[297.4290771484375, 508.68121337890625, 0.573955237865448], [304.1773376464844, 503.039306640625, 0.5159117579460144], [0.0, 0.0, 0.14181528985500336], [322.1248779296875, 505.981201171875, 0.694137692451477], [0.0, 0.0, 0.06454440206289291], [338.66900634765625, 526.7922973632812, 0.9906620383262634], [291.7218933105469, 539.822509765625, 0.9817107915878296], [306.09564208984375, 518.01171875, 0.9898926615715027], [283.6923828125, 570.7031860351562, 0.9654377102851868], [266.83038330078125, 486.3818664550781, 0.985900342464447], [263.3890686035156, 586.5186157226562, 0.9609045386314392], [333.49359130859375, 653.0016479492188, 0.9996285438537598], [294.3644104003906, 658.1451416015625, 0.9994833469390869], [358.40484619140625, 746.2012939453125, 0.9991734623908997], [296.0445556640625, 755.2779541015625, 0.9987585544586182], [368.0615234375, 827.6672973632812, 0.9954984188079834], [293.90863037109375, 842.967041015625, 0.9941068887710571]]",Middle,Left
76,2.533333333333333,1,1231.4938,674.2589,0.9010210037231445,"[[1158.554931640625, 561.9029541015625, 0.9222686290740967], [1158.9798583984375, 554.1589965820312, 0.9278456568717957], [0.0, 0.0, 0.2804976999759674], [1176.448486328125, 544.8079833984375, 0.9161884784698486], [0.0, 0.0, 0.028195209801197052], [1213.996337890625, 563.4215087890625, 0.9947633743286133], [1198.5545654296875, 562.5628662109375, 0.9468439817428589], [1215.62353515625, 634.7100830078125, 0.9883325695991516], [1205.92529296875, 621.328369140625, 0.5916374921798706], [1171.600830078125, 660.6434326171875, 0.9774395227432251], [1173.601806640625, 651.1134033203125, 0.6737532615661621], [1293.3306884765625, 618.9945678710938, 0.996920108795166], [1279.744140625, 618.7618408203125, 0.9908535480499268], [1270.4193115234375, 707.341064453125, 0.9973723888397217], [1256.008544921875, 704.3636474609375, 0.9891996383666992], [1255.4349365234375, 799.638916015625, 0.9887335300445557], [1246.1490478515625, 791.799560546875, 0.9705734252929688]]",Middle,Right
76,2.533333333333333,2,309.32837,679.1224,0.9003874063491821,"[[298.89288330078125, 507.62213134765625, 0.8671233057975769], [305.278076171875, 500.5033264160156, 0.7853584289550781], [292.7723083496094, 500.9163818359375, 0.5840453505516052], [318.8336181640625, 497.84332275390625, 0.6694090366363525], [0.0, 0.0, 0.2622416913509369], [334.82568359375, 521.6925659179688, 0.9943979382514954], [279.35784912109375, 531.5297241210938, 0.9908609390258789], [313.075439453125, 539.3651733398438, 0.9886771440505981], [273.51568603515625, 578.9481201171875, 0.9722492098808289], [266.11492919921875, 501.3052978515625, 0.9843633770942688], [254.01800537109375, 603.8970336914062, 0.9670960903167725], [331.22430419921875, 652.5267944335938, 0.9995452761650085], [288.010009765625, 657.8297119140625, 0.9994256496429443], [351.3122863769531, 744.9852905273438, 0.9990513920783997], [290.6673889160156, 758.1693115234375, 0.9987115859985352], [363.6961669921875, 815.27490234375, 0.9956170320510864], [296.3984680175781, 841.8687744140625, 0.9945026636123657]]",Middle,Left
77,2.566666666666667,1,1231.0972,676.0197,0.9058723449707031,"[[1158.2276611328125, 564.436279296875, 0.9135187864303589], [1158.3095703125, 556.8427734375, 0.9241871237754822], [0.0, 0.0, 0.2361493557691574], [1174.61572265625, 549.0906372070312, 0.9333418011665344], [0.0, 0.0, 0.02014361508190632], [1213.3240966796875, 566.5700073242188, 0.9932952523231506], [1198.8668212890625, 563.9742431640625, 0.9796181321144104], [1218.2213134765625, 640.297119140625, 0.9878367781639099], [1207.446533203125, 622.7460327148438, 0.8909133672714233], [1180.801513671875, 672.6920776367188, 0.9820996522903442], [1169.608642578125, 651.24658203125, 0.9020341038703918], [1287.23828125, 615.39697265625, 0.9974283576011658], [1274.966552734375, 614.0505981445312, 0.9959065914154053], [1264.7054443359375, 706.268798828125, 0.9963060617446899], [1253.326171875, 701.8248901367188, 0.9926232099533081], [1256.6458740234375, 801.0719604492188, 0.9781930446624756], [1246.7822265625, 793.7205810546875, 0.9678519368171692]]",Middle,Right
77,2.566666666666667,2,306.68298,679.8294,0.9005546569824219,"[[296.8290100097656, 506.98284912109375, 0.9745016694068909], [304.46282958984375, 500.22607421875, 0.9588841199874878], [290.19464111328125, 499.56890869140625, 0.8475878834724426], [320.52685546875, 496.98291015625, 0.851064920425415], [0.0, 0.0, 0.2370116412639618], [334.41436767578125, 523.6240234375, 0.9960220456123352], [277.42840576171875, 520.2398681640625, 0.9952589869499207], [314.8204650878906, 563.9024047851562, 0.9905695915222168], [270.8017578125, 568.2107543945312, 0.9876343607902527], [270.81884765625, 523.2660522460938, 0.9906037449836731], [248.789306640625, 614.125, 0.9876119494438171], [328.4721984863281, 653.561767578125, 0.9993891716003418], [285.12518310546875, 654.1781005859375, 0.9993321299552917], [343.1689147949219, 748.392822265625, 0.9985657334327698], [284.388671875, 759.6234130859375, 0.9983653426170349], [359.51220703125, 811.4342651367188, 0.9925479292869568], [300.2506103515625, 845.8856201171875, 0.9919528365135193]]",Middle,Left
78,2.6,1,1230.9978,677.3072,0.9083267450332642,"[[1157.540283203125, 569.0939331054688, 0.8979564905166626], [1157.225830078125, 561.2359619140625, 0.9184241890907288], [0.0, 0.0, 0.2015027403831482], [1173.2489013671875, 551.79150390625, 0.9278510808944702], [0.0, 0.0, 0.016921313479542732], [1213.665283203125, 566.8445434570312, 0.99247145652771], [1196.50732421875, 566.4109497070312, 0.9646937251091003], [1224.518798828125, 638.9818725585938, 0.9863916635513306], [1206.546630859375, 623.8278198242188, 0.7688977718353271], [1195.6861572265625, 679.5771484375, 0.9774134755134583], [1171.595947265625, 649.4210815429688, 0.7995702624320984], [1286.5408935546875, 615.133056640625, 0.9967104196548462], [1272.8438720703125, 614.9452514648438, 0.9934626817703247], [1265.443115234375, 705.3062744140625, 0.9959277510643005], [1251.4619140625, 702.8534545898438, 0.9893937110900879], [1256.5963134765625, 800.9498291015625, 0.9786525964736938], [1246.2703857421875, 794.0247802734375, 0.9615718722343445]]",Middle,Right
78,2.6,2,302.39844,678.68677,0.8860222697257996,"[[296.1480712890625, 503.98681640625, 0.9871476292610168], [303.2149963378906, 495.6240234375, 0.979764461517334], [287.72216796875, 495.9986572265625, 0.9435474872589111], [318.3928527832031, 489.7261962890625, 0.8730309009552002], [0.0, 0.0, 0.48887789249420166], [333.35748291015625, 525.79248046875, 0.9969520568847656], [273.7491455078125, 521.04541015625, 0.9966380596160889], [327.5689697265625, 576.6956176757812, 0.9880744814872742], [261.8736267089844, 572.649658203125, 0.9809274673461914], [280.8316650390625, 538.8914794921875, 0.9859426617622375], [242.8164825439453, 619.6419677734375, 0.9767112731933594], [322.64404296875, 654.6937255859375, 0.9990697503089905], [280.0436706542969, 654.9742431640625, 0.9990113973617554], [324.3705139160156, 745.1192626953125, 0.998444139957428], [276.13299560546875, 760.958251953125, 0.9981895089149475], [358.9297180175781, 806.7639770507812, 0.9935107827186584], [290.1103820800781, 850.47900390625, 0.9927307963371277]]",Middle,Left
79,2.6333333333333333,1,1230.6719,678.42126,0.9070075154304504,"[[1155.5972900390625, 571.2885131835938, 0.8862956166267395], [1155.80908203125, 563.5962524414062, 0.9133428931236267], [0.0, 0.0, 0.1745477169752121], [1173.0045166015625, 554.768310546875, 0.9267353415489197], [0.0, 0.0, 0.01348916720598936], [1214.8026123046875, 567.6492919921875, 0.9914813041687012], [1193.402099609375, 569.7625122070312, 0.9590167999267578], [1229.53466796875, 635.783203125, 0.9860705733299255], [1205.9466552734375, 626.466064453125, 0.7539685964584351], [1208.013427734375, 683.1005859375, 0.9774979948997498], [1174.497314453125, 648.899169921875, 0.7925235629081726], [1289.4482421875, 614.402099609375, 0.996683657169342], [1272.8175048828125, 615.2979125976562, 0.9932937622070312], [1264.86279296875, 703.2368774414062, 0.9961458444595337], [1247.984619140625, 702.1763916015625, 0.9896832704544067], [1256.24755859375, 800.8245849609375, 0.9801401495933533], [1244.04736328125, 793.6484985351562, 0.9636130332946777]]",Middle,Right
79,2.6333333333333333,2,297.20593,677.1942,0.9020866751670837,"[[292.66815185546875, 501.4080505371094, 0.9916905164718628], [300.01763916015625, 492.9783935546875, 0.9861228466033936], [284.2098388671875, 493.82464599609375, 0.953660786151886], [315.72540283203125, 488.1109313964844, 0.9120579361915588], [0.0, 0.0, 0.43572622537612915], [336.0069885253906, 525.622314453125, 0.9978103041648865], [266.81402587890625, 523.2454833984375, 0.998076319694519], [339.26141357421875, 585.8418579101562, 0.9908251166343689], [254.0443115234375, 581.5755004882812, 0.9929330348968506], [280.7353210449219, 564.564453125, 0.9909754395484924], [236.11117553710938, 636.2133178710938, 0.9916273355484009], [320.78216552734375, 656.57177734375, 0.9993689656257629], [273.4713439941406, 656.2061767578125, 0.9993786811828613], [320.2637023925781, 752.561279296875, 0.9984741806983948], [271.9725341796875, 763.152587890625, 0.9984523057937622], [350.1712646484375, 819.5703735351562, 0.9916077852249146], [295.06903076171875, 852.036865234375, 0.991676926612854]]",Middle,Left
80,2.6666666666666665,1,1229.5886,678.80347,0.9047592282295227,"[[1155.484619140625, 573.33935546875, 0.9033908247947693], [1154.6448974609375, 566.405517578125, 0.8959565162658691], [0.0, 0.0, 0.19400373101234436], [1169.3243408203125, 555.8917236328125, 0.9253056049346924], [0.0, 0.0, 0.022411489859223366], [1214.8145751953125, 568.4483032226562, 0.9959573149681091], [1189.087158203125, 572.4268798828125, 0.9877752065658569], [1234.29443359375, 639.5382690429688, 0.9921901822090149], [1201.8179931640625, 629.5971069335938, 0.9331761598587036], [1215.95068359375, 686.2009887695312, 0.9875832200050354], [1169.938720703125, 655.725830078125, 0.9351333379745483], [1290.2899169921875, 620.8399658203125, 0.9987620115280151], [1270.2412109375, 623.3496704101562, 0.9979363679885864], [1267.8065185546875, 706.8408203125, 0.9981979727745056], [1239.5225830078125, 707.8585205078125, 0.9961615800857544], [1254.7635498046875, 800.2352294921875, 0.9871275424957275], [1247.2965087890625, 793.9678955078125, 0.9799025654792786]]",Middle,Right
80,2.6666666666666665,2,290.0139,675.2305,0.9057960510253906,"[[289.885009765625, 496.9410095214844, 0.9952778816223145], [298.78936767578125, 489.14166259765625, 0.9902681708335876], [281.9951171875, 488.9118347167969, 0.9753437638282776], [314.089599609375, 488.7148132324219, 0.9205130934715271], [272.514892578125, 488.5139465332031, 0.6005038022994995], [334.36578369140625, 526.0855712890625, 0.9988645315170288], [259.14898681640625, 523.4428100585938, 0.9988065958023071], [346.25885009765625, 590.1693725585938, 0.9923707246780396], [251.75228881835938, 585.2931518554688, 0.9932871460914612], [285.3759765625, 581.894287109375, 0.9903340935707092], [231.79348754882812, 633.934814453125, 0.9907175898551941], [323.35296630859375, 653.02685546875, 0.9994832277297974], [272.8292236328125, 652.3963623046875, 0.9994543194770813], [316.77032470703125, 753.9410400390625, 0.9982407093048096], [275.142822265625, 759.362060546875, 0.9980652928352356], [338.78466796875, 833.24853515625, 0.9891155362129211], [299.3054504394531, 852.9699096679688, 0.9884011745452881]]",Middle,Left
81,2.7,1,1228.8937,678.8911,0.9046722650527954,"[[1155.33056640625, 573.4483032226562, 0.9069371223449707], [1154.5521240234375, 566.51953125, 0.9012250304222107], [0.0, 0.0, 0.19689714908599854], [1169.43310546875, 555.9691162109375, 0.9278085231781006], [0.0, 0.0, 0.02169182151556015], [1214.8328857421875, 568.400634765625, 0.9959825277328491], [1188.965087890625, 572.3311157226562, 0.987572431564331], [1234.1695556640625, 639.5996704101562, 0.9922052025794983], [1201.675048828125, 629.5867309570312, 0.9300029277801514], [1215.6063232421875, 685.996337890625, 0.9876113533973694], [1169.856201171875, 655.607421875, 0.9326691031455994], [1290.2200927734375, 620.732177734375, 0.998755931854248], [1270.072021484375, 623.232177734375, 0.9979037046432495], [1267.8841552734375, 706.8427124023438, 0.9982261061668396], [1239.6314697265625, 707.8760375976562, 0.9961667656898499], [1254.7877197265625, 800.2261962890625, 0.987434446811676], [1247.21240234375, 794.0245971679688, 0.9801846146583557]]",Middle,Right
81,2.7,2,287.45108,674.4542,0.9056558012962341,"[[289.87310791015625, 496.8467102050781, 0.9952594637870789], [298.8062744140625, 489.0526428222656, 0.9902675747871399], [281.9866638183594, 488.8070068359375, 0.9752830862998962], [314.1224365234375, 488.6954345703125, 0.9207105040550232], [272.5068664550781, 488.453369140625, 0.5994330644607544], [334.4327392578125, 526.12060546875, 0.9988524913787842], [259.0025634765625, 523.485595703125, 0.9988027811050415], [346.38189697265625, 590.234619140625, 0.992271900177002], [251.62298583984375, 585.3700561523438, 0.9932714104652405], [285.9146423339844, 581.9701538085938, 0.9902306199073792], [231.81036376953125, 633.9376831054688, 0.9906864762306213], [323.5137634277344, 653.1407470703125, 0.9994779229164124], [272.8597412109375, 652.5352783203125, 0.9994507431983948], [316.6884765625, 753.9369506835938, 0.9982225298881531], [274.9862060546875, 759.4364013671875, 0.9980529546737671], [338.7433166503906, 832.8682250976562, 0.9890375733375549], [299.23382568359375, 852.7125244140625, 0.9883542060852051]]",Middle,Left
82,2.7333333333333334,1,1228.9773,679.5727,0.9102620482444763,"[[1154.23779296875, 575.3699951171875, 0.8873083591461182], [1154.42529296875, 567.42578125, 0.9008124470710754], [0.0, 0.0, 0.17596060037612915], [1171.2197265625, 557.1671752929688, 0.9233068227767944], [0.0, 0.0, 0.015095631591975689], [1214.7584228515625, 570.87109375, 0.9926944971084595], [1189.677001953125, 570.9124755859375, 0.9760804176330566], [1237.0589599609375, 638.1751708984375, 0.9884385466575623], [1206.1700439453125, 627.64990234375, 0.8857154250144958], [1224.564208984375, 687.675537109375, 0.9824397563934326], [1176.14111328125, 657.3536376953125, 0.8959149718284607], [1288.725341796875, 615.4646606445312, 0.9977579712867737], [1270.1473388671875, 615.3936767578125, 0.996253490447998], [1263.732421875, 705.1207275390625, 0.9967818260192871], [1244.7120361328125, 701.885498046875, 0.9932032823562622], [1255.4482421875, 802.5225219726562, 0.9803425669670105], [1245.55419921875, 792.8095092773438, 0.9698970913887024]]",Middle,Right
82,2.7333333333333334,2,284.55624,674.7648,0.9072995185852051,"[[287.536376953125, 493.12298583984375, 0.9915591478347778], [296.1956787109375, 485.6458740234375, 0.9854816198348999], [280.685546875, 484.90576171875, 0.9597834348678589], [312.3580322265625, 486.72979736328125, 0.8952760696411133], [0.0, 0.0, 0.48518478870391846], [333.9571533203125, 532.1591796875, 0.9958303570747375], [257.03875732421875, 529.0984497070312, 0.9978692531585693], [353.63958740234375, 591.6179809570312, 0.9736879467964172], [239.2926025390625, 593.175537109375, 0.9894313812255859], [314.38983154296875, 598.2885131835938, 0.9730495810508728], [226.10855102539062, 644.2032470703125, 0.9843053221702576], [319.0718994140625, 657.91162109375, 0.9981194138526917], [268.8717956542969, 655.326904296875, 0.9986218214035034], [313.670654296875, 753.8963012695312, 0.9968128800392151], [270.9071044921875, 752.2279052734375, 0.9975975155830383], [337.2583923339844, 848.3538818359375, 0.9866436123847961], [296.37335205078125, 853.1599731445312, 0.9895461201667786]]",Middle,Left
83,2.7666666666666666,1,1228.4016,680.1317,0.9108511209487915,"[[1154.352783203125, 576.0289306640625, 0.8882115483283997], [1153.87646484375, 568.080810546875, 0.8841840624809265], [0.0, 0.0, 0.20240896940231323], [1168.7119140625, 556.8597412109375, 0.9047333598136902], [0.0, 0.0, 0.023028122261166573], [1212.819091796875, 569.2562255859375, 0.9936251640319824], [1188.019287109375, 571.221923828125, 0.9804568886756897], [1238.6490478515625, 635.5674438476562, 0.9887124300003052], [1205.584716796875, 629.0967407226562, 0.906674325466156], [1231.564208984375, 686.7999267578125, 0.9818297624588013], [1175.8089599609375, 661.3704223632812, 0.9077789187431335], [1287.373779296875, 616.43896484375, 0.9979084730148315], [1269.33740234375, 617.304443359375, 0.9965949654579163], [1264.4228515625, 706.0001220703125, 0.9965379238128662], [1245.4317626953125, 703.0167236328125, 0.993002712726593], [1253.9176025390625, 802.956787109375, 0.9777746200561523], [1248.43212890625, 792.0618896484375, 0.9668363928794861]]",Middle,Right
83,2.7666666666666666,2,282.90588,677.5175,0.9203921556472778,"[[287.34326171875, 490.8641357421875, 0.9967166781425476], [295.65521240234375, 483.59332275390625, 0.9908238649368286], [279.944580078125, 483.205078125, 0.9825900197029114], [309.4309997558594, 485.8292541503906, 0.9135633111000061], [269.2214050292969, 485.3740539550781, 0.6936360001564026], [334.05560302734375, 532.715576171875, 0.9993138313293457], [251.85145568847656, 528.3817138671875, 0.9994630217552185], [362.2124938964844, 595.8033447265625, 0.9945628046989441], [234.89186096191406, 588.8629760742188, 0.9977610111236572], [318.10577392578125, 609.6754150390625, 0.9938462376594543], [215.39617919921875, 636.06396484375, 0.9967091083526611], [317.65545654296875, 660.6226196289062, 0.9997499585151672], [265.1766662597656, 656.4133911132812, 0.9997592568397522], [314.8580017089844, 761.1168212890625, 0.9992208480834961], [271.306640625, 753.4027099609375, 0.9992560744285583], [329.59246826171875, 862.4649658203125, 0.9940517544746399], [295.28125, 855.9542236328125, 0.99439537525177]]",Middle,Left
