frame,time_sec,player_id,x,y,confidence,keypoints,court_region,court_side
0,0.0,1,1476.5,668.5,0.9114891886711121,"[[0.0, 0.0, 0.0]]",Middle,Right
0,0.0,2,373.0,666.0,0.9045454263687134,"[[0.0, 0.0, 0.0]]",Middle,Left
1,0.03333333333333333,1,1473.0132,668.0753,0.9143207669258118,"[[0.0, 0.0, 0.0]]",Middle,Right
1,0.03333333333333333,2,369.9388,665.54736,0.9038891196250916,"[[0.0, 0.0, 0.0]]",Middle,Left
2,0.06666666666666667,1,1472.0269,666.8355,0.9126308560371399,"[[0.0, 0.0, 0.0]]",Middle,Right
2,0.06666666666666667,2,365.14752,665.0863,0.892717719078064,"[[0.0, 0.0, 0.0]]",Middle,Left
3,0.1,1,1471.8005,666.4348,0.9125450849533081,"[[0.0, 0.0, 0.0]]",Middle,Right
3,0.1,2,363.70013,664.9743,0.892622172832489,"[[0.0, 0.0, 0.0]]",Middle,Left
4,0.13333333333333333,1,1469.1846,665.2506,0.9191218018531799,"[[0.0, 0.0, 0.0]]",Middle,Right
4,0.13333333333333333,2,359.70337,664.1963,0.8827290534973145,"[[0.0, 0.0, 0.0]]",Middle,Left
5,0.16666666666666666,1,1463.6982,663.458,0.9113714098930359,"[[0.0, 0.0, 0.0]]",Middle,Right
5,0.16666666666666666,2,352.8,662.526,0.8999417424201965,"[[0.0, 0.0, 0.0]]",Middle,Left
6,0.2,1,1457.9614,661.815,0.9123182892799377,"[[0.0, 0.0, 0.0]]",Middle,Right
6,0.2,2,347.3713,662.68054,0.907969057559967,"[[0.0, 0.0, 0.0]]",Middle,Left
7,0.23333333333333334,1,1451.1921,659.8994,0.906359851360321,"[[0.0, 0.0, 0.0]]",Middle,Right
7,0.23333333333333334,2,343.82214,662.0753,0.9078308939933777,"[[0.0, 0.0, 0.0]]",Middle,Left
8,0.26666666666666666,1,1446.8464,658.56775,0.9093931317329407,"[[0.0, 0.0, 0.0]]",Middle,Right
8,0.26666666666666666,2,340.3207,662.2158,0.9073672294616699,"[[0.0, 0.0, 0.0]]",Middle,Left
9,0.3,1,1445.4629,658.099,0.9093576669692993,"[[0.0, 0.0, 0.0]]",Middle,Right
9,0.3,2,339.27643,662.27734,0.9072797894477844,"[[0.0, 0.0, 0.0]]",Middle,Left
10,0.3333333333333333,1,1442.376,657.6702,0.9071712493896484,"[[0.0, 0.0, 0.0]]",Middle,Right
10,0.3333333333333333,2,336.25928,661.9918,0.9146478772163391,"[[0.0, 0.0, 0.0]]",Middle,Left
11,0.36666666666666664,1,1439.6989,656.88696,0.901711642742157,"[[0.0, 0.0, 0.0]]",Middle,Right
11,0.36666666666666664,2,332.95688,660.19995,0.9056437611579895,"[[0.0, 0.0, 0.0]]",Middle,Left
12,0.4,1,1436.4856,655.96387,0.9063451886177063,"[[0.0, 0.0, 0.0]]",Middle,Right
12,0.4,2,329.88336,656.85394,0.8968103528022766,"[[0.0, 0.0, 0.0]]",Middle,Left
13,0.43333333333333335,1,1433.7506,655.9754,0.9035961627960205,"[[0.0, 0.0, 0.0]]",Middle,Right
13,0.43333333333333335,2,328.6015,650.94666,0.8991386890411377,"[[0.0, 0.0, 0.0]]",Middle,Left
14,0.4666666666666667,1,1430.8518,657.0139,0.9064021706581116,"[[0.0, 0.0, 0.0]]",Middle,Right
14,0.4666666666666667,2,330.61334,647.43353,0.901446521282196,"[[0.0, 0.0, 0.0]]",Middle,Left
15,0.5,1,1429.9061,657.4287,0.9063770174980164,"[[0.0, 0.0, 0.0]]",Middle,Right
15,0.5,2,331.46277,646.24066,0.9015626907348633,"[[0.0, 0.0, 0.0]]",Middle,Left
16,0.5333333333333333,1,1427.303,658.9341,0.9055191278457642,"[[0.0, 0.0, 0.0]]",Middle,Right
16,0.5333333333333333,2,332.19995,644.78186,0.9026464819908142,"[[0.0, 0.0, 0.0]]",Middle,Left
17,0.5666666666666667,1,1424.4563,660.847,0.9088121652603149,"[[0.0, 0.0, 0.0]]",Middle,Right
17,0.5666666666666667,2,333.20447,645.0107,0.8986766934394836,"[[0.0, 0.0, 0.0]]",Middle,Left
18,0.6,1,1419.2428,661.2612,0.9107212424278259,"[[0.0, 0.0, 0.0]]",Middle,Right
18,0.6,2,333.9703,645.1659,0.8914579749107361,"[[0.0, 0.0, 0.0]]",Middle,Left
19,0.6333333333333333,1,1411.4827,662.07446,0.9072986841201782,"[[0.0, 0.0, 0.0]]",Middle,Right
19,0.6333333333333333,2,335.2926,642.6537,0.8897649645805359,"[[0.0, 0.0, 0.0]]",Middle,Left
20,0.6666666666666666,1,1402.7036,663.0405,0.9020187258720398,"[[0.0, 0.0, 0.0]]",Middle,Right
20,0.6666666666666666,2,334.53458,633.1741,0.8800184726715088,"[[0.0, 0.0, 0.0]]",Middle,Left
21,0.7,1,1399.5408,663.4015,0.9021515846252441,"[[0.0, 0.0, 0.0]]",Middle,Right
21,0.7,2,334.25763,629.9993,0.8802866339683533,"[[0.0, 0.0, 0.0]]",Middle,Left
22,0.7333333333333333,1,1391.2144,664.19946,0.8992077112197876,"[[0.0, 0.0, 0.0]]",Middle,Right
22,0.7333333333333333,2,333.19278,622.6387,0.878162682056427,"[[0.0, 0.0, 0.0]]",Middle,Left
23,0.7666666666666667,1,1383.5676,665.7994,0.900007963180542,"[[0.0, 0.0, 0.0]]",Middle,Right
23,0.7666666666666667,2,332.18906,616.6593,0.8878538012504578,"[[0.0, 0.0, 0.0]]",Middle,Left
24,0.8,1,1377.2454,667.37366,0.9064453840255737,"[[0.0, 0.0, 0.0]]",Middle,Right
24,0.8,2,329.23532,613.16724,0.9002439379692078,"[[0.0, 0.0, 0.0]]",Middle,Left
25,0.8333333333333334,1,1371.4172,668.62213,0.9034547209739685,"[[0.0, 0.0, 0.0]]",Middle,Right
25,0.8333333333333334,2,329.72626,611.94495,0.8949598073959351,"[[0.0, 0.0, 0.0]]",Middle,Left
26,0.8666666666666667,1,1365.4343,667.416,0.9046099185943604,"[[0.0, 0.0, 0.0]]",Middle,Right
26,0.8666666666666667,2,329.9623,611.5828,0.8848093748092651,"[[0.0, 0.0, 0.0]]",Middle,Left
27,0.9,1,1363.4075,666.9571,0.9048921465873718,"[[0.0, 0.0, 0.0]]",Middle,Right
27,0.9,2,330.04962,611.5571,0.8854849338531494,"[[0.0, 0.0, 0.0]]",Middle,Left
28,0.9333333333333333,1,1359.5012,665.0995,0.9125433564186096,"[[0.0, 0.0, 0.0]]",Middle,Right
28,0.9333333333333333,2,330.47183,611.30426,0.8805658221244812,"[[0.0, 0.0, 0.0]]",Middle,Left
29,0.9666666666666667,1,1353.9137,664.0566,0.9164223074913025,"[[0.0, 0.0, 0.0]]",Middle,Right
29,0.9666666666666667,2,331.6389,611.63196,0.8844517469406128,"[[0.0, 0.0, 0.0]]",Middle,Left
30,1.0,1,1349.678,663.992,0.9096741080284119,"[[0.0, 0.0, 0.0]]",Middle,Right
30,1.0,2,331.45657,611.5043,0.8829405307769775,"[[0.0, 0.0, 0.0]]",Middle,Left
31,1.0333333333333334,1,1343.9766,663.9644,0.900975227355957,"[[0.0, 0.0, 0.0]]",Middle,Right
31,1.0333333333333334,2,331.73346,611.5325,0.8851190805435181,"[[0.0, 0.0, 0.0]]",Middle,Left
32,1.0666666666666667,1,1339.3638,663.6292,0.9018467664718628,"[[0.0, 0.0, 0.0]]",Middle,Right
32,1.0666666666666667,2,332.18008,611.95667,0.8823601603507996,"[[0.0, 0.0, 0.0]]",Middle,Left
33,1.1,1,1337.839,663.2012,0.9016466736793518,"[[0.0, 0.0, 0.0]]",Middle,Right
33,1.1,2,332.29575,612.18585,0.8822089433670044,"[[0.0, 0.0, 0.0]]",Middle,Left
34,1.1333333333333333,1,1336.1091,663.6715,0.8993822336196899,"[[0.0, 0.0, 0.0]]",Middle,Right
34,1.1333333333333333,2,332.41638,612.6615,0.8807752132415771,"[[0.0, 0.0, 0.0]]",Middle,Left
35,1.1666666666666667,1,1333.9454,664.2059,0.8994343876838684,"[[0.0, 0.0, 0.0]]",Middle,Right
35,1.1666666666666667,2,332.4464,613.52325,0.8848108053207397,"[[0.0, 0.0, 0.0]]",Middle,Left
36,1.2,1,1331.2969,665.0575,0.898926317691803,"[[0.0, 0.0, 0.0]]",Middle,Right
36,1.2,2,332.46713,614.2175,0.8903651237487793,"[[0.0, 0.0, 0.0]]",Middle,Left
37,1.2333333333333334,1,1329.1458,666.0351,0.8885936737060547,"[[0.0, 0.0, 0.0]]",Middle,Right
37,1.2333333333333334,2,332.1432,615.52045,0.8913601040840149,"[[0.0, 0.0, 0.0]]",Middle,Left
38,1.2666666666666666,1,1320.9539,666.40497,0.895492672920227,"[[0.0, 0.0, 0.0]]",Middle,Right
38,1.2666666666666666,2,332.01,615.37683,0.8917310237884521,"[[0.0, 0.0, 0.0]]",Middle,Left
39,1.3,1,1317.3081,666.55304,0.8945144414901733,"[[0.0, 0.0, 0.0]]",Middle,Right
39,1.3,2,331.92523,615.32336,0.8922852873802185,"[[0.0, 0.0, 0.0]]",Middle,Left
40,1.3333333333333333,1,1311.4465,666.2436,0.9008369445800781,"[[0.0, 0.0, 0.0]]",Middle,Right
40,1.3333333333333333,2,331.64093,615.6943,0.8900638818740845,"[[0.0, 0.0, 0.0]]",Middle,Left
41,1.3666666666666667,1,1306.0864,665.14246,0.908018946647644,"[[0.0, 0.0, 0.0]]",Middle,Right
41,1.3666666666666667,2,332.49722,615.8345,0.8920367956161499,"[[0.0, 0.0, 0.0]]",Middle,Left
42,1.4,1,1299.5878,663.73376,0.9034714698791504,"[[0.0, 0.0, 0.0]]",Middle,Right
42,1.4,2,332.5,616.23456,0.8916568756103516,"[[0.0, 0.0, 0.0]]",Middle,Left
43,1.4333333333333333,1,1295.3237,662.86865,0.9103072881698608,"[[0.0, 0.0, 0.0]]",Middle,Right
43,1.4333333333333333,2,332.4954,616.02435,0.8899991512298584,"[[0.0, 0.0, 0.0]]",Middle,Left
44,1.4666666666666666,1,1290.5953,662.226,0.9129533767700195,"[[0.0, 0.0, 0.0]]",Middle,Right
44,1.4666666666666666,2,333.15454,616.306,0.888942301273346,"[[0.0, 0.0, 0.0]]",Middle,Left
45,1.5,1,1288.9573,662.00244,0.9128953218460083,"[[0.0, 0.0, 0.0]]",Middle,Right
45,1.5,2,333.36212,616.37854,0.8884733319282532,"[[0.0, 0.0, 0.0]]",Middle,Left
46,1.5333333333333334,1,1287.5393,661.5906,0.9082807898521423,"[[0.0, 0.0, 0.0]]",Middle,Right
46,1.5333333333333334,2,333.149,616.4522,0.8873195648193359,"[[0.0, 0.0, 0.0]]",Middle,Left
47,1.5666666666666667,1,1286.5021,661.7565,0.9089939594268799,"[[0.0, 0.0, 0.0]]",Middle,Right
47,1.5666666666666667,2,333.09802,616.7926,0.88163822889328,"[[0.0, 0.0, 0.0]]",Middle,Left
48,1.6,1,1285.6082,661.8382,0.9045604467391968,"[[0.0, 0.0, 0.0]]",Middle,Right
48,1.6,2,332.73032,616.58655,0.8848927617073059,"[[0.0, 0.0, 0.0]]",Middle,Left
49,1.6333333333333333,1,1282.7421,662.21375,0.8976844549179077,"[[0.0, 0.0, 0.0]]",Middle,Right
49,1.6333333333333333,2,332.23822,617.48376,0.8892723917961121,"[[0.0, 0.0, 0.0]]",Middle,Left
50,1.6666666666666667,1,1278.1211,662.6918,0.8980780243873596,"[[0.0, 0.0, 0.0]]",Middle,Right
50,1.6666666666666667,2,332.37152,618.7961,0.8936235904693604,"[[0.0, 0.0, 0.0]]",Middle,Left
51,1.7,1,1276.5687,662.88684,0.8983880877494812,"[[0.0, 0.0, 0.0]]",Middle,Right
51,1.7,2,332.4038,619.3159,0.8937184810638428,"[[0.0, 0.0, 0.0]]",Middle,Left
52,1.7333333333333334,1,1273.1183,663.2922,0.8989452123641968,"[[0.0, 0.0, 0.0]]",Middle,Right
52,1.7333333333333334,2,332.76782,621.1787,0.8996044397354126,"[[0.0, 0.0, 0.0]]",Middle,Left
53,1.7666666666666666,1,1269.9287,663.7905,0.8980639576911926,"[[0.0, 0.0, 0.0]]",Middle,Right
53,1.7666666666666666,2,332.5423,623.144,0.8936585783958435,"[[0.0, 0.0, 0.0]]",Middle,Left
54,1.8,1,1266.2009,664.30304,0.8924729228019714,"[[0.0, 0.0, 0.0]]",Middle,Right
54,1.8,2,333.12027,624.19946,0.8947969675064087,"[[0.0, 0.0, 0.0]]",Middle,Left
55,1.8333333333333333,1,1261.9547,664.81854,0.8967363238334656,"[[0.0, 0.0, 0.0]]",Middle,Right
55,1.8333333333333333,2,333.35095,630.57117,0.8943597674369812,"[[0.0, 0.0, 0.0]]",Middle,Left
56,1.8666666666666667,1,1258.5049,665.9811,0.9014350771903992,"[[0.0, 0.0, 0.0]]",Middle,Right
56,1.8666666666666667,2,333.1287,638.6284,0.9007729887962341,"[[0.0, 0.0, 0.0]]",Middle,Left
57,1.9,1,1257.375,665.75885,0.9009039998054504,"[[0.0, 0.0, 0.0]]",Middle,Right
57,1.9,2,333.04108,641.5749,0.9012799263000488,"[[0.0, 0.0, 0.0]]",Middle,Left
58,1.9333333333333333,1,1255.052,665.34314,0.9011957049369812,"[[0.0, 0.0, 0.0]]",Middle,Right
58,1.9333333333333333,2,332.33112,646.24945,0.9006126523017883,"[[0.0, 0.0, 0.0]]",Middle,Left
59,1.9666666666666666,1,1250.9827,666.15424,0.9015877842903137,"[[0.0, 0.0, 0.0]]",Middle,Right
59,1.9666666666666666,2,331.40723,650.2284,0.908336877822876,"[[0.0, 0.0, 0.0]]",Middle,Left
60,2.0,1,1247.5933,666.12256,0.9054955840110779,"[[0.0, 0.0, 0.0]]",Middle,Right
60,2.0,2,329.40308,652.6205,0.9062333703041077,"[[0.0, 0.0, 0.0]]",Middle,Left
61,2.033333333333333,1,1245.1099,665.1091,0.9062275886535645,"[[0.0, 0.0, 0.0]]",Middle,Right
61,2.033333333333333,2,327.3244,653.06476,0.9077935814857483,"[[0.0, 0.0, 0.0]]",Middle,Left
62,2.066666666666667,1,1243.6267,664.7106,0.9045061469078064,"[[0.0, 0.0, 0.0]]",Middle,Right
62,2.066666666666667,2,325.90253,652.77734,0.8986108899116516,"[[0.0, 0.0, 0.0]]",Middle,Left
63,2.1,1,1243.2307,664.5776,0.9045947194099426,"[[0.0, 0.0, 0.0]]",Middle,Right
63,2.1,2,325.40863,652.6124,0.8980948328971863,"[[0.0, 0.0, 0.0]]",Middle,Left
64,2.1333333333333333,1,1241.803,664.5299,0.9006865620613098,"[[0.0, 0.0, 0.0]]",Middle,Right
64,2.1333333333333333,2,324.54456,655.43726,0.8869031667709351,"[[0.0, 0.0, 0.0]]",Middle,Left
65,2.1666666666666665,1,1240.0806,664.18115,0.900294840335846,"[[0.0, 0.0, 0.0]]",Middle,Right
65,2.1666666666666665,2,322.92432,657.4504,0.8919225335121155,"[[0.0, 0.0, 0.0]]",Middle,Left
66,2.2,1,1238.5427,664.0574,0.9018427133560181,"[[0.0, 0.0, 0.0]]",Middle,Right
66,2.2,2,322.01068,657.8191,0.8972289562225342,"[[0.0, 0.0, 0.0]]",Middle,Left
67,2.2333333333333334,1,1237.0564,664.0173,0.8991792798042297,"[[0.0, 0.0, 0.0]]",Middle,Right
67,2.2333333333333334,2,321.03552,658.8935,0.8896998763084412,"[[0.0, 0.0, 0.0]]",Middle,Left
68,2.2666666666666666,1,1236.2189,664.34894,0.9025920033454895,"[[0.0, 0.0, 0.0]]",Middle,Right
68,2.2666666666666666,2,320.35187,654.9918,0.8958873152732849,"[[0.0, 0.0, 0.0]]",Middle,Left
69,2.3,1,1236.0364,664.4403,0.9024358987808228,"[[0.0, 0.0, 0.0]]",Middle,Right
69,2.3,2,320.20825,653.0797,0.8958548307418823,"[[0.0, 0.0, 0.0]]",Middle,Left
70,2.3333333333333335,1,1235.031,664.8456,0.9031677842140198,"[[0.0, 0.0, 0.0]]",Middle,Right
70,2.3333333333333335,2,320.1113,653.0226,0.8914085030555725,"[[0.0, 0.0, 0.0]]",Middle,Left
71,2.3666666666666667,1,1233.7319,666.6601,0.9030719995498657,"[[0.0, 0.0, 0.0]]",Middle,Right
71,2.3666666666666667,2,319.10538,655.5645,0.9000396728515625,"[[0.0, 0.0, 0.0]]",Middle,Left
72,2.4,1,1232.6726,667.98987,0.9024214148521423,"[[0.0, 0.0, 0.0]]",Middle,Right
72,2.4,2,318.782,661.7477,0.9004873633384705,"[[0.0, 0.0, 0.0]]",Middle,Left
73,2.433333333333333,1,1231.6792,670.13513,0.9005857110023499,"[[0.0, 0.0, 0.0]]",Middle,Right
73,2.433333333333333,2,316.70288,667.9879,0.9029669165611267,"[[0.0, 0.0, 0.0]]",Middle,Left
74,2.466666666666667,1,1231.6738,672.2583,0.8992882966995239,"[[0.0, 0.0, 0.0]]",Middle,Right
74,2.466666666666667,2,314.27148,674.2364,0.8960108160972595,"[[0.0, 0.0, 0.0]]",Middle,Left
75,2.5,1,1231.7461,672.9873,0.8992864489555359,"[[0.0, 0.0, 0.0]]",Middle,Right
75,2.5,2,313.46112,676.5134,0.8958649635314941,"[[0.0, 0.0, 0.0]]",Middle,Left
76,2.533333333333333,1,1231.1555,674.2605,0.900942862033844,"[[0.0, 0.0, 0.0]]",Middle,Right
76,2.533333333333333,2,309.84598,679.2929,0.9016299247741699,"[[0.0, 0.0, 0.0]]",Middle,Left
77,2.566666666666667,1,1230.9739,675.6863,0.9048752784729004,"[[0.0, 0.0, 0.0]]",Middle,Right
77,2.566666666666667,2,306.8695,679.891,0.8959086537361145,"[[0.0, 0.0, 0.0]]",Middle,Left
78,2.6,1,1230.6274,677.18225,0.9073396325111389,"[[0.0, 0.0, 0.0]]",Middle,Right
78,2.6,2,302.4535,678.7068,0.8842916488647461,"[[0.0, 0.0, 0.0]]",Middle,Left
79,2.6333333333333333,1,1230.2078,678.376,0.9066175818443298,"[[0.0, 0.0, 0.0]]",Middle,Right
79,2.6333333333333333,2,297.21362,677.8594,0.8981710076332092,"[[0.0, 0.0, 0.0]]",Middle,Left
80,2.6666666666666665,1,1229.0906,679.1216,0.9040911793708801,"[[0.0, 0.0, 0.0]]",Middle,Right
80,2.6666666666666665,2,290.00308,675.80963,0.9047561883926392,"[[0.0, 0.0, 0.0]]",Middle,Left
81,2.7,1,1228.7117,679.3433,0.904048502445221,"[[0.0, 0.0, 0.0]]",Middle,Right
81,2.7,2,287.43808,674.9968,0.904393196105957,"[[0.0, 0.0, 0.0]]",Middle,Left
82,2.7333333333333334,1,1228.918,679.74036,0.9088463187217712,"[[0.0, 0.0, 0.0]]",Middle,Right
82,2.7333333333333334,2,284.21567,674.9634,0.9059239029884338,"[[0.0, 0.0, 0.0]]",Middle,Left
83,2.7666666666666666,1,1228.3876,680.1925,0.9099476337432861,"[[0.0, 0.0, 0.0]]",Middle,Right
83,2.7666666666666666,2,282.7641,677.58386,0.9195755124092102,"[[0.0, 0.0, 0.0]]",Middle,Left
84,2.8,1,1228.2274,680.9965,0.9110180735588074,"[[0.0, 0.0, 0.0]]",Middle,Right
84,2.8,2,281.6345,681.8568,0.9207750558853149,"[[0.0, 0.0, 0.0]]",Middle,Left
85,2.8333333333333335,1,1228.5519,681.93915,0.9078898429870605,"[[0.0, 0.0, 0.0]]",Middle,Right
85,2.8333333333333335,2,280.3272,684.49896,0.9203528761863708,"[[0.0, 0.0, 0.0]]",Middle,Left
86,2.8666666666666667,1,1228.3418,682.2455,0.9098814129829407,"[[0.0, 0.0, 0.0]]",Middle,Right
86,2.8666666666666667,2,278.30945,685.7072,0.9234868288040161,"[[0.0, 0.0, 0.0]]",Middle,Left
87,2.9,1,1228.2651,682.31433,0.9100158214569092,"[[0.0, 0.0, 0.0]]",Middle,Right
87,2.9,2,277.28354,686.3736,0.9233924746513367,"[[0.0, 0.0, 0.0]]",Middle,Left
88,2.933333333333333,1,1228.2849,683.0057,0.9108226299285889,"[[0.0, 0.0, 0.0]]",Middle,Right
88,2.933333333333333,2,275.97995,687.66284,0.9235674738883972,"[[0.0, 0.0, 0.0]]",Middle,Left
89,2.966666666666667,1,1227.6506,682.89856,0.9107935428619385,"[[0.0, 0.0, 0.0]]",Middle,Right
89,2.966666666666667,2,274.60303,688.09125,0.9194081425666809,"[[0.0, 0.0, 0.0]]",Middle,Left
90,3.0,1,1226.7588,682.4853,0.9091078639030457,"[[0.0, 0.0, 0.0]]",Middle,Right
90,3.0,2,273.52463,688.1614,0.9182106256484985,"[[0.0, 0.0, 0.0]]",Middle,Left
91,3.033333333333333,1,1224.7734,682.3003,0.9069437980651855,"[[0.0, 0.0, 0.0]]",Middle,Right
91,3.033333333333333,2,272.8515,688.4094,0.9162956476211548,"[[0.0, 0.0, 0.0]]",Middle,Left
92,3.066666666666667,1,1224.3651,682.5534,0.9074282646179199,"[[0.0, 0.0, 0.0]]",Middle,Right
92,3.066666666666667,2,272.97177,688.13495,0.9167994856834412,"[[0.0, 0.0, 0.0]]",Middle,Left
93,3.1,1,1224.226,682.63367,0.9073901772499084,"[[0.0, 0.0, 0.0]]",Middle,Right
93,3.1,2,273.07318,687.98627,0.9168860912322998,"[[0.0, 0.0, 0.0]]",Middle,Left
94,3.1333333333333333,1,1224.5366,682.98755,0.9085401296615601,"[[0.0, 0.0, 0.0]]",Middle,Right
94,3.1333333333333333,2,273.1767,684.6307,0.9157910943031311,"[[0.0, 0.0, 0.0]]",Middle,Left
95,3.1666666666666665,1,1223.3596,683.1084,0.9074044227600098,"[[0.0, 0.0, 0.0]]",Middle,Right
95,3.1666666666666665,2,273.9267,685.9875,0.9197746515274048,"[[0.0, 0.0, 0.0]]",Middle,Left
96,3.2,1,1222.9363,683.46924,0.9046962857246399,"[[0.0, 0.0, 0.0]]",Middle,Right
96,3.2,2,275.25696,688.4671,0.9215770363807678,"[[0.0, 0.0, 0.0]]",Middle,Left
97,3.2333333333333334,1,1221.4829,683.5957,0.9044058918952942,"[[0.0, 0.0, 0.0]]",Middle,Right
97,3.2333333333333334,2,277.11694,690.70166,0.9210324883460999,"[[0.0, 0.0, 0.0]]",Middle,Left
98,3.2666666666666666,1,1220.6312,683.3051,0.9075235724449158,"[[0.0, 0.0, 0.0]]",Middle,Right
98,3.2666666666666666,2,279.1738,693.5235,0.9200374484062195,"[[0.0, 0.0, 0.0]]",Middle,Left
99,3.3,1,1220.3052,682.84436,0.9070152044296265,"[[0.0, 0.0, 0.0]]",Middle,Right
99,3.3,2,279.964,694.48846,0.9198651313781738,"[[0.0, 0.0, 0.0]]",Middle,Left
100,3.3333333333333335,1,1219.9175,683.3416,0.905144453048706,"[[0.0, 0.0, 0.0]]",Middle,Right
100,3.3333333333333335,2,282.25925,691.97394,0.9178892374038696,"[[0.0, 0.0, 0.0]]",Middle,Left
101,3.3666666666666667,1,1218.8123,682.8758,0.9082897305488586,"[[0.0, 0.0, 0.0]]",Middle,Right
101,3.3666666666666667,2,282.79565,695.97894,0.9153448939323425,"[[0.0, 0.0, 0.0]]",Middle,Left
102,3.4,1,1218.403,682.68286,0.9075895547866821,"[[0.0, 0.0, 0.0]]",Middle,Right
102,3.4,2,283.3121,704.6203,0.9082135558128357,"[[0.0, 0.0, 0.0]]",Middle,Left
103,3.433333333333333,1,1218.2849,682.6074,0.9070661664009094,"[[0.0, 0.0, 0.0]]",Middle,Right
103,3.433333333333333,2,283.18018,714.0936,0.9110071063041687,"[[0.0, 0.0, 0.0]]",Back,Left
104,3.466666666666667,1,1218.2439,682.5758,0.9049497246742249,"[[0.0, 0.0, 0.0]]",Middle,Right
104,3.466666666666667,2,282.11804,722.49225,0.9162872433662415,"[[0.0, 0.0, 0.0]]",Back,Left
105,3.5,1,1218.2114,682.53015,0.9051357507705688,"[[0.0, 0.0, 0.0]]",Middle,Right
105,3.5,2,281.73093,725.16797,0.9162384271621704,"[[0.0, 0.0, 0.0]]",Back,Left
106,3.533333333333333,1,1218.255,682.2036,0.9038591384887695,"[[0.0, 0.0, 0.0]]",Middle,Right
106,3.533333333333333,2,280.58337,730.1201,0.9180132746696472,"[[0.0, 0.0, 0.0]]",Back,Left
107,3.566666666666667,1,1218.2769,682.39215,0.9016334414482117,"[[0.0, 0.0, 0.0]]",Middle,Right
107,3.566666666666667,2,278.19815,732.8348,0.9189680814743042,"[[0.0, 0.0, 0.0]]",Back,Left
108,3.6,1,1218.6057,683.44824,0.9010199904441833,"[[0.0, 0.0, 0.0]]",Middle,Right
108,3.6,2,274.34598,733.3479,0.9194386601448059,"[[0.0, 0.0, 0.0]]",Back,Left
109,3.6333333333333333,1,1218.0864,682.8376,0.8987542986869812,"[[0.0, 0.0, 0.0]]",Middle,Right
109,3.6333333333333333,2,271.9537,734.0593,0.9212555885314941,"[[0.0, 0.0, 0.0]]",Back,Left
110,3.6666666666666665,1,1217.9114,682.92456,0.8968420028686523,"[[0.0, 0.0, 0.0]]",Middle,Right
110,3.6666666666666665,2,270.453,734.55835,0.9236082434654236,"[[0.0, 0.0, 0.0]]",Back,Left
111,3.7,1,1217.8518,682.66016,0.8959993124008179,"[[0.0, 0.0, 0.0]]",Middle,Right
111,3.7,2,269.49268,734.68396,0.9236799478530884,"[[0.0, 0.0, 0.0]]",Back,Left
112,3.7333333333333334,1,1217.8535,683.18274,0.8994016647338867,"[[0.0, 0.0, 0.0]]",Middle,Right
112,3.7333333333333334,2,270.23962,733.629,0.916049599647522,"[[0.0, 0.0, 0.0]]",Back,Left
113,3.7666666666666666,1,1217.8534,683.7114,0.9005792737007141,"[[0.0, 0.0, 0.0]]",Middle,Right
113,3.7666666666666666,2,272.82983,732.7865,0.9166175723075867,"[[0.0, 0.0, 0.0]]",Back,Left
114,3.8,1,1217.8728,683.91437,0.9019381999969482,"[[0.0, 0.0, 0.0]]",Middle,Right
114,3.8,2,279.39926,734.0818,0.9141424298286438,"[[0.0, 0.0, 0.0]]",Back,Left
115,3.8333333333333335,1,1217.907,683.9966,0.9021362662315369,"[[0.0, 0.0, 0.0]]",Middle,Right
115,3.8333333333333335,2,285.5827,733.90466,0.9071381688117981,"[[0.0, 0.0, 0.0]]",Back,Left
116,3.8666666666666667,1,1217.9253,684.0497,0.9021468758583069,"[[0.0, 0.0, 0.0]]",Middle,Right
116,3.8666666666666667,2,293.1142,736.45184,0.9127167463302612,"[[0.0, 0.0, 0.0]]",Back,Left
117,3.9,1,1217.9102,684.06903,0.90261310338974,"[[0.0, 0.0, 0.0]]",Middle,Right
117,3.9,2,295.8459,737.3136,0.9126709699630737,"[[0.0, 0.0, 0.0]]",Back,Left
118,3.933333333333333,1,1218.285,684.0759,0.90159010887146,"[[0.0, 0.0, 0.0]]",Middle,Right
118,3.933333333333333,2,299.19016,740.3125,0.9069138169288635,"[[0.0, 0.0, 0.0]]",Back,Left
119,3.966666666666667,1,1218.7441,683.73303,0.8998309373855591,"[[0.0, 0.0, 0.0]]",Middle,Right
119,3.966666666666667,2,306.66522,744.9539,0.906605064868927,"[[0.0, 0.0, 0.0]]",Back,Left
120,4.0,1,1218.9089,683.926,0.9034465551376343,"[[0.0, 0.0, 0.0]]",Middle,Right
120,4.0,2,314.6938,750.58295,0.9014731645584106,"[[0.0, 0.0, 0.0]]",Back,Left
121,4.033333333333333,1,1218.9629,684.0095,0.9023605585098267,"[[0.0, 0.0, 0.0]]",Middle,Right
121,4.033333333333333,2,320.8933,753.3033,0.90179044008255,"[[0.0, 0.0, 0.0]]",Back,Left
122,4.066666666666666,1,1218.9775,684.03265,0.9031273126602173,"[[0.0, 0.0, 0.0]]",Middle,Right
122,4.066666666666666,2,328.0731,755.5434,0.9063968658447266,"[[0.0, 0.0, 0.0]]",Back,Left
123,4.1,1,1218.98,684.0382,0.9031172394752502,"[[0.0, 0.0, 0.0]]",Middle,Right
123,4.1,2,330.6352,756.6272,0.9066315293312073,"[[0.0, 0.0, 0.0]]",Back,Left
124,4.133333333333334,1,1218.9863,684.36383,0.9023906588554382,"[[0.0, 0.0, 0.0]]",Middle,Right
124,4.133333333333334,2,336.41428,756.62195,0.8990689516067505,"[[0.0, 0.0, 0.0]]",Back,Left
125,4.166666666666667,1,1218.9877,684.48694,0.9044837951660156,"[[0.0, 0.0, 0.0]]",Middle,Right
125,4.166666666666667,2,346.37134,758.1881,0.9013050198554993,"[[0.0, 0.0, 0.0]]",Back,Left
126,4.2,1,1219.3228,684.52075,0.9030894041061401,"[[0.0, 0.0, 0.0]]",Middle,Right
126,4.2,2,353.32385,758.372,0.892034649848938,"[[0.0, 0.0, 0.0]]",Back,Left
127,4.233333333333333,1,1219.1224,684.52795,0.9023077487945557,"[[0.0, 0.0, 0.0]]",Middle,Right
127,4.233333333333333,2,363.36224,759.03723,0.9038501381874084,"[[0.0, 0.0, 0.0]]",Back,Left
128,4.266666666666667,1,1219.381,684.52,0.9029664397239685,"[[0.0, 0.0, 0.0]]",Middle,Right
128,4.266666666666667,2,369.29816,758.8901,0.9075933694839478,"[[0.0, 0.0, 0.0]]",Back,Left
129,4.3,1,1219.4631,684.5369,0.9028822183609009,"[[0.0, 0.0, 0.0]]",Middle,Right
129,4.3,2,371.21747,758.78015,0.9071069955825806,"[[0.0, 0.0, 0.0]]",Back,Left
130,4.333333333333333,1,1219.4978,684.5183,0.9020125865936279,"[[0.0, 0.0, 0.0]]",Middle,Right
130,4.333333333333333,2,376.1125,759.6526,0.9048253893852234,"[[0.0, 0.0, 0.0]]",Back,Left
131,4.366666666666666,1,1219.8359,684.5163,0.8980457782745361,"[[0.0, 0.0, 0.0]]",Middle,Right
131,4.366666666666666,2,382.062,759.9385,0.9009949564933777,"[[0.0, 0.0, 0.0]]",Back,Left
132,4.4,1,1220.2898,684.522,0.9010284543037415,"[[0.0, 0.0, 0.0]]",Middle,Right
132,4.4,2,388.7484,762.97644,0.9031724333763123,"[[0.0, 0.0, 0.0]]",Back,Left
133,4.433333333333334,1,1220.7877,684.8552,0.8985815048217773,"[[0.0, 0.0, 0.0]]",Middle,Right
133,4.433333333333334,2,402.14148,767.69995,0.9106211066246033,"[[0.0, 0.0, 0.0]]",Back,Left
134,4.466666666666667,1,1220.6475,684.9809,0.9002601504325867,"[[0.0, 0.0, 0.0]]",Middle,Right
134,4.466666666666667,2,416.62573,769.4606,0.8906767964363098,"[[0.0, 0.0, 0.0]]",Back,Left
135,4.5,1,1220.5892,685.0287,0.900261402130127,"[[0.0, 0.0, 0.0]]",Middle,Right
135,4.5,2,422.01575,770.0719,0.8903307318687439,"[[0.0, 0.0, 0.0]]",Back,Left
136,4.533333333333333,1,1221.2222,685.0403,0.8995286226272583,"[[0.0, 0.0, 0.0]]",Middle,Right
136,4.533333333333333,2,432.2787,770.56696,0.896006166934967,"[[0.0, 0.0, 0.0]]",Back,Left
137,4.566666666666666,1,1221.4578,685.0443,0.8971513509750366,"[[0.0, 0.0, 0.0]]",Middle,Right
137,4.566666666666666,2,440.84073,770.36487,0.9012148380279541,"[[0.0, 0.0, 0.0]]",Back,Left
138,4.6,1,1221.8695,685.37115,0.8961407542228699,"[[0.0, 0.0, 0.0]]",Middle,Right
138,4.6,2,445.22546,773.54346,0.9125024080276489,"[[0.0, 0.0, 0.0]]",Back,Left
139,4.633333333333334,1,1221.6846,685.49524,0.8992209434509277,"[[0.0, 0.0, 0.0]]",Middle,Right
139,4.633333333333334,2,447.64877,775.6751,0.9202799797058105,"[[0.0, 0.0, 0.0]]",Back,Left
140,4.666666666666667,1,1222.6149,685.20496,0.9019564390182495,"[[0.0, 0.0, 0.0]]",Middle,Right
140,4.666666666666667,2,452.23126,775.10547,0.9075579643249512,"[[0.0, 0.0, 0.0]]",Back,Left
141,4.7,1,1222.9487,685.09125,0.9018959999084473,"[[0.0, 0.0, 0.0]]",Middle,Right
141,4.7,2,453.72443,774.8254,0.9077008366584778,"[[0.0, 0.0, 0.0]]",Back,Left
142,4.733333333333333,1,1223.0759,685.03894,0.9013994336128235,"[[0.0, 0.0, 0.0]]",Middle,Right
142,4.733333333333333,2,465.17508,773.6787,0.9045312404632568,"[[0.0, 0.0, 0.0]]",Back,Left
143,4.766666666666667,1,1223.1155,685.0163,0.9043103456497192,"[[0.0, 0.0, 0.0]]",Middle,Right
143,4.766666666666667,2,472.28766,772.5473,0.9172030687332153,"[[0.0, 0.0, 0.0]]",Back,Left
144,4.8,1,1222.7875,684.6807,0.9047252535820007,"[[0.0, 0.0, 0.0]]",Middle,Right
144,4.8,2,480.68265,773.40686,0.9210876822471619,"[[0.0, 0.0, 0.0]]",Back,Left
145,4.833333333333333,1,1222.9819,684.55383,0.900799036026001,"[[0.0, 0.0, 0.0]]",Middle,Right
145,4.833333333333333,2,491.22638,775.68616,0.9140363335609436,"[[0.0, 0.0, 0.0]]",Back,Left
146,4.866666666666666,1,1222.7168,684.839,0.9039855599403381,"[[0.0, 0.0, 0.0]]",Middle,Right
146,4.866666666666666,2,507.79468,777.51306,0.8540244102478027,"[[0.0, 0.0, 0.0]]",Back,Left
147,4.9,1,1222.9365,684.951,0.9036315679550171,"[[0.0, 0.0, 0.0]]",Middle,Right
147,4.9,2,513.9531,778.16235,0.8528228998184204,"[[0.0, 0.0, 0.0]]",Back,Left
148,4.933333333333334,1,1223.6836,684.9916,0.9013553857803345,"[[0.0, 0.0, 0.0]]",Middle,Right
148,4.933333333333334,2,526.62915,777.0519,0.8768439292907715,"[[0.0, 0.0, 0.0]]",Back,Left
149,4.966666666666667,1,1224.2883,685.0044,0.9024564623832703,"[[0.0, 0.0, 0.0]]",Middle,Right
149,4.966666666666667,2,536.2257,777.5852,0.8830119371414185,"[[0.0, 0.0, 0.0]]",Back,Left
150,5.0,1,1224.5071,684.6808,0.9025920033454895,"[[0.0, 0.0, 0.0]]",Middle,Right
150,5.0,2,545.7731,777.10297,0.8751246333122253,"[[0.0, 0.0, 0.0]]",Back,Left
151,5.033333333333333,1,1224.584,684.5576,0.9033457040786743,"[[0.0, 0.0, 0.0]]",Middle,Right
151,5.033333333333333,2,563.5791,776.2377,0.887196958065033,"[[0.0, 0.0, 0.0]]",Back,Left
152,5.066666666666666,1,1224.6002,684.5132,0.9033604860305786,"[[0.0, 0.0, 0.0]]",Middle,Right
152,5.066666666666666,2,573.6869,775.2263,0.8747445940971375,"[[0.0, 0.0, 0.0]]",Back,Left
153,5.1,1,1224.5956,684.4956,0.9031360745429993,"[[0.0, 0.0, 0.0]]",Middle,Right
153,5.1,2,577.36084,775.1582,0.87453693151474,"[[0.0, 0.0, 0.0]]",Back,Left
154,5.133333333333334,1,1224.9176,684.1605,0.9016119837760925,"[[0.0, 0.0, 0.0]]",Middle,Right
154,5.133333333333334,2,582.85046,776.1164,0.8805718421936035,"[[0.0, 0.0, 0.0]]",Back,Left
155,5.166666666666667,1,1225.6907,684.02783,0.9014153480529785,"[[0.0, 0.0, 0.0]]",Middle,Right
155,5.166666666666667,2,585.3853,776.79205,0.9049590826034546,"[[0.0, 0.0, 0.0]]",Back,Left
156,5.2,1,1226.6365,683.6424,0.9037736058235168,"[[0.0, 0.0, 0.0]]",Middle,Right
156,5.2,2,588.2836,776.03613,0.8895998597145081,"[[0.0, 0.0, 0.0]]",Back,Left
157,5.233333333333333,1,1226.6497,683.4994,0.9072368144989014,"[[0.0, 0.0, 0.0]]",Middle,Right
157,5.233333333333333,2,591.364,775.7406,0.8815127015113831,"[[0.0, 0.0, 0.0]]",Back,Left
158,5.266666666666667,1,1226.9768,683.45624,0.9080983996391296,"[[0.0, 0.0, 0.0]]",Middle,Right
158,5.266666666666667,2,604.9397,775.9579,0.8893067240715027,"[[0.0, 0.0, 0.0]]",Back,Left
159,5.3,1,1227.093,683.4558,0.9079409241676331,"[[0.0, 0.0, 0.0]]",Middle,Right
159,5.3,2,609.6719,776.045,0.8890972137451172,"[[0.0, 0.0, 0.0]]",Back,Left
160,5.333333333333333,1,1227.454,683.1201,0.9088337421417236,"[[0.0, 0.0, 0.0]]",Middle,Right
160,5.333333333333333,2,616.51575,774.7438,0.8811260461807251,"[[0.0, 0.0, 0.0]]",Back,Left
161,5.366666666666666,1,1228.2383,682.9992,0.9062578082084656,"[[0.0, 0.0, 0.0]]",Middle,Right
161,5.366666666666666,2,627.843,767.2999,0.8806658387184143,"[[0.0, 0.0, 0.0]]",Back,Left
162,5.4,1,1229.19,682.963,0.9034134745597839,"[[0.0, 0.0, 0.0]]",Middle,Right
162,5.4,2,641.54553,761.4938,0.8840056657791138,"[[0.0, 0.0, 0.0]]",Back,Left
163,5.433333333333334,1,1229.8613,683.2925,0.9044650197029114,"[[0.0, 0.0, 0.0]]",Middle,Right
163,5.433333333333334,2,655.3915,761.70905,0.8862707018852234,"[[0.0, 0.0, 0.0]]",Back,Left
164,5.466666666666667,1,1229.1055,683.4154,0.9066824316978455,"[[0.0, 0.0, 0.0]]",Middle,Right
164,5.466666666666667,2,666.38916,761.8289,0.8895225524902344,"[[0.0, 0.0, 0.0]]",Back,Left
165,5.5,1,1228.8116,683.4602,0.9066756963729858,"[[0.0, 0.0, 0.0]]",Middle,Right
165,5.5,2,670.02203,761.5885,0.890211284160614,"[[0.0, 0.0, 0.0]]",Back,Left
166,5.533333333333333,1,1228.3608,683.47797,0.9067068696022034,"[[0.0, 0.0, 0.0]]",Middle,Right
166,5.533333333333333,2,677.00635,759.55383,0.8992003798484802,"[[0.0, 0.0, 0.0]]",Back,Left
167,5.566666666666666,1,1227.8492,683.48535,0.9100503921508789,"[[0.0, 0.0, 0.0]]",Middle,Right
167,5.566666666666666,2,689.929,758.4927,0.8929275870323181,"[[0.0, 0.0, 0.0]]",Back,Left
168,5.6,1,1227.9856,683.82837,0.905474066734314,"[[0.0, 0.0, 0.0]]",Middle,Right
168,5.6,2,705.89667,758.4741,0.870385468006134,"[[0.0, 0.0, 0.0]]",Back,Left
169,5.633333333333334,1,1228.3635,683.6214,0.9064318537712097,"[[0.0, 0.0, 0.0]]",Middle,Right
169,5.633333333333334,2,721.6253,757.5115,0.8971900939941406,"[[0.0, 0.0, 0.0]]",Back,Left
170,5.666666666666667,1,1228.165,683.5323,0.9110753536224365,"[[0.0, 0.0, 0.0]]",Middle,Right
170,5.666666666666667,2,728.37463,756.842,0.8958125114440918,"[[0.0, 0.0, 0.0]]",Back,Left
171,5.7,1,1228.0856,683.83734,0.9112834334373474,"[[0.0, 0.0, 0.0]]",Middle,Right
171,5.7,2,730.7084,756.30347,0.8957392573356628,"[[0.0, 0.0, 0.0]]",Back,Left
172,5.733333333333333,1,1228.0593,684.28394,0.9109447598457336,"[[0.0, 0.0, 0.0]]",Middle,Right
172,5.733333333333333,2,733.1547,755.4762,0.9021884799003601,"[[0.0, 0.0, 0.0]]",Back,Left
173,5.766666666666667,1,1228.3813,684.7821,0.9123216867446899,"[[0.0, 0.0, 0.0]]",Middle,Right
173,5.766666666666667,2,735.74396,753.2056,0.9029829502105713,"[[0.0, 0.0, 0.0]]",Back,Left
174,5.8,1,1228.4912,684.96155,0.9134307503700256,"[[0.0, 0.0, 0.0]]",Middle,Right
174,5.8,2,739.30414,749.3989,0.8804444670677185,"[[0.0, 0.0, 0.0]]",Back,Left
175,5.833333333333333,1,1228.5491,685.0187,0.9136037230491638,"[[0.0, 0.0, 0.0]]",Middle,Right
175,5.833333333333333,2,748.8263,744.6979,0.8883271217346191,"[[0.0, 0.0, 0.0]]",Back,Left
176,5.866666666666666,1,1228.8954,685.025,0.9154617190361023,"[[0.0, 0.0, 0.0]]",Middle,Right
176,5.866666666666666,2,758.7208,742.97314,0.8928414583206177,"[[0.0, 0.0, 0.0]]",Back,Left
177,5.9,1,1229.327,684.7169,0.9155598282814026,"[[0.0, 0.0, 0.0]]",Middle,Right
177,5.9,2,762.16675,742.40845,0.8928104639053345,"[[0.0, 0.0, 0.0]]",Back,Left
178,5.933333333333334,1,1229.1736,684.5704,0.91595858335495,"[[0.0, 0.0, 0.0]]",Middle,Right
178,5.933333333333334,2,774.305,741.2442,0.8974857330322266,"[[0.0, 0.0, 0.0]]",Back,Left
179,5.966666666666667,1,1229.1173,684.1679,0.9140403270721436,"[[0.0, 0.0, 0.0]]",Middle,Right
179,5.966666666666667,2,787.22156,740.19226,0.9100643396377563,"[[0.0, 0.0, 0.0]]",Back,Left
180,6.0,1,1229.0732,683.03186,0.9123784303665161,"[[0.0, 0.0, 0.0]]",Middle,Right
180,6.0,2,794.72107,740.51746,0.9007710814476013,"[[0.0, 0.0, 0.0]]",Back,Left
181,6.033333333333333,1,1229.3823,682.6146,0.9108853340148926,"[[0.0, 0.0, 0.0]]",Middle,Right
181,6.033333333333333,2,798.5204,740.04565,0.9007562398910522,"[[0.0, 0.0, 0.0]]",Back,Left
182,6.066666666666666,1,1229.4941,682.1387,0.9125080704689026,"[[0.0, 0.0, 0.0]]",Middle,Right
182,6.066666666666666,2,798.9811,737.60547,0.9104734659194946,"[[0.0, 0.0, 0.0]]",Back,Left
183,6.1,1,1229.5254,681.9968,0.9126851558685303,"[[0.0, 0.0, 0.0]]",Middle,Right
183,6.1,2,799.1555,736.7694,0.9109975695610046,"[[0.0, 0.0, 0.0]]",Back,Left
184,6.133333333333334,1,1229.544,681.92487,0.9119868278503418,"[[0.0, 0.0, 0.0]]",Middle,Right
184,6.133333333333334,2,796.97644,736.8075,0.9137558937072754,"[[0.0, 0.0, 0.0]]",Back,Left
185,6.166666666666667,1,1229.5507,681.9071,0.9100801348686218,"[[0.0, 0.0, 0.0]]",Middle,Right
185,6.166666666666667,2,793.6205,736.54364,0.8996345400810242,"[[0.0, 0.0, 0.0]]",Back,Left
186,6.2,1,1229.5542,681.5824,0.909720778465271,"[[0.0, 0.0, 0.0]]",Middle,Right
186,6.2,2,791.1969,735.50433,0.9049892425537109,"[[0.0, 0.0, 0.0]]",Back,Left
187,6.233333333333333,1,1230.2161,681.46985,0.9125698804855347,"[[0.0, 0.0, 0.0]]",Middle,Right
187,6.233333333333333,2,788.8037,735.4894,0.9004796147346497,"[[0.0, 0.0, 0.0]]",Back,Left
188,6.266666666666667,1,1230.7959,681.1074,0.911741316318512,"[[0.0, 0.0, 0.0]]",Middle,Right
188,6.266666666666667,2,787.1095,735.8591,0.9083166718482971,"[[0.0, 0.0, 0.0]]",Back,Left
189,6.3,1,1230.9805,680.98706,0.9116615056991577,"[[0.0, 0.0, 0.0]]",Middle,Right
189,6.3,2,786.29443,736.02795,0.9085119366645813,"[[0.0, 0.0, 0.0]]",Back,Left
190,6.333333333333333,1,1231.7318,680.2661,0.9127677083015442,"[[0.0, 0.0, 0.0]]",Middle,Right
190,6.333333333333333,2,786.2546,735.1202,0.9102096557617188,"[[0.0, 0.0, 0.0]]",Back,Left
191,6.366666666666666,1,1232.6555,679.3385,0.9106021523475647,"[[0.0, 0.0, 0.0]]",Middle,Right
191,6.366666666666666,2,785.8137,733.4701,0.917550802230835,"[[0.0, 0.0, 0.0]]",Back,Left
192,6.4,1,1233.3274,678.66077,0.9113290309906006,"[[0.0, 0.0, 0.0]]",Middle,Right
192,6.4,2,786.5569,732.86957,0.9143204689025879,"[[0.0, 0.0, 0.0]]",Back,Left
193,6.433333333333334,1,1233.562,678.09796,0.9109934568405151,"[[0.0, 0.0, 0.0]]",Middle,Right
193,6.433333333333334,2,787.75397,732.02466,0.9140508770942688,"[[0.0, 0.0, 0.0]]",Back,Left
194,6.466666666666667,1,1233.9797,677.59216,0.9120869636535645,"[[0.0, 0.0, 0.0]]",Middle,Right
194,6.466666666666667,2,789.7888,730.7755,0.9208061695098877,"[[0.0, 0.0, 0.0]]",Back,Left
195,6.5,1,1234.0981,677.4143,0.9120346307754517,"[[0.0, 0.0, 0.0]]",Middle,Right
195,6.5,2,790.4817,730.31744,0.9207282662391663,"[[0.0, 0.0, 0.0]]",Back,Left
196,6.533333333333333,1,1234.1512,676.6992,0.9103829264640808,"[[0.0, 0.0, 0.0]]",Middle,Right
196,6.533333333333333,2,792.0192,727.2162,0.9158908128738403,"[[0.0, 0.0, 0.0]]",Back,Left
197,6.566666666666666,1,1234.4888,676.4411,0.9078722596168518,"[[0.0, 0.0, 0.0]]",Middle,Right
197,6.566666666666666,2,793.204,723.41223,0.9208921194076538,"[[0.0, 0.0, 0.0]]",Back,Left
198,6.6,1,1234.6038,675.70557,0.90874844789505,"[[0.0, 0.0, 0.0]]",Middle,Right
198,6.6,2,794.5773,719.04205,0.9201129078865051,"[[0.0, 0.0, 0.0]]",Back,Left
199,6.633333333333334,1,1234.6252,675.43665,0.9045944213867188,"[[0.0, 0.0, 0.0]]",Middle,Right
199,6.633333333333334,2,796.0182,714.4603,0.9177657961845398,"[[0.0, 0.0, 0.0]]",Back,Left
200,6.666666666666667,1,1235.2861,675.0217,0.9028964638710022,"[[0.0, 0.0, 0.0]]",Middle,Right
200,6.666666666666667,2,799.4689,712.15485,0.9159258008003235,"[[0.0, 0.0, 0.0]]",Middle,Left
201,6.7,1,1235.514,674.5457,0.902955174446106,"[[0.0, 0.0, 0.0]]",Middle,Right
201,6.7,2,800.70544,711.36,0.9160102009773254,"[[0.0, 0.0, 0.0]]",Middle,Left
202,6.733333333333333,1,1235.9402,674.0506,0.9035177230834961,"[[0.0, 0.0, 0.0]]",Middle,Right
202,6.733333333333333,2,802.7877,714.80383,0.9106478095054626,"[[0.0, 0.0, 0.0]]",Back,Left
203,6.766666666666667,1,1236.4231,674.1997,0.9034910202026367,"[[0.0, 0.0, 0.0]]",Middle,Right
203,6.766666666666667,2,805.1798,710.8229,0.9129509925842285,"[[0.0, 0.0, 0.0]]",Middle,Left
204,6.8,1,1236.5867,673.9536,0.9067617654800415,"[[0.0, 0.0, 0.0]]",Middle,Right
204,6.8,2,805.2979,708.08545,0.9133586287498474,"[[0.0, 0.0, 0.0]]",Middle,Left
205,6.833333333333333,1,1236.6371,673.8866,0.9065839648246765,"[[0.0, 0.0, 0.0]]",Middle,Right
205,6.833333333333333,2,804.563,708.1217,0.9055204391479492,"[[0.0, 0.0, 0.0]]",Middle,Left
206,6.866666666666666,1,1236.6494,673.5396,0.9029280543327332,"[[0.0, 0.0, 0.0]]",Middle,Right
206,6.866666666666666,2,805.2665,707.86597,0.9007611870765686,"[[0.0, 0.0, 0.0]]",Middle,Left
207,6.9,1,1236.6182,673.4039,0.9030297994613647,"[[0.0, 0.0, 0.0]]",Middle,Right
207,6.9,2,805.4362,707.7996,0.900557816028595,"[[0.0, 0.0, 0.0]]",Middle,Left
208,6.933333333333334,1,1236.6133,673.3751,0.90611332654953,"[[0.0, 0.0, 0.0]]",Middle,Right
208,6.933333333333334,2,805.46875,707.8431,0.896822452545166,"[[0.0, 0.0, 0.0]]",Middle,Left
209,6.966666666666667,1,1236.5942,673.3684,0.9068095684051514,"[[0.0, 0.0, 0.0]]",Middle,Right
209,6.966666666666667,2,803.38116,707.5702,0.8968491554260254,"[[0.0, 0.0, 0.0]]",Middle,Left
210,7.0,1,1236.5834,673.379,0.9071623086929321,"[[0.0, 0.0, 0.0]]",Middle,Right
210,7.0,2,802.58325,707.511,0.8924633860588074,"[[0.0, 0.0, 0.0]]",Middle,Left
211,7.033333333333333,1,1236.5686,673.38135,0.9081990718841553,"[[0.0, 0.0, 0.0]]",Middle,Right
211,7.033333333333333,2,801.93964,706.1912,0.8945180773735046,"[[0.0, 0.0, 0.0]]",Middle,Left
212,7.066666666666666,1,1236.5525,673.38086,0.9102263450622559,"[[0.0, 0.0, 0.0]]",Middle,Right
212,7.066666666666666,2,803.06256,705.38605,0.8974277377128601,"[[0.0, 0.0, 0.0]]",Middle,Left
213,7.1,1,1236.5465,673.4013,0.910110354423523,"[[0.0, 0.0, 0.0]]",Middle,Right
213,7.1,2,803.4508,705.13696,0.8973690867424011,"[[0.0, 0.0, 0.0]]",Middle,Left
214,7.133333333333334,1,1236.2161,673.7377,0.9096390008926392,"[[0.0, 0.0, 0.0]]",Middle,Right
214,7.133333333333334,2,802.9071,704.0785,0.8977785110473633,"[[0.0, 0.0, 0.0]]",Middle,Left
215,7.166666666666667,1,1236.0833,673.8626,0.9106811285018921,"[[0.0, 0.0, 0.0]]",Middle,Right
215,7.166666666666667,2,802.3587,702.7117,0.8943963050842285,"[[0.0, 0.0, 0.0]]",Middle,Left
216,7.2,1,1236.0332,674.2451,0.9108461737632751,"[[0.0, 0.0, 0.0]]",Middle,Right
216,7.2,2,801.14526,699.9205,0.8939307928085327,"[[0.0, 0.0, 0.0]]",Middle,Left
217,7.233333333333333,1,1236.0076,674.40186,0.9100831747055054,"[[0.0, 0.0, 0.0]]",Middle,Right
217,7.233333333333333,2,800.68726,697.2597,0.897788405418396,"[[0.0, 0.0, 0.0]]",Middle,Left
218,7.266666666666667,1,1235.993,674.1317,0.9094412922859192,"[[0.0, 0.0, 0.0]]",Middle,Right
218,7.266666666666667,2,799.51807,691.3395,0.9022867679595947,"[[0.0, 0.0, 0.0]]",Middle,Left
219,7.3,1,1235.9987,674.0386,0.9092065691947937,"[[0.0, 0.0, 0.0]]",Middle,Right
219,7.3,2,799.09174,689.51025,0.9021626710891724,"[[0.0, 0.0, 0.0]]",Middle,Left
220,7.333333333333333,1,1235.3147,673.9852,0.9070650935173035,"[[0.0, 0.0, 0.0]]",Middle,Right
220,7.333333333333333,2,797.6018,687.2052,0.9058993458747864,"[[0.0, 0.0, 0.0]]",Middle,Left
221,7.366666666666666,1,1235.0662,674.3114,0.9059933423995972,"[[0.0, 0.0, 0.0]]",Middle,Right
221,7.366666666666666,2,795.41516,687.10144,0.9093891382217407,"[[0.0, 0.0, 0.0]]",Middle,Left
222,7.4,1,1234.645,674.10925,0.907665491104126,"[[0.0, 0.0, 0.0]]",Middle,Right
222,7.4,2,793.94104,685.1425,0.9080802202224731,"[[0.0, 0.0, 0.0]]",Middle,Left
223,7.433333333333334,1,1234.8174,674.0383,0.9088071584701538,"[[0.0, 0.0, 0.0]]",Middle,Right
223,7.433333333333334,2,794.0531,684.4761,0.9074021577835083,"[[0.0, 0.0, 0.0]]",Middle,Left
224,7.466666666666667,1,1234.5637,674.0132,0.905221700668335,"[[0.0, 0.0, 0.0]]",Middle,Right
224,7.466666666666667,2,793.1371,684.62585,0.9022921919822693,"[[0.0, 0.0, 0.0]]",Middle,Left
225,7.5,1,1234.4932,673.99896,0.9050378203392029,"[[0.0, 0.0, 0.0]]",Middle,Right
225,7.5,2,792.8429,684.7445,0.9023273587226868,"[[0.0, 0.0, 0.0]]",Middle,Left
226,7.533333333333333,1,1234.4316,673.6681,0.9026325941085815,"[[0.0, 0.0, 0.0]]",Middle,Right
226,7.533333333333333,2,787.0743,685.82935,0.9051328897476196,"[[0.0, 0.0, 0.0]]",Middle,Left
227,7.566666666666666,1,1233.7648,673.5481,0.9040801525115967,"[[0.0, 0.0, 0.0]]",Middle,Right
227,7.566666666666666,2,778.73645,687.6216,0.8947327733039856,"[[0.0, 0.0, 0.0]]",Middle,Left
228,7.6,1,1232.8557,673.1676,0.9034400582313538,"[[0.0, 0.0, 0.0]]",Middle,Right
228,7.6,2,772.6874,689.65607,0.8978481888771057,"[[0.0, 0.0, 0.0]]",Middle,Left
229,7.633333333333334,1,1232.844,673.0293,0.9049922227859497,"[[0.0, 0.0, 0.0]]",Middle,Right
229,7.633333333333334,2,770.0834,691.0994,0.8862770795822144,"[[0.0, 0.0, 0.0]]",Middle,Left
230,7.666666666666667,1,1232.2019,672.9745,0.9028770327568054,"[[0.0, 0.0, 0.0]]",Middle,Right
230,7.666666666666667,2,768.8556,686.6561,0.9095611572265625,"[[0.0, 0.0, 0.0]]",Middle,Left
231,7.7,1,1231.9973,672.9576,0.9022694230079651,"[[0.0, 0.0, 0.0]]",Middle,Right
231,7.7,2,768.50635,685.35425,0.9073578715324402,"[[0.0, 0.0, 0.0]]",Middle,Left
232,7.733333333333333,1,1231.8926,673.2927,0.902313768863678,"[[0.0, 0.0, 0.0]]",Middle,Right
232,7.733333333333333,2,767.105,684.8776,0.9148179292678833,"[[0.0, 0.0, 0.0]]",Middle,Left
233,7.766666666666667,1,1232.2168,673.4249,0.9020208120346069,"[[0.0, 0.0, 0.0]]",Middle,Right
233,7.766666666666667,2,763.3834,684.07477,0.9142290949821472,"[[0.0, 0.0, 0.0]]",Middle,Left
234,7.8,1,1232.0182,673.48364,0.9020213484764099,"[[0.0, 0.0, 0.0]]",Middle,Right
234,7.8,2,758.4398,682.4824,0.9154809713363647,"[[0.0, 0.0, 0.0]]",Middle,Left
235,7.833333333333333,1,1231.6288,673.8253,0.9039462208747864,"[[0.0, 0.0, 0.0]]",Middle,Right
235,7.833333333333333,2,751.4306,680.91046,0.9160961508750916,"[[0.0, 0.0, 0.0]]",Middle,Left
236,7.866666666666666,1,1231.8147,674.2866,0.900942862033844,"[[0.0, 0.0, 0.0]]",Middle,Right
236,7.866666666666666,2,738.6579,678.3585,0.9240009188652039,"[[0.0, 0.0, 0.0]]",Middle,Left
237,7.9,1,1231.8975,674.4468,0.9009342789649963,"[[0.0, 0.0, 0.0]]",Middle,Right
237,7.9,2,733.9103,677.4297,0.923957347869873,"[[0.0, 0.0, 0.0]]",Middle,Left
238,7.933333333333334,1,1231.5911,674.51776,0.9013845324516296,"[[0.0, 0.0, 0.0]]",Middle,Right
238,7.933333333333334,2,727.61725,676.79926,0.9193534851074219,"[[0.0, 0.0, 0.0]]",Middle,Left
239,7.966666666666667,1,1231.4788,675.18884,0.9014896154403687,"[[0.0, 0.0, 0.0]]",Middle,Right
239,7.966666666666667,2,721.09564,675.9282,0.9217853546142578,"[[0.0, 0.0, 0.0]]",Middle,Left
240,8.0,1,1231.1047,675.4448,0.9088039994239807,"[[0.0, 0.0, 0.0]]",Middle,Right
240,8.0,2,713.1681,675.3118,0.9112485647201538,"[[0.0, 0.0, 0.0]]",Middle,Left
241,8.033333333333333,1,1230.9749,675.532,0.9074373841285706,"[[0.0, 0.0, 0.0]]",Middle,Right
241,8.033333333333333,2,703.6781,675.4503,0.9124669432640076,"[[0.0, 0.0, 0.0]]",Middle,Left
242,8.066666666666666,1,1231.5837,675.572,0.9065804481506348,"[[0.0, 0.0, 0.0]]",Middle,Right
242,8.066666666666666,2,698.71277,675.8747,0.9149107336997986,"[[0.0, 0.0, 0.0]]",Middle,Left
243,8.1,1,1231.846,675.5652,0.9064671397209167,"[[0.0, 0.0, 0.0]]",Middle,Right
243,8.1,2,697.1387,676.0565,0.9149425029754639,"[[0.0, 0.0, 0.0]]",Middle,Left
244,8.133333333333333,1,1232.9291,675.568,0.9062333703041077,"[[0.0, 0.0, 0.0]]",Middle,Right
244,8.133333333333333,2,692.3839,676.4895,0.9118771553039551,"[[0.0, 0.0, 0.0]]",Middle,Left
245,8.166666666666666,1,1233.6838,674.5753,0.9049131274223328,"[[0.0, 0.0, 0.0]]",Middle,Right
245,8.166666666666666,2,686.4818,677.01355,0.910157322883606,"[[0.0, 0.0, 0.0]]",Middle,Left
246,8.2,1,1233.9707,673.5309,0.9045533537864685,"[[0.0, 0.0, 0.0]]",Middle,Right
246,8.2,2,678.12573,676.56213,0.922335147857666,"[[0.0, 0.0, 0.0]]",Middle,Left
247,8.233333333333333,1,1234.7036,672.15814,0.9056143760681152,"[[0.0, 0.0, 0.0]]",Middle,Right
247,8.233333333333333,2,669.85876,677.05505,0.9081927537918091,"[[0.0, 0.0, 0.0]]",Middle,Left
248,8.266666666666667,1,1236.3088,672.6194,0.912445604801178,"[[0.0, 0.0, 0.0]]",Middle,Right
248,8.266666666666667,2,663.0124,676.59656,0.9084333777427673,"[[0.0, 0.0, 0.0]]",Middle,Left
249,8.3,1,1236.9077,672.79755,0.9125464558601379,"[[0.0, 0.0, 0.0]]",Middle,Right
249,8.3,2,660.75964,676.75995,0.9082581996917725,"[[0.0, 0.0, 0.0]]",Middle,Left
250,8.333333333333334,1,1238.1084,672.22015,0.9107791185379028,"[[0.0, 0.0, 0.0]]",Middle,Right
250,8.333333333333334,2,654.42847,677.49615,0.9004762768745422,"[[0.0, 0.0, 0.0]]",Middle,Left
251,8.366666666666667,1,1242.5035,669.0627,0.9049112796783447,"[[0.0, 0.0, 0.0]]",Middle,Right
251,8.366666666666667,2,648.93854,676.1219,0.9049370288848877,"[[0.0, 0.0, 0.0]]",Middle,Left
252,8.4,1,1248.096,666.55005,0.9045745134353638,"[[0.0, 0.0, 0.0]]",Middle,Right
252,8.4,2,644.1272,673.2899,0.9035965204238892,"[[0.0, 0.0, 0.0]]",Middle,Left
253,8.433333333333334,1,1254.0967,666.60535,0.9056296944618225,"[[0.0, 0.0, 0.0]]",Middle,Right
253,8.433333333333334,2,639.55566,671.24445,0.9078771471977234,"[[0.0, 0.0, 0.0]]",Middle,Left
254,8.466666666666667,1,1259.2529,665.67053,0.9082756638526917,"[[0.0, 0.0, 0.0]]",Middle,Right
254,8.466666666666667,2,634.38416,671.4995,0.9046418070793152,"[[0.0, 0.0, 0.0]]",Middle,Left
255,8.5,1,1261.1956,665.3254,0.9080948829650879,"[[0.0, 0.0, 0.0]]",Middle,Right
255,8.5,2,632.76,671.6212,0.9044987559318542,"[[0.0, 0.0, 0.0]]",Middle,Left
256,8.533333333333333,1,1264.8107,665.57086,0.909364640712738,"[[0.0, 0.0, 0.0]]",Middle,Right
256,8.533333333333333,2,629.3,672.37305,0.9032989144325256,"[[0.0, 0.0, 0.0]]",Middle,Left
257,8.566666666666666,1,1268.7437,666.01605,0.9146573543548584,"[[0.0, 0.0, 0.0]]",Middle,Right
257,8.566666666666666,2,619.1686,672.68787,0.9022182822227478,"[[0.0, 0.0, 0.0]]",Middle,Left
258,8.6,1,1271.7966,666.19727,0.9153859615325928,"[[0.0, 0.0, 0.0]]",Middle,Right
258,8.6,2,608.4788,675.12933,0.9042500257492065,"[[0.0, 0.0, 0.0]]",Middle,Left
259,8.633333333333333,1,1274.1501,664.6395,0.9068446755409241,"[[0.0, 0.0, 0.0]]",Middle,Right
259,8.633333333333333,2,601.2372,678.0341,0.9036858677864075,"[[0.0, 0.0, 0.0]]",Middle,Left
260,8.666666666666666,1,1277.252,663.3976,0.9032809734344482,"[[0.0, 0.0, 0.0]]",Middle,Right
260,8.666666666666666,2,596.9963,679.4478,0.9074191451072693,"[[0.0, 0.0, 0.0]]",Middle,Left
261,8.7,1,1278.2695,662.9274,0.9035443663597107,"[[0.0, 0.0, 0.0]]",Middle,Right
261,8.7,2,595.60944,679.9476,0.9075819253921509,"[[0.0, 0.0, 0.0]]",Middle,Left
262,8.733333333333333,1,1279.5704,661.7968,0.8944802284240723,"[[0.0, 0.0, 0.0]]",Middle,Right
262,8.733333333333333,2,594.2892,679.47394,0.9017975926399231,"[[0.0, 0.0, 0.0]]",Middle,Left
263,8.766666666666667,1,1281.2886,660.7272,0.8949107527732849,"[[0.0, 0.0, 0.0]]",Middle,Right
263,8.766666666666667,2,592.3617,679.603,0.9041220545768738,"[[0.0, 0.0, 0.0]]",Middle,Left
264,8.8,1,1282.8344,660.02234,0.8961514830589294,"[[0.0, 0.0, 0.0]]",Middle,Right
264,8.8,2,589.8334,679.31824,0.9047313928604126,"[[0.0, 0.0, 0.0]]",Middle,Left
265,8.833333333333334,1,1283.3138,658.796,0.8903651237487793,"[[0.0, 0.0, 0.0]]",Middle,Right
265,8.833333333333334,2,587.7227,678.8711,0.9064842462539673,"[[0.0, 0.0, 0.0]]",Middle,Left
266,8.866666666666667,1,1283.4111,658.01587,0.8967818021774292,"[[0.0, 0.0, 0.0]]",Middle,Right
266,8.866666666666667,2,586.41296,679.0154,0.9094894528388977,"[[0.0, 0.0, 0.0]]",Middle,Left
267,8.9,1,1283.3691,657.4132,0.8967796564102173,"[[0.0, 0.0, 0.0]]",Middle,Right
267,8.9,2,586.10455,679.05115,0.9095199704170227,"[[0.0, 0.0, 0.0]]",Middle,Left
268,8.933333333333334,1,1284.2883,655.8993,0.9020365476608276,"[[0.0, 0.0, 0.0]]",Middle,Right
268,8.933333333333334,2,585.4352,678.0754,0.9134793877601624,"[[0.0, 0.0, 0.0]]",Middle,Left
269,8.966666666666667,1,1285.9138,655.0193,0.9049637913703918,"[[0.0, 0.0, 0.0]]",Middle,Right
269,8.966666666666667,2,587.27246,676.05914,0.9136883020401001,"[[0.0, 0.0, 0.0]]",Middle,Left
270,9.0,1,1289.815,654.0569,0.9062920212745667,"[[0.0, 0.0, 0.0]]",Middle,Right
270,9.0,2,589.706,674.6519,0.9141288995742798,"[[0.0, 0.0, 0.0]]",Middle,Left
271,9.033333333333333,1,1292.5615,652.7442,0.9106331467628479,"[[0.0, 0.0, 0.0]]",Middle,Right
271,9.033333333333333,2,591.0657,673.8098,0.9157949686050415,"[[0.0, 0.0, 0.0]]",Middle,Left
272,9.066666666666666,1,1294.5232,651.28784,0.9026128649711609,"[[0.0, 0.0, 0.0]]",Middle,Right
272,9.066666666666666,2,591.0508,672.1811,0.9154899716377258,"[[0.0, 0.0, 0.0]]",Middle,Left
273,9.1,1,1295.113,650.77,0.9024280309677124,"[[0.0, 0.0, 0.0]]",Middle,Right
273,9.1,2,591.083,671.53973,0.9154336452484131,"[[0.0, 0.0, 0.0]]",Middle,Left
274,9.133333333333333,1,1297.3047,649.6132,0.9044755101203918,"[[0.0, 0.0, 0.0]]",Middle,Right
274,9.133333333333333,2,591.52045,671.3349,0.9132327437400818,"[[0.0, 0.0, 0.0]]",Middle,Left
275,9.166666666666666,1,1300.709,648.8848,0.9055613875389099,"[[0.0, 0.0, 0.0]]",Middle,Right
275,9.166666666666666,2,592.0708,671.2818,0.9102757573127747,"[[0.0, 0.0, 0.0]]",Middle,Left
276,9.2,1,1303.9031,648.30945,0.9084402322769165,"[[0.0, 0.0, 0.0]]",Middle,Right
276,9.2,2,593.32886,670.94476,0.9081611037254333,"[[0.0, 0.0, 0.0]]",Middle,Left
277,9.233333333333333,1,1306.3517,647.13293,0.912400484085083,"[[0.0, 0.0, 0.0]]",Middle,Right
277,9.233333333333333,2,594.5274,670.5005,0.9069381356239319,"[[0.0, 0.0, 0.0]]",Middle,Left
278,9.266666666666667,1,1307.5247,646.0472,0.9129917025566101,"[[0.0, 0.0, 0.0]]",Middle,Right
278,9.266666666666667,2,597.01526,670.33417,0.9032818675041199,"[[0.0, 0.0, 0.0]]",Middle,Left
279,9.3,1,1307.8376,645.7042,0.912835955619812,"[[0.0, 0.0, 0.0]]",Middle,Right
279,9.3,2,597.8883,670.2917,0.903299868106842,"[[0.0, 0.0, 0.0]]",Middle,Left
280,9.333333333333334,1,1307.9226,645.2456,0.9106549024581909,"[[0.0, 0.0, 0.0]]",Middle,Right
280,9.333333333333334,2,598.62976,670.28265,0.9025412201881409,"[[0.0, 0.0, 0.0]]",Middle,Left
281,9.366666666666667,1,1308.2283,645.108,0.9116426110267639,"[[0.0, 0.0, 0.0]]",Middle,Right
281,9.366666666666667,2,599.5814,670.2994,0.9031893014907837,"[[0.0, 0.0, 0.0]]",Middle,Left
282,9.4,1,1308.2678,645.09326,0.910877525806427,"[[0.0, 0.0, 0.0]]",Middle,Right
282,9.4,2,600.2551,670.3188,0.9034908413887024,"[[0.0, 0.0, 0.0]]",Middle,Left
283,9.433333333333334,1,1308.2139,645.11774,0.9098445177078247,"[[0.0, 0.0, 0.0]]",Middle,Right
283,9.433333333333334,2,600.8303,670.6686,0.9031004905700684,"[[0.0, 0.0, 0.0]]",Middle,Left
284,9.466666666666667,1,1307.1381,645.16016,0.9109938144683838,"[[0.0, 0.0, 0.0]]",Middle,Right
284,9.466666666666667,2,601.68823,670.4787,0.9040850400924683,"[[0.0, 0.0, 0.0]]",Middle,Left
285,9.5,1,1306.6691,645.21875,0.9109055995941162,"[[0.0, 0.0, 0.0]]",Middle,Right
285,9.5,2,601.9415,670.42487,0.9039837718009949,"[[0.0, 0.0, 0.0]]",Middle,Left
286,9.533333333333333,1,1305.121,645.89294,0.9090543389320374,"[[0.0, 0.0, 0.0]]",Middle,Right
286,9.533333333333333,2,602.41174,670.3862,0.9066659808158875,"[[0.0, 0.0, 0.0]]",Middle,Left
287,9.566666666666666,1,1302.8237,646.5005,0.9052114486694336,"[[0.0, 0.0, 0.0]]",Middle,Right
287,9.566666666666666,2,603.229,670.37756,0.9111807346343994,"[[0.0, 0.0, 0.0]]",Middle,Left
288,9.6,1,1299.967,646.7395,0.9106522798538208,"[[0.0, 0.0, 0.0]]",Middle,Right
288,9.6,2,604.18665,670.39185,0.9124947190284729,"[[0.0, 0.0, 0.0]]",Middle,Left
289,9.633333333333333,1,1295.8705,647.8274,0.8913396596908569,"[[0.0, 0.0, 0.0]]",Middle,Right
289,9.633333333333333,2,604.86755,670.0707,0.9140244126319885,"[[0.0, 0.0, 0.0]]",Middle,Left
290,9.666666666666666,1,1290.9916,647.5804,0.8950433135032654,"[[0.0, 0.0, 0.0]]",Middle,Right
290,9.666666666666666,2,606.0836,669.9391,0.9146382212638855,"[[0.0, 0.0, 0.0]]",Middle,Left
291,9.7,1,1288.9456,647.52344,0.8947616815567017,"[[0.0, 0.0, 0.0]]",Middle,Right
291,9.7,2,606.49817,669.9412,0.9147709608078003,"[[0.0, 0.0, 0.0]]",Middle,Left
292,9.733333333333333,1,1284.5828,647.8147,0.8881850242614746,"[[0.0, 0.0, 0.0]]",Middle,Right
292,9.733333333333333,2,606.67676,670.5959,0.9141966104507446,"[[0.0, 0.0, 0.0]]",Middle,Left
293,9.766666666666667,1,1277.4769,649.2517,0.9033265113830566,"[[0.0, 0.0, 0.0]]",Middle,Right
293,9.766666666666667,2,607.0487,670.84863,0.915529727935791,"[[0.0, 0.0, 0.0]]",Middle,Left
294,9.8,1,1267.1499,651.1221,0.8969659209251404,"[[0.0, 0.0, 0.0]]",Middle,Right
294,9.8,2,607.16437,671.60376,0.914063572883606,"[[0.0, 0.0, 0.0]]",Middle,Left
295,9.833333333333334,1,1257.807,651.15894,0.9211136698722839,"[[0.0, 0.0, 0.0]]",Middle,Right
295,9.833333333333334,2,607.188,671.5663,0.9117261171340942,"[[0.0, 0.0, 0.0]]",Middle,Left
296,9.866666666666667,1,1251.5972,652.15906,0.9138526320457458,"[[0.0, 0.0, 0.0]]",Middle,Right
296,9.866666666666667,2,606.8362,671.53937,0.9104312658309937,"[[0.0, 0.0, 0.0]]",Middle,Left
297,9.9,1,1249.1992,652.5257,0.9138858914375305,"[[0.0, 0.0, 0.0]]",Middle,Right
297,9.9,2,606.69226,671.5407,0.910323441028595,"[[0.0, 0.0, 0.0]]",Middle,Left
298,9.933333333333334,1,1235.0398,651.97534,0.9090375900268555,"[[0.0, 0.0, 0.0]]",Middle,Right
298,9.933333333333334,2,606.29553,671.192,0.9107012748718262,"[[0.0, 0.0, 0.0]]",Middle,Left
299,9.966666666666667,1,1223.754,651.4293,0.9255519509315491,"[[0.0, 0.0, 0.0]]",Middle,Right
299,9.966666666666667,2,605.8008,671.39246,0.9076898097991943,"[[0.0, 0.0, 0.0]]",Middle,Left
300,10.0,1,1215.826,650.5569,0.916874349117279,"[[0.0, 0.0, 0.0]]",Middle,Right
300,10.0,2,603.943,671.1426,0.9061307907104492,"[[0.0, 0.0, 0.0]]",Middle,Left
301,10.033333333333333,1,1209.6118,650.8894,0.9199216365814209,"[[0.0, 0.0, 0.0]]",Middle,Right
301,10.033333333333333,2,598.9238,670.7214,0.9086616635322571,"[[0.0, 0.0, 0.0]]",Middle,Left
302,10.066666666666666,1,1202.8567,651.34393,0.9161293506622314,"[[0.0, 0.0, 0.0]]",Middle,Right
302,10.066666666666666,2,593.1142,670.566,0.9022311568260193,"[[0.0, 0.0, 0.0]]",Middle,Left
303,10.1,1,1200.3665,651.49744,0.9160862565040588,"[[0.0, 0.0, 0.0]]",Middle,Right
303,10.1,2,590.66437,670.5097,0.9020795226097107,"[[0.0, 0.0, 0.0]]",Middle,Left
304,10.133333333333333,1,1196.6484,664.4896,0.885032594203949,"[[0.0, 0.0, 0.0]]",Middle,Right
304,10.133333333333333,2,586.1115,670.1654,0.8981273174285889,"[[0.0, 0.0, 0.0]]",Middle,Left
305,10.166666666666666,1,1191.531,659.91125,0.911394476890564,"[[0.0, 0.0, 0.0]]",Middle,Right
305,10.166666666666666,2,583.79175,670.693,0.8973690867424011,"[[0.0, 0.0, 0.0]]",Middle,Left
306,10.2,1,1177.7153,662.5939,0.9143885374069214,"[[0.0, 0.0, 0.0]]",Middle,Right
306,10.2,2,583.9253,670.9076,0.8970950245857239,"[[0.0, 0.0, 0.0]]",Middle,Left
307,10.233333333333333,1,1155.4532,662.89856,0.9276002049446106,"[[0.0, 0.0, 0.0]]",Middle,Right
307,10.233333333333333,2,583.0783,672.30005,0.9036663174629211,"[[0.0, 0.0, 0.0]]",Middle,Left
308,10.266666666666667,1,1143.2382,660.64307,0.9150447845458984,"[[0.0, 0.0, 0.0]]",Middle,Right
308,10.266666666666667,2,581.4938,672.82306,0.9029542803764343,"[[0.0, 0.0, 0.0]]",Middle,Left
309,10.3,1,1138.7408,659.74805,0.9149770140647888,"[[0.0, 0.0, 0.0]]",Middle,Right
309,10.3,2,580.9949,673.00836,0.9031488299369812,"[[0.0, 0.0, 0.0]]",Middle,Left
310,10.333333333333334,1,1141.8464,658.08417,0.9022198915481567,"[[0.0, 0.0, 0.0]]",Middle,Right
310,10.333333333333334,2,580.1522,673.4063,0.9027434587478638,"[[0.0, 0.0, 0.0]]",Middle,Left
311,10.366666666666667,1,1137.4879,654.4719,0.9138474464416504,"[[0.0, 0.0, 0.0]]",Middle,Right
311,10.366666666666667,2,580.1963,674.5307,0.8904998898506165,"[[0.0, 0.0, 0.0]]",Middle,Left
312,10.4,1,1128.2844,649.7781,0.9089171290397644,"[[0.0, 0.0, 0.0]]",Middle,Right
312,10.4,2,579.97815,675.6157,0.8882408738136292,"[[0.0, 0.0, 0.0]]",Middle,Left
313,10.433333333333334,1,1116.28,645.0563,0.9132110476493835,"[[0.0, 0.0, 0.0]]",Middle,Right
313,10.433333333333334,2,578.29016,675.6718,0.9041670560836792,"[[0.0, 0.0, 0.0]]",Middle,Left
314,10.466666666666667,1,1100.47,640.68884,0.8928747177124023,"[[0.0, 0.0, 0.0]]",Middle,Right
314,10.466666666666667,2,575.0502,676.6789,0.8934882283210754,"[[0.0, 0.0, 0.0]]",Middle,Left
315,10.5,1,1096.2548,639.05273,0.8928056359291077,"[[0.0, 0.0, 0.0]]",Middle,Right
315,10.5,2,573.9125,677.03955,0.8935073614120483,"[[0.0, 0.0, 0.0]]",Middle,Left
316,10.533333333333333,1,1095.181,639.1417,0.7413471937179565,"[[0.0, 0.0, 0.0]]",Middle,Right
316,10.533333333333333,2,567.1985,676.48987,0.8986069560050964,"[[0.0, 0.0, 0.0]]",Middle,Left
317,10.566666666666666,1,1095.6256,638.5899,0.8822014331817627,"[[0.0, 0.0, 0.0]]",Middle,Right
317,10.566666666666666,2,555.8208,676.28864,0.9093868136405945,"[[0.0, 0.0, 0.0]]",Middle,Left
318,10.6,1,1092.28,638.7495,0.8939267992973328,"[[0.0, 0.0, 0.0]]",Middle,Right
318,10.6,2,541.6476,676.85175,0.8995760679244995,"[[0.0, 0.0, 0.0]]",Middle,Left
319,10.633333333333333,1,1089.6024,638.2077,0.8826308846473694,"[[0.0, 0.0, 0.0]]",Middle,Right
319,10.633333333333333,2,525.029,677.39233,0.8988730907440186,"[[0.0, 0.0, 0.0]]",Middle,Left
320,10.666666666666666,1,1052.523,638.37354,0.7607966661453247,"[[0.0, 0.0, 0.0]]",Middle,Right
320,10.666666666666666,2,512.9548,678.57245,0.8952161073684692,"[[0.0, 0.0, 0.0]]",Middle,Left
321,10.7,1,1037.7146,638.4493,0.7530072927474976,"[[0.0, 0.0, 0.0]]",Middle,Right
321,10.7,2,508.88806,678.99603,0.8952259421348572,"[[0.0, 0.0, 0.0]]",Middle,Left
322,10.733333333333333,1,1027.0498,640.1763,0.9136661291122437,"[[0.0, 0.0, 0.0]]",Middle,Right
322,10.733333333333333,2,502.53998,680.46936,0.9025492072105408,"[[0.0, 0.0, 0.0]]",Middle,Left
323,10.766666666666667,1,1012.12915,639.8722,0.9119279384613037,"[[0.0, 0.0, 0.0]]",Middle,Right
323,10.766666666666667,2,496.4155,681.65955,0.9041846394538879,"[[0.0, 0.0, 0.0]]",Middle,Left
324,10.8,1,997.9679,641.7473,0.9275540709495544,"[[0.0, 0.0, 0.0]]",Middle,Right
324,10.8,2,490.07056,682.7458,0.898553192615509,"[[0.0, 0.0, 0.0]]",Middle,Left
325,10.833333333333334,1,982.77637,643.7984,0.9184434413909912,"[[0.0, 0.0, 0.0]]",Middle,Right
325,10.833333333333334,2,485.252,683.4614,0.9034225344657898,"[[0.0, 0.0, 0.0]]",Middle,Left
326,10.866666666666667,1,975.1705,646.8993,0.9202203154563904,"[[0.0, 0.0, 0.0]]",Middle,Right
326,10.866666666666667,2,480.99063,683.716,0.9135741591453552,"[[0.0, 0.0, 0.0]]",Middle,Left
327,10.9,1,972.3985,647.71796,0.9202079176902771,"[[0.0, 0.0, 0.0]]",Middle,Right
327,10.9,2,479.67365,683.77985,0.9131888151168823,"[[0.0, 0.0, 0.0]]",Middle,Left
328,10.933333333333334,1,968.3782,648.37646,0.9253990054130554,"[[0.0, 0.0, 0.0]]",Middle,Right
328,10.933333333333334,2,477.02658,686.12775,0.9092451930046082,"[[0.0, 0.0, 0.0]]",Middle,Left
329,10.966666666666667,1,962.9789,648.90063,0.9251453280448914,"[[0.0, 0.0, 0.0]]",Middle,Right
329,10.966666666666667,2,475.59808,689.59796,0.9156043529510498,"[[0.0, 0.0, 0.0]]",Middle,Left
330,11.0,1,956.3545,648.45013,0.9238961338996887,"[[0.0, 0.0, 0.0]]",Middle,Left
330,11.0,2,477.2146,693.2434,0.9132059812545776,"[[0.0, 0.0, 0.0]]",Middle,Left
331,11.033333333333333,1,943.57104,647.26855,0.9216856956481934,"[[0.0, 0.0, 0.0]]",Middle,Left
331,11.033333333333333,2,483.3457,698.5554,0.9109917879104614,"[[0.0, 0.0, 0.0]]",Middle,Left
332,11.066666666666666,1,929.4458,644.1942,0.9197161793708801,"[[0.0, 0.0, 0.0]]",Middle,Left
332,11.066666666666666,2,486.55682,702.4888,0.9099323153495789,"[[0.0, 0.0, 0.0]]",Middle,Left
333,11.1,1,924.68494,642.9999,0.9195157289505005,"[[0.0, 0.0, 0.0]]",Middle,Left
333,11.1,2,487.84094,703.8482,0.9096911549568176,"[[0.0, 0.0, 0.0]]",Middle,Left
334,11.133333333333333,1,914.1962,640.2648,0.9155398011207581,"[[0.0, 0.0, 0.0]]",Middle,Left
334,11.133333333333333,2,488.38495,709.6327,0.9109033346176147,"[[0.0, 0.0, 0.0]]",Middle,Left
335,11.166666666666666,1,901.541,637.94104,0.905729353427887,"[[0.0, 0.0, 0.0]]",Middle,Left
335,11.166666666666666,2,489.6231,716.08386,0.9106885194778442,"[[0.0, 0.0, 0.0]]",Back,Left
336,11.2,1,891.2345,637.05365,0.9021960496902466,"[[0.0, 0.0, 0.0]]",Middle,Left
336,11.2,2,484.8999,723.7344,0.910161018371582,"[[0.0, 0.0, 0.0]]",Back,Left
337,11.233333333333333,1,885.0531,636.7452,0.8997280597686768,"[[0.0, 0.0, 0.0]]",Middle,Left
337,11.233333333333333,2,471.3954,729.79175,0.8994595408439636,"[[0.0, 0.0, 0.0]]",Back,Left
338,11.266666666666667,1,877.7591,637.9773,0.8992844223976135,"[[0.0, 0.0, 0.0]]",Middle,Left
338,11.266666666666667,2,474.3864,733.5494,0.9007982611656189,"[[0.0, 0.0, 0.0]]",Back,Left
339,11.3,1,875.14624,638.4594,0.8993746638298035,"[[0.0, 0.0, 0.0]]",Middle,Left
339,11.3,2,476.17914,734.7313,0.8999472260475159,"[[0.0, 0.0, 0.0]]",Back,Left
340,11.333333333333334,1,867.4278,640.30194,0.9041036367416382,"[[0.0, 0.0, 0.0]]",Middle,Left
340,11.333333333333334,2,489.79822,730.28235,0.8964583277702332,"[[0.0, 0.0, 0.0]]",Back,Left
341,11.366666666666667,1,852.3806,644.6503,0.9102193713188171,"[[0.0, 0.0, 0.0]]",Middle,Left
341,11.366666666666667,2,505.04636,722.25964,0.8870207071304321,"[[0.0, 0.0, 0.0]]",Back,Left
342,11.4,1,839.1942,650.314,0.9167440533638,"[[0.0, 0.0, 0.0]]",Middle,Left
342,11.4,2,521.6782,714.0089,0.9087731838226318,"[[0.0, 0.0, 0.0]]",Back,Left
343,11.433333333333334,1,827.86304,655.3899,0.9234538078308105,"[[0.0, 0.0, 0.0]]",Middle,Left
343,11.433333333333334,2,538.6854,703.99805,0.8953278064727783,"[[0.0, 0.0, 0.0]]",Middle,Left
344,11.466666666666667,1,818.81934,658.23975,0.9130393266677856,"[[0.0, 0.0, 0.0]]",Middle,Left
344,11.466666666666667,2,553.1873,694.6377,0.8987850546836853,"[[0.0, 0.0, 0.0]]",Middle,Left
345,11.5,1,815.3996,659.25183,0.9128977060317993,"[[0.0, 0.0, 0.0]]",Middle,Left
345,11.5,2,558.00665,691.01733,0.8988925218582153,"[[0.0, 0.0, 0.0]]",Middle,Left
346,11.533333333333333,1,812.1465,659.2278,0.9097512364387512,"[[0.0, 0.0, 0.0]]",Middle,Left
346,11.533333333333333,2,569.3968,684.474,0.8957535028457642,"[[0.0, 0.0, 0.0]]",Middle,Left
347,11.566666666666666,1,809.847,657.51447,0.9175041913986206,"[[0.0, 0.0, 0.0]]",Middle,Left
347,11.566666666666666,2,592.1356,678.4588,0.9134849309921265,"[[0.0, 0.0, 0.0]]",Middle,Left
348,11.6,1,807.9706,655.1714,0.8950904011726379,"[[0.0, 0.0, 0.0]]",Middle,Left
348,11.6,2,606.3782,674.93335,0.9052019715309143,"[[0.0, 0.0, 0.0]]",Middle,Left
349,11.633333333333333,1,801.7623,652.6008,0.8475255370140076,"[[0.0, 0.0, 0.0]]",Middle,Left
349,11.633333333333333,2,618.2304,675.9282,0.8949143886566162,"[[0.0, 0.0, 0.0]]",Middle,Left
350,11.666666666666666,1,780.2921,655.5827,0.8380537629127502,"[[0.0, 0.0, 0.0]]",Middle,Left
350,11.666666666666666,2,628.3435,680.96643,0.8944640159606934,"[[0.0, 0.0, 0.0]]",Middle,Left
351,11.7,1,772.86096,656.6952,0.8388179540634155,"[[0.0, 0.0, 0.0]]",Middle,Left
351,11.7,2,631.8667,682.98364,0.8936765789985657,"[[0.0, 0.0, 0.0]]",Middle,Left
352,11.733333333333333,1,761.67114,657.76337,0.8592599630355835,"[[0.0, 0.0, 0.0]]",Middle,Left
352,11.733333333333333,2,643.92224,689.3742,0.9007908701896667,"[[0.0, 0.0, 0.0]]",Middle,Left
353,11.766666666666667,1,757.4491,660.1307,0.7229548096656799,"[[0.0, 0.0, 0.0]]",Middle,Left
353,11.766666666666667,2,656.288,694.17816,0.8645772337913513,"[[0.0, 0.0, 0.0]]",Middle,Left
354,11.8,2,690.12213,697.3464,0.9044128060340881,"[[0.0, 0.0, 0.0]]",Middle,Left
355,11.833333333333334,1,713.1178,698.867,0.9023470282554626,"[[0.0, 0.0, 0.0]]",Middle,Left
356,11.866666666666667,2,729.9874,697.8053,0.8486405611038208,"[[0.0, 0.0, 0.0]]",Middle,Left
357,11.9,1,736.1572,697.35693,0.8491953611373901,"[[0.0, 0.0, 0.0]]",Middle,Left
358,11.933333333333334,1,745.51843,694.5374,0.881024956703186,"[[0.0, 0.0, 0.0]]",Middle,Left
358,11.933333333333334,2,634.5297,682.32184,0.49571335315704346,"[[0.0, 0.0, 0.0]]",Middle,Left
359,11.966666666666667,1,755.88684,686.5575,0.9060410261154175,"[[0.0, 0.0, 0.0]]",Middle,Left
359,11.966666666666667,2,645.8937,690.06287,0.7669539451599121,"[[0.0, 0.0, 0.0]]",Middle,Left
360,12.0,1,773.9219,679.5032,0.9153291583061218,"[[0.0, 0.0, 0.0]]",Middle,Left
360,12.0,2,648.1552,695.48376,0.7156428694725037,"[[0.0, 0.0, 0.0]]",Middle,Left
361,12.033333333333333,1,783.6703,671.2283,0.8916600942611694,"[[0.0, 0.0, 0.0]]",Middle,Left
361,12.033333333333333,2,644.55615,711.4182,0.8910682201385498,"[[0.0, 0.0, 0.0]]",Middle,Left
362,12.066666666666666,1,788.87854,667.21295,0.9024335145950317,"[[0.0, 0.0, 0.0]]",Middle,Left
362,12.066666666666666,2,629.5604,718.54663,0.8947191834449768,"[[0.0, 0.0, 0.0]]",Back,Left
363,12.1,1,790.02246,665.8358,0.9022232890129089,"[[0.0, 0.0, 0.0]]",Middle,Left
363,12.1,2,624.4795,720.82196,0.8949136137962341,"[[0.0, 0.0, 0.0]]",Back,Left
364,12.133333333333333,1,793.907,662.091,0.9063287973403931,"[[0.0, 0.0, 0.0]]",Middle,Left
364,12.133333333333333,2,618.40924,721.7543,0.8988721370697021,"[[0.0, 0.0, 0.0]]",Back,Left
365,12.166666666666666,1,802.16876,656.83496,0.8956772089004517,"[[0.0, 0.0, 0.0]]",Middle,Left
365,12.166666666666666,2,617.0363,723.6057,0.896915078163147,"[[0.0, 0.0, 0.0]]",Back,Left
366,12.2,1,815.4233,649.3004,0.8888947367668152,"[[0.0, 0.0, 0.0]]",Middle,Left
366,12.2,2,617.66174,724.7993,0.9027843475341797,"[[0.0, 0.0, 0.0]]",Back,Left
367,12.233333333333333,1,829.5616,651.3624,0.9050694108009338,"[[0.0, 0.0, 0.0]]",Middle,Left
367,12.233333333333333,2,617.97754,722.6963,0.9071943163871765,"[[0.0, 0.0, 0.0]]",Back,Left
368,12.266666666666667,1,843.10065,656.2698,0.920420229434967,"[[0.0, 0.0, 0.0]]",Middle,Left
368,12.266666666666667,2,617.9427,718.104,0.9017344117164612,"[[0.0, 0.0, 0.0]]",Back,Left
369,12.3,1,847.9647,658.17236,0.920532763004303,"[[0.0, 0.0, 0.0]]",Middle,Left
369,12.3,2,618.2671,716.33093,0.9014877080917358,"[[0.0, 0.0, 0.0]]",Back,Left
370,12.333333333333334,1,853.3356,666.6487,0.9132303595542908,"[[0.0, 0.0, 0.0]]",Middle,Left
370,12.333333333333334,2,618.0177,708.2811,0.8999766707420349,"[[0.0, 0.0, 0.0]]",Middle,Left
371,12.366666666666667,1,855.33875,672.26105,0.9131230711936951,"[[0.0, 0.0, 0.0]]",Middle,Left
371,12.366666666666667,2,619.61163,699.7499,0.9086571335792542,"[[0.0, 0.0, 0.0]]",Middle,Left
372,12.4,1,854.7408,674.9689,0.9142082929611206,"[[0.0, 0.0, 0.0]]",Middle,Left
372,12.4,2,618.7425,690.3614,0.9050305485725403,"[[0.0, 0.0, 0.0]]",Middle,Left
373,12.433333333333334,1,850.6,675.8974,0.9141396284103394,"[[0.0, 0.0, 0.0]]",Middle,Left
373,12.433333333333334,2,618.3442,680.9009,0.9142099618911743,"[[0.0, 0.0, 0.0]]",Middle,Left
374,12.466666666666667,1,844.9203,673.51825,0.9028696417808533,"[[0.0, 0.0, 0.0]]",Middle,Left
374,12.466666666666667,2,619.4302,671.83374,0.9208234548568726,"[[0.0, 0.0, 0.0]]",Middle,Left
375,12.5,1,842.6262,672.6433,0.9025018811225891,"[[0.0, 0.0, 0.0]]",Middle,Left
375,12.5,2,620.0414,668.36334,0.9208961725234985,"[[0.0, 0.0, 0.0]]",Middle,Left
376,12.533333333333333,1,835.9979,672.9592,0.8996990919113159,"[[0.0, 0.0, 0.0]]",Middle,Left
376,12.533333333333333,2,621.05975,662.5836,0.9100819826126099,"[[0.0, 0.0, 0.0]]",Middle,Left
377,12.566666666666666,1,825.87445,663.9636,0.9130712151527405,"[[0.0, 0.0, 0.0]]",Middle,Left
377,12.566666666666666,2,623.686,658.19214,0.9123578071594238,"[[0.0, 0.0, 0.0]]",Middle,Left
378,12.6,1,809.8452,654.91626,0.9146561622619629,"[[0.0, 0.0, 0.0]]",Middle,Left
378,12.6,2,626.1692,655.2906,0.9165197014808655,"[[0.0, 0.0, 0.0]]",Middle,Left
379,12.633333333333333,1,794.80096,647.19073,0.9046567678451538,"[[0.0, 0.0, 0.0]]",Middle,Left
379,12.633333333333333,2,630.5376,654.60315,0.9032183885574341,"[[0.0, 0.0, 0.0]]",Middle,Left
380,12.666666666666666,1,778.94977,643.5077,0.8793559074401855,"[[0.0, 0.0, 0.0]]",Middle,Left
380,12.666666666666666,2,636.22046,656.37555,0.8995373845100403,"[[0.0, 0.0, 0.0]]",Middle,Left
381,12.7,1,772.75024,642.2808,0.8781761527061462,"[[0.0, 0.0, 0.0]]",Middle,Left
381,12.7,2,638.24207,657.1604,0.899531900882721,"[[0.0, 0.0, 0.0]]",Middle,Left
382,12.733333333333333,1,749.9498,641.25977,0.8615151047706604,"[[0.0, 0.0, 0.0]]",Middle,Left
382,12.733333333333333,2,644.0183,658.20447,0.9000822305679321,"[[0.0, 0.0, 0.0]]",Middle,Left
383,12.766666666666667,1,734.3578,640.3063,0.8912743330001831,"[[0.0, 0.0, 0.0]]",Middle,Left
383,12.766666666666667,2,651.7825,659.02185,0.903993546962738,"[[0.0, 0.0, 0.0]]",Middle,Left
384,12.8,1,726.53485,640.7141,0.8567767143249512,"[[0.0, 0.0, 0.0]]",Middle,Left
384,12.8,2,657.5847,658.10803,0.8913710117340088,"[[0.0, 0.0, 0.0]]",Middle,Left
385,12.833333333333334,1,733.80945,649.23785,0.5477324724197388,"[[0.0, 0.0, 0.0]]",Middle,Left
385,12.833333333333334,2,661.697,658.1528,0.9026026129722595,"[[0.0, 0.0, 0.0]]",Middle,Left
386,12.866666666666667,2,663.15796,657.8948,0.8970528841018677,"[[0.0, 0.0, 0.0]]",Middle,Left
387,12.9,1,663.56604,657.8377,0.897199809551239,"[[0.0, 0.0, 0.0]]",Middle,Left
388,12.933333333333334,2,664.3074,657.1941,0.9059763550758362,"[[0.0, 0.0, 0.0]]",Middle,Left
389,12.966666666666667,1,666.8044,655.035,0.9046785235404968,"[[0.0, 0.0, 0.0]]",Middle,Left
390,13.0,2,658.4311,620.24854,0.9068834781646729,"[[0.0, 0.0, 0.0]]",Middle,Left
391,13.033333333333333,1,1029.0027,642.39813,0.8979247808456421,"[[0.0, 0.0, 0.0]]",Middle,Right
391,13.033333333333333,2,659.1382,608.7985,0.9102139472961426,"[[0.0, 0.0, 0.0]]",Middle,Left
392,13.066666666666666,1,1039.2058,644.01587,0.8960486054420471,"[[0.0, 0.0, 0.0]]",Middle,Right
392,13.066666666666666,2,668.15924,605.4309,0.8864941000938416,"[[0.0, 0.0, 0.0]]",Middle,Left
393,13.1,1,1050.8372,641.8326,0.8802862167358398,"[[0.0, 0.0, 0.0]]",Middle,Right
393,13.1,2,679.4136,602.7219,0.9073688983917236,"[[0.0, 0.0, 0.0]]",Middle,Left
394,13.133333333333333,1,1065.7319,634.74286,0.8772926926612854,"[[0.0, 0.0, 0.0]]",Middle,Right
394,13.133333333333333,2,691.2346,599.2417,0.9103968739509583,"[[0.0, 0.0, 0.0]]",Middle,Left
395,13.166666666666666,1,1081.6753,626.0426,0.848460853099823,"[[0.0, 0.0, 0.0]]",Middle,Right
395,13.166666666666666,2,708.0857,595.4626,0.8850675225257874,"[[0.0, 0.0, 0.0]]",Middle,Left
396,13.2,1,1084.9221,623.0875,0.8484309911727905,"[[0.0, 0.0, 0.0]]",Middle,Right
396,13.2,2,713.62024,594.2254,0.8854098320007324,"[[0.0, 0.0, 0.0]]",Middle,Left
397,13.233333333333333,1,1097.8937,624.9674,0.8079403042793274,"[[0.0, 0.0, 0.0]]",Middle,Right
397,13.233333333333333,2,723.7059,590.9598,0.8780328035354614,"[[0.0, 0.0, 0.0]]",Middle,Left
398,13.266666666666667,1,1112.2765,618.3481,0.7772120237350464,"[[0.0, 0.0, 0.0]]",Middle,Right
398,13.266666666666667,2,746.92206,588.2387,0.8370509147644043,"[[0.0, 0.0, 0.0]]",Middle,Left
399,13.3,1,1126.7756,629.3889,0.8453197479248047,"[[0.0, 0.0, 0.0]]",Middle,Right
399,13.3,2,765.55896,587.0333,0.8295356631278992,"[[0.0, 0.0, 0.0]]",Middle,Left
400,13.333333333333334,1,1142.083,639.4741,0.8775774240493774,"[[0.0, 0.0, 0.0]]",Middle,Right
400,13.333333333333334,2,777.55896,587.6991,0.8537117838859558,"[[0.0, 0.0, 0.0]]",Middle,Left
401,13.366666666666667,1,1159.2188,650.64514,0.9031965732574463,"[[0.0, 0.0, 0.0]]",Middle,Right
401,13.366666666666667,2,791.37366,590.7058,0.853201687335968,"[[0.0, 0.0, 0.0]]",Middle,Left
402,13.4,1,1165.3032,655.27014,0.9029099941253662,"[[0.0, 0.0, 0.0]]",Middle,Right
402,13.4,2,795.9266,591.9648,0.8526527285575867,"[[0.0, 0.0, 0.0]]",Middle,Left
403,13.433333333333334,1,1173.6289,663.219,0.9109886884689331,"[[0.0, 0.0, 0.0]]",Middle,Right
403,13.433333333333334,2,808.19385,599.1184,0.8473877310752869,"[[0.0, 0.0, 0.0]]",Middle,Left
404,13.466666666666667,1,1184.5752,671.7815,0.9064154028892517,"[[0.0, 0.0, 0.0]]",Middle,Right
404,13.466666666666667,2,825.93726,606.8483,0.8812869191169739,"[[0.0, 0.0, 0.0]]",Middle,Left
405,13.5,1,1195.8442,677.9171,0.9093400239944458,"[[0.0, 0.0, 0.0]]",Middle,Right
405,13.5,2,843.2447,613.47156,0.9119794964790344,"[[0.0, 0.0, 0.0]]",Middle,Left
406,13.533333333333333,1,1204.7014,682.0951,0.9179455637931824,"[[0.0, 0.0, 0.0]]",Middle,Right
406,13.533333333333333,2,856.7157,618.9591,0.9135796427726746,"[[0.0, 0.0, 0.0]]",Middle,Left
407,13.566666666666666,1,1213.1919,688.4821,0.9110909104347229,"[[0.0, 0.0, 0.0]]",Middle,Right
407,13.566666666666666,2,865.65814,624.6464,0.9214907884597778,"[[0.0, 0.0, 0.0]]",Middle,Left
408,13.6,1,1216.0199,690.78955,0.9107447862625122,"[[0.0, 0.0, 0.0]]",Middle,Right
408,13.6,2,868.92145,626.72046,0.9211426973342896,"[[0.0, 0.0, 0.0]]",Middle,Left
409,13.633333333333333,1,1224.5687,697.75037,0.9186611175537109,"[[0.0, 0.0, 0.0]]",Middle,Right
409,13.633333333333333,2,878.90967,630.4342,0.9167681336402893,"[[0.0, 0.0, 0.0]]",Middle,Left
410,13.666666666666666,1,1229.992,704.5127,0.9181439876556396,"[[0.0, 0.0, 0.0]]",Middle,Right
410,13.666666666666666,2,887.28296,632.41754,0.9140051007270813,"[[0.0, 0.0, 0.0]]",Middle,Left
411,13.7,1,1236.6362,708.91943,0.9181315302848816,"[[0.0, 0.0, 0.0]]",Middle,Right
411,13.7,2,888.916,633.42365,0.915420413017273,"[[0.0, 0.0, 0.0]]",Middle,Left
412,13.733333333333333,1,1240.0986,713.0647,0.9184719324111938,"[[0.0, 0.0, 0.0]]",Back,Right
412,13.733333333333333,2,889.2147,632.4057,0.8861918449401855,"[[0.0, 0.0, 0.0]]",Middle,Left
413,13.766666666666667,1,1243.919,715.46234,0.9142986536026001,"[[0.0, 0.0, 0.0]]",Back,Right
413,13.766666666666667,2,907.3113,630.30707,0.894650936126709,"[[0.0, 0.0, 0.0]]",Middle,Left
414,13.8,1,1244.8936,716.1925,0.9144203662872314,"[[0.0, 0.0, 0.0]]",Back,Right
414,13.8,2,913.7384,629.46844,0.8943672776222229,"[[0.0, 0.0, 0.0]]",Middle,Left
415,13.833333333333334,1,1250.0754,718.3169,0.9148604273796082,"[[0.0, 0.0, 0.0]]",Back,Right
415,13.833333333333334,2,921.8535,628.13617,0.8974695205688477,"[[0.0, 0.0, 0.0]]",Middle,Left
416,13.866666666666667,1,1257.0757,721.2732,0.9175289869308472,"[[0.0, 0.0, 0.0]]",Back,Right
416,13.866666666666667,2,925.23535,625.942,0.8978898525238037,"[[0.0, 0.0, 0.0]]",Middle,Left
417,13.9,1,1263.428,723.5893,0.9140157699584961,"[[0.0, 0.0, 0.0]]",Back,Right
417,13.9,2,929.5344,624.44727,0.8929073214530945,"[[0.0, 0.0, 0.0]]",Middle,Left
418,13.933333333333334,1,1272.7461,734.2955,0.90180903673172,"[[0.0, 0.0, 0.0]]",Back,Right
418,13.933333333333334,2,934.4276,623.5399,0.8874809741973877,"[[0.0, 0.0, 0.0]]",Middle,Left
419,13.966666666666667,1,1277.1482,747.702,0.9048431515693665,"[[0.0, 0.0, 0.0]]",Back,Right
419,13.966666666666667,2,941.3303,622.8536,0.9041748642921448,"[[0.0, 0.0, 0.0]]",Middle,Left
420,14.0,1,1278.516,752.637,0.904790461063385,"[[0.0, 0.0, 0.0]]",Back,Right
420,14.0,2,943.30817,622.9172,0.9038006663322449,"[[0.0, 0.0, 0.0]]",Middle,Left
421,14.033333333333333,1,1280.7867,759.5725,0.910203754901886,"[[0.0, 0.0, 0.0]]",Back,Right
421,14.033333333333333,2,947.5792,622.9518,0.9022407531738281,"[[0.0, 0.0, 0.0]]",Middle,Left
422,14.066666666666666,1,1275.5845,765.3074,0.8994861841201782,"[[0.0, 0.0, 0.0]]",Back,Right
422,14.066666666666666,2,951.5801,623.2988,0.8958673477172852,"[[0.0, 0.0, 0.0]]",Middle,Left
423,14.1,1,1269.7703,774.91846,0.9014801383018494,"[[0.0, 0.0, 0.0]]",Back,Right
423,14.1,2,957.1874,623.42,0.8878681659698486,"[[0.0, 0.0, 0.0]]",Middle,Left
424,14.133333333333333,1,1267.0011,779.5864,0.9122454524040222,"[[0.0, 0.0, 0.0]]",Back,Right
424,14.133333333333333,2,961.3364,623.47186,0.8866589069366455,"[[0.0, 0.0, 0.0]]",Middle,Right
425,14.166666666666666,1,1264.7554,781.1041,0.9119391441345215,"[[0.0, 0.0, 0.0]]",Back,Right
425,14.166666666666666,2,968.00916,623.50433,0.8621367812156677,"[[0.0, 0.0, 0.0]]",Middle,Right
426,14.2,1,1263.7179,781.41736,0.9119079113006592,"[[0.0, 0.0, 0.0]]",Back,Right
426,14.2,2,970.2904,623.4993,0.8613389730453491,"[[0.0, 0.0, 0.0]]",Middle,Right
427,14.233333333333333,1,1264.2073,783.65796,0.8998910784721375,"[[0.0, 0.0, 0.0]]",Back,Right
427,14.233333333333333,2,973.2682,623.1577,0.8784208297729492,"[[0.0, 0.0, 0.0]]",Middle,Right
428,14.266666666666667,1,1262.3391,797.6333,0.880978524684906,"[[0.0, 0.0, 0.0]]",Back,Right
428,14.266666666666667,2,973.5305,623.025,0.8928700685501099,"[[0.0, 0.0, 0.0]]",Middle,Right
429,14.3,1,1261.174,808.496,0.884968638420105,"[[0.0, 0.0, 0.0]]",Back,Right
429,14.3,2,974.3801,621.6461,0.8982516527175903,"[[0.0, 0.0, 0.0]]",Middle,Right
430,14.333333333333334,1,1259.3365,816.58356,0.8902711272239685,"[[0.0, 0.0, 0.0]]",Back,Right
430,14.333333333333334,2,974.4812,620.1438,0.8955515623092651,"[[0.0, 0.0, 0.0]]",Middle,Right
431,14.366666666666667,1,1233.6859,823.67883,0.8035703301429749,"[[0.0, 0.0, 0.0]]",Back,Right
431,14.366666666666667,2,976.71985,616.95374,0.8900740742683411,"[[0.0, 0.0, 0.0]]",Middle,Right
432,14.4,1,1224.369,825.9065,0.8107104897499084,"[[0.0, 0.0, 0.0]]",Back,Right
432,14.4,2,977.33496,615.7778,0.8905137181282043,"[[0.0, 0.0, 0.0]]",Middle,Right
433,14.433333333333334,1,1219.542,836.3878,0.8263106942176819,"[[0.0, 0.0, 0.0]]",Back,Right
433,14.433333333333334,2,979.1455,613.0305,0.8949430584907532,"[[0.0, 0.0, 0.0]]",Middle,Right
434,14.466666666666667,1,1218.9266,844.99854,0.8068419098854065,"[[0.0, 0.0, 0.0]]",Back,Right
434,14.466666666666667,2,982.7053,609.06323,0.8878376483917236,"[[0.0, 0.0, 0.0]]",Middle,Right
435,14.5,1,1214.2742,843.8712,0.8279268741607666,"[[0.0, 0.0, 0.0]]",Back,Right
435,14.5,2,988.9184,607.9397,0.8870325088500977,"[[0.0, 0.0, 0.0]]",Middle,Right
436,14.533333333333333,1,1209.3032,820.85516,0.8228945732116699,"[[0.0, 0.0, 0.0]]",Back,Right
436,14.533333333333333,2,998.5833,606.9182,0.89658522605896,"[[0.0, 0.0, 0.0]]",Middle,Right
437,14.566666666666666,1,1189.0974,804.2991,0.8471135497093201,"[[0.0, 0.0, 0.0]]",Back,Right
437,14.566666666666666,2,1008.8187,607.92236,0.8926835656166077,"[[0.0, 0.0, 0.0]]",Middle,Right
438,14.6,1,1181.8591,798.1553,0.8445978164672852,"[[0.0, 0.0, 0.0]]",Back,Right
438,14.6,2,1013.16785,608.31055,0.8927474617958069,"[[0.0, 0.0, 0.0]]",Middle,Right
439,14.633333333333333,1,1167.8167,792.1842,0.8868337273597717,"[[0.0, 0.0, 0.0]]",Back,Right
439,14.633333333333333,2,1011.9729,608.1656,0.8680546879768372,"[[0.0, 0.0, 0.0]]",Middle,Right
440,14.666666666666666,1,1154.7646,783.0247,0.908259928226471,"[[0.0, 0.0, 0.0]]",Back,Right
440,14.666666666666666,2,1010.60547,609.1154,0.8974466323852539,"[[0.0, 0.0, 0.0]]",Middle,Right
441,14.7,1,1142.1006,777.3163,0.9013986587524414,"[[0.0, 0.0, 0.0]]",Back,Right
441,14.7,2,1009.5869,611.1615,0.8901209235191345,"[[0.0, 0.0, 0.0]]",Middle,Right
442,14.733333333333333,1,1133.9143,770.3065,0.9051516652107239,"[[0.0, 0.0, 0.0]]",Back,Right
442,14.733333333333333,2,1012.3253,611.9635,0.8856993913650513,"[[0.0, 0.0, 0.0]]",Middle,Right
443,14.766666666666667,1,1132.6191,762.82104,0.8933230638504028,"[[0.0, 0.0, 0.0]]",Back,Right
443,14.766666666666667,2,1017.47314,612.2783,0.8856058120727539,"[[0.0, 0.0, 0.0]]",Middle,Right
444,14.8,1,1132.896,759.68005,0.8940079212188721,"[[0.0, 0.0, 0.0]]",Back,Right
444,14.8,2,1019.3623,612.4041,0.8856179714202881,"[[0.0, 0.0, 0.0]]",Middle,Right
445,14.833333333333334,1,1133.897,754.9989,0.8913692235946655,"[[0.0, 0.0, 0.0]]",Back,Right
445,14.833333333333334,2,1029.0469,610.78424,0.8490313291549683,"[[0.0, 0.0, 0.0]]",Middle,Right
446,14.866666666666667,1,1129.3643,747.81165,0.8870131969451904,"[[0.0, 0.0, 0.0]]",Back,Right
446,14.866666666666667,2,1042.0547,601.86066,0.5413203239440918,"[[0.0, 0.0, 0.0]]",Middle,Right
447,14.9,1,1120.1841,741.56775,0.8942065238952637,"[[0.0, 0.0, 0.0]]",Back,Right
448,14.933333333333334,2,1118.4758,734.4219,0.9113710522651672,"[[0.0, 0.0, 0.0]]",Back,Right
449,14.966666666666667,1,1113.8254,727.5812,0.8992365002632141,"[[0.0, 0.0, 0.0]]",Back,Right
450,15.0,2,1112.2478,725.0514,0.8997438549995422,"[[0.0, 0.0, 0.0]]",Back,Right
451,15.033333333333333,1,1109.1868,725.5112,0.9136029481887817,"[[0.0, 0.0, 0.0]]",Back,Right
452,15.066666666666666,2,1106.8757,716.41077,0.896319568157196,"[[0.0, 0.0, 0.0]]",Back,Right
453,15.1,1,1099.8998,707.8757,0.8882811069488525,"[[0.0, 0.0, 0.0]]",Middle,Right
454,15.133333333333333,2,1092.7646,708.3603,0.8780354857444763,"[[0.0, 0.0, 0.0]]",Middle,Right
455,15.166666666666666,1,1200.8954,602.20544,0.7370724678039551,"[[0.0, 0.0, 0.0]]",Middle,Right
455,15.166666666666666,2,1077.439,710.30396,0.8524200916290283,"[[0.0, 0.0, 0.0]]",Middle,Right
456,15.2,1,1200.9749,603.5931,0.73548823595047,"[[0.0, 0.0, 0.0]]",Middle,Right
456,15.2,2,1072.522,711.5262,0.8525930047035217,"[[0.0, 0.0, 0.0]]",Middle,Right
457,15.233333333333333,1,1203.698,607.5736,0.8035931587219238,"[[0.0, 0.0, 0.0]]",Middle,Right
457,15.233333333333333,2,1062.0336,716.7303,0.8876507878303528,"[[0.0, 0.0, 0.0]]",Back,Right
458,15.266666666666667,1,1204.197,615.612,0.8398707509040833,"[[0.0, 0.0, 0.0]]",Middle,Right
458,15.266666666666667,2,1055.8546,721.8019,0.9123148322105408,"[[0.0, 0.0, 0.0]]",Back,Right
459,15.3,1,1204.6578,620.2212,0.8432137370109558,"[[0.0, 0.0, 0.0]]",Middle,Right
459,15.3,2,1053.6533,724.46545,0.9110283851623535,"[[0.0, 0.0, 0.0]]",Back,Right
460,15.333333333333334,1,1199.0916,623.01587,0.8306421637535095,"[[0.0, 0.0, 0.0]]",Middle,Right
460,15.333333333333334,2,1051.7383,723.1759,0.9097903370857239,"[[0.0, 0.0, 0.0]]",Back,Right
461,15.366666666666667,1,1192.8213,622.09,0.7968611121177673,"[[0.0, 0.0, 0.0]]",Middle,Right
461,15.366666666666667,2,1051.2827,721.04785,0.8976936936378479,"[[0.0, 0.0, 0.0]]",Back,Right
462,15.4,1,1190.7285,621.6287,0.7940546870231628,"[[0.0, 0.0, 0.0]]",Middle,Right
462,15.4,2,1051.3187,720.64856,0.895956814289093,"[[0.0, 0.0, 0.0]]",Back,Right
463,15.433333333333334,1,1182.8297,618.6257,0.7741931676864624,"[[0.0, 0.0, 0.0]]",Middle,Right
463,15.433333333333334,2,1049.1252,716.87134,0.8921141028404236,"[[0.0, 0.0, 0.0]]",Back,Right
464,15.466666666666667,1,1167.8223,615.7443,0.8789198398590088,"[[0.0, 0.0, 0.0]]",Middle,Right
464,15.466666666666667,2,1046.47,705.1897,0.8985949754714966,"[[0.0, 0.0, 0.0]]",Middle,Right
465,15.5,1,1158.804,612.6187,0.8658790588378906,"[[0.0, 0.0, 0.0]]",Middle,Right
465,15.5,2,1043.2854,693.1788,0.8993816375732422,"[[0.0, 0.0, 0.0]]",Middle,Right
466,15.533333333333333,1,1152.2998,608.1071,0.8475413918495178,"[[0.0, 0.0, 0.0]]",Middle,Right
466,15.533333333333333,2,1040.9109,683.126,0.8974825739860535,"[[0.0, 0.0, 0.0]]",Middle,Right
467,15.566666666666666,1,1140.6523,604.4019,0.8173242807388306,"[[0.0, 0.0, 0.0]]",Middle,Right
467,15.566666666666666,2,1037.1598,677.2122,0.8985432982444763,"[[0.0, 0.0, 0.0]]",Middle,Right
468,15.6,1,1136.241,603.323,0.8192489743232727,"[[0.0, 0.0, 0.0]]",Middle,Right
468,15.6,2,1035.8934,675.2097,0.8985850811004639,"[[0.0, 0.0, 0.0]]",Middle,Right
469,15.633333333333333,1,1131.4874,602.9174,0.8321722149848938,"[[0.0, 0.0, 0.0]]",Middle,Right
469,15.633333333333333,2,1031.2463,671.3015,0.9102993607521057,"[[0.0, 0.0, 0.0]]",Middle,Right
470,15.666666666666666,1,1126.6262,602.12933,0.8408396244049072,"[[0.0, 0.0, 0.0]]",Middle,Right
470,15.666666666666666,2,1025.3428,667.3457,0.9153218269348145,"[[0.0, 0.0, 0.0]]",Middle,Right
471,15.7,1,1119.9845,605.0997,0.8308207988739014,"[[0.0, 0.0, 0.0]]",Middle,Right
471,15.7,2,1020.2695,664.02,0.9195891618728638,"[[0.0, 0.0, 0.0]]",Middle,Right
472,15.733333333333333,1,1118.3953,609.18695,0.7966060042381287,"[[0.0, 0.0, 0.0]]",Middle,Right
472,15.733333333333333,2,1014.19824,661.9176,0.9196817874908447,"[[0.0, 0.0, 0.0]]",Middle,Right
473,15.766666666666667,1,1115.357,615.0579,0.8075172305107117,"[[0.0, 0.0, 0.0]]",Middle,Right
473,15.766666666666667,2,1010.0221,660.9764,0.917137086391449,"[[0.0, 0.0, 0.0]]",Middle,Right
474,15.8,1,1114.3855,617.2953,0.8066332936286926,"[[0.0, 0.0, 0.0]]",Middle,Right
474,15.8,2,1008.6298,660.7933,0.9170162677764893,"[[0.0, 0.0, 0.0]]",Middle,Right
475,15.833333333333334,1,1109.6062,620.4398,0.7736027836799622,"[[0.0, 0.0, 0.0]]",Middle,Right
475,15.833333333333334,2,1005.8898,659.8805,0.9201692342758179,"[[0.0, 0.0, 0.0]]",Middle,Right
476,15.866666666666667,1,1103.0962,623.23816,0.4580656886100769,"[[0.0, 0.0, 0.0]]",Middle,Right
476,15.866666666666667,2,1001.07965,658.6592,0.916560173034668,"[[0.0, 0.0, 0.0]]",Middle,Right
477,15.9,2,995.46,652.3117,0.9159811735153198,"[[0.0, 0.0, 0.0]]",Middle,Right
478,15.933333333333334,1,1108.3314,668.2335,0.4168640971183777,"[[0.0, 0.0, 0.0]]",Middle,Right
478,15.933333333333334,2,992.4907,647.0191,0.905533492565155,"[[0.0, 0.0, 0.0]]",Middle,Right
479,15.966666666666667,1,1108.0952,678.63245,0.4366564154624939,"[[0.0, 0.0, 0.0]]",Middle,Right
479,15.966666666666667,2,991.5407,643.8496,0.9043132066726685,"[[0.0, 0.0, 0.0]]",Middle,Right
480,16.0,1,1107.3737,681.3763,0.4276579022407532,"[[0.0, 0.0, 0.0]]",Middle,Right
480,16.0,2,991.4014,642.8446,0.9049593806266785,"[[0.0, 0.0, 0.0]]",Middle,Right
481,16.033333333333335,2,994.12805,640.57263,0.8926236033439636,"[[0.0, 0.0, 0.0]]",Middle,Right
482,16.066666666666666,1,1000.5896,638.18866,0.8983694911003113,"[[0.0, 0.0, 0.0]]",Middle,Right
483,16.1,2,1004.42786,637.4096,0.9109888672828674,"[[0.0, 0.0, 0.0]]",Middle,Right
484,16.133333333333333,1,1007.2606,636.8976,0.8992622494697571,"[[0.0, 0.0, 0.0]]",Middle,Right
485,16.166666666666668,2,999.19116,636.48425,0.8455460071563721,"[[0.0, 0.0, 0.0]]",Middle,Right
486,16.2,1,996.38184,636.42645,0.8457436561584473,"[[0.0, 0.0, 0.0]]",Middle,Right
487,16.233333333333334,2,999.86035,637.1393,0.8022050261497498,"[[0.0, 0.0, 0.0]]",Middle,Right
488,16.266666666666666,1,920.9906,629.39343,0.6638234853744507,"[[0.0, 0.0, 0.0]]",Middle,Left
488,16.266666666666666,2,984.3282,638.8126,0.8436360955238342,"[[0.0, 0.0, 0.0]]",Middle,Right
489,16.3,1,903.9156,618.4707,0.7781025171279907,"[[0.0, 0.0, 0.0]]",Middle,Left
489,16.3,2,1000.6039,637.1891,0.8976821303367615,"[[0.0, 0.0, 0.0]]",Middle,Right
490,16.333333333333332,1,900.66943,623.5793,0.8486601114273071,"[[0.0, 0.0, 0.0]]",Middle,Left
490,16.333333333333332,2,1008.58264,631.6256,0.9000847339630127,"[[0.0, 0.0, 0.0]]",Middle,Right
491,16.366666666666667,1,887.1354,628.5359,0.8790873289108276,"[[0.0, 0.0, 0.0]]",Middle,Left
491,16.366666666666667,2,1012.05005,626.2234,0.8944668769836426,"[[0.0, 0.0, 0.0]]",Middle,Right
492,16.4,1,881.97906,630.24,0.8782572150230408,"[[0.0, 0.0, 0.0]]",Middle,Left
492,16.4,2,1013.2435,624.34357,0.8947393298149109,"[[0.0, 0.0, 0.0]]",Middle,Right
493,16.433333333333334,1,878.7598,632.8557,0.8661247491836548,"[[0.0, 0.0, 0.0]]",Middle,Left
493,16.433333333333334,2,1010.55896,621.015,0.8936978578567505,"[[0.0, 0.0, 0.0]]",Middle,Right
494,16.466666666666665,1,873.26117,635.4848,0.889489471912384,"[[0.0, 0.0, 0.0]]",Middle,Left
494,16.466666666666665,2,1007.7956,617.2249,0.88250732421875,"[[0.0, 0.0, 0.0]]",Middle,Right
495,16.5,1,865.8892,638.42676,0.9106125831604004,"[[0.0, 0.0, 0.0]]",Middle,Left
495,16.5,2,1004.73303,613.2512,0.8942082524299622,"[[0.0, 0.0, 0.0]]",Middle,Right
496,16.533333333333335,1,855.29016,642.8176,0.901595413684845,"[[0.0, 0.0, 0.0]]",Middle,Left
496,16.533333333333335,2,1001.9324,609.50964,0.8899038434028625,"[[0.0, 0.0, 0.0]]",Middle,Right
497,16.566666666666666,1,848.34955,646.0538,0.9005703330039978,"[[0.0, 0.0, 0.0]]",Middle,Left
497,16.566666666666666,2,998.58203,602.60284,0.8864071369171143,"[[0.0, 0.0, 0.0]]",Middle,Right
498,16.6,1,845.8624,647.1344,0.9000465273857117,"[[0.0, 0.0, 0.0]]",Middle,Left
498,16.6,2,997.4491,599.80035,0.8861541152000427,"[[0.0, 0.0, 0.0]]",Middle,Right
499,16.633333333333333,1,837.1262,651.5131,0.8957759737968445,"[[0.0, 0.0, 0.0]]",Middle,Left
499,16.633333333333333,2,994.3678,599.8853,0.88881516456604,"[[0.0, 0.0, 0.0]]",Middle,Right
500,16.666666666666668,1,827.1682,653.703,0.9057809710502625,"[[0.0, 0.0, 0.0]]",Middle,Left
500,16.666666666666668,2,992.281,601.3679,0.8904295563697815,"[[0.0, 0.0, 0.0]]",Middle,Right
501,16.7,1,820.96594,654.7008,0.8897630572319031,"[[0.0, 0.0, 0.0]]",Middle,Left
501,16.7,2,990.8817,604.02637,0.8996257781982422,"[[0.0, 0.0, 0.0]]",Middle,Right
502,16.733333333333334,1,810.9166,646.43054,0.8716568946838379,"[[0.0, 0.0, 0.0]]",Middle,Left
502,16.733333333333334,2,989.4303,609.42065,0.8979493975639343,"[[0.0, 0.0, 0.0]]",Middle,Right
503,16.766666666666666,1,802.43555,642.5833,0.8721999526023865,"[[0.0, 0.0, 0.0]]",Middle,Left
503,16.766666666666666,2,983.8617,614.5344,0.9083807468414307,"[[0.0, 0.0, 0.0]]",Middle,Right
504,16.8,1,799.9458,641.21826,0.8717634081840515,"[[0.0, 0.0, 0.0]]",Middle,Left
504,16.8,2,981.6992,616.1199,0.9075432419776917,"[[0.0, 0.0, 0.0]]",Middle,Right
505,16.833333333333332,1,800.3738,638.013,0.8786945939064026,"[[0.0, 0.0, 0.0]]",Middle,Left
505,16.833333333333332,2,978.6394,621.7346,0.9093294739723206,"[[0.0, 0.0, 0.0]]",Middle,Right
506,16.866666666666667,1,801.16174,632.17236,0.872465193271637,"[[0.0, 0.0, 0.0]]",Middle,Left
506,16.866666666666667,2,975.92926,625.8596,0.903925359249115,"[[0.0, 0.0, 0.0]]",Middle,Right
507,16.9,1,790.36066,625.3885,0.8594747185707092,"[[0.0, 0.0, 0.0]]",Middle,Left
507,16.9,2,969.81287,628.673,0.8893750905990601,"[[0.0, 0.0, 0.0]]",Middle,Right
508,16.933333333333334,1,782.79785,619.2722,0.8409872651100159,"[[0.0, 0.0, 0.0]]",Middle,Left
508,16.933333333333334,2,970.3245,627.95874,0.8892166018486023,"[[0.0, 0.0, 0.0]]",Middle,Right
509,16.966666666666665,1,780.30286,612.7565,0.8297350406646729,"[[0.0, 0.0, 0.0]]",Middle,Left
509,16.966666666666665,2,967.1112,628.9914,0.8970758318901062,"[[0.0, 0.0, 0.0]]",Middle,Right
510,17.0,1,779.779,610.33813,0.8293524980545044,"[[0.0, 0.0, 0.0]]",Middle,Left
510,17.0,2,965.93115,629.33923,0.8972283601760864,"[[0.0, 0.0, 0.0]]",Middle,Right
511,17.033333333333335,1,779.7742,607.2212,0.8092483282089233,"[[0.0, 0.0, 0.0]]",Middle,Left
511,17.033333333333335,2,960.39075,626.0553,0.9140486121177673,"[[0.0, 0.0, 0.0]]",Middle,Right
512,17.066666666666666,1,780.2702,606.75635,0.8006956577301025,"[[0.0, 0.0, 0.0]]",Middle,Left
512,17.066666666666666,2,946.0947,621.0936,0.8919765949249268,"[[0.0, 0.0, 0.0]]",Middle,Left
513,17.1,1,774.3743,604.7295,0.7321977615356445,"[[0.0, 0.0, 0.0]]",Middle,Left
513,17.1,2,929.5753,616.17755,0.8978872895240784,"[[0.0, 0.0, 0.0]]",Middle,Left
514,17.133333333333333,1,774.9922,604.99677,0.7812792658805847,"[[0.0, 0.0, 0.0]]",Middle,Left
514,17.133333333333333,2,909.0913,617.1566,0.8566436171531677,"[[0.0, 0.0, 0.0]]",Middle,Left
515,17.166666666666668,1,780.0228,603.2521,0.641635000705719,"[[0.0, 0.0, 0.0]]",Middle,Left
515,17.166666666666668,2,892.90247,621.67053,0.6940593719482422,"[[0.0, 0.0, 0.0]]",Middle,Left
516,17.2,1,781.71497,602.3329,0.6482908725738525,"[[0.0, 0.0, 0.0]]",Middle,Left
516,17.2,2,887.25757,623.311,0.6956772208213806,"[[0.0, 0.0, 0.0]]",Middle,Left
517,17.233333333333334,1,777.42694,599.7662,0.7001602053642273,"[[0.0, 0.0, 0.0]]",Middle,Left
517,17.233333333333334,2,868.9734,629.6881,0.4313353896141052,"[[0.0, 0.0, 0.0]]",Middle,Left
518,17.266666666666666,1,779.29736,598.85187,0.8165058493614197,"[[0.0, 0.0, 0.0]]",Middle,Left
519,17.3,2,803.5399,596.94775,0.48178547620773315,"[[0.0, 0.0, 0.0]]",Middle,Left
520,17.333333333333332,1,811.4233,595.3161,0.5894417762756348,"[[0.0, 0.0, 0.0]]",Middle,Left
521,17.366666666666667,2,810.22485,597.4016,0.6344594955444336,"[[0.0, 0.0, 0.0]]",Middle,Left
522,17.4,1,809.146,598.2702,0.6303916573524475,"[[0.0, 0.0, 0.0]]",Middle,Left
523,17.433333333333334,2,807.67554,597.6597,0.6785822510719299,"[[0.0, 0.0, 0.0]]",Middle,Left
524,17.466666666666665,1,728.29675,614.5958,0.721691906452179,"[[0.0, 0.0, 0.0]]",Middle,Left
524,17.466666666666665,2,805.46326,593.8445,0.7984548211097717,"[[0.0, 0.0, 0.0]]",Middle,Left
525,17.5,1,724.94226,620.0708,0.8182488679885864,"[[0.0, 0.0, 0.0]]",Middle,Left
525,17.5,2,797.7106,583.79846,0.8265163898468018,"[[0.0, 0.0, 0.0]]",Middle,Left
526,17.533333333333335,1,713.55457,626.9489,0.8335479497909546,"[[0.0, 0.0, 0.0]]",Middle,Left
526,17.533333333333335,2,792.1918,578.1003,0.8464582562446594,"[[0.0, 0.0, 0.0]]",Middle,Left
527,17.566666666666666,1,701.083,641.4855,0.8538874983787537,"[[0.0, 0.0, 0.0]]",Middle,Left
527,17.566666666666666,2,788.8999,577.4372,0.8649571537971497,"[[0.0, 0.0, 0.0]]",Middle,Left
528,17.6,1,696.9697,645.7981,0.851052463054657,"[[0.0, 0.0, 0.0]]",Middle,Left
528,17.6,2,787.70557,577.6166,0.8644816279411316,"[[0.0, 0.0, 0.0]]",Middle,Left
529,17.633333333333333,1,686.13763,653.6188,0.8631452918052673,"[[0.0, 0.0, 0.0]]",Middle,Left
529,17.633333333333333,2,787.6085,578.7835,0.8585808277130127,"[[0.0, 0.0, 0.0]]",Middle,Left
530,17.666666666666668,1,677.6492,658.0865,0.8591777682304382,"[[0.0, 0.0, 0.0]]",Middle,Left
530,17.666666666666668,2,787.5968,582.6234,0.8287810683250427,"[[0.0, 0.0, 0.0]]",Middle,Left
531,17.7,1,675.9264,660.62726,0.8012166619300842,"[[0.0, 0.0, 0.0]]",Middle,Left
531,17.7,2,779.6354,591.74194,0.9007003903388977,"[[0.0, 0.0, 0.0]]",Middle,Left
532,17.733333333333334,1,668.04944,657.3772,0.7719126343727112,"[[0.0, 0.0, 0.0]]",Middle,Left
532,17.733333333333334,2,774.7009,599.8535,0.8985081911087036,"[[0.0, 0.0, 0.0]]",Middle,Left
533,17.766666666666666,1,657.2472,655.0382,0.7732157111167908,"[[0.0, 0.0, 0.0]]",Middle,Left
533,17.766666666666666,2,768.73596,606.9032,0.8901945948600769,"[[0.0, 0.0, 0.0]]",Middle,Left
534,17.8,1,653.73865,654.2307,0.7767469882965088,"[[0.0, 0.0, 0.0]]",Middle,Left
534,17.8,2,766.2826,609.5009,0.8889182806015015,"[[0.0, 0.0, 0.0]]",Middle,Left
535,17.833333333333332,1,646.9463,634.7562,0.7454097867012024,"[[0.0, 0.0, 0.0]]",Middle,Left
535,17.833333333333332,2,764.0666,613.39935,0.9021033644676208,"[[0.0, 0.0, 0.0]]",Middle,Left
536,17.866666666666667,1,651.14886,619.79065,0.808796226978302,"[[0.0, 0.0, 0.0]]",Middle,Left
536,17.866666666666667,2,761.9946,613.79364,0.8711249232292175,"[[0.0, 0.0, 0.0]]",Middle,Left
537,17.9,1,654.5663,607.194,0.6255882382392883,"[[0.0, 0.0, 0.0]]",Middle,Left
537,17.9,2,761.23,614.19055,0.8848484754562378,"[[0.0, 0.0, 0.0]]",Middle,Left
538,17.933333333333334,1,651.97705,597.87225,0.6930894255638123,"[[0.0, 0.0, 0.0]]",Middle,Left
538,17.933333333333334,2,760.04785,612.28,0.8779376149177551,"[[0.0, 0.0, 0.0]]",Middle,Left
539,17.966666666666665,1,653.342,590.81055,0.7299424409866333,"[[0.0, 0.0, 0.0]]",Middle,Left
539,17.966666666666665,2,747.76526,608.5437,0.8505781888961792,"[[0.0, 0.0, 0.0]]",Middle,Left
540,18.0,1,653.92554,588.1102,0.7289657592773438,"[[0.0, 0.0, 0.0]]",Middle,Left
540,18.0,2,743.00635,606.76526,0.8513338565826416,"[[0.0, 0.0, 0.0]]",Middle,Left
541,18.033333333333335,1,658.3279,582.1463,0.7755358815193176,"[[0.0, 0.0, 0.0]]",Middle,Left
541,18.033333333333335,2,735.36566,603.10114,0.8517153859138489,"[[0.0, 0.0, 0.0]]",Middle,Left
542,18.066666666666666,1,660.76404,571.63666,0.5037110447883606,"[[0.0, 0.0, 0.0]]",Middle,Left
542,18.066666666666666,2,716.0118,600.7155,0.8723635077476501,"[[0.0, 0.0, 0.0]]",Middle,Left
543,18.1,2,697.1981,597.8641,0.9009397029876709,"[[0.0, 0.0, 0.0]]",Middle,Left
544,18.133333333333333,1,682.10406,596.78564,0.857901394367218,"[[0.0, 0.0, 0.0]]",Middle,Left
545,18.166666666666668,1,667.794,598.3479,0.8497714996337891,"[[0.0, 0.0, 0.0]]",Middle,Left
545,18.166666666666668,2,81.902275,522.20776,0.5184692740440369,"[[0.0, 0.0, 0.0]]",Middle,Left
546,18.2,1,663.3605,598.9624,0.8487777709960938,"[[0.0, 0.0, 0.0]]",Middle,Left
546,18.2,2,85.282,522.04584,0.5087771415710449,"[[0.0, 0.0, 0.0]]",Middle,Left
547,18.233333333333334,1,727.619,568.5014,0.7550106644630432,"[[0.0, 0.0, 0.0]]",Middle,Left
547,18.233333333333334,2,646.0989,603.1389,0.8664422631263733,"[[0.0, 0.0, 0.0]]",Middle,Left
548,18.266666666666666,1,731.28754,565.4228,0.8451056480407715,"[[0.0, 0.0, 0.0]]",Middle,Left
548,18.266666666666666,2,636.11316,607.35693,0.8951604962348938,"[[0.0, 0.0, 0.0]]",Middle,Left
549,18.3,1,741.45984,564.79913,0.8621606826782227,"[[0.0, 0.0, 0.0]]",Middle,Left
549,18.3,2,629.869,610.9363,0.8872280120849609,"[[0.0, 0.0, 0.0]]",Middle,Left
550,18.333333333333332,1,750.895,564.28723,0.8724638223648071,"[[0.0, 0.0, 0.0]]",Middle,Left
550,18.333333333333332,2,619.8592,613.2495,0.9007541537284851,"[[0.0, 0.0, 0.0]]",Middle,Left
551,18.366666666666667,1,759.31287,567.28955,0.8900001049041748,"[[0.0, 0.0, 0.0]]",Middle,Left
551,18.366666666666667,2,608.5751,613.7477,0.9029671549797058,"[[0.0, 0.0, 0.0]]",Middle,Left
552,18.4,1,762.7637,568.4335,0.8900686502456665,"[[0.0, 0.0, 0.0]]",Middle,Left
552,18.4,2,604.3264,613.91736,0.903032660484314,"[[0.0, 0.0, 0.0]]",Middle,Left
553,18.433333333333334,1,768.94055,573.6051,0.8868473768234253,"[[0.0, 0.0, 0.0]]",Middle,Left
553,18.433333333333334,2,596.35547,613.5954,0.9098938703536987,"[[0.0, 0.0, 0.0]]",Middle,Left
554,18.466666666666665,1,773.45984,576.5315,0.8851264715194702,"[[0.0, 0.0, 0.0]]",Middle,Left
554,18.466666666666665,2,586.50415,613.45984,0.9143333435058594,"[[0.0, 0.0, 0.0]]",Middle,Left
555,18.5,1,780.5187,579.58466,0.8468015193939209,"[[0.0, 0.0, 0.0]]",Middle,Left
555,18.5,2,580.29315,613.37463,0.9262718558311462,"[[0.0, 0.0, 0.0]]",Middle,Left
556,18.533333333333335,1,789.95764,582.3398,0.8630846738815308,"[[0.0, 0.0, 0.0]]",Middle,Left
556,18.533333333333335,2,571.5126,617.63153,0.9184043407440186,"[[0.0, 0.0, 0.0]]",Middle,Left
557,18.566666666666666,1,798.2833,578.09546,0.8733983039855957,"[[0.0, 0.0, 0.0]]",Middle,Left
557,18.566666666666666,2,562.2716,621.8758,0.9069194793701172,"[[0.0, 0.0, 0.0]]",Middle,Left
558,18.6,1,801.18835,576.36957,0.8739473223686218,"[[0.0, 0.0, 0.0]]",Middle,Left
558,18.6,2,558.5511,623.41656,0.9066675901412964,"[[0.0, 0.0, 0.0]]",Middle,Left
559,18.633333333333333,1,807.64844,577.98785,0.8893994092941284,"[[0.0, 0.0, 0.0]]",Middle,Left
559,18.633333333333333,2,554.84033,626.2655,0.9133059978485107,"[[0.0, 0.0, 0.0]]",Middle,Left
560,18.666666666666668,1,814.1839,577.9238,0.9004341959953308,"[[0.0, 0.0, 0.0]]",Middle,Left
560,18.666666666666668,2,551.5011,630.2849,0.9144521355628967,"[[0.0, 0.0, 0.0]]",Middle,Left
561,18.7,1,822.3392,578.8426,0.9013901352882385,"[[0.0, 0.0, 0.0]]",Middle,Left
561,18.7,2,548.90234,633.71375,0.9143170118331909,"[[0.0, 0.0, 0.0]]",Middle,Left
562,18.733333333333334,1,834.3529,580.8172,0.7650193572044373,"[[0.0, 0.0, 0.0]]",Middle,Left
562,18.733333333333334,2,548.20184,635.9176,0.9107941389083862,"[[0.0, 0.0, 0.0]]",Middle,Left
563,18.766666666666666,1,841.08435,582.5273,0.8641403913497925,"[[0.0, 0.0, 0.0]]",Middle,Left
563,18.766666666666666,2,549.8473,634.6321,0.9118764996528625,"[[0.0, 0.0, 0.0]]",Middle,Left
564,18.8,1,843.3411,582.82605,0.8636660575866699,"[[0.0, 0.0, 0.0]]",Middle,Left
564,18.8,2,550.63055,634.0973,0.9120355844497681,"[[0.0, 0.0, 0.0]]",Middle,Left
565,18.833333333333332,1,845.28735,588.1532,0.8813732862472534,"[[0.0, 0.0, 0.0]]",Middle,Left
565,18.833333333333332,2,552.82715,630.83496,0.9100658893585205,"[[0.0, 0.0, 0.0]]",Middle,Left
566,18.866666666666667,1,851.37524,591.465,0.8907108902931213,"[[0.0, 0.0, 0.0]]",Middle,Left
566,18.866666666666667,2,557.43787,627.309,0.9185740947723389,"[[0.0, 0.0, 0.0]]",Middle,Left
567,18.9,1,859.6181,596.6241,0.8950120806694031,"[[0.0, 0.0, 0.0]]",Middle,Left
567,18.9,2,569.3989,625.2976,0.9120328426361084,"[[0.0, 0.0, 0.0]]",Middle,Left
568,18.933333333333334,1,870.17456,604.13293,0.9065400958061218,"[[0.0, 0.0, 0.0]]",Middle,Left
568,18.933333333333334,2,585.9938,622.5506,0.9079201221466064,"[[0.0, 0.0, 0.0]]",Middle,Left
569,18.966666666666665,1,881.74945,611.2015,0.903219997882843,"[[0.0, 0.0, 0.0]]",Middle,Left
569,18.966666666666665,2,604.6614,621.48486,0.9129042625427246,"[[0.0, 0.0, 0.0]]",Middle,Left
570,19.0,1,886.36774,613.74207,0.9033443331718445,"[[0.0, 0.0, 0.0]]",Middle,Left
570,19.0,2,611.0998,620.7456,0.9129751920700073,"[[0.0, 0.0, 0.0]]",Middle,Left
571,19.033333333333335,1,892.3767,619.89734,0.9066265225410461,"[[0.0, 0.0, 0.0]]",Middle,Left
571,19.033333333333335,2,623.97644,619.828,0.9114893674850464,"[[0.0, 0.0, 0.0]]",Middle,Left
572,19.066666666666666,1,898.3769,626.70746,0.8971808552742004,"[[0.0, 0.0, 0.0]]",Middle,Left
572,19.066666666666666,2,640.67676,619.1504,0.9034806489944458,"[[0.0, 0.0, 0.0]]",Middle,Left
573,19.1,1,904.0396,626.2036,0.9146641492843628,"[[0.0, 0.0, 0.0]]",Middle,Left
573,19.1,2,652.5344,619.23315,0.8998082280158997,"[[0.0, 0.0, 0.0]]",Middle,Left
574,19.133333333333333,1,912.0753,625.199,0.9114811420440674,"[[0.0, 0.0, 0.0]]",Middle,Left
574,19.133333333333333,2,662.85693,619.2737,0.9067093133926392,"[[0.0, 0.0, 0.0]]",Middle,Left
575,19.166666666666668,1,921.69507,625.01654,0.9103701114654541,"[[0.0, 0.0, 0.0]]",Middle,Left
575,19.166666666666668,2,672.69946,618.9883,0.9073776006698608,"[[0.0, 0.0, 0.0]]",Middle,Left
576,19.2,1,925.37225,624.859,0.9104027152061462,"[[0.0, 0.0, 0.0]]",Middle,Left
576,19.2,2,675.9679,618.88666,0.9069823622703552,"[[0.0, 0.0, 0.0]]",Middle,Left
577,19.233333333333334,1,934.19336,629.31744,0.8966088891029358,"[[0.0, 0.0, 0.0]]",Middle,Left
577,19.233333333333334,2,686.56146,618.52954,0.9098058938980103,"[[0.0, 0.0, 0.0]]",Middle,Left
578,19.266666666666666,1,941.95416,635.5042,0.9258950352668762,"[[0.0, 0.0, 0.0]]",Middle,Left
578,19.266666666666666,2,696.1631,616.76337,0.9073859453201294,"[[0.0, 0.0, 0.0]]",Middle,Left
579,19.3,1,951.21545,640.0688,0.9077904224395752,"[[0.0, 0.0, 0.0]]",Middle,Left
579,19.3,2,708.1532,613.8098,0.8965147733688354,"[[0.0, 0.0, 0.0]]",Middle,Left
580,19.333333333333332,1,960.0626,641.7188,0.9142135977745056,"[[0.0, 0.0, 0.0]]",Middle,Right
580,19.333333333333332,2,723.975,609.7639,0.9005535840988159,"[[0.0, 0.0, 0.0]]",Middle,Left
581,19.366666666666667,1,972.9973,642.552,0.9287450313568115,"[[0.0, 0.0, 0.0]]",Middle,Right
581,19.366666666666667,2,740.1371,607.2558,0.9026996493339539,"[[0.0, 0.0, 0.0]]",Middle,Left
582,19.4,1,977.71094,642.7658,0.9286543130874634,"[[0.0, 0.0, 0.0]]",Middle,Right
582,19.4,2,745.74603,606.33875,0.902523934841156,"[[0.0, 0.0, 0.0]]",Middle,Left
583,19.433333333333334,1,978.9314,641.4315,0.92502361536026,"[[0.0, 0.0, 0.0]]",Middle,Right
583,19.433333333333334,2,756.798,606.3635,0.9009392261505127,"[[0.0, 0.0, 0.0]]",Middle,Left
584,19.466666666666665,1,970.8573,638.841,0.9180396199226379,"[[0.0, 0.0, 0.0]]",Middle,Right
584,19.466666666666665,2,771.876,604.7386,0.9104220867156982,"[[0.0, 0.0, 0.0]]",Middle,Left
585,19.5,1,963.8801,635.1769,0.903259813785553,"[[0.0, 0.0, 0.0]]",Middle,Right
585,19.5,2,789.53516,610.42664,0.8424961566925049,"[[0.0, 0.0, 0.0]]",Middle,Left
586,19.533333333333335,1,961.8301,632.4379,0.9231554865837097,"[[0.0, 0.0, 0.0]]",Middle,Right
586,19.533333333333335,2,810.9261,614.30707,0.8350784182548523,"[[0.0, 0.0, 0.0]]",Middle,Left
587,19.566666666666666,1,963.2718,631.6776,0.9222774505615234,"[[0.0, 0.0, 0.0]]",Middle,Right
587,19.566666666666666,2,830.8144,619.7986,0.7841253876686096,"[[0.0, 0.0, 0.0]]",Middle,Left
588,19.6,1,963.68756,631.39374,0.9222216010093689,"[[0.0, 0.0, 0.0]]",Middle,Right
588,19.6,2,839.15845,621.85486,0.7850830554962158,"[[0.0, 0.0, 0.0]]",Middle,Left
589,19.633333333333333,1,964.6935,631.24506,0.919437050819397,"[[0.0, 0.0, 0.0]]",Middle,Right
589,19.633333333333333,2,854.84717,625.56665,0.8463298082351685,"[[0.0, 0.0, 0.0]]",Middle,Left
590,19.666666666666668,1,966.3247,630.21216,0.9034477472305298,"[[0.0, 0.0, 0.0]]",Middle,Right
590,19.666666666666668,2,869.8092,627.92847,0.8211883902549744,"[[0.0, 0.0, 0.0]]",Middle,Left
591,19.7,1,965.7833,628.82623,0.9020034074783325,"[[0.0, 0.0, 0.0]]",Middle,Right
591,19.7,2,858.5355,627.4265,0.6497907042503357,"[[0.0, 0.0, 0.0]]",Middle,Left
592,19.733333333333334,1,965.53705,626.3269,0.9014913439750671,"[[0.0, 0.0, 0.0]]",Middle,Right
593,19.766666666666666,2,963.00854,625.35645,0.8966078162193298,"[[0.0, 0.0, 0.0]]",Middle,Right
594,19.8,1,962.0525,625.0202,0.8962362408638,"[[0.0, 0.0, 0.0]]",Middle,Right
595,19.833333333333332,2,959.9607,623.8841,0.9093944430351257,"[[0.0, 0.0, 0.0]]",Middle,Left
596,19.866666666666667,1,956.11896,621.8168,0.90096116065979,"[[0.0, 0.0, 0.0]]",Middle,Left
597,19.9,1,952.31287,620.0751,0.8992164731025696,"[[0.0, 0.0, 0.0]]",Middle,Left
597,19.9,2,992.0209,623.7364,0.6207255721092224,"[[0.0, 0.0, 0.0]]",Middle,Right
598,19.933333333333334,1,949.57935,619.1326,0.9135338068008423,"[[0.0, 0.0, 0.0]]",Middle,Left
598,19.933333333333334,2,1029.5029,620.82697,0.689926028251648,"[[0.0, 0.0, 0.0]]",Middle,Right
599,19.966666666666665,1,945.8904,619.14404,0.887860119342804,"[[0.0, 0.0, 0.0]]",Middle,Left
599,19.966666666666665,2,1059.2555,625.6147,0.8329765796661377,"[[0.0, 0.0, 0.0]]",Middle,Right
600,20.0,1,944.57495,619.1676,0.8871925473213196,"[[0.0, 0.0, 0.0]]",Middle,Left
600,20.0,2,1068.2968,627.35443,0.8334329128265381,"[[0.0, 0.0, 0.0]]",Middle,Right
601,20.033333333333335,1,942.8069,619.53186,0.9026932120323181,"[[0.0, 0.0, 0.0]]",Middle,Left
601,20.033333333333335,2,1074.8673,624.03674,0.8428484797477722,"[[0.0, 0.0, 0.0]]",Middle,Right
602,20.066666666666666,1,942.5912,620.0288,0.8983868360519409,"[[0.0, 0.0, 0.0]]",Middle,Left
602,20.066666666666666,2,1096.6726,620.0652,0.7323130369186401,"[[0.0, 0.0, 0.0]]",Middle,Right
603,20.1,1,942.23486,620.8949,0.9055877923965454,"[[0.0, 0.0, 0.0]]",Middle,Left
603,20.1,2,1109.1306,619.59344,0.8273189663887024,"[[0.0, 0.0, 0.0]]",Middle,Right
604,20.133333333333333,1,943.1201,622.5401,0.9065974950790405,"[[0.0, 0.0, 0.0]]",Middle,Left
604,20.133333333333333,2,1119.6306,619.08,0.8640406727790833,"[[0.0, 0.0, 0.0]]",Middle,Right
605,20.166666666666668,1,946.48865,623.81824,0.9123228788375854,"[[0.0, 0.0, 0.0]]",Middle,Left
605,20.166666666666668,2,1137.4998,617.88403,0.8909533023834229,"[[0.0, 0.0, 0.0]]",Middle,Right
606,20.2,1,947.68317,624.31384,0.9122833609580994,"[[0.0, 0.0, 0.0]]",Middle,Left
606,20.2,2,1144.3833,617.47943,0.8907349705696106,"[[0.0, 0.0, 0.0]]",Middle,Right
607,20.233333333333334,1,951.4988,622.82446,0.9131643176078796,"[[0.0, 0.0, 0.0]]",Middle,Left
607,20.233333333333334,2,1161.8773,619.678,0.9091166257858276,"[[0.0, 0.0, 0.0]]",Middle,Right
608,20.266666666666666,1,955.55664,620.92633,0.9223982691764832,"[[0.0, 0.0, 0.0]]",Middle,Left
608,20.266666666666666,2,1180.022,623.17914,0.9191934466362,"[[0.0, 0.0, 0.0]]",Middle,Right
609,20.3,1,959.3581,619.2092,0.9234009385108948,"[[0.0, 0.0, 0.0]]",Middle,Left
609,20.3,2,1198.743,627.51404,0.9160314798355103,"[[0.0, 0.0, 0.0]]",Middle,Right
610,20.333333333333332,1,961.4332,618.2679,0.9214354157447815,"[[0.0, 0.0, 0.0]]",Middle,Right
610,20.333333333333332,2,1222.071,631.8275,0.8936246037483215,"[[0.0, 0.0, 0.0]]",Middle,Right
611,20.366666666666667,1,959.87354,619.2947,0.9149183034896851,"[[0.0, 0.0, 0.0]]",Middle,Left
611,20.366666666666667,2,1234.4395,640.9072,0.9071343541145325,"[[0.0, 0.0, 0.0]]",Middle,Right
612,20.4,1,959.2378,619.67053,0.9148038625717163,"[[0.0, 0.0, 0.0]]",Middle,Left
612,20.4,2,1238.4575,643.4035,0.9066820740699768,"[[0.0, 0.0, 0.0]]",Middle,Right
613,20.433333333333334,1,957.6566,620.8481,0.9155673980712891,"[[0.0, 0.0, 0.0]]",Middle,Left
613,20.433333333333334,2,1243.0242,645.9408,0.877656102180481,"[[0.0, 0.0, 0.0]]",Middle,Right
614,20.466666666666665,1,961.2414,623.9467,0.9204395413398743,"[[0.0, 0.0, 0.0]]",Middle,Right
614,20.466666666666665,2,1258.1143,649.81323,0.8777965307235718,"[[0.0, 0.0, 0.0]]",Middle,Right
615,20.5,1,961.98303,627.104,0.9194837808609009,"[[0.0, 0.0, 0.0]]",Middle,Right
615,20.5,2,1258.3547,651.4247,0.8742008209228516,"[[0.0, 0.0, 0.0]]",Middle,Right
616,20.533333333333335,1,961.9337,632.29236,0.9190510511398315,"[[0.0, 0.0, 0.0]]",Middle,Right
616,20.533333333333335,2,1253.5112,651.89246,0.8692132830619812,"[[0.0, 0.0, 0.0]]",Middle,Right
617,20.566666666666666,1,961.2594,639.2318,0.9210278987884521,"[[0.0, 0.0, 0.0]]",Middle,Right
617,20.566666666666666,2,1262.9661,649.2238,0.8559916019439697,"[[0.0, 0.0, 0.0]]",Middle,Right
618,20.6,1,960.96326,641.7136,0.9210856556892395,"[[0.0, 0.0, 0.0]]",Middle,Right
618,20.6,2,1265.5194,648.172,0.8570606708526611,"[[0.0, 0.0, 0.0]]",Middle,Right
619,20.633333333333333,1,960.4999,647.9563,0.9188708066940308,"[[0.0, 0.0, 0.0]]",Middle,Right
619,20.633333333333333,2,1274.8563,644.3578,0.8668910264968872,"[[0.0, 0.0, 0.0]]",Middle,Right
620,20.666666666666668,1,964.8504,653.2081,0.9147568941116333,"[[0.0, 0.0, 0.0]]",Middle,Right
620,20.666666666666668,2,1281.5035,636.22546,0.8765546679496765,"[[0.0, 0.0, 0.0]]",Middle,Right
621,20.7,1,970.68884,658.7606,0.9109180569648743,"[[0.0, 0.0, 0.0]]",Middle,Right
621,20.7,2,1284.4113,630.9408,0.8927730321884155,"[[0.0, 0.0, 0.0]]",Middle,Right
622,20.733333333333334,1,972.93774,663.0455,0.9158473014831543,"[[0.0, 0.0, 0.0]]",Middle,Right
622,20.733333333333334,2,1284.376,624.4115,0.9047776460647583,"[[0.0, 0.0, 0.0]]",Middle,Right
623,20.766666666666666,1,973.4593,664.76746,0.917605459690094,"[[0.0, 0.0, 0.0]]",Middle,Right
623,20.766666666666666,2,1282.3636,618.3807,0.90207839012146,"[[0.0, 0.0, 0.0]]",Middle,Right
624,20.8,1,973.5945,665.57635,0.91738361120224,"[[0.0, 0.0, 0.0]]",Middle,Right
624,20.8,2,1281.6962,616.07764,0.901906430721283,"[[0.0, 0.0, 0.0]]",Middle,Right
625,20.833333333333332,1,973.26636,666.4237,0.9137458205223083,"[[0.0, 0.0, 0.0]]",Middle,Right
625,20.833333333333332,2,1277.5103,612.3431,0.9071165919303894,"[[0.0, 0.0, 0.0]]",Middle,Right
626,20.866666666666667,1,966.27246,667.63403,0.9101200103759766,"[[0.0, 0.0, 0.0]]",Middle,Right
626,20.866666666666667,2,1273.2239,609.35864,0.9063680171966553,"[[0.0, 0.0, 0.0]]",Middle,Right
627,20.9,1,948.56036,654.8097,0.9293702244758606,"[[0.0, 0.0, 0.0]]",Middle,Left
627,20.9,2,1322.1118,646.757,0.919666051864624,"[[0.0, 0.0, 0.0]]",Middle,Right
628,20.933333333333334,1,941.6859,650.6032,0.9294297099113464,"[[0.0, 0.0, 0.0]]",Middle,Left
628,20.933333333333334,2,1340.27,660.44806,0.919568657875061,"[[0.0, 0.0, 0.0]]",Middle,Right
629,20.966666666666665,1,942.94635,646.80066,0.9255074262619019,"[[0.0, 0.0, 0.0]]",Middle,Left
629,20.966666666666665,2,1357.7421,666.75586,0.9260210394859314,"[[0.0, 0.0, 0.0]]",Middle,Right
630,21.0,1,945.562,644.6106,0.9298405051231384,"[[0.0, 0.0, 0.0]]",Middle,Left
630,21.0,2,1378.8044,669.6233,0.9290509223937988,"[[0.0, 0.0, 0.0]]",Middle,Right
631,21.033333333333335,1,946.53613,644.08417,0.9274453520774841,"[[0.0, 0.0, 0.0]]",Middle,Left
631,21.033333333333335,2,1383.1343,671.0433,0.9198817014694214,"[[0.0, 0.0, 0.0]]",Middle,Right
632,21.066666666666666,1,947.95593,644.5512,0.9240705370903015,"[[0.0, 0.0, 0.0]]",Middle,Left
632,21.066666666666666,2,1371.7604,670.599,0.9190266728401184,"[[0.0, 0.0, 0.0]]",Middle,Right
633,21.1,1,953.5721,648.9281,0.9231817126274109,"[[0.0, 0.0, 0.0]]",Middle,Left
633,21.1,2,1357.8934,668.74335,0.9193279147148132,"[[0.0, 0.0, 0.0]]",Middle,Right
634,21.133333333333333,1,955.6185,650.6151,0.923190176486969,"[[0.0, 0.0, 0.0]]",Middle,Left
634,21.133333333333333,2,1352.8552,667.927,0.9194344282150269,"[[0.0, 0.0, 0.0]]",Middle,Right
635,21.166666666666668,1,963.67883,654.196,0.9275573492050171,"[[0.0, 0.0, 0.0]]",Middle,Right
635,21.166666666666668,2,1343.7993,666.90643,0.9208523631095886,"[[0.0, 0.0, 0.0]]",Middle,Right
636,21.2,1,968.91223,660.8048,0.9274781942367554,"[[0.0, 0.0, 0.0]]",Middle,Right
636,21.2,2,1329.7483,666.1487,0.9196720123291016,"[[0.0, 0.0, 0.0]]",Middle,Right
637,21.233333333333334,1,971.88336,667.27094,0.9234504103660583,"[[0.0, 0.0, 0.0]]",Middle,Right
637,21.233333333333334,2,1315.594,664.50433,0.9108147025108337,"[[0.0, 0.0, 0.0]]",Middle,Right
638,21.266666666666666,1,971.9934,671.97687,0.9255056381225586,"[[0.0, 0.0, 0.0]]",Middle,Right
638,21.266666666666666,2,1295.8129,662.5214,0.9088369011878967,"[[0.0, 0.0, 0.0]]",Middle,Right
639,21.3,1,970.9719,674.68427,0.9235526919364929,"[[0.0, 0.0, 0.0]]",Middle,Right
639,21.3,2,1269.499,660.1253,0.9075036644935608,"[[0.0, 0.0, 0.0]]",Middle,Right
640,21.333333333333332,1,970.54645,675.5798,0.9238215088844299,"[[0.0, 0.0, 0.0]]",Middle,Right
640,21.333333333333332,2,1260.3489,659.48267,0.9078423976898193,"[[0.0, 0.0, 0.0]]",Middle,Right
641,21.366666666666667,1,970.6443,675.50146,0.9183945059776306,"[[0.0, 0.0, 0.0]]",Middle,Right
641,21.366666666666667,2,1242.5876,657.2687,0.8911496996879578,"[[0.0, 0.0, 0.0]]",Middle,Right
642,21.4,1,969.0,673.0486,0.915168046951294,"[[0.0, 0.0, 0.0]]",Middle,Right
642,21.4,2,1219.5232,656.082,0.8784835934638977,"[[0.0, 0.0, 0.0]]",Middle,Right
643,21.433333333333334,1,964.7272,671.1097,0.9127522706985474,"[[0.0, 0.0, 0.0]]",Middle,Right
643,21.433333333333334,2,1208.3418,655.97034,0.865007758140564,"[[0.0, 0.0, 0.0]]",Middle,Right
644,21.466666666666665,1,952.3831,668.6762,0.9091233015060425,"[[0.0, 0.0, 0.0]]",Middle,Left
644,21.466666666666665,2,1205.1636,657.23376,0.8351571559906006,"[[0.0, 0.0, 0.0]]",Middle,Right
645,21.5,1,930.96967,666.08466,0.8901740908622742,"[[0.0, 0.0, 0.0]]",Middle,Left
645,21.5,2,1193.9161,658.38574,0.8747335076332092,"[[0.0, 0.0, 0.0]]",Middle,Right
646,21.533333333333335,1,922.98157,665.08545,0.8911519050598145,"[[0.0, 0.0, 0.0]]",Middle,Left
646,21.533333333333335,2,1189.8995,658.82416,0.8774714469909668,"[[0.0, 0.0, 0.0]]",Middle,Right
647,21.566666666666666,1,908.1422,662.39667,0.8999614119529724,"[[0.0, 0.0, 0.0]]",Middle,Left
647,21.566666666666666,2,1181.9563,659.9739,0.9070855379104614,"[[0.0, 0.0, 0.0]]",Middle,Right
648,21.6,1,888.20447,659.73944,0.8970332145690918,"[[0.0, 0.0, 0.0]]",Middle,Left
648,21.6,2,1173.6616,663.381,0.9067959785461426,"[[0.0, 0.0, 0.0]]",Middle,Right
649,21.633333333333333,1,865.6641,658.09973,0.8886173963546753,"[[0.0, 0.0, 0.0]]",Middle,Left
649,21.633333333333333,2,1164.9434,668.67554,0.9082051515579224,"[[0.0, 0.0, 0.0]]",Middle,Right
650,21.666666666666668,1,853.55585,661.0807,0.8856279850006104,"[[0.0, 0.0, 0.0]]",Middle,Left
650,21.666666666666668,2,1153.2048,665.24646,0.9210832118988037,"[[0.0, 0.0, 0.0]]",Middle,Right
651,21.7,1,841.7666,665.4961,0.8809495568275452,"[[0.0, 0.0, 0.0]]",Middle,Left
651,21.7,2,1139.8772,663.30664,0.9168310165405273,"[[0.0, 0.0, 0.0]]",Middle,Right
652,21.733333333333334,1,838.7991,667.1989,0.8812588453292847,"[[0.0, 0.0, 0.0]]",Middle,Left
652,21.733333333333334,2,1135.1149,662.8732,0.9164417386054993,"[[0.0, 0.0, 0.0]]",Middle,Right
653,21.766666666666666,1,828.96295,676.026,0.82535320520401,"[[0.0, 0.0, 0.0]]",Middle,Left
653,21.766666666666666,2,1124.069,660.7168,0.9154421091079712,"[[0.0, 0.0, 0.0]]",Middle,Right
654,21.8,1,815.11145,685.25854,0.8803871870040894,"[[0.0, 0.0, 0.0]]",Middle,Left
654,21.8,2,1109.4583,656.92596,0.8635189533233643,"[[0.0, 0.0, 0.0]]",Middle,Right
655,21.833333333333332,1,801.71875,692.6608,0.8775975108146667,"[[0.0, 0.0, 0.0]]",Middle,Left
655,21.833333333333332,2,1089.6295,653.1576,0.8881261348724365,"[[0.0, 0.0, 0.0]]",Middle,Right
656,21.866666666666667,1,788.4874,697.04443,0.8907678127288818,"[[0.0, 0.0, 0.0]]",Middle,Left
656,21.866666666666667,2,1080.3737,649.1296,0.8784631490707397,"[[0.0, 0.0, 0.0]]",Middle,Right
657,21.9,1,779.9061,703.2134,0.8998276591300964,"[[0.0, 0.0, 0.0]]",Middle,Left
657,21.9,2,1070.2341,646.6593,0.8587668538093567,"[[0.0, 0.0, 0.0]]",Middle,Right
658,21.933333333333334,1,777.0288,705.4713,0.9000826478004456,"[[0.0, 0.0, 0.0]]",Middle,Left
658,21.933333333333334,2,1067.2067,645.7655,0.8588867783546448,"[[0.0, 0.0, 0.0]]",Middle,Right
659,21.966666666666665,1,766.1858,707.533,0.9059949517250061,"[[0.0, 0.0, 0.0]]",Middle,Left
659,21.966666666666665,2,1044.8633,643.50354,0.8921886086463928,"[[0.0, 0.0, 0.0]]",Middle,Right
660,22.0,1,756.1683,709.2088,0.9110784530639648,"[[0.0, 0.0, 0.0]]",Middle,Left
660,22.0,2,1021.3099,642.7192,0.9094663858413696,"[[0.0, 0.0, 0.0]]",Middle,Right
661,22.033333333333335,1,745.8302,711.34924,0.9128802418708801,"[[0.0, 0.0, 0.0]]",Middle,Left
661,22.033333333333335,2,1004.57556,644.4383,0.9199134707450867,"[[0.0, 0.0, 0.0]]",Middle,Right
662,22.066666666666666,1,733.73047,712.70825,0.9096245765686035,"[[0.0, 0.0, 0.0]]",Middle,Left
662,22.066666666666666,2,994.7814,644.8031,0.9192026257514954,"[[0.0, 0.0, 0.0]]",Middle,Right
663,22.1,1,722.5974,713.457,0.9079216122627258,"[[0.0, 0.0, 0.0]]",Back,Left
663,22.1,2,988.4691,646.30597,0.9242505431175232,"[[0.0, 0.0, 0.0]]",Middle,Right
664,22.133333333333333,1,718.71716,713.9699,0.9066962003707886,"[[0.0, 0.0, 0.0]]",Back,Left
664,22.133333333333333,2,986.15564,647.566,0.9239176511764526,"[[0.0, 0.0, 0.0]]",Middle,Right
665,22.166666666666668,1,710.3876,716.0533,0.8961964249610901,"[[0.0, 0.0, 0.0]]",Back,Left
665,22.166666666666668,2,984.4112,646.39923,0.9169135093688965,"[[0.0, 0.0, 0.0]]",Middle,Right
666,22.2,1,691.7538,720.38513,0.9074660539627075,"[[0.0, 0.0, 0.0]]",Back,Left
666,22.2,2,981.6062,644.6404,0.9147127866744995,"[[0.0, 0.0, 0.0]]",Middle,Right
667,22.233333333333334,1,673.0742,725.21436,0.9138603210449219,"[[0.0, 0.0, 0.0]]",Back,Left
667,22.233333333333334,2,976.39685,643.6647,0.9016826748847961,"[[0.0, 0.0, 0.0]]",Middle,Right
668,22.266666666666666,1,657.8772,733.20624,0.920954167842865,"[[0.0, 0.0, 0.0]]",Back,Left
668,22.266666666666666,2,970.5757,641.6655,0.9071077108383179,"[[0.0, 0.0, 0.0]]",Middle,Right
669,22.3,1,654.5644,741.39575,0.8947697877883911,"[[0.0, 0.0, 0.0]]",Back,Left
669,22.3,2,960.7433,638.95483,0.9131643176078796,"[[0.0, 0.0, 0.0]]",Middle,Right
670,22.333333333333332,1,654.24927,744.73486,0.8900100588798523,"[[0.0, 0.0, 0.0]]",Back,Left
670,22.333333333333332,2,957.558,637.97644,0.9133111834526062,"[[0.0, 0.0, 0.0]]",Middle,Left
671,22.366666666666667,1,652.8396,754.40094,0.883146345615387,"[[0.0, 0.0, 0.0]]",Back,Left
671,22.366666666666667,2,949.30774,636.9878,0.9011660814285278,"[[0.0, 0.0, 0.0]]",Middle,Left
672,22.4,1,651.39514,754.97473,0.8864967823028564,"[[0.0, 0.0, 0.0]]",Back,Left
672,22.4,2,941.9051,634.98804,0.9036566615104675,"[[0.0, 0.0, 0.0]]",Middle,Left
673,22.433333333333334,1,649.18176,756.9641,0.8765135407447815,"[[0.0, 0.0, 0.0]]",Back,Left
673,22.433333333333334,2,935.1499,633.6154,0.9097610116004944,"[[0.0, 0.0, 0.0]]",Middle,Left
674,22.466666666666665,1,645.69055,759.8998,0.889436662197113,"[[0.0, 0.0, 0.0]]",Back,Left
674,22.466666666666665,2,932.2565,633.8022,0.9044758081436157,"[[0.0, 0.0, 0.0]]",Middle,Left
675,22.5,1,643.286,761.85583,0.9014892578125,"[[0.0, 0.0, 0.0]]",Back,Left
675,22.5,2,930.49634,632.92896,0.9106907248497009,"[[0.0, 0.0, 0.0]]",Middle,Left
676,22.533333333333335,1,642.6824,762.447,0.9015698432922363,"[[0.0, 0.0, 0.0]]",Back,Left
676,22.533333333333335,2,930.1633,632.639,0.9106692671775818,"[[0.0, 0.0, 0.0]]",Middle,Left
677,22.566666666666666,1,641.717,769.83105,0.9046068787574768,"[[0.0, 0.0, 0.0]]",Back,Left
677,22.566666666666666,2,929.6198,633.876,0.9087124466896057,"[[0.0, 0.0, 0.0]]",Middle,Left
678,22.6,1,635.35754,774.475,0.9017046689987183,"[[0.0, 0.0, 0.0]]",Back,Left
678,22.6,2,929.6647,634.7118,0.905885636806488,"[[0.0, 0.0, 0.0]]",Middle,Left
679,22.633333333333333,1,633.14734,781.1091,0.9014479517936707,"[[0.0, 0.0, 0.0]]",Back,Left
679,22.633333333333333,2,930.88153,635.4083,0.9032455086708069,"[[0.0, 0.0, 0.0]]",Middle,Left
680,22.666666666666668,1,632.1989,791.12897,0.9053698778152466,"[[0.0, 0.0, 0.0]]",Back,Left
680,22.666666666666668,2,932.90155,635.6785,0.8973780274391174,"[[0.0, 0.0, 0.0]]",Middle,Left
681,22.7,1,632.63855,803.09424,0.9033944010734558,"[[0.0, 0.0, 0.0]]",Back,Left
681,22.7,2,935.1687,636.12244,0.902176558971405,"[[0.0, 0.0, 0.0]]",Middle,Left
682,22.733333333333334,1,632.95636,807.214,0.9031190872192383,"[[0.0, 0.0, 0.0]]",Back,Left
682,22.733333333333334,2,936.15717,636.2935,0.9026293158531189,"[[0.0, 0.0, 0.0]]",Middle,Left
683,22.766666666666666,1,637.1417,812.9055,0.8913589715957642,"[[0.0, 0.0, 0.0]]",Back,Left
683,22.766666666666666,2,936.94556,636.7041,0.9013575911521912,"[[0.0, 0.0, 0.0]]",Middle,Left
684,22.8,1,644.43396,821.18677,0.8903005719184875,"[[0.0, 0.0, 0.0]]",Back,Left
684,22.8,2,939.00555,636.5217,0.8989065885543823,"[[0.0, 0.0, 0.0]]",Middle,Left
685,22.833333333333332,1,651.89514,823.5143,0.9066203236579895,"[[0.0, 0.0, 0.0]]",Back,Left
685,22.833333333333332,2,941.52795,635.44055,0.9004363417625427,"[[0.0, 0.0, 0.0]]",Middle,Left
686,22.866666666666667,1,659.75244,822.3906,0.9055092930793762,"[[0.0, 0.0, 0.0]]",Back,Left
686,22.866666666666667,2,942.8607,634.3865,0.9040947556495667,"[[0.0, 0.0, 0.0]]",Middle,Left
687,22.9,1,666.1576,814.46655,0.8889977931976318,"[[0.0, 0.0, 0.0]]",Back,Left
687,22.9,2,943.38184,634.3485,0.9076206684112549,"[[0.0, 0.0, 0.0]]",Middle,Left
688,22.933333333333334,1,668.24097,811.506,0.8882457613945007,"[[0.0, 0.0, 0.0]]",Back,Left
688,22.933333333333334,2,943.6299,634.6843,0.9075720906257629,"[[0.0, 0.0, 0.0]]",Middle,Left
689,22.966666666666665,1,679.6062,799.0355,0.9059286117553711,"[[0.0, 0.0, 0.0]]",Back,Left
689,22.966666666666665,2,942.0232,633.50867,0.9014680981636047,"[[0.0, 0.0, 0.0]]",Middle,Left
690,23.0,1,691.171,785.6218,0.8864368200302124,"[[0.0, 0.0, 0.0]]",Back,Left
690,23.0,2,937.5068,633.74023,0.9047272801399231,"[[0.0, 0.0, 0.0]]",Middle,Left
691,23.033333333333335,1,702.661,774.36285,0.8798887133598328,"[[0.0, 0.0, 0.0]]",Back,Left
691,23.033333333333335,2,928.48975,636.5261,0.9079334735870361,"[[0.0, 0.0, 0.0]]",Middle,Left
692,23.066666666666666,1,710.67505,761.947,0.8434153199195862,"[[0.0, 0.0, 0.0]]",Back,Left
692,23.066666666666666,2,922.87286,639.8874,0.9069194793701172,"[[0.0, 0.0, 0.0]]",Middle,Left
693,23.1,1,737.52026,752.3537,0.8856012225151062,"[[0.0, 0.0, 0.0]]",Back,Left
693,23.1,2,919.67926,644.52747,0.849846601486206,"[[0.0, 0.0, 0.0]]",Middle,Left
694,23.133333333333333,1,746.4961,748.64087,0.8858495354652405,"[[0.0, 0.0, 0.0]]",Back,Left
694,23.133333333333333,2,919.9539,646.18884,0.8462545275688171,"[[0.0, 0.0, 0.0]]",Middle,Left
695,23.166666666666668,1,759.10535,741.84534,0.888441264629364,"[[0.0, 0.0, 0.0]]",Back,Left
695,23.166666666666668,2,932.12146,649.1232,0.8815708756446838,"[[0.0, 0.0, 0.0]]",Middle,Left
696,23.2,1,773.045,734.47864,0.8839724659919739,"[[0.0, 0.0, 0.0]]",Back,Left
696,23.2,2,928.3699,654.9049,0.8948309421539307,"[[0.0, 0.0, 0.0]]",Middle,Left
697,23.233333333333334,1,784.28217,730.4589,0.8405056595802307,"[[0.0, 0.0, 0.0]]",Back,Left
697,23.233333333333334,2,927.3418,658.9959,0.9039046168327332,"[[0.0, 0.0, 0.0]]",Middle,Left
698,23.266666666666666,1,791.2595,728.724,0.8998883366584778,"[[0.0, 0.0, 0.0]]",Back,Left
698,23.266666666666666,2,922.15796,660.0385,0.8957147002220154,"[[0.0, 0.0, 0.0]]",Middle,Left
699,23.3,1,794.2401,724.94543,0.8500776886940002,"[[0.0, 0.0, 0.0]]",Back,Left
699,23.3,2,910.9078,660.3274,0.8656660914421082,"[[0.0, 0.0, 0.0]]",Middle,Left
700,23.333333333333332,1,794.96375,723.62164,0.8452029228210449,"[[0.0, 0.0, 0.0]]",Back,Left
700,23.333333333333332,2,906.53644,660.37024,0.8661168217658997,"[[0.0, 0.0, 0.0]]",Middle,Left
701,23.366666666666667,1,795.91284,717.076,0.8683379888534546,"[[0.0, 0.0, 0.0]]",Back,Left
701,23.366666666666667,2,901.05066,660.64386,0.6286347508430481,"[[0.0, 0.0, 0.0]]",Middle,Left
702,23.4,1,798.193,714.0321,0.8313918113708496,"[[0.0, 0.0, 0.0]]",Back,Left
703,23.433333333333334,2,798.4516,711.3729,0.7764124274253845,"[[0.0, 0.0, 0.0]]",Middle,Left
704,23.466666666666665,1,799.84485,711.1599,0.8785674571990967,"[[0.0, 0.0, 0.0]]",Middle,Left
705,23.5,2,802.1255,710.22394,0.8908324837684631,"[[0.0, 0.0, 0.0]]",Middle,Left
706,23.533333333333335,1,802.67737,710.0158,0.8914834856987,"[[0.0, 0.0, 0.0]]",Middle,Left
707,23.566666666666666,2,801.3484,709.72076,0.7458599209785461,"[[0.0, 0.0, 0.0]]",Middle,Left
708,23.6,1,725.1162,654.2004,0.7724449038505554,"[[0.0, 0.0, 0.0]]",Middle,Left
708,23.6,2,804.0775,707.4059,0.8511321544647217,"[[0.0, 0.0, 0.0]]",Middle,Left
709,23.633333333333333,1,716.64655,660.5703,0.8387761116027832,"[[0.0, 0.0, 0.0]]",Middle,Left
709,23.633333333333333,2,809.2973,698.0067,0.8759104013442993,"[[0.0, 0.0, 0.0]]",Middle,Left
710,23.666666666666668,1,705.52057,672.3358,0.8636922240257263,"[[0.0, 0.0, 0.0]]",Middle,Left
710,23.666666666666668,2,815.13824,694.5708,0.8995844721794128,"[[0.0, 0.0, 0.0]]",Middle,Left
711,23.7,1,696.7344,681.8637,0.8891786336898804,"[[0.0, 0.0, 0.0]]",Middle,Left
711,23.7,2,818.4077,687.417,0.8926419615745544,"[[0.0, 0.0, 0.0]]",Middle,Left
712,23.733333333333334,1,693.64026,685.09094,0.8892480731010437,"[[0.0, 0.0, 0.0]]",Middle,Left
712,23.733333333333334,2,819.37415,684.90045,0.8927510976791382,"[[0.0, 0.0, 0.0]]",Middle,Left
713,23.766666666666666,1,687.8738,690.76215,0.9029484987258911,"[[0.0, 0.0, 0.0]]",Middle,Left
713,23.766666666666666,2,822.3202,681.7596,0.9064204096794128,"[[0.0, 0.0, 0.0]]",Middle,Left
714,23.8,1,678.41516,698.38275,0.9104452729225159,"[[0.0, 0.0, 0.0]]",Middle,Left
714,23.8,2,825.9557,678.40656,0.8978431820869446,"[[0.0, 0.0, 0.0]]",Middle,Left
715,23.833333333333332,1,661.2957,708.02637,0.9141266942024231,"[[0.0, 0.0, 0.0]]",Middle,Left
715,23.833333333333332,2,832.1947,675.6202,0.8934365510940552,"[[0.0, 0.0, 0.0]]",Middle,Left
716,23.866666666666667,1,645.96356,719.05225,0.9168589115142822,"[[0.0, 0.0, 0.0]]",Back,Left
716,23.866666666666667,2,839.7289,673.7184,0.8928422331809998,"[[0.0, 0.0, 0.0]]",Middle,Left
717,23.9,1,633.27295,731.2596,0.9201295971870422,"[[0.0, 0.0, 0.0]]",Back,Left
717,23.9,2,843.0251,673.4747,0.8910846710205078,"[[0.0, 0.0, 0.0]]",Middle,Left
718,23.933333333333334,1,628.24243,735.5598,0.920218288898468,"[[0.0, 0.0, 0.0]]",Back,Left
718,23.933333333333334,2,844.0188,673.5128,0.8905504941940308,"[[0.0, 0.0, 0.0]]",Middle,Left
719,23.966666666666665,1,619.026,743.11646,0.9083107113838196,"[[0.0, 0.0, 0.0]]",Back,Left
719,23.966666666666665,2,844.60535,673.9747,0.8950178027153015,"[[0.0, 0.0, 0.0]]",Middle,Left
720,24.0,1,610.2111,756.2228,0.9091589450836182,"[[0.0, 0.0, 0.0]]",Back,Left
720,24.0,2,845.34515,673.2608,0.8924003839492798,"[[0.0, 0.0, 0.0]]",Middle,Left
721,24.033333333333335,1,604.4188,762.48865,0.9083486795425415,"[[0.0, 0.0, 0.0]]",Back,Left
721,24.033333333333335,2,846.48865,669.38965,0.8961985111236572,"[[0.0, 0.0, 0.0]]",Middle,Left
722,24.066666666666666,1,599.5614,767.4867,0.9145610332489014,"[[0.0, 0.0, 0.0]]",Back,Left
722,24.066666666666666,2,845.7705,663.6724,0.9016726016998291,"[[0.0, 0.0, 0.0]]",Middle,Left
723,24.1,1,586.302,773.36334,0.9137208461761475,"[[0.0, 0.0, 0.0]]",Back,Left
723,24.1,2,843.11035,659.97424,0.8951189517974854,"[[0.0, 0.0, 0.0]]",Middle,Left
724,24.133333333333333,1,581.47217,775.5398,0.9135050177574158,"[[0.0, 0.0, 0.0]]",Back,Left
724,24.133333333333333,2,842.03235,658.731,0.8951730728149414,"[[0.0, 0.0, 0.0]]",Middle,Left
725,24.166666666666668,1,560.1382,777.0554,0.9103031158447266,"[[0.0, 0.0, 0.0]]",Back,Left
725,24.166666666666668,2,839.5526,655.0284,0.8910999298095703,"[[0.0, 0.0, 0.0]]",Middle,Left
726,24.2,1,548.6146,773.6023,0.9110071063041687,"[[0.0, 0.0, 0.0]]",Back,Left
726,24.2,2,834.01746,654.7594,0.9069280028343201,"[[0.0, 0.0, 0.0]]",Middle,Left
727,24.233333333333334,1,555.27856,771.88586,0.9155691862106323,"[[0.0, 0.0, 0.0]]",Back,Left
727,24.233333333333334,2,828.4367,654.77313,0.9118829369544983,"[[0.0, 0.0, 0.0]]",Middle,Left
728,24.266666666666666,1,566.7914,765.73376,0.9168848395347595,"[[0.0, 0.0, 0.0]]",Back,Left
728,24.266666666666666,2,823.48517,654.2013,0.9205906391143799,"[[0.0, 0.0, 0.0]]",Middle,Left
729,24.3,1,574.017,761.0168,0.9106436371803284,"[[0.0, 0.0, 0.0]]",Back,Left
729,24.3,2,816.6002,658.09,0.9272605180740356,"[[0.0, 0.0, 0.0]]",Middle,Left
730,24.333333333333332,1,576.79456,759.11414,0.9103405475616455,"[[0.0, 0.0, 0.0]]",Back,Left
730,24.333333333333332,2,813.74805,659.6068,0.9271271228790283,"[[0.0, 0.0, 0.0]]",Middle,Left
731,24.366666666666667,1,578.5705,750.095,0.9104102849960327,"[[0.0, 0.0, 0.0]]",Back,Left
731,24.366666666666667,2,807.9064,664.5412,0.924436628818512,"[[0.0, 0.0, 0.0]]",Middle,Left
732,24.4,1,579.34503,739.54724,0.9001709222793579,"[[0.0, 0.0, 0.0]]",Back,Left
732,24.4,2,805.57196,670.4595,0.9166277647018433,"[[0.0, 0.0, 0.0]]",Middle,Left
733,24.433333333333334,1,580.0486,732.25806,0.8908494114875793,"[[0.0, 0.0, 0.0]]",Back,Left
733,24.433333333333334,2,803.72266,671.3099,0.9140788912773132,"[[0.0, 0.0, 0.0]]",Middle,Left
734,24.466666666666665,1,595.46783,719.77386,0.8515322804450989,"[[0.0, 0.0, 0.0]]",Back,Left
734,24.466666666666665,2,802.7212,666.2288,0.9075008034706116,"[[0.0, 0.0, 0.0]]",Middle,Left
735,24.5,1,596.88245,704.7737,0.895986020565033,"[[0.0, 0.0, 0.0]]",Middle,Left
735,24.5,2,799.8122,664.6826,0.9050052762031555,"[[0.0, 0.0, 0.0]]",Middle,Left
736,24.533333333333335,1,597.48285,698.92554,0.8959561586380005,"[[0.0, 0.0, 0.0]]",Middle,Left
736,24.533333333333335,2,798.7556,664.1215,0.9053771495819092,"[[0.0, 0.0, 0.0]]",Middle,Left
737,24.566666666666666,1,610.5558,691.59814,0.8387997150421143,"[[0.0, 0.0, 0.0]]",Middle,Left
737,24.566666666666666,2,789.0206,663.9226,0.8968376517295837,"[[0.0, 0.0, 0.0]]",Middle,Left
738,24.6,1,636.8852,680.79596,0.8621221780776978,"[[0.0, 0.0, 0.0]]",Middle,Left
738,24.6,2,779.1602,677.3937,0.849628746509552,"[[0.0, 0.0, 0.0]]",Middle,Left
739,24.633333333333333,1,657.5439,677.7108,0.8857397437095642,"[[0.0, 0.0, 0.0]]",Middle,Left
739,24.633333333333333,2,766.1555,689.762,0.3687266409397125,"[[0.0, 0.0, 0.0]]",Middle,Left
740,24.666666666666668,1,670.6546,672.7917,0.8475829362869263,"[[0.0, 0.0, 0.0]]",Middle,Left
741,24.7,2,681.84644,667.79974,0.8614447116851807,"[[0.0, 0.0, 0.0]]",Middle,Left
742,24.733333333333334,1,685.3295,666.05707,0.8612090945243835,"[[0.0, 0.0, 0.0]]",Middle,Left
743,24.766666666666666,2,688.97363,668.8384,0.8918488621711731,"[[0.0, 0.0, 0.0]]",Middle,Left
744,24.8,1,691.3294,671.99774,0.8750417828559875,"[[0.0, 0.0, 0.0]]",Middle,Left
745,24.833333333333332,2,706.6045,673.01965,0.8697200417518616,"[[0.0, 0.0, 0.0]]",Middle,Left
746,24.866666666666667,1,720.0823,678.16345,0.901007354259491,"[[0.0, 0.0, 0.0]]",Middle,Left
747,24.9,1,725.8739,682.48804,0.904924750328064,"[[0.0, 0.0, 0.0]]",Middle,Left
747,24.9,2,618.2997,671.39014,0.7396393418312073,"[[0.0, 0.0, 0.0]]",Middle,Left
748,24.933333333333334,1,727.6644,684.19196,0.9047638177871704,"[[0.0, 0.0, 0.0]]",Middle,Left
748,24.933333333333334,2,614.8169,671.0908,0.739136278629303,"[[0.0, 0.0, 0.0]]",Middle,Left
749,24.966666666666665,1,729.9497,684.84424,0.8993910551071167,"[[0.0, 0.0, 0.0]]",Middle,Left
749,24.966666666666665,2,609.7611,670.9777,0.8517999649047852,"[[0.0, 0.0, 0.0]]",Middle,Left
750,25.0,1,734.74585,685.1077,0.9115269184112549,"[[0.0, 0.0, 0.0]]",Middle,Left
750,25.0,2,607.73096,664.25916,0.8718727827072144,"[[0.0, 0.0, 0.0]]",Middle,Left
751,25.033333333333335,1,744.78625,681.25256,0.9077368974685669,"[[0.0, 0.0, 0.0]]",Middle,Left
751,25.033333333333335,2,602.7211,654.3683,0.8681254982948303,"[[0.0, 0.0, 0.0]]",Middle,Left
752,25.066666666666666,1,750.95483,675.86255,0.9040416479110718,"[[0.0, 0.0, 0.0]]",Middle,Left
752,25.066666666666666,2,590.89246,646.5023,0.8838728070259094,"[[0.0, 0.0, 0.0]]",Middle,Left
753,25.1,1,757.3217,672.8712,0.9006925225257874,"[[0.0, 0.0, 0.0]]",Middle,Left
753,25.1,2,580.6439,642.60535,0.879905104637146,"[[0.0, 0.0, 0.0]]",Middle,Left
754,25.133333333333333,1,759.289,671.79846,0.9008327126502991,"[[0.0, 0.0, 0.0]]",Middle,Left
754,25.133333333333333,2,577.1968,641.42236,0.8802683353424072,"[[0.0, 0.0, 0.0]]",Middle,Left
755,25.166666666666668,1,761.8076,669.7947,0.8997137546539307,"[[0.0, 0.0, 0.0]]",Middle,Left
755,25.166666666666668,2,568.7533,637.7953,0.8875431418418884,"[[0.0, 0.0, 0.0]]",Middle,Left
756,25.2,1,763.09076,667.76434,0.9025974273681641,"[[0.0, 0.0, 0.0]]",Middle,Left
756,25.2,2,560.5171,634.2637,0.896500289440155,"[[0.0, 0.0, 0.0]]",Middle,Left
757,25.233333333333334,1,762.3447,667.0492,0.9098494648933411,"[[0.0, 0.0, 0.0]]",Middle,Left
757,25.233333333333334,2,554.03,631.1034,0.9022504091262817,"[[0.0, 0.0, 0.0]]",Middle,Left
758,25.266666666666666,1,759.8668,666.52606,0.9134121537208557,"[[0.0, 0.0, 0.0]]",Middle,Left
758,25.266666666666666,2,548.1882,630.4404,0.9030775427818298,"[[0.0, 0.0, 0.0]]",Middle,Left
759,25.3,1,757.4987,667.0466,0.9137173891067505,"[[0.0, 0.0, 0.0]]",Middle,Left
759,25.3,2,543.84314,630.023,0.91256183385849,"[[0.0, 0.0, 0.0]]",Middle,Left
760,25.333333333333332,1,756.45984,667.28784,0.9138331413269043,"[[0.0, 0.0, 0.0]]",Middle,Left
760,25.333333333333332,2,542.3,629.99695,0.9125867486000061,"[[0.0, 0.0, 0.0]]",Middle,Left
761,25.366666666666667,1,754.9731,667.7543,0.9146538376808167,"[[0.0, 0.0, 0.0]]",Middle,Left
761,25.366666666666667,2,539.39844,631.773,0.9176079630851746,"[[0.0, 0.0, 0.0]]",Middle,Left
762,25.4,1,752.9917,666.9614,0.9072559475898743,"[[0.0, 0.0, 0.0]]",Middle,Left
762,25.4,2,536.1736,635.2067,0.9133839011192322,"[[0.0, 0.0, 0.0]]",Middle,Left
763,25.433333333333334,1,751.1781,668.0164,0.8966494202613831,"[[0.0, 0.0, 0.0]]",Middle,Left
763,25.433333333333334,2,530.6524,639.27124,0.9194416999816895,"[[0.0, 0.0, 0.0]]",Middle,Left
764,25.466666666666665,1,752.1056,667.1389,0.8944135308265686,"[[0.0, 0.0, 0.0]]",Middle,Left
764,25.466666666666665,2,522.2306,641.1809,0.9168527722358704,"[[0.0, 0.0, 0.0]]",Middle,Left
765,25.5,1,753.06854,668.4804,0.8812167644500732,"[[0.0, 0.0, 0.0]]",Middle,Left
765,25.5,2,513.0111,640.9034,0.912344217300415,"[[0.0, 0.0, 0.0]]",Middle,Left
766,25.533333333333335,1,753.7041,669.011,0.8787030577659607,"[[0.0, 0.0, 0.0]]",Middle,Left
766,25.533333333333335,2,509.62347,640.81805,0.9121859669685364,"[[0.0, 0.0, 0.0]]",Middle,Left
767,25.566666666666666,1,755.2433,668.89246,0.8870065212249756,"[[0.0, 0.0, 0.0]]",Middle,Left
767,25.566666666666666,2,506.26245,637.78894,0.9036054611206055,"[[0.0, 0.0, 0.0]]",Middle,Left
768,25.6,1,757.1201,668.86426,0.8988917469978333,"[[0.0, 0.0, 0.0]]",Middle,Left
768,25.6,2,503.92947,633.6894,0.9128246307373047,"[[0.0, 0.0, 0.0]]",Middle,Left
769,25.633333333333333,1,758.42645,669.19336,0.8978177905082703,"[[0.0, 0.0, 0.0]]",Middle,Left
769,25.633333333333333,2,499.26715,627.89545,0.9079254269599915,"[[0.0, 0.0, 0.0]]",Middle,Left
770,25.666666666666668,1,757.8523,668.9963,0.8916367888450623,"[[0.0, 0.0, 0.0]]",Middle,Left
770,25.666666666666668,2,496.7978,621.8265,0.8972514867782593,"[[0.0, 0.0, 0.0]]",Middle,Left
771,25.7,1,757.9226,669.92126,0.8927074670791626,"[[0.0, 0.0, 0.0]]",Middle,Left
771,25.7,2,493.04922,616.63,0.894286036491394,"[[0.0, 0.0, 0.0]]",Middle,Left
772,25.733333333333334,1,757.9299,670.278,0.8930471539497375,"[[0.0, 0.0, 0.0]]",Middle,Left
772,25.733333333333334,2,492.07617,614.70667,0.8943188786506653,"[[0.0, 0.0, 0.0]]",Middle,Left
773,25.766666666666666,1,757.87134,669.7506,0.8964787721633911,"[[0.0, 0.0, 0.0]]",Middle,Left
773,25.766666666666666,2,489.3982,611.7658,0.889144778251648,"[[0.0, 0.0, 0.0]]",Middle,Left
774,25.8,1,757.48346,669.23206,0.8944635391235352,"[[0.0, 0.0, 0.0]]",Middle,Left
774,25.8,2,491.61462,609.42896,0.886837363243103,"[[0.0, 0.0, 0.0]]",Middle,Left
775,25.833333333333332,1,755.6715,669.37,0.8968002796173096,"[[0.0, 0.0, 0.0]]",Middle,Left
775,25.833333333333332,2,495.25055,608.2962,0.8936278820037842,"[[0.0, 0.0, 0.0]]",Middle,Left
776,25.866666666666667,1,753.9868,669.09906,0.8984465599060059,"[[0.0, 0.0, 0.0]]",Middle,Left
776,25.866666666666667,2,499.2429,607.9546,0.8954450488090515,"[[0.0, 0.0, 0.0]]",Middle,Left
777,25.9,1,751.6963,669.32983,0.9034459590911865,"[[0.0, 0.0, 0.0]]",Middle,Left
777,25.9,2,501.4432,607.9132,0.899182915687561,"[[0.0, 0.0, 0.0]]",Middle,Left
778,25.933333333333334,1,750.8682,669.41187,0.9035154581069946,"[[0.0, 0.0, 0.0]]",Middle,Left
778,25.933333333333334,2,502.34372,607.9759,0.8990491628646851,"[[0.0, 0.0, 0.0]]",Middle,Left
779,25.966666666666665,1,749.52625,670.1073,0.8981953859329224,"[[0.0, 0.0, 0.0]]",Middle,Left
779,25.966666666666665,2,501.65912,608.719,0.8997849822044373,"[[0.0, 0.0, 0.0]]",Middle,Left
780,26.0,1,748.0571,670.38245,0.8955965638160706,"[[0.0, 0.0, 0.0]]",Middle,Left
780,26.0,2,498.4906,607.7608,0.89960777759552,"[[0.0, 0.0, 0.0]]",Middle,Left
781,26.033333333333335,1,745.87915,671.1428,0.8963124752044678,"[[0.0, 0.0, 0.0]]",Middle,Left
781,26.033333333333335,2,496.02338,602.84436,0.8974920511245728,"[[0.0, 0.0, 0.0]]",Middle,Left
782,26.066666666666666,1,742.7776,671.4258,0.8871772885322571,"[[0.0, 0.0, 0.0]]",Middle,Left
782,26.066666666666666,2,496.03265,598.04974,0.906582236289978,"[[0.0, 0.0, 0.0]]",Middle,Left
783,26.1,1,739.3153,671.51825,0.8866263031959534,"[[0.0, 0.0, 0.0]]",Middle,Left
783,26.1,2,497.69284,594.31366,0.9077317714691162,"[[0.0, 0.0, 0.0]]",Middle,Left
784,26.133333333333333,1,738.0649,671.88,0.8860398530960083,"[[0.0, 0.0, 0.0]]",Middle,Left
784,26.133333333333333,2,498.39917,593.0086,0.9076308012008667,"[[0.0, 0.0, 0.0]]",Middle,Left
785,26.166666666666668,1,732.9852,672.0173,0.8947997689247131,"[[0.0, 0.0, 0.0]]",Middle,Left
785,26.166666666666668,2,501.61035,590.9469,0.9060608148574829,"[[0.0, 0.0, 0.0]]",Middle,Left
786,26.2,1,727.7946,672.06573,0.8970620036125183,"[[0.0, 0.0, 0.0]]",Middle,Left
786,26.2,2,507.51593,589.59766,0.9049987196922302,"[[0.0, 0.0, 0.0]]",Middle,Left
787,26.233333333333334,1,716.9011,672.0749,0.8785772323608398,"[[0.0, 0.0, 0.0]]",Middle,Left
787,26.233333333333334,2,513.7938,588.50635,0.9074317812919617,"[[0.0, 0.0, 0.0]]",Middle,Left
788,26.266666666666666,1,707.67944,673.06915,0.8826045989990234,"[[0.0, 0.0, 0.0]]",Middle,Left
788,26.266666666666666,2,523.50916,588.18,0.8945179581642151,"[[0.0, 0.0, 0.0]]",Middle,Left
789,26.3,1,701.84863,673.1053,0.8744778633117676,"[[0.0, 0.0, 0.0]]",Middle,Left
789,26.3,2,534.3822,588.46106,0.9013149738311768,"[[0.0, 0.0, 0.0]]",Middle,Left
790,26.333333333333332,1,700.0416,673.10046,0.8745753765106201,"[[0.0, 0.0, 0.0]]",Middle,Left
790,26.333333333333332,2,538.2916,588.6323,0.9014633893966675,"[[0.0, 0.0, 0.0]]",Middle,Left
791,26.366666666666667,1,698.4888,673.4316,0.8693605661392212,"[[0.0, 0.0, 0.0]]",Middle,Left
791,26.366666666666667,2,540.5762,589.0916,0.8997636437416077,"[[0.0, 0.0, 0.0]]",Middle,Left
792,26.4,1,692.5975,673.5485,0.8826441168785095,"[[0.0, 0.0, 0.0]]",Middle,Left
792,26.4,2,545.3043,589.64325,0.90779709815979,"[[0.0, 0.0, 0.0]]",Middle,Left
793,26.433333333333334,1,686.92285,673.9169,0.88188236951828,"[[0.0, 0.0, 0.0]]",Middle,Left
793,26.433333333333334,2,549.2238,589.56177,0.9016052484512329,"[[0.0, 0.0, 0.0]]",Middle,Left
794,26.466666666666665,1,685.8771,674.69,0.8866127133369446,"[[0.0, 0.0, 0.0]]",Middle,Left
794,26.466666666666665,2,552.2831,590.21643,0.9047254323959351,"[[0.0, 0.0, 0.0]]",Middle,Left
795,26.5,1,675.54865,675.6542,0.9060028791427612,"[[0.0, 0.0, 0.0]]",Middle,Left
795,26.5,2,557.22064,589.18494,0.8946170806884766,"[[0.0, 0.0, 0.0]]",Middle,Left
796,26.533333333333335,1,671.7139,675.99634,0.9060457348823547,"[[0.0, 0.0, 0.0]]",Middle,Left
796,26.533333333333335,2,559.0481,588.818,0.894661009311676,"[[0.0, 0.0, 0.0]]",Middle,Left
797,26.566666666666666,1,662.0952,676.4542,0.9202467799186707,"[[0.0, 0.0, 0.0]]",Middle,Left
797,26.566666666666666,2,563.18665,587.0626,0.8946036696434021,"[[0.0, 0.0, 0.0]]",Middle,Left
798,26.6,1,654.3735,678.25745,0.9123639464378357,"[[0.0, 0.0, 0.0]]",Middle,Left
798,26.6,2,567.9315,582.7637,0.8711347579956055,"[[0.0, 0.0, 0.0]]",Middle,Left
799,26.633333333333333,1,648.8817,680.23474,0.9054280519485474,"[[0.0, 0.0, 0.0]]",Middle,Left
799,26.633333333333333,2,576.6488,579.177,0.8729404807090759,"[[0.0, 0.0, 0.0]]",Middle,Left
800,26.666666666666668,1,647.1041,681.95667,0.9111973643302917,"[[0.0, 0.0, 0.0]]",Middle,Left
800,26.666666666666668,2,580.6355,575.5551,0.8260599374771118,"[[0.0, 0.0, 0.0]]",Middle,Left
801,26.7,1,647.2067,683.24347,0.9029613137245178,"[[0.0, 0.0, 0.0]]",Middle,Left
801,26.7,2,589.6232,571.60297,0.7522854804992676,"[[0.0, 0.0, 0.0]]",Middle,Left
802,26.733333333333334,1,647.4529,683.70105,0.9030192494392395,"[[0.0, 0.0, 0.0]]",Middle,Left
802,26.733333333333334,2,592.3103,570.2018,0.7521558403968811,"[[0.0, 0.0, 0.0]]",Middle,Left
803,26.766666666666666,1,645.0997,685.1562,0.9081536531448364,"[[0.0, 0.0, 0.0]]",Middle,Left
804,26.8,2,642.69995,686.9981,0.905298113822937,"[[0.0, 0.0, 0.0]]",Middle,Left
805,26.833333333333332,1,640.9359,687.985,0.9205544590950012,"[[0.0, 0.0, 0.0]]",Middle,Left
806,26.866666666666667,2,636.16016,686.6714,0.929006814956665,"[[0.0, 0.0, 0.0]]",Middle,Left
807,26.9,1,630.1664,686.801,0.9114914536476135,"[[0.0, 0.0, 0.0]]",Middle,Left
808,26.933333333333334,1,628.09216,687.1604,0.9114248156547546,"[[0.0, 0.0, 0.0]]",Middle,Left
808,26.933333333333334,2,667.9,565.5,0.6138255596160889,"[[0.0, 0.0, 0.0]]",Middle,Left
809,26.966666666666665,1,620.1218,684.6318,0.9111970067024231,"[[0.0, 0.0, 0.0]]",Middle,Left
809,26.966666666666665,2,670.284,565.8855,0.7995444536209106,"[[0.0, 0.0, 0.0]]",Middle,Left
810,27.0,1,608.1454,683.3339,0.9151897430419922,"[[0.0, 0.0, 0.0]]",Middle,Left
810,27.0,2,675.0368,567.58606,0.8528909683227539,"[[0.0, 0.0, 0.0]]",Middle,Left
811,27.033333333333335,1,592.33325,683.1591,0.9007247090339661,"[[0.0, 0.0, 0.0]]",Middle,Left
811,27.033333333333335,2,685.08923,568.4704,0.8827730417251587,"[[0.0, 0.0, 0.0]]",Middle,Left
812,27.066666666666666,1,573.8465,683.74384,0.9029215574264526,"[[0.0, 0.0, 0.0]]",Middle,Left
812,27.066666666666666,2,689.83124,572.03796,0.8941553831100464,"[[0.0, 0.0, 0.0]]",Middle,Left
813,27.1,1,554.4859,686.9241,0.8825546503067017,"[[0.0, 0.0, 0.0]]",Middle,Left
813,27.1,2,690.38806,576.05273,0.883594810962677,"[[0.0, 0.0, 0.0]]",Middle,Left
814,27.133333333333333,1,548.0411,688.11865,0.8820063471794128,"[[0.0, 0.0, 0.0]]",Middle,Left
814,27.133333333333333,2,690.4818,577.3325,0.8838723301887512,"[[0.0, 0.0, 0.0]]",Middle,Left
815,27.166666666666668,1,538.9169,691.19507,0.863945484161377,"[[0.0, 0.0, 0.0]]",Middle,Left
815,27.166666666666668,2,690.3296,580.474,0.8897114396095276,"[[0.0, 0.0, 0.0]]",Middle,Left
816,27.2,1,565.4117,682.43475,0.9093751907348633,"[[0.0, 0.0, 0.0]]",Middle,Left
817,27.233333333333334,1,574.7939,678.40356,0.9085140228271484,"[[0.0, 0.0, 0.0]]",Middle,Left
817,27.233333333333334,2,1149.6954,657.70276,0.9063199162483215,"[[0.0, 0.0, 0.0]]",Middle,Right
818,27.266666666666666,1,578.98975,677.5781,0.9058119058609009,"[[0.0, 0.0, 0.0]]",Middle,Left
818,27.266666666666666,2,1140.3442,652.5633,0.9065198302268982,"[[0.0, 0.0, 0.0]]",Middle,Right
819,27.3,1,579.8397,678.63416,0.9057733416557312,"[[0.0, 0.0, 0.0]]",Middle,Left
819,27.3,2,1128.957,646.9448,0.908488929271698,"[[0.0, 0.0, 0.0]]",Middle,Right
820,27.333333333333332,1,578.9468,679.383,0.9057513475418091,"[[0.0, 0.0, 0.0]]",Middle,Left
820,27.333333333333332,2,1119.0913,641.21814,0.9037285447120667,"[[0.0, 0.0, 0.0]]",Middle,Right
821,27.366666666666667,1,574.7654,680.01636,0.9082644581794739,"[[0.0, 0.0, 0.0]]",Middle,Left
821,27.366666666666667,2,1104.7142,636.6296,0.8750291466712952,"[[0.0, 0.0, 0.0]]",Middle,Right
822,27.4,1,573.2476,680.26764,0.907834529876709,"[[0.0, 0.0, 0.0]]",Middle,Left
822,27.4,2,1101.0712,635.2251,0.8734086751937866,"[[0.0, 0.0, 0.0]]",Middle,Right
823,27.433333333333334,1,568.45294,680.3684,0.9073886871337891,"[[0.0, 0.0, 0.0]]",Middle,Left
823,27.433333333333334,2,1080.3516,637.675,0.8277950286865234,"[[0.0, 0.0, 0.0]]",Middle,Right
824,27.466666666666665,1,558.4105,680.07556,0.9096436500549316,"[[0.0, 0.0, 0.0]]",Middle,Left
824,27.466666666666665,2,1071.7972,634.3234,0.6025245189666748,"[[0.0, 0.0, 0.0]]",Middle,Right
825,27.5,1,544.4706,679.9728,0.9024612903594971,"[[0.0, 0.0, 0.0]]",Middle,Left
825,27.5,2,1089.1759,636.2066,0.8827042579650879,"[[0.0, 0.0, 0.0]]",Middle,Right
826,27.533333333333335,1,527.5886,680.2805,0.9007243514060974,"[[0.0, 0.0, 0.0]]",Middle,Left
826,27.533333333333335,2,1092.6072,636.3601,0.815432071685791,"[[0.0, 0.0, 0.0]]",Middle,Right
827,27.566666666666666,1,513.82227,680.7293,0.8978559374809265,"[[0.0, 0.0, 0.0]]",Middle,Left
827,27.566666666666666,2,1086.6234,636.1756,0.886735737323761,"[[0.0, 0.0, 0.0]]",Middle,Right
828,27.6,1,509.07233,680.89966,0.8975329995155334,"[[0.0, 0.0, 0.0]]",Middle,Left
828,27.6,2,1084.309,636.1753,0.8872473835945129,"[[0.0, 0.0, 0.0]]",Middle,Right
829,27.633333333333333,1,500.11664,682.61896,0.9082320332527161,"[[0.0, 0.0, 0.0]]",Middle,Left
829,27.633333333333333,2,1070.223,636.58124,0.9058771133422852,"[[0.0, 0.0, 0.0]]",Middle,Right
830,27.666666666666668,1,493.40012,683.26324,0.9073780179023743,"[[0.0, 0.0, 0.0]]",Middle,Left
830,27.666666666666668,2,1041.951,638.7784,0.8637065291404724,"[[0.0, 0.0, 0.0]]",Middle,Right
831,27.7,1,486.82565,684.15955,0.9067436456680298,"[[0.0, 0.0, 0.0]]",Middle,Left
831,27.7,2,1022.1762,640.312,0.9203079342842102,"[[0.0, 0.0, 0.0]]",Middle,Right
832,27.733333333333334,1,480.63535,685.14325,0.9089470505714417,"[[0.0, 0.0, 0.0]]",Middle,Left
832,27.733333333333334,2,1009.55585,642.2411,0.9284604787826538,"[[0.0, 0.0, 0.0]]",Middle,Right
833,27.766666666666666,1,474.5771,686.1855,0.9159790873527527,"[[0.0, 0.0, 0.0]]",Middle,Left
833,27.766666666666666,2,996.75916,644.66437,0.9184114933013916,"[[0.0, 0.0, 0.0]]",Middle,Right
834,27.8,1,472.5655,686.54846,0.9160948395729065,"[[0.0, 0.0, 0.0]]",Middle,Left
834,27.8,2,992.5574,645.5544,0.9178492426872253,"[[0.0, 0.0, 0.0]]",Middle,Right
835,27.833333333333332,1,468.36282,688.3423,0.9162048101425171,"[[0.0, 0.0, 0.0]]",Middle,Left
835,27.833333333333332,2,986.5792,646.5781,0.9125069379806519,"[[0.0, 0.0, 0.0]]",Middle,Right
836,27.866666666666667,1,466.0381,690.6382,0.9160817265510559,"[[0.0, 0.0, 0.0]]",Middle,Left
836,27.866666666666667,2,974.7139,646.9343,0.9194125533103943,"[[0.0, 0.0, 0.0]]",Middle,Right
837,27.9,1,466.35486,695.16437,0.9087990522384644,"[[0.0, 0.0, 0.0]]",Middle,Left
837,27.9,2,963.2974,646.40875,0.922206699848175,"[[0.0, 0.0, 0.0]]",Middle,Right
838,27.933333333333334,1,468.05905,700.7965,0.9095014333724976,"[[0.0, 0.0, 0.0]]",Middle,Left
838,27.933333333333334,2,947.39105,644.5319,0.9211276173591614,"[[0.0, 0.0, 0.0]]",Middle,Left
839,27.966666666666665,1,469.93616,707.53613,0.9060578346252441,"[[0.0, 0.0, 0.0]]",Middle,Left
839,27.966666666666665,2,930.37317,641.52374,0.9053084254264832,"[[0.0, 0.0, 0.0]]",Middle,Left
840,28.0,1,470.80072,709.95404,0.9060060977935791,"[[0.0, 0.0, 0.0]]",Middle,Left
840,28.0,2,924.52515,640.0608,0.905308723449707,"[[0.0, 0.0, 0.0]]",Middle,Left
841,28.033333333333335,1,472.22266,716.76544,0.903567910194397,"[[0.0, 0.0, 0.0]]",Back,Left
841,28.033333333333335,2,909.21295,637.214,0.9092518091201782,"[[0.0, 0.0, 0.0]]",Middle,Left
842,28.066666666666666,1,473.5225,724.56726,0.8996255397796631,"[[0.0, 0.0, 0.0]]",Back,Left
842,28.066666666666666,2,897.90753,634.20465,0.9062976837158203,"[[0.0, 0.0, 0.0]]",Middle,Left
843,28.1,1,469.49567,731.38086,0.896760106086731,"[[0.0, 0.0, 0.0]]",Back,Left
843,28.1,2,889.9729,631.1131,0.8984532356262207,"[[0.0, 0.0, 0.0]]",Middle,Left
844,28.133333333333333,1,453.09012,739.50653,0.8903481364250183,"[[0.0, 0.0, 0.0]]",Back,Left
844,28.133333333333333,2,885.72217,631.2861,0.8992666006088257,"[[0.0, 0.0, 0.0]]",Middle,Left
845,28.166666666666668,1,466.1787,744.66516,0.8718006610870361,"[[0.0, 0.0, 0.0]]",Back,Left
845,28.166666666666668,2,880.8292,634.6732,0.8966111540794373,"[[0.0, 0.0, 0.0]]",Middle,Left
846,28.2,1,472.42297,746.3136,0.8707204461097717,"[[0.0, 0.0, 0.0]]",Back,Left
846,28.2,2,879.5483,635.9888,0.8967025279998779,"[[0.0, 0.0, 0.0]]",Middle,Left
847,28.233333333333334,1,479.77252,742.66797,0.9075978398323059,"[[0.0, 0.0, 0.0]]",Back,Left
847,28.233333333333334,2,867.23096,638.8134,0.915274977684021,"[[0.0, 0.0, 0.0]]",Middle,Left
848,28.266666666666666,1,486.58185,735.5839,0.8914100527763367,"[[0.0, 0.0, 0.0]]",Back,Left
848,28.266666666666666,2,851.20215,643.2086,0.9217745065689087,"[[0.0, 0.0, 0.0]]",Middle,Left
849,28.3,1,499.72168,726.6293,0.8789882063865662,"[[0.0, 0.0, 0.0]]",Back,Left
849,28.3,2,837.65936,648.1819,0.9147471189498901,"[[0.0, 0.0, 0.0]]",Middle,Left
850,28.333333333333332,1,516.0083,716.35767,0.9067105650901794,"[[0.0, 0.0, 0.0]]",Back,Left
850,28.333333333333332,2,826.19824,651.35156,0.9219707250595093,"[[0.0, 0.0, 0.0]]",Middle,Left
851,28.366666666666667,1,536.5005,707.242,0.9041664004325867,"[[0.0, 0.0, 0.0]]",Middle,Left
851,28.366666666666667,2,819.58984,651.8418,0.9226764440536499,"[[0.0, 0.0, 0.0]]",Middle,Left
852,28.4,1,543.36865,703.68463,0.9044074416160583,"[[0.0, 0.0, 0.0]]",Middle,Left
852,28.4,2,817.24304,651.9771,0.9226183295249939,"[[0.0, 0.0, 0.0]]",Middle,Left
853,28.433333333333334,1,565.3297,698.7743,0.9039632678031921,"[[0.0, 0.0, 0.0]]",Middle,Left
853,28.433333333333334,2,818.24066,651.3154,0.9126171469688416,"[[0.0, 0.0, 0.0]]",Middle,Left
854,28.466666666666665,1,583.56256,691.4596,0.9180506467819214,"[[0.0, 0.0, 0.0]]",Middle,Left
854,28.466666666666665,2,816.1317,650.71326,0.8908488750457764,"[[0.0, 0.0, 0.0]]",Middle,Left
855,28.5,1,600.7595,687.0723,0.9171130061149597,"[[0.0, 0.0, 0.0]]",Middle,Left
855,28.5,2,808.4663,648.8084,0.7610695362091064,"[[0.0, 0.0, 0.0]]",Middle,Left
856,28.533333333333335,1,611.9427,683.8315,0.9125252366065979,"[[0.0, 0.0, 0.0]]",Middle,Left
856,28.533333333333335,2,790.28687,649.3739,0.8852851390838623,"[[0.0, 0.0, 0.0]]",Middle,Left
857,28.566666666666666,1,620.1581,683.97217,0.9149028658866882,"[[0.0, 0.0, 0.0]]",Middle,Left
857,28.566666666666666,2,772.28076,649.9153,0.8761818408966064,"[[0.0, 0.0, 0.0]]",Middle,Left
858,28.6,1,623.1013,684.1263,0.9145129919052124,"[[0.0, 0.0, 0.0]]",Middle,Left
858,28.6,2,765.92566,650.103,0.8746268153190613,"[[0.0, 0.0, 0.0]]",Middle,Left
859,28.633333333333333,1,628.6704,691.45764,0.9158580899238586,"[[0.0, 0.0, 0.0]]",Middle,Left
859,28.633333333333333,2,749.062,649.83307,0.7811251282691956,"[[0.0, 0.0, 0.0]]",Middle,Left
860,28.666666666666668,1,639.4974,696.929,0.9052444696426392,"[[0.0, 0.0, 0.0]]",Middle,Left
860,28.666666666666668,2,731.33215,649.37805,0.7381324172019958,"[[0.0, 0.0, 0.0]]",Middle,Left
861,28.7,1,650.4969,701.3843,0.8954325318336487,"[[0.0, 0.0, 0.0]]",Middle,Left
861,28.7,2,722.3347,648.5435,0.6524832248687744,"[[0.0, 0.0, 0.0]]",Middle,Left
862,28.733333333333334,1,673.85535,707.7212,0.8567111492156982,"[[0.0, 0.0, 0.0]]",Middle,Left
863,28.766666666666666,2,703.993,708.7689,0.8635041117668152,"[[0.0, 0.0, 0.0]]",Middle,Left
864,28.8,1,715.78094,709.4852,0.8646014332771301,"[[0.0, 0.0, 0.0]]",Middle,Left
865,28.833333333333332,2,731.8756,706.7455,0.8656002283096313,"[[0.0, 0.0, 0.0]]",Middle,Left
866,28.866666666666667,1,649.3236,643.5177,0.8087326884269714,"[[0.0, 0.0, 0.0]]",Middle,Left
866,28.866666666666667,2,738.93463,703.6945,0.9106287956237793,"[[0.0, 0.0, 0.0]]",Middle,Left
867,28.9,1,637.7106,650.93207,0.8653090596199036,"[[0.0, 0.0, 0.0]]",Middle,Left
867,28.9,2,747.41296,699.2244,0.901942253112793,"[[0.0, 0.0, 0.0]]",Middle,Left
868,28.933333333333334,1,620.68353,658.1706,0.8837850093841553,"[[0.0, 0.0, 0.0]]",Middle,Left
868,28.933333333333334,2,762.3614,687.91656,0.8860807418823242,"[[0.0, 0.0, 0.0]]",Middle,Left
869,28.966666666666665,1,608.5604,669.8134,0.8874080777168274,"[[0.0, 0.0, 0.0]]",Middle,Left
869,28.966666666666665,2,776.877,677.6763,0.9013113975524902,"[[0.0, 0.0, 0.0]]",Middle,Left
870,29.0,1,603.84033,673.45264,0.8885967135429382,"[[0.0, 0.0, 0.0]]",Middle,Left
870,29.0,2,781.27185,673.96906,0.9005764126777649,"[[0.0, 0.0, 0.0]]",Middle,Left
871,29.033333333333335,1,593.39746,678.0064,0.8954916000366211,"[[0.0, 0.0, 0.0]]",Middle,Left
871,29.033333333333335,2,783.77277,669.004,0.9028815031051636,"[[0.0, 0.0, 0.0]]",Middle,Left
872,29.066666666666666,1,581.4612,679.268,0.9218234419822693,"[[0.0, 0.0, 0.0]]",Middle,Left
872,29.066666666666666,2,784.5518,663.94904,0.8924373984336853,"[[0.0, 0.0, 0.0]]",Middle,Left
873,29.1,1,583.2247,679.2729,0.900295615196228,"[[0.0, 0.0, 0.0]]",Middle,Left
873,29.1,2,785.43005,658.21606,0.8934189677238464,"[[0.0, 0.0, 0.0]]",Middle,Left
874,29.133333333333333,1,585.02704,678.848,0.909007728099823,"[[0.0, 0.0, 0.0]]",Middle,Left
874,29.133333333333333,2,787.526,652.8722,0.9168193340301514,"[[0.0, 0.0, 0.0]]",Middle,Left
875,29.166666666666668,1,585.88165,676.6155,0.9141932725906372,"[[0.0, 0.0, 0.0]]",Middle,Left
875,29.166666666666668,2,793.7462,650.03973,0.9136413335800171,"[[0.0, 0.0, 0.0]]",Middle,Left
876,29.2,1,586.5482,675.71075,0.914039134979248,"[[0.0, 0.0, 0.0]]",Middle,Left
876,29.2,2,795.9946,649.1498,0.9136828184127808,"[[0.0, 0.0, 0.0]]",Middle,Left
877,29.233333333333334,1,585.5426,673.3159,0.9171323776245117,"[[0.0, 0.0, 0.0]]",Middle,Left
877,29.233333333333334,2,802.69775,657.3463,0.8975685834884644,"[[0.0, 0.0, 0.0]]",Middle,Left
878,29.266666666666666,1,585.21704,669.40594,0.9227275848388672,"[[0.0, 0.0, 0.0]]",Middle,Left
878,29.266666666666666,2,810.5482,659.5709,0.9092646837234497,"[[0.0, 0.0, 0.0]]",Middle,Left
879,29.3,1,583.11395,664.62964,0.9236232042312622,"[[0.0, 0.0, 0.0]]",Middle,Left
879,29.3,2,819.1687,664.86993,0.8999682664871216,"[[0.0, 0.0, 0.0]]",Middle,Left
880,29.333333333333332,1,585.2838,659.8658,0.9130158424377441,"[[0.0, 0.0, 0.0]]",Middle,Left
880,29.333333333333332,2,827.8019,667.875,0.9055300951004028,"[[0.0, 0.0, 0.0]]",Middle,Left
881,29.366666666666667,1,591.40424,657.399,0.9123881459236145,"[[0.0, 0.0, 0.0]]",Middle,Left
881,29.366666666666667,2,833.49335,669.98486,0.9045345187187195,"[[0.0, 0.0, 0.0]]",Middle,Left
882,29.4,1,593.96094,656.48254,0.9123038053512573,"[[0.0, 0.0, 0.0]]",Middle,Left
882,29.4,2,835.3788,670.74744,0.9046936631202698,"[[0.0, 0.0, 0.0]]",Middle,Left
883,29.433333333333334,1,602.45294,654.8506,0.9230921268463135,"[[0.0, 0.0, 0.0]]",Middle,Left
883,29.433333333333334,2,833.8868,665.6028,0.9074178338050842,"[[0.0, 0.0, 0.0]]",Middle,Left
884,29.466666666666665,1,613.94135,652.6299,0.8963310122489929,"[[0.0, 0.0, 0.0]]",Middle,Left
884,29.466666666666665,2,828.72736,662.04956,0.9105784296989441,"[[0.0, 0.0, 0.0]]",Middle,Left
885,29.5,1,622.10205,650.52295,0.8913026452064514,"[[0.0, 0.0, 0.0]]",Middle,Left
885,29.5,2,812.5425,652.0068,0.8596571683883667,"[[0.0, 0.0, 0.0]]",Middle,Left
886,29.533333333333335,1,633.6772,648.79016,0.8825196623802185,"[[0.0, 0.0, 0.0]]",Middle,Left
886,29.533333333333335,2,776.6454,647.0062,0.5565311312675476,"[[0.0, 0.0, 0.0]]",Middle,Left
887,29.566666666666666,1,663.51776,646.2112,0.7909642457962036,"[[0.0, 0.0, 0.0]]",Middle,Left
887,29.566666666666666,2,760.9022,646.2511,0.7798783183097839,"[[0.0, 0.0, 0.0]]",Middle,Left
888,29.6,1,673.3718,645.25305,0.7942284941673279,"[[0.0, 0.0, 0.0]]",Middle,Left
888,29.6,2,756.9281,646.0459,0.7811967134475708,"[[0.0, 0.0, 0.0]]",Middle,Left
889,29.633333333333333,1,674.2258,644.2899,0.8110259771347046,"[[0.0, 0.0, 0.0]]",Middle,Left
889,29.633333333333333,2,748.4283,644.721,0.6072456240653992,"[[0.0, 0.0, 0.0]]",Middle,Left
890,29.666666666666668,1,702.14105,641.0229,0.8577341437339783,"[[0.0, 0.0, 0.0]]",Middle,Left
891,29.7,2,715.56885,638.8417,0.778407633304596,"[[0.0, 0.0, 0.0]]",Middle,Left
892,29.733333333333334,1,715.51746,637.4109,0.8532342314720154,"[[0.0, 0.0, 0.0]]",Middle,Left
893,29.766666666666666,2,730.9224,639.20435,0.8334101438522339,"[[0.0, 0.0, 0.0]]",Middle,Left
894,29.8,1,618.4,655.4,0.5795345306396484,"[[0.0, 0.0, 0.0]]",Middle,Left
894,29.8,2,736.2837,639.62134,0.8382049202919006,"[[0.0, 0.0, 0.0]]",Middle,Left
895,29.833333333333332,1,648.8767,663.1819,0.7719375491142273,"[[0.0, 0.0, 0.0]]",Middle,Left
895,29.833333333333332,2,746.5981,642.1216,0.862218976020813,"[[0.0, 0.0, 0.0]]",Middle,Left
896,29.866666666666667,1,657.7467,666.20624,0.8509489297866821,"[[0.0, 0.0, 0.0]]",Middle,Left
896,29.866666666666667,2,762.86487,646.4192,0.8647639155387878,"[[0.0, 0.0, 0.0]]",Middle,Left
897,29.9,1,648.9284,670.262,0.8841838836669922,"[[0.0, 0.0, 0.0]]",Middle,Left
897,29.9,2,770.14417,650.0325,0.8779796957969666,"[[0.0, 0.0, 0.0]]",Middle,Left
898,29.933333333333334,1,634.98846,677.26575,0.8880152106285095,"[[0.0, 0.0, 0.0]]",Middle,Left
898,29.933333333333334,2,775.1366,651.7438,0.8778372406959534,"[[0.0, 0.0, 0.0]]",Middle,Left
899,29.966666666666665,1,606.60547,680.4497,0.8718202114105225,"[[0.0, 0.0, 0.0]]",Middle,Left
899,29.966666666666665,2,771.5342,651.36414,0.8534294962882996,"[[0.0, 0.0, 0.0]]",Middle,Left
900,30.0,1,594.23724,681.3357,0.875400185585022,"[[0.0, 0.0, 0.0]]",Middle,Left
900,30.0,2,769.7717,651.2227,0.8541410565376282,"[[0.0, 0.0, 0.0]]",Middle,Left
901,30.033333333333335,1,574.65906,684.2447,0.9209112524986267,"[[0.0, 0.0, 0.0]]",Middle,Left
901,30.033333333333335,2,776.2803,650.4848,0.8823702931404114,"[[0.0, 0.0, 0.0]]",Middle,Left
902,30.066666666666666,1,569.63165,686.17737,0.9291208982467651,"[[0.0, 0.0, 0.0]]",Middle,Left
902,30.066666666666666,2,777.61523,651.8816,0.9050257802009583,"[[0.0, 0.0, 0.0]]",Middle,Left
903,30.1,1,568.68823,686.0056,0.9251399040222168,"[[0.0, 0.0, 0.0]]",Middle,Left
903,30.1,2,779.88666,654.3752,0.9017066955566406,"[[0.0, 0.0, 0.0]]",Middle,Left
904,30.133333333333333,1,575.5613,682.0528,0.9089006781578064,"[[0.0, 0.0, 0.0]]",Middle,Left
904,30.133333333333333,2,783.5968,656.6129,0.9030572175979614,"[[0.0, 0.0, 0.0]]",Middle,Left
905,30.166666666666668,1,576.00073,678.8987,0.9130459427833557,"[[0.0, 0.0, 0.0]]",Middle,Left
905,30.166666666666668,2,788.10645,662.0747,0.9096757769584656,"[[0.0, 0.0, 0.0]]",Middle,Left
906,30.2,1,576.2531,677.6532,0.9128664135932922,"[[0.0, 0.0, 0.0]]",Middle,Left
906,30.2,2,789.74133,664.10284,0.9098511934280396,"[[0.0, 0.0, 0.0]]",Middle,Left
907,30.233333333333334,1,573.6223,673.4896,0.9120864868164062,"[[0.0, 0.0, 0.0]]",Middle,Left
907,30.233333333333334,2,793.0234,667.468,0.9063665270805359,"[[0.0, 0.0, 0.0]]",Middle,Left
908,30.266666666666666,1,571.72015,666.3511,0.9163236021995544,"[[0.0, 0.0, 0.0]]",Middle,Left
908,30.266666666666666,2,796.3667,668.68335,0.9008510708808899,"[[0.0, 0.0, 0.0]]",Middle,Left
909,30.3,1,571.7699,660.71643,0.9104689359664917,"[[0.0, 0.0, 0.0]]",Middle,Left
909,30.3,2,797.42267,666.0503,0.9085158109664917,"[[0.0, 0.0, 0.0]]",Middle,Left
910,30.333333333333332,1,574.9105,654.9775,0.9164515137672424,"[[0.0, 0.0, 0.0]]",Middle,Left
910,30.333333333333332,2,790.0668,663.3213,0.9106104373931885,"[[0.0, 0.0, 0.0]]",Middle,Left
911,30.366666666666667,1,579.79675,648.90466,0.9099829792976379,"[[0.0, 0.0, 0.0]]",Middle,Left
911,30.366666666666667,2,778.7085,660.93097,0.9033412337303162,"[[0.0, 0.0, 0.0]]",Middle,Left
912,30.4,1,581.6625,646.94275,0.9095079302787781,"[[0.0, 0.0, 0.0]]",Middle,Left
912,30.4,2,774.5442,660.046,0.9032275080680847,"[[0.0, 0.0, 0.0]]",Middle,Left
913,30.433333333333334,1,598.10333,645.9179,0.8845064640045166,"[[0.0, 0.0, 0.0]]",Middle,Left
913,30.433333333333334,2,764.8119,659.3655,0.8975280523300171,"[[0.0, 0.0, 0.0]]",Middle,Left
914,30.466666666666665,1,602.81555,644.60876,0.8740636110305786,"[[0.0, 0.0, 0.0]]",Middle,Left
914,30.466666666666665,2,756.5699,664.0547,0.9085549712181091,"[[0.0, 0.0, 0.0]]",Middle,Left
915,30.5,1,615.3828,641.93475,0.8243249654769897,"[[0.0, 0.0, 0.0]]",Middle,Left
915,30.5,2,749.1559,664.54047,0.9084613919258118,"[[0.0, 0.0, 0.0]]",Middle,Left
916,30.533333333333335,1,621.6555,638.36487,0.7696072459220886,"[[0.0, 0.0, 0.0]]",Middle,Left
916,30.533333333333335,2,740.7571,665.0238,0.8958598971366882,"[[0.0, 0.0, 0.0]]",Middle,Left
917,30.566666666666666,2,732.5945,661.91876,0.7895561456680298,"[[0.0, 0.0, 0.0]]",Middle,Left
918,30.6,1,728.82153,660.3986,0.7697147130966187,"[[0.0, 0.0, 0.0]]",Middle,Left
919,30.633333333333333,2,691.4445,659.8018,0.8811790943145752,"[[0.0, 0.0, 0.0]]",Middle,Left
920,30.666666666666668,1,676.3883,657.9353,0.8997520804405212,"[[0.0, 0.0, 0.0]]",Middle,Left
921,30.7,1,662.9427,656.5723,0.8542098999023438,"[[0.0, 0.0, 0.0]]",Middle,Left
921,30.7,2,744.4042,623.09753,0.7615509629249573,"[[0.0, 0.0, 0.0]]",Middle,Left
922,30.733333333333334,1,643.7462,654.7502,0.8636042475700378,"[[0.0, 0.0, 0.0]]",Middle,Left
922,30.733333333333334,2,752.16614,626.4402,0.8662419319152832,"[[0.0, 0.0, 0.0]]",Middle,Left
923,30.766666666666666,1,632.95087,654.72205,0.8782151341438293,"[[0.0, 0.0, 0.0]]",Middle,Left
923,30.766666666666666,2,765.90717,629.1285,0.8999444246292114,"[[0.0, 0.0, 0.0]]",Middle,Left
924,30.8,1,629.9874,654.7454,0.8776302933692932,"[[0.0, 0.0, 0.0]]",Middle,Left
924,30.8,2,770.869,629.9187,0.8991658687591553,"[[0.0, 0.0, 0.0]]",Middle,Left
925,30.833333333333332,1,623.26685,653.45435,0.8579976558685303,"[[0.0, 0.0, 0.0]]",Middle,Left
925,30.833333333333332,2,778.7312,632.22864,0.9015951156616211,"[[0.0, 0.0, 0.0]]",Middle,Left
926,30.866666666666667,1,615.7091,651.99835,0.8873867392539978,"[[0.0, 0.0, 0.0]]",Middle,Left
926,30.866666666666667,2,784.14465,635.41406,0.9052561521530151,"[[0.0, 0.0, 0.0]]",Middle,Left
927,30.9,1,605.60297,652.44574,0.889548122882843,"[[0.0, 0.0, 0.0]]",Middle,Left
927,30.9,2,787.94464,637.4954,0.910230815410614,"[[0.0, 0.0, 0.0]]",Middle,Left
928,30.933333333333334,1,596.1185,652.6201,0.904140055179596,"[[0.0, 0.0, 0.0]]",Middle,Left
928,30.933333333333334,2,792.69995,637.4471,0.895389974117279,"[[0.0, 0.0, 0.0]]",Middle,Left
929,30.966666666666665,1,588.52985,654.34875,0.9049596786499023,"[[0.0, 0.0, 0.0]]",Middle,Left
929,30.966666666666665,2,800.20856,634.2771,0.8847946524620056,"[[0.0, 0.0, 0.0]]",Middle,Left
930,31.0,1,585.8014,655.0523,0.9050619006156921,"[[0.0, 0.0, 0.0]]",Middle,Left
930,31.0,2,802.714,633.0835,0.8835145831108093,"[[0.0, 0.0, 0.0]]",Middle,Left
931,31.033333333333335,1,579.91595,655.64026,0.9096108078956604,"[[0.0, 0.0, 0.0]]",Middle,Left
931,31.033333333333335,2,807.1145,631.58,0.8934072256088257,"[[0.0, 0.0, 0.0]]",Middle,Left
932,31.066666666666666,1,575.9651,656.52734,0.8869356513023376,"[[0.0, 0.0, 0.0]]",Middle,Left
932,31.066666666666666,2,812.2079,629.6616,0.8955057263374329,"[[0.0, 0.0, 0.0]]",Middle,Left
933,31.1,1,571.8475,654.5309,0.9132052063941956,"[[0.0, 0.0, 0.0]]",Middle,Left
933,31.1,2,818.5996,627.27423,0.9080550670623779,"[[0.0, 0.0, 0.0]]",Middle,Left
934,31.133333333333333,1,567.9792,654.4699,0.9037535786628723,"[[0.0, 0.0, 0.0]]",Middle,Left
934,31.133333333333333,2,833.0869,625.05347,0.887313723564148,"[[0.0, 0.0, 0.0]]",Middle,Left
935,31.166666666666668,1,575.5617,654.81213,0.9032464623451233,"[[0.0, 0.0, 0.0]]",Middle,Left
935,31.166666666666668,2,851.1111,623.252,0.8918184041976929,"[[0.0, 0.0, 0.0]]",Middle,Left
936,31.2,1,578.9488,654.9135,0.9029535055160522,"[[0.0, 0.0, 0.0]]",Middle,Left
936,31.2,2,857.8835,622.5653,0.8921726942062378,"[[0.0, 0.0, 0.0]]",Middle,Left
937,31.233333333333334,1,585.1063,655.63116,0.909087061882019,"[[0.0, 0.0, 0.0]]",Middle,Left
937,31.233333333333334,2,871.8773,625.318,0.9130417108535767,"[[0.0, 0.0, 0.0]]",Middle,Left
938,31.266666666666666,1,588.1252,656.5629,0.9010025858879089,"[[0.0, 0.0, 0.0]]",Middle,Left
938,31.266666666666666,2,883.7554,633.7484,0.9128474593162537,"[[0.0, 0.0, 0.0]]",Middle,Left
939,31.3,1,590.98254,658.57434,0.90268874168396,"[[0.0, 0.0, 0.0]]",Middle,Left
939,31.3,2,882.2645,643.5233,0.9023744463920593,"[[0.0, 0.0, 0.0]]",Middle,Left
940,31.333333333333332,1,596.411,660.30994,0.9101228713989258,"[[0.0, 0.0, 0.0]]",Middle,Left
940,31.333333333333332,2,878.2587,654.53827,0.9141113758087158,"[[0.0, 0.0, 0.0]]",Middle,Left
941,31.366666666666667,1,605.9863,659.63617,0.9194145798683167,"[[0.0, 0.0, 0.0]]",Middle,Left
941,31.366666666666667,2,875.072,662.2682,0.9188856482505798,"[[0.0, 0.0, 0.0]]",Middle,Left
942,31.4,1,609.66595,659.3407,0.9199593663215637,"[[0.0, 0.0, 0.0]]",Middle,Left
942,31.4,2,873.4309,665.60266,0.9189178347587585,"[[0.0, 0.0, 0.0]]",Middle,Left
943,31.433333333333334,1,618.8838,658.5946,0.916554868221283,"[[0.0, 0.0, 0.0]]",Middle,Left
943,31.433333333333334,2,874.0895,668.7343,0.9208475351333618,"[[0.0, 0.0, 0.0]]",Middle,Left
944,31.466666666666665,1,629.6459,657.2705,0.9094235897064209,"[[0.0, 0.0, 0.0]]",Middle,Left
944,31.466666666666665,2,871.30164,675.76904,0.9060273170471191,"[[0.0, 0.0, 0.0]]",Middle,Left
945,31.5,1,642.95844,655.1167,0.886810839176178,"[[0.0, 0.0, 0.0]]",Middle,Left
945,31.5,2,866.1821,681.60547,0.8995915055274963,"[[0.0, 0.0, 0.0]]",Middle,Left
946,31.533333333333335,1,657.4683,653.3144,0.8597009778022766,"[[0.0, 0.0, 0.0]]",Middle,Left
946,31.533333333333335,2,861.76245,679.3738,0.9051698446273804,"[[0.0, 0.0, 0.0]]",Middle,Left
947,31.566666666666666,1,670.5212,650.33954,0.8553785085678101,"[[0.0, 0.0, 0.0]]",Middle,Left
947,31.566666666666666,2,851.0883,675.0541,0.8833639621734619,"[[0.0, 0.0, 0.0]]",Middle,Left
948,31.6,1,675.0927,649.2283,0.8547650575637817,"[[0.0, 0.0, 0.0]]",Middle,Left
948,31.6,2,846.7615,673.3511,0.8832367062568665,"[[0.0, 0.0, 0.0]]",Middle,Left
949,31.633333333333333,1,678.5515,648.17737,0.8187406063079834,"[[0.0, 0.0, 0.0]]",Middle,Left
949,31.633333333333333,2,835.1905,674.692,0.8680181503295898,"[[0.0, 0.0, 0.0]]",Middle,Left
950,31.666666666666668,1,681.30237,647.4682,0.8729106187820435,"[[0.0, 0.0, 0.0]]",Middle,Left
950,31.666666666666668,2,820.7748,673.6413,0.8317241668701172,"[[0.0, 0.0, 0.0]]",Middle,Left
951,31.7,1,689.8369,646.9001,0.8842560052871704,"[[0.0, 0.0, 0.0]]",Middle,Left
951,31.7,2,805.0323,679.166,0.632973313331604,"[[0.0, 0.0, 0.0]]",Middle,Left
952,31.733333333333334,1,697.73773,648.02966,0.9188728332519531,"[[0.0, 0.0, 0.0]]",Middle,Left
953,31.766666666666666,2,705.1721,649.14276,0.8703935742378235,"[[0.0, 0.0, 0.0]]",Middle,Left
954,31.8,1,707.7866,649.2582,0.8701416850090027,"[[0.0, 0.0, 0.0]]",Middle,Left
955,31.833333333333332,2,717.0686,648.96967,0.8588273525238037,"[[0.0, 0.0, 0.0]]",Middle,Left
956,31.866666666666667,1,723.6624,649.2051,0.8298790454864502,"[[0.0, 0.0, 0.0]]",Middle,Left
957,31.9,1,728.93835,649.6353,0.8676631450653076,"[[0.0, 0.0, 0.0]]",Middle,Left
957,31.9,2,654.29846,680.78955,0.7724732160568237,"[[0.0, 0.0, 0.0]]",Middle,Left
958,31.933333333333334,1,744.67896,629.6626,0.7768534421920776,"[[0.0, 0.0, 0.0]]",Middle,Left
958,31.933333333333334,2,655.54565,684.014,0.8419402241706848,"[[0.0, 0.0, 0.0]]",Middle,Left
959,31.966666666666665,1,754.7711,631.23535,0.7965244054794312,"[[0.0, 0.0, 0.0]]",Middle,Left
959,31.966666666666665,2,644.0692,685.1199,0.8122729659080505,"[[0.0, 0.0, 0.0]]",Middle,Left
960,32.0,1,758.3613,631.7959,0.7967549562454224,"[[0.0, 0.0, 0.0]]",Middle,Left
960,32.0,2,640.4249,685.35675,0.8135554194450378,"[[0.0, 0.0, 0.0]]",Middle,Left
961,32.03333333333333,1,762.0999,634.73303,0.8791382312774658,"[[0.0, 0.0, 0.0]]",Middle,Left
961,32.03333333333333,2,611.6558,660.5608,0.6539126038551331,"[[0.0, 0.0, 0.0]]",Middle,Left
962,32.06666666666667,1,773.0747,633.56274,0.8989874124526978,"[[0.0, 0.0, 0.0]]",Middle,Left
962,32.06666666666667,2,601.0857,661.25543,0.787402331829071,"[[0.0, 0.0, 0.0]]",Middle,Left
963,32.1,1,786.6852,630.22284,0.8958885669708252,"[[0.0, 0.0, 0.0]]",Middle,Left
963,32.1,2,596.6881,658.19965,0.8172194361686707,"[[0.0, 0.0, 0.0]]",Middle,Left
964,32.13333333333333,1,797.5115,626.3497,0.89592444896698,"[[0.0, 0.0, 0.0]]",Middle,Left
964,32.13333333333333,2,599.3766,671.0645,0.8030667304992676,"[[0.0, 0.0, 0.0]]",Middle,Left
965,32.166666666666664,1,807.91266,613.722,0.8894050717353821,"[[0.0, 0.0, 0.0]]",Middle,Left
965,32.166666666666664,2,596.4431,677.2706,0.844984769821167,"[[0.0, 0.0, 0.0]]",Middle,Left
966,32.2,1,810.8979,608.98114,0.8891791701316833,"[[0.0, 0.0, 0.0]]",Middle,Left
966,32.2,2,595.84625,679.1658,0.843644917011261,"[[0.0, 0.0, 0.0]]",Middle,Left
967,32.233333333333334,1,819.52734,608.67633,0.8902997374534607,"[[0.0, 0.0, 0.0]]",Middle,Left
967,32.233333333333334,2,580.6335,677.9112,0.8142368793487549,"[[0.0, 0.0, 0.0]]",Middle,Left
968,32.266666666666666,1,835.3275,612.9966,0.8384690880775452,"[[0.0, 0.0, 0.0]]",Middle,Left
968,32.266666666666666,2,566.6339,663.2908,0.790660560131073,"[[0.0, 0.0, 0.0]]",Middle,Left
969,32.3,1,845.11346,618.68207,0.8525762557983398,"[[0.0, 0.0, 0.0]]",Middle,Left
969,32.3,2,564.1706,655.1597,0.7970787286758423,"[[0.0, 0.0, 0.0]]",Middle,Left
970,32.333333333333336,1,860.4243,623.56604,0.8954898715019226,"[[0.0, 0.0, 0.0]]",Middle,Left
970,32.333333333333336,2,578.37646,646.29626,0.7663747668266296,"[[0.0, 0.0, 0.0]]",Middle,Left
971,32.36666666666667,1,876.0744,626.7538,0.9076312780380249,"[[0.0, 0.0, 0.0]]",Middle,Left
971,32.36666666666667,2,585.2977,634.9175,0.8707793951034546,"[[0.0, 0.0, 0.0]]",Middle,Left
972,32.4,1,882.20215,627.9553,0.9076467156410217,"[[0.0, 0.0, 0.0]]",Middle,Left
972,32.4,2,587.64075,630.85175,0.8711720705032349,"[[0.0, 0.0, 0.0]]",Middle,Left
973,32.43333333333333,1,888.6615,628.0631,0.8920950293540955,"[[0.0, 0.0, 0.0]]",Middle,Left
973,32.43333333333333,2,587.3187,629.1637,0.8817853331565857,"[[0.0, 0.0, 0.0]]",Middle,Left
974,32.46666666666667,1,894.14014,627.4315,0.9149616360664368,"[[0.0, 0.0, 0.0]]",Middle,Left
974,32.46666666666667,2,589.1855,623.8218,0.9064772129058838,"[[0.0, 0.0, 0.0]]",Middle,Left
975,32.5,1,899.16394,627.1797,0.9147552251815796,"[[0.0, 0.0, 0.0]]",Middle,Left
975,32.5,2,590.91656,616.42944,0.915037989616394,"[[0.0, 0.0, 0.0]]",Middle,Left
976,32.53333333333333,1,900.2798,624.102,0.8828619122505188,"[[0.0, 0.0, 0.0]]",Middle,Left
976,32.53333333333333,2,594.2133,609.5733,0.9167309403419495,"[[0.0, 0.0, 0.0]]",Middle,Left
977,32.56666666666667,1,912.4316,617.5911,0.8510224223136902,"[[0.0, 0.0, 0.0]]",Middle,Left
977,32.56666666666667,2,597.1897,602.24664,0.9230013489723206,"[[0.0, 0.0, 0.0]]",Middle,Left
978,32.6,1,916.46466,615.18805,0.8498915433883667,"[[0.0, 0.0, 0.0]]",Middle,Left
978,32.6,2,598.3179,599.4691,0.9229353070259094,"[[0.0, 0.0, 0.0]]",Middle,Left
979,32.63333333333333,1,923.9857,612.328,0.8697547316551208,"[[0.0, 0.0, 0.0]]",Middle,Left
979,32.63333333333333,2,599.1084,595.37714,0.9241107702255249,"[[0.0, 0.0, 0.0]]",Middle,Left
980,32.666666666666664,1,934.4872,608.6461,0.886466920375824,"[[0.0, 0.0, 0.0]]",Middle,Left
980,32.666666666666664,2,601.0727,590.72986,0.9241401553153992,"[[0.0, 0.0, 0.0]]",Middle,Left
981,32.7,1,945.83765,604.3447,0.8842658996582031,"[[0.0, 0.0, 0.0]]",Middle,Left
981,32.7,2,602.48114,584.9127,0.9147154092788696,"[[0.0, 0.0, 0.0]]",Middle,Left
982,32.733333333333334,1,959.7086,601.13873,0.8852561712265015,"[[0.0, 0.0, 0.0]]",Middle,Left
982,32.733333333333334,2,608.7138,581.81775,0.9099711179733276,"[[0.0, 0.0, 0.0]]",Middle,Left
983,32.766666666666666,1,969.17566,598.6717,0.8905951380729675,"[[0.0, 0.0, 0.0]]",Middle,Right
983,32.766666666666666,2,616.9251,579.5053,0.9078604578971863,"[[0.0, 0.0, 0.0]]",Middle,Left
984,32.8,1,971.7244,597.83795,0.8906002044677734,"[[0.0, 0.0, 0.0]]",Middle,Right
984,32.8,2,619.30725,578.7746,0.907764196395874,"[[0.0, 0.0, 0.0]]",Middle,Left
985,32.833333333333336,1,978.6127,597.57245,0.8988041281700134,"[[0.0, 0.0, 0.0]]",Middle,Right
985,32.833333333333336,2,623.92285,577.6688,0.9012095332145691,"[[0.0, 0.0, 0.0]]",Middle,Left
986,32.86666666666667,1,987.2587,597.2304,0.885341227054596,"[[0.0, 0.0, 0.0]]",Middle,Right
986,32.86666666666667,2,632.3539,576.4449,0.9030417799949646,"[[0.0, 0.0, 0.0]]",Middle,Left
987,32.9,1,995.4719,597.5058,0.890235960483551,"[[0.0, 0.0, 0.0]]",Middle,Right
987,32.9,2,643.86035,575.4655,0.8920996785163879,"[[0.0, 0.0, 0.0]]",Middle,Left
988,32.93333333333333,1,1002.2643,598.32385,0.8954414129257202,"[[0.0, 0.0, 0.0]]",Middle,Right
988,32.93333333333333,2,656.3356,573.60046,0.9037190079689026,"[[0.0, 0.0, 0.0]]",Middle,Left
989,32.96666666666667,1,1010.40283,600.0315,0.8976413011550903,"[[0.0, 0.0, 0.0]]",Middle,Right
989,32.96666666666667,2,667.55884,573.0149,0.9088523387908936,"[[0.0, 0.0, 0.0]]",Middle,Left
990,33.0,1,1013.15216,600.7158,0.8982712030410767,"[[0.0, 0.0, 0.0]]",Middle,Right
990,33.0,2,671.6023,572.8971,0.9089735746383667,"[[0.0, 0.0, 0.0]]",Middle,Left
991,33.03333333333333,1,1019.53284,600.00854,0.8890320658683777,"[[0.0, 0.0, 0.0]]",Middle,Right
991,33.03333333333333,2,679.18243,572.9773,0.9113691449165344,"[[0.0, 0.0, 0.0]]",Middle,Left
992,33.06666666666667,1,1026.281,597.43225,0.8985170125961304,"[[0.0, 0.0, 0.0]]",Middle,Right
992,33.06666666666667,2,685.1161,573.4366,0.9135133028030396,"[[0.0, 0.0, 0.0]]",Middle,Left
993,33.1,1,1030.216,594.8198,0.8991469740867615,"[[0.0, 0.0, 0.0]]",Middle,Right
993,33.1,2,688.12024,573.3689,0.9112013578414917,"[[0.0, 0.0, 0.0]]",Middle,Left
994,33.13333333333333,1,1032.6504,593.5513,0.8929421901702881,"[[0.0, 0.0, 0.0]]",Middle,Right
994,33.13333333333333,2,687.6477,573.0826,0.9103764295578003,"[[0.0, 0.0, 0.0]]",Middle,Left
995,33.166666666666664,1,1036.6362,591.79736,0.8907119035720825,"[[0.0, 0.0, 0.0]]",Middle,Right
995,33.166666666666664,2,689.5792,572.4023,0.9039725065231323,"[[0.0, 0.0, 0.0]]",Middle,Left
996,33.2,1,1037.8678,591.19696,0.8912960290908813,"[[0.0, 0.0, 0.0]]",Middle,Right
996,33.2,2,689.81213,572.2184,0.9040365815162659,"[[0.0, 0.0, 0.0]]",Middle,Left
997,33.233333333333334,1,1039.1372,589.6702,0.8926761150360107,"[[0.0, 0.0, 0.0]]",Middle,Right
997,33.233333333333334,2,694.70264,571.87244,0.901338517665863,"[[0.0, 0.0, 0.0]]",Middle,Left
998,33.266666666666666,1,1040.1082,587.81354,0.8918319344520569,"[[0.0, 0.0, 0.0]]",Middle,Right
998,33.266666666666666,2,701.36926,570.47906,0.906488835811615,"[[0.0, 0.0, 0.0]]",Middle,Left
999,33.3,1,1038.5885,587.5021,0.8906182050704956,"[[0.0, 0.0, 0.0]]",Middle,Right
999,33.3,2,707.346,569.6862,0.9012287855148315,"[[0.0, 0.0, 0.0]]",Middle,Left
1000,33.333333333333336,1,1038.4932,587.43567,0.8905354738235474,"[[0.0, 0.0, 0.0]]",Middle,Right
1000,33.333333333333336,2,714.7915,568.45044,0.8931529521942139,"[[0.0, 0.0, 0.0]]",Middle,Left
1001,33.36666666666667,1,1037.9834,588.1268,0.8850518465042114,"[[0.0, 0.0, 0.0]]",Middle,Right
1001,33.36666666666667,2,721.3784,568.7023,0.8883129954338074,"[[0.0, 0.0, 0.0]]",Middle,Left
1002,33.4,1,1037.5786,588.0952,0.883083701133728,"[[0.0, 0.0, 0.0]]",Middle,Right
1002,33.4,2,723.2881,568.8396,0.8884219527244568,"[[0.0, 0.0, 0.0]]",Middle,Left
1003,33.43333333333333,1,1038.0486,589.44403,0.8840433955192566,"[[0.0, 0.0, 0.0]]",Middle,Right
1003,33.43333333333333,2,728.73816,568.2893,0.8827429413795471,"[[0.0, 0.0, 0.0]]",Middle,Left
1004,33.46666666666667,1,1037.4286,590.6321,0.8912622928619385,"[[0.0, 0.0, 0.0]]",Middle,Right
1004,33.46666666666667,2,732.47894,568.7656,0.8561527729034424,"[[0.0, 0.0, 0.0]]",Middle,Left
1005,33.5,1,1034.7603,589.42975,0.8947012424468994,"[[0.0, 0.0, 0.0]]",Middle,Right
1005,33.5,2,735.64136,569.6422,0.8188972473144531,"[[0.0, 0.0, 0.0]]",Middle,Left
1006,33.53333333333333,1,1032.3159,589.32526,0.8949607610702515,"[[0.0, 0.0, 0.0]]",Middle,Right
1006,33.53333333333333,2,749.2863,570.0034,0.7678719162940979,"[[0.0, 0.0, 0.0]]",Middle,Left
1007,33.56666666666667,1,1031.3625,588.9763,0.8939980268478394,"[[0.0, 0.0, 0.0]]",Middle,Right
1007,33.56666666666667,2,758.046,569.17114,0.8448045253753662,"[[0.0, 0.0, 0.0]]",Middle,Left
1008,33.6,1,1030.6172,588.86694,0.8940935134887695,"[[0.0, 0.0, 0.0]]",Middle,Right
1008,33.6,2,761.1499,568.8735,0.844439685344696,"[[0.0, 0.0, 0.0]]",Middle,Left
1009,33.63333333333333,1,1031.0245,589.5075,0.8811349868774414,"[[0.0, 0.0, 0.0]]",Middle,Right
1009,33.63333333333333,2,768.0013,567.80273,0.8282576203346252,"[[0.0, 0.0, 0.0]]",Middle,Left
1010,33.666666666666664,1,1030.1501,589.42786,0.8869083523750305,"[[0.0, 0.0, 0.0]]",Middle,Right
1010,33.666666666666664,2,774.3263,567.74097,0.8065668344497681,"[[0.0, 0.0, 0.0]]",Middle,Left
1011,33.7,1,1029.147,590.7341,0.8770313262939453,"[[0.0, 0.0, 0.0]]",Middle,Right
1011,33.7,2,779.50555,569.7338,0.8753622770309448,"[[0.0, 0.0, 0.0]]",Middle,Left
1012,33.733333333333334,1,1029.0931,592.88275,0.876612663269043,"[[0.0, 0.0, 0.0]]",Middle,Right
1012,33.733333333333334,2,783.54974,570.5039,0.8847501277923584,"[[0.0, 0.0, 0.0]]",Middle,Left
1013,33.766666666666666,1,1029.0776,595.3385,0.884676992893219,"[[0.0, 0.0, 0.0]]",Middle,Right
1013,33.766666666666666,2,787.1918,570.4678,0.860571563243866,"[[0.0, 0.0, 0.0]]",Middle,Left
1014,33.8,1,1029.0343,596.249,0.8846281170845032,"[[0.0, 0.0, 0.0]]",Middle,Right
1014,33.8,2,788.0071,570.44257,0.8630928993225098,"[[0.0, 0.0, 0.0]]",Middle,Left
1015,33.833333333333336,1,1029.7097,597.57623,0.8848076462745667,"[[0.0, 0.0, 0.0]]",Middle,Right
1015,33.833333333333336,2,790.12646,569.4558,0.8689293265342712,"[[0.0, 0.0, 0.0]]",Middle,Left
1016,33.86666666666667,1,1028.9548,600.048,0.8772319555282593,"[[0.0, 0.0, 0.0]]",Middle,Right
1016,33.86666666666667,2,795.64246,570.0898,0.8407195210456848,"[[0.0, 0.0, 0.0]]",Middle,Left
1017,33.9,1,1027.6868,601.28,0.8740107417106628,"[[0.0, 0.0, 0.0]]",Middle,Right
1017,33.9,2,801.86487,569.337,0.8638590574264526,"[[0.0, 0.0, 0.0]]",Middle,Left
1018,33.93333333333333,1,1025.8889,603.0322,0.8624279499053955,"[[0.0, 0.0, 0.0]]",Middle,Right
1018,33.93333333333333,2,810.07495,568.3873,0.8468109369277954,"[[0.0, 0.0, 0.0]]",Middle,Left
1019,33.96666666666667,1,1025.2034,604.31384,0.8888000845909119,"[[0.0, 0.0, 0.0]]",Middle,Right
1019,33.96666666666667,2,822.90454,568.6975,0.8579902052879333,"[[0.0, 0.0, 0.0]]",Middle,Left
1020,34.0,1,1024.9407,604.7599,0.8889340162277222,"[[0.0, 0.0, 0.0]]",Middle,Right
1020,34.0,2,826.9341,568.82,0.8580067157745361,"[[0.0, 0.0, 0.0]]",Middle,Left
1021,34.03333333333333,1,1023.5503,604.8876,0.8754149079322815,"[[0.0, 0.0, 0.0]]",Middle,Right
1021,34.03333333333333,2,832.99915,569.19977,0.8631910681724548,"[[0.0, 0.0, 0.0]]",Middle,Left
1022,34.06666666666667,1,1022.0401,604.5774,0.8667823076248169,"[[0.0, 0.0, 0.0]]",Middle,Right
1022,34.06666666666667,2,838.33594,570.6788,0.8667362332344055,"[[0.0, 0.0, 0.0]]",Middle,Left
1023,34.1,1,1017.14246,603.7721,0.78535395860672,"[[0.0, 0.0, 0.0]]",Middle,Right
1023,34.1,2,843.0967,571.5701,0.8712807297706604,"[[0.0, 0.0, 0.0]]",Middle,Left
1024,34.13333333333333,1,1011.27826,602.7851,0.8657215237617493,"[[0.0, 0.0, 0.0]]",Middle,Right
1024,34.13333333333333,2,850.97516,573.22626,0.8725013732910156,"[[0.0, 0.0, 0.0]]",Middle,Left
1025,34.166666666666664,1,1007.4442,602.0686,0.8707876801490784,"[[0.0, 0.0, 0.0]]",Middle,Right
1025,34.166666666666664,2,863.0259,572.8616,0.8857239484786987,"[[0.0, 0.0, 0.0]]",Middle,Left
1026,34.2,1,1006.18884,601.78,0.8708042502403259,"[[0.0, 0.0, 0.0]]",Middle,Right
1026,34.2,2,868.3242,572.7031,0.8857998847961426,"[[0.0, 0.0, 0.0]]",Middle,Left
1027,34.233333333333334,1,1004.4544,601.0037,0.8729161620140076,"[[0.0, 0.0, 0.0]]",Middle,Right
1027,34.233333333333334,2,876.515,574.2866,0.8877413272857666,"[[0.0, 0.0, 0.0]]",Middle,Left
1028,34.266666666666666,1,1001.5154,601.0344,0.8702218532562256,"[[0.0, 0.0, 0.0]]",Middle,Right
1028,34.266666666666666,2,881.8175,576.8621,0.8949809670448303,"[[0.0, 0.0, 0.0]]",Middle,Left
1029,34.3,1,998.48474,602.37305,0.8725190758705139,"[[0.0, 0.0, 0.0]]",Middle,Right
1029,34.3,2,883.45703,579.4823,0.8905028700828552,"[[0.0, 0.0, 0.0]]",Middle,Left
1030,34.333333333333336,1,990.183,607.15393,0.8787981271743774,"[[0.0, 0.0, 0.0]]",Middle,Right
1030,34.333333333333336,2,883.85876,580.1132,0.8918368816375732,"[[0.0, 0.0, 0.0]]",Middle,Left
1031,34.36666666666667,1,983.6535,610.9281,0.8788126111030579,"[[0.0, 0.0, 0.0]]",Middle,Right
1031,34.36666666666667,2,882.4892,579.6701,0.8882861137390137,"[[0.0, 0.0, 0.0]]",Middle,Left
1032,34.4,1,981.10986,612.3081,0.8787903785705566,"[[0.0, 0.0, 0.0]]",Middle,Right
1032,34.4,2,881.749,579.4385,0.8878027200698853,"[[0.0, 0.0, 0.0]]",Middle,Left
1033,34.43333333333333,1,977.6561,615.10315,0.8765737414360046,"[[0.0, 0.0, 0.0]]",Middle,Right
1033,34.43333333333333,2,884.5316,578.6731,0.8770831227302551,"[[0.0, 0.0, 0.0]]",Middle,Left
1034,34.46666666666667,1,977.7179,618.4473,0.8752296566963196,"[[0.0, 0.0, 0.0]]",Middle,Right
1034,34.46666666666667,2,890.69305,578.3844,0.8724240064620972,"[[0.0, 0.0, 0.0]]",Middle,Left
1035,34.5,1,976.56165,622.9356,0.8792188763618469,"[[0.0, 0.0, 0.0]]",Middle,Right
1035,34.5,2,899.49805,575.2611,0.8734372854232788,"[[0.0, 0.0, 0.0]]",Middle,Left
1036,34.53333333333333,1,975.2304,625.2419,0.8609418869018555,"[[0.0, 0.0, 0.0]]",Middle,Right
1036,34.53333333333333,2,908.59814,572.0752,0.8180989027023315,"[[0.0, 0.0, 0.0]]",Middle,Left
1037,34.56666666666667,1,974.1542,626.0546,0.884003221988678,"[[0.0, 0.0, 0.0]]",Middle,Right
1037,34.56666666666667,2,921.14215,572.2188,0.6892467141151428,"[[0.0, 0.0, 0.0]]",Middle,Left
1038,34.6,1,973.8662,626.28186,0.8839178085327148,"[[0.0, 0.0, 0.0]]",Middle,Right
1038,34.6,2,925.4512,572.2745,0.6920973658561707,"[[0.0, 0.0, 0.0]]",Middle,Left
1039,34.63333333333333,1,969.2422,626.95154,0.8878570199012756,"[[0.0, 0.0, 0.0]]",Middle,Right
1040,34.666666666666664,2,965.9405,626.49524,0.902413547039032,"[[0.0, 0.0, 0.0]]",Middle,Right
1041,34.7,1,961.80054,625.27856,0.899982750415802,"[[0.0, 0.0, 0.0]]",Middle,Right
1042,34.733333333333334,2,958.6847,623.7849,0.9033886790275574,"[[0.0, 0.0, 0.0]]",Middle,Left
1043,34.766666666666666,1,956.91724,621.88446,0.906626284122467,"[[0.0, 0.0, 0.0]]",Middle,Left
1044,34.8,2,956.37,621.14087,0.9068170189857483,"[[0.0, 0.0, 0.0]]",Middle,Left
1045,34.833333333333336,1,954.5863,622.15326,0.8861568570137024,"[[0.0, 0.0, 0.0]]",Middle,Left
1046,34.86666666666667,1,953.0099,625.1863,0.8693943619728088,"[[0.0, 0.0, 0.0]]",Middle,Left
1046,34.86666666666667,2,1015.02655,579.5217,0.5683624744415283,"[[0.0, 0.0, 0.0]]",Middle,Right
1047,34.9,1,950.8705,628.95074,0.875615656375885,"[[0.0, 0.0, 0.0]]",Middle,Left
1047,34.9,2,1021.24194,581.39465,0.6945022344589233,"[[0.0, 0.0, 0.0]]",Middle,Right
1048,34.93333333333333,1,946.5907,633.63293,0.8857843279838562,"[[0.0, 0.0, 0.0]]",Middle,Left
1048,34.93333333333333,2,1024.1176,584.01733,0.7697506546974182,"[[0.0, 0.0, 0.0]]",Middle,Right
1049,34.96666666666667,1,942.1139,636.68176,0.8946394920349121,"[[0.0, 0.0, 0.0]]",Middle,Left
1049,34.96666666666667,2,1025.475,585.6293,0.794809877872467,"[[0.0, 0.0, 0.0]]",Middle,Right
1050,35.0,1,940.4777,637.745,0.8944872617721558,"[[0.0, 0.0, 0.0]]",Middle,Left
1050,35.0,2,1025.686,586.1636,0.7947139739990234,"[[0.0, 0.0, 0.0]]",Middle,Right
1051,35.03333333333333,1,936.35626,643.0609,0.9111448526382446,"[[0.0, 0.0, 0.0]]",Middle,Left
1051,35.03333333333333,2,1023.77783,587.3589,0.8485454320907593,"[[0.0, 0.0, 0.0]]",Middle,Right
1052,35.06666666666667,1,932.58264,648.2959,0.8863295912742615,"[[0.0, 0.0, 0.0]]",Middle,Left
1052,35.06666666666667,2,1021.3053,587.4533,0.8708675503730774,"[[0.0, 0.0, 0.0]]",Middle,Right
1053,35.1,1,929.93066,650.20044,0.8961960077285767,"[[0.0, 0.0, 0.0]]",Middle,Left
1053,35.1,2,1023.4667,586.77527,0.8752902150154114,"[[0.0, 0.0, 0.0]]",Middle,Right
1054,35.13333333333333,1,928.0376,650.4999,0.9060238003730774,"[[0.0, 0.0, 0.0]]",Middle,Left
1054,35.13333333333333,2,1030.9509,586.1469,0.8657984733581543,"[[0.0, 0.0, 0.0]]",Middle,Right
1055,35.166666666666664,1,927.75195,650.84937,0.8991066217422485,"[[0.0, 0.0, 0.0]]",Middle,Left
1055,35.166666666666664,2,1041.6023,585.87396,0.8850772380828857,"[[0.0, 0.0, 0.0]]",Middle,Right
1056,35.2,1,927.4397,650.9138,0.8991639614105225,"[[0.0, 0.0, 0.0]]",Middle,Left
1056,35.2,2,1045.4062,585.75726,0.8849385976791382,"[[0.0, 0.0, 0.0]]",Middle,Right
1057,35.233333333333334,1,925.4187,650.52985,0.9080419540405273,"[[0.0, 0.0, 0.0]]",Middle,Left
1057,35.233333333333334,2,1051.563,587.9971,0.8847883939743042,"[[0.0, 0.0, 0.0]]",Middle,Right
1058,35.266666666666666,1,924.0971,649.6696,0.9025241136550903,"[[0.0, 0.0, 0.0]]",Middle,Left
1058,35.266666666666666,2,1060.1874,590.7949,0.8888155221939087,"[[0.0, 0.0, 0.0]]",Middle,Right
1059,35.3,1,923.3537,648.32135,0.901892900466919,"[[0.0, 0.0, 0.0]]",Middle,Left
1059,35.3,2,1059.8107,592.8372,0.8720373511314392,"[[0.0, 0.0, 0.0]]",Middle,Right
1060,35.333333333333336,1,923.1586,647.1257,0.9041731953620911,"[[0.0, 0.0, 0.0]]",Middle,Left
1060,35.333333333333336,2,1069.0247,591.9581,0.8578270077705383,"[[0.0, 0.0, 0.0]]",Middle,Right
1061,35.36666666666667,1,922.48773,649.27734,0.9029408693313599,"[[0.0, 0.0, 0.0]]",Middle,Left
1061,35.36666666666667,2,1069.1907,591.5967,0.8582135438919067,"[[0.0, 0.0, 0.0]]",Middle,Right
1062,35.4,1,922.30054,650.0363,0.9027700424194336,"[[0.0, 0.0, 0.0]]",Middle,Left
1062,35.4,2,1068.9443,591.40234,0.8593034744262695,"[[0.0, 0.0, 0.0]]",Middle,Right
1063,35.43333333333333,1,920.9699,655.60504,0.9012892246246338,"[[0.0, 0.0, 0.0]]",Middle,Left
1063,35.43333333333333,2,1079.7328,592.0194,0.8507224321365356,"[[0.0, 0.0, 0.0]]",Middle,Right
1064,35.46666666666667,1,921.18475,661.60486,0.9037652611732483,"[[0.0, 0.0, 0.0]]",Middle,Left
1064,35.46666666666667,2,1088.7408,592.2335,0.9110754728317261,"[[0.0, 0.0, 0.0]]",Middle,Right
1065,35.5,1,919.9998,667.1201,0.9060792922973633,"[[0.0, 0.0, 0.0]]",Middle,Left
1065,35.5,2,1096.3181,592.6177,0.913292407989502,"[[0.0, 0.0, 0.0]]",Middle,Right
1066,35.53333333333333,1,918.2688,671.4585,0.9130877256393433,"[[0.0, 0.0, 0.0]]",Middle,Left
1066,35.53333333333333,2,1102.9836,594.0723,0.9157922863960266,"[[0.0, 0.0, 0.0]]",Middle,Right
1067,35.56666666666667,1,914.9883,676.9417,0.9132678508758545,"[[0.0, 0.0, 0.0]]",Middle,Left
1067,35.56666666666667,2,1109.2422,593.5878,0.894573986530304,"[[0.0, 0.0, 0.0]]",Middle,Right
1068,35.6,1,913.82715,678.88416,0.9133943319320679,"[[0.0, 0.0, 0.0]]",Middle,Left
1068,35.6,2,1111.3931,593.3331,0.8954938054084778,"[[0.0, 0.0, 0.0]]",Middle,Right
1069,35.63333333333333,1,911.77026,682.1837,0.9174649715423584,"[[0.0, 0.0, 0.0]]",Middle,Left
1069,35.63333333333333,2,1114.9664,591.60236,0.8898629546165466,"[[0.0, 0.0, 0.0]]",Middle,Right
1070,35.666666666666664,1,907.40247,683.3245,0.9190353155136108,"[[0.0, 0.0, 0.0]]",Middle,Left
1070,35.666666666666664,2,1119.7261,590.58984,0.8832755088806152,"[[0.0, 0.0, 0.0]]",Middle,Right
1071,35.7,1,904.5214,682.99274,0.9168661236763,"[[0.0, 0.0, 0.0]]",Middle,Left
1071,35.7,2,1124.9814,591.83307,0.8869975209236145,"[[0.0, 0.0, 0.0]]",Middle,Right
1072,35.733333333333334,1,901.5454,682.10846,0.9194663763046265,"[[0.0, 0.0, 0.0]]",Middle,Left
1072,35.733333333333334,2,1129.3922,592.62524,0.8749613761901855,"[[0.0, 0.0, 0.0]]",Middle,Right
1073,35.766666666666666,1,899.1762,681.0506,0.916496992111206,"[[0.0, 0.0, 0.0]]",Middle,Left
1073,35.766666666666666,2,1134.5215,595.2303,0.8858177065849304,"[[0.0, 0.0, 0.0]]",Middle,Right
1074,35.8,1,898.3324,680.5674,0.9163216948509216,"[[0.0, 0.0, 0.0]]",Middle,Left
1074,35.8,2,1136.0911,596.2047,0.8853043913841248,"[[0.0, 0.0, 0.0]]",Middle,Right
1075,35.833333333333336,1,896.4621,680.67206,0.9181708097457886,"[[0.0, 0.0, 0.0]]",Middle,Left
1075,35.833333333333336,2,1140.578,599.19604,0.8814906477928162,"[[0.0, 0.0, 0.0]]",Middle,Right
1076,35.86666666666667,1,893.51587,680.34406,0.9205196499824524,"[[0.0, 0.0, 0.0]]",Middle,Left
1076,35.86666666666667,2,1148.4111,603.2717,0.8874078392982483,"[[0.0, 0.0, 0.0]]",Middle,Right
1077,35.9,1,890.8334,683.4706,0.91895991563797,"[[0.0, 0.0, 0.0]]",Middle,Left
1077,35.9,2,1157.751,607.4257,0.9125030040740967,"[[0.0, 0.0, 0.0]]",Middle,Right
1078,35.93333333333333,1,887.6094,690.18115,0.9111543297767639,"[[0.0, 0.0, 0.0]]",Middle,Left
1078,35.93333333333333,2,1164.4084,611.2496,0.9088811874389648,"[[0.0, 0.0, 0.0]]",Middle,Right
1079,35.96666666666667,1,884.8079,697.2461,0.9158110022544861,"[[0.0, 0.0, 0.0]]",Middle,Left
1079,35.96666666666667,2,1166.7964,613.9594,0.9049325585365295,"[[0.0, 0.0, 0.0]]",Middle,Right
1080,36.0,1,883.80237,699.8623,0.915793776512146,"[[0.0, 0.0, 0.0]]",Middle,Left
1080,36.0,2,1167.4076,614.90564,0.9047805070877075,"[[0.0, 0.0, 0.0]]",Middle,Right
1081,36.03333333333333,1,881.23315,702.77576,0.9182716608047485,"[[0.0, 0.0, 0.0]]",Middle,Left
1081,36.03333333333333,2,1168.1385,616.55035,0.9001589417457581,"[[0.0, 0.0, 0.0]]",Middle,Right
1082,36.06666666666667,1,877.376,708.3939,0.9182454347610474,"[[0.0, 0.0, 0.0]]",Middle,Left
1082,36.06666666666667,2,1170.5029,617.76935,0.9057417511940002,"[[0.0, 0.0, 0.0]]",Middle,Right
1083,36.1,1,873.05493,716.66675,0.913104236125946,"[[0.0, 0.0, 0.0]]",Back,Left
1083,36.1,2,1174.9048,618.47974,0.9029642939567566,"[[0.0, 0.0, 0.0]]",Middle,Right
1084,36.13333333333333,1,868.56494,722.6422,0.9130458831787109,"[[0.0, 0.0, 0.0]]",Back,Left
1084,36.13333333333333,2,1181.0784,619.3491,0.9006111025810242,"[[0.0, 0.0, 0.0]]",Middle,Right
1085,36.166666666666664,1,865.2705,727.1143,0.9128914475440979,"[[0.0, 0.0, 0.0]]",Back,Left
1085,36.166666666666664,2,1186.8433,619.6399,0.9086424708366394,"[[0.0, 0.0, 0.0]]",Middle,Right
1086,36.2,1,864.10583,728.63025,0.9130059480667114,"[[0.0, 0.0, 0.0]]",Back,Left
1086,36.2,2,1189.1508,619.6538,0.9085177779197693,"[[0.0, 0.0, 0.0]]",Middle,Right
1087,36.233333333333334,1,862.121,729.7511,0.9112300276756287,"[[0.0, 0.0, 0.0]]",Back,Left
1087,36.233333333333334,2,1192.5024,619.3069,0.9096781611442566,"[[0.0, 0.0, 0.0]]",Middle,Right
1088,36.266666666666666,1,860.83356,731.3525,0.908912181854248,"[[0.0, 0.0, 0.0]]",Back,Left
1088,36.266666666666666,2,1196.264,619.1191,0.9031668901443481,"[[0.0, 0.0, 0.0]]",Middle,Right
1089,36.3,1,858.1576,731.1735,0.9092311263084412,"[[0.0, 0.0, 0.0]]",Back,Left
1089,36.3,2,1201.8262,620.3225,0.9005175232887268,"[[0.0, 0.0, 0.0]]",Middle,Right
1090,36.333333333333336,1,851.25525,731.9927,0.8956704139709473,"[[0.0, 0.0, 0.0]]",Back,Left
1090,36.333333333333336,2,1208.3743,623.06366,0.9097914099693298,"[[0.0, 0.0, 0.0]]",Middle,Right
1091,36.36666666666667,1,844.0787,735.18134,0.8733503818511963,"[[0.0, 0.0, 0.0]]",Back,Left
1091,36.36666666666667,2,1211.0295,629.0002,0.9186280369758606,"[[0.0, 0.0, 0.0]]",Middle,Right
1092,36.4,1,841.5481,735.91223,0.873162031173706,"[[0.0, 0.0, 0.0]]",Back,Left
1092,36.4,2,1211.8551,631.1825,0.9184489846229553,"[[0.0, 0.0, 0.0]]",Middle,Right
1093,36.43333333333333,1,827.9354,736.1288,0.9066915512084961,"[[0.0, 0.0, 0.0]]",Back,Left
1093,36.43333333333333,2,1214.6735,633.6255,0.9214125275611877,"[[0.0, 0.0, 0.0]]",Middle,Right
1094,36.46666666666667,1,817.0476,740.0953,0.8998105525970459,"[[0.0, 0.0, 0.0]]",Back,Left
1094,36.46666666666667,2,1219.2139,637.44165,0.9187418222427368,"[[0.0, 0.0, 0.0]]",Middle,Right
1095,36.5,1,807.199,743.8253,0.9099721908569336,"[[0.0, 0.0, 0.0]]",Back,Left
1095,36.5,2,1224.7366,640.46155,0.9178901314735413,"[[0.0, 0.0, 0.0]]",Middle,Right
1096,36.53333333333333,1,794.6323,749.77966,0.9125231504440308,"[[0.0, 0.0, 0.0]]",Back,Left
1096,36.53333333333333,2,1229.968,642.1876,0.9188873171806335,"[[0.0, 0.0, 0.0]]",Middle,Right
1097,36.56666666666667,1,788.12964,756.24414,0.9197804927825928,"[[0.0, 0.0, 0.0]]",Back,Left
1097,36.56666666666667,2,1235.7513,643.4156,0.9202511310577393,"[[0.0, 0.0, 0.0]]",Middle,Right
1098,36.6,1,785.63464,758.4883,0.9197954535484314,"[[0.0, 0.0, 0.0]]",Back,Left
1098,36.6,2,1237.675,643.79596,0.9201585650444031,"[[0.0, 0.0, 0.0]]",Middle,Right
1099,36.63333333333333,1,779.2136,762.89136,0.9166582226753235,"[[0.0, 0.0, 0.0]]",Back,Left
1099,36.63333333333333,2,1240.9509,643.8673,0.9228302240371704,"[[0.0, 0.0, 0.0]]",Middle,Right
1100,36.666666666666664,1,770.21387,767.0794,0.9131346344947815,"[[0.0, 0.0, 0.0]]",Back,Left
1100,36.666666666666664,2,1244.327,643.8381,0.9147580862045288,"[[0.0, 0.0, 0.0]]",Middle,Right
1101,36.7,1,763.3177,770.8335,0.917364239692688,"[[0.0, 0.0, 0.0]]",Back,Left
1101,36.7,2,1249.084,643.4337,0.9037362337112427,"[[0.0, 0.0, 0.0]]",Middle,Right
1102,36.733333333333334,1,752.57263,773.7583,0.922950267791748,"[[0.0, 0.0, 0.0]]",Back,Left
1102,36.733333333333334,2,1255.3936,643.23474,0.8980250358581543,"[[0.0, 0.0, 0.0]]",Middle,Right
1103,36.766666666666666,1,740.9127,775.3632,0.9188165068626404,"[[0.0, 0.0, 0.0]]",Back,Left
1103,36.766666666666666,2,1262.3143,643.77405,0.8906192183494568,"[[0.0, 0.0, 0.0]]",Middle,Right
1104,36.8,1,736.13043,775.8121,0.9189140200614929,"[[0.0, 0.0, 0.0]]",Back,Left
1104,36.8,2,1264.549,643.93134,0.890678346157074,"[[0.0, 0.0, 0.0]]",Middle,Right
1105,36.833333333333336,1,723.97473,776.21094,0.9250809550285339,"[[0.0, 0.0, 0.0]]",Back,Left
1105,36.833333333333336,2,1268.9668,643.6294,0.8894060254096985,"[[0.0, 0.0, 0.0]]",Middle,Right
1106,36.86666666666667,1,706.5038,776.58594,0.9110522866249084,"[[0.0, 0.0, 0.0]]",Back,Left
1106,36.86666666666667,2,1276.5172,644.4711,0.8753111958503723,"[[0.0, 0.0, 0.0]]",Middle,Right
1107,36.9,1,675.28174,773.3108,0.9002565145492554,"[[0.0, 0.0, 0.0]]",Back,Left
1107,36.9,2,1287.4092,647.06866,0.8895878791809082,"[[0.0, 0.0, 0.0]]",Middle,Right
1108,36.93333333333333,1,655.68945,768.4072,0.911907434463501,"[[0.0, 0.0, 0.0]]",Back,Left
1108,36.93333333333333,2,1297.7233,649.34717,0.9027743339538574,"[[0.0, 0.0, 0.0]]",Middle,Right
1109,36.96666666666667,1,642.6747,763.5648,0.9089297652244568,"[[0.0, 0.0, 0.0]]",Back,Left
1109,36.96666666666667,2,1303.6018,651.81604,0.9060613512992859,"[[0.0, 0.0, 0.0]]",Middle,Right
1110,37.0,1,638.475,761.3175,0.9083686470985413,"[[0.0, 0.0, 0.0]]",Back,Left
1110,37.0,2,1305.7352,652.693,0.9061821699142456,"[[0.0, 0.0, 0.0]]",Middle,Right
1111,37.03333333333333,1,630.2842,758.16,0.9046759605407715,"[[0.0, 0.0, 0.0]]",Back,Left
1111,37.03333333333333,2,1309.2334,655.62537,0.9095567464828491,"[[0.0, 0.0, 0.0]]",Middle,Right
1112,37.06666666666667,1,621.6501,761.2156,0.906975269317627,"[[0.0, 0.0, 0.0]]",Back,Left
1112,37.06666666666667,2,1312.6565,659.9748,0.9005207419395447,"[[0.0, 0.0, 0.0]]",Middle,Right
1113,37.1,1,613.51245,760.7585,0.8978965282440186,"[[0.0, 0.0, 0.0]]",Back,Left
1113,37.1,2,1314.746,660.9096,0.8907443284988403,"[[0.0, 0.0, 0.0]]",Middle,Right
1114,37.13333333333333,1,606.5453,756.6636,0.9041439890861511,"[[0.0, 0.0, 0.0]]",Back,Left
1114,37.13333333333333,2,1316.3091,661.85547,0.8837388157844543,"[[0.0, 0.0, 0.0]]",Middle,Right
1115,37.166666666666664,1,599.9714,757.38806,0.9101200103759766,"[[0.0, 0.0, 0.0]]",Back,Left
1115,37.166666666666664,2,1318.6921,662.1594,0.895251989364624,"[[0.0, 0.0, 0.0]]",Middle,Right
1116,37.2,1,597.7518,757.6732,0.9100506901741028,"[[0.0, 0.0, 0.0]]",Back,Left
1116,37.2,2,1319.4163,662.21594,0.8948740363121033,"[[0.0, 0.0, 0.0]]",Middle,Right
1117,37.233333333333334,1,594.9999,756.1758,0.9016109108924866,"[[0.0, 0.0, 0.0]]",Back,Left
1117,37.233333333333334,2,1324.1794,662.18115,0.9017425775527954,"[[0.0, 0.0, 0.0]]",Middle,Right
1118,37.266666666666666,1,590.3689,754.9556,0.8975768685340881,"[[0.0, 0.0, 0.0]]",Back,Left
1118,37.266666666666666,2,1331.1233,660.4794,0.8757295608520508,"[[0.0, 0.0, 0.0]]",Middle,Right
1119,37.3,1,585.58,753.8401,0.894900381565094,"[[0.0, 0.0, 0.0]]",Back,Left
1119,37.3,2,1341.6116,658.48065,0.8625285625457764,"[[0.0, 0.0, 0.0]]",Middle,Right
1120,37.333333333333336,1,568.9622,751.48096,0.9092344641685486,"[[0.0, 0.0, 0.0]]",Back,Left
1120,37.333333333333336,2,1351.3694,657.698,0.8553999662399292,"[[0.0, 0.0, 0.0]]",Middle,Right
1121,37.36666666666667,1,553.13525,748.96234,0.9060332179069519,"[[0.0, 0.0, 0.0]]",Back,Left
1121,37.36666666666667,2,1358.0911,662.9451,0.8613491654396057,"[[0.0, 0.0, 0.0]]",Middle,Right
1122,37.4,1,939.0,664.5,0.9029943346977234,"[[0.0, 0.0, 0.0]]",Middle,Left
1122,37.4,2,1269.5,781.5,0.914157509803772,"[[0.0, 0.0, 0.0]]",Back,Right
1123,37.43333333333333,1,933.81134,664.9031,0.9069992899894714,"[[0.0, 0.0, 0.0]]",Middle,Left
1123,37.43333333333333,2,1264.7128,792.30164,0.9020833969116211,"[[0.0, 0.0, 0.0]]",Back,Right
1124,37.46666666666667,1,932.01843,664.5832,0.9099822044372559,"[[0.0, 0.0, 0.0]]",Middle,Left
1124,37.46666666666667,2,1260.7126,799.09863,0.9146557450294495,"[[0.0, 0.0, 0.0]]",Back,Right
1125,37.5,1,930.2578,663.31146,0.9118760824203491,"[[0.0, 0.0, 0.0]]",Middle,Left
1125,37.5,2,1255.4773,800.8663,0.9072807431221008,"[[0.0, 0.0, 0.0]]",Back,Right
1126,37.53333333333333,1,932.1338,661.4316,0.9139989018440247,"[[0.0, 0.0, 0.0]]",Middle,Left
1126,37.53333333333333,2,1256.2141,798.5398,0.9068421125411987,"[[0.0, 0.0, 0.0]]",Back,Right
1127,37.56666666666667,1,933.0967,660.856,0.9135552644729614,"[[0.0, 0.0, 0.0]]",Middle,Left
1127,37.56666666666667,2,1256.1375,798.07654,0.9066172242164612,"[[0.0, 0.0, 0.0]]",Back,Right
1128,37.6,1,937.052,659.99133,0.9084227085113525,"[[0.0, 0.0, 0.0]]",Middle,Left
1128,37.6,2,1238.7675,793.244,0.8806124925613403,"[[0.0, 0.0, 0.0]]",Back,Right
1129,37.63333333333333,1,946.87854,661.8147,0.9164623618125916,"[[0.0, 0.0, 0.0]]",Middle,Left
1129,37.63333333333333,2,1219.2761,784.31616,0.8651942610740662,"[[0.0, 0.0, 0.0]]",Back,Right
1130,37.666666666666664,1,955.5659,665.5599,0.9214896559715271,"[[0.0, 0.0, 0.0]]",Middle,Left
1130,37.666666666666664,2,1194.4045,778.41296,0.9136766791343689,"[[0.0, 0.0, 0.0]]",Back,Right
1131,37.7,1,959.73193,671.35315,0.9314875602722168,"[[0.0, 0.0, 0.0]]",Middle,Left
1131,37.7,2,1179.1434,770.60944,0.9046719074249268,"[[0.0, 0.0, 0.0]]",Back,Right
1132,37.733333333333334,1,958.7942,679.2283,0.9321359395980835,"[[0.0, 0.0, 0.0]]",Middle,Left
1132,37.733333333333334,2,1168.1696,759.53564,0.9034528136253357,"[[0.0, 0.0, 0.0]]",Back,Right
1133,37.766666666666666,1,958.242,682.1073,0.9323496222496033,"[[0.0, 0.0, 0.0]]",Middle,Left
1133,37.766666666666666,2,1164.8619,755.7487,0.904044508934021,"[[0.0, 0.0, 0.0]]",Back,Right
1134,37.8,1,955.007,688.80725,0.9282693862915039,"[[0.0, 0.0, 0.0]]",Middle,Left
1134,37.8,2,1156.4736,751.52075,0.909644603729248,"[[0.0, 0.0, 0.0]]",Back,Right
1135,37.833333333333336,1,953.61584,694.92194,0.9247536659240723,"[[0.0, 0.0, 0.0]]",Middle,Left
1135,37.833333333333336,2,1140.0983,746.14813,0.9052114486694336,"[[0.0, 0.0, 0.0]]",Back,Right
1136,37.86666666666667,1,949.45,698.7119,0.9224381446838379,"[[0.0, 0.0, 0.0]]",Middle,Left
1136,37.86666666666667,2,1123.2068,741.6042,0.8962256908416748,"[[0.0, 0.0, 0.0]]",Back,Right
1137,37.9,1,944.7947,700.2882,0.9129610061645508,"[[0.0, 0.0, 0.0]]",Middle,Left
1137,37.9,2,1103.0587,737.069,0.856260359287262,"[[0.0, 0.0, 0.0]]",Back,Right
1138,37.93333333333333,1,944.5684,697.7191,0.9001752734184265,"[[0.0, 0.0, 0.0]]",Middle,Left
1138,37.93333333333333,2,1085.6414,736.4536,0.8758702874183655,"[[0.0, 0.0, 0.0]]",Back,Right
1139,37.96666666666667,1,944.46075,696.693,0.9004433155059814,"[[0.0, 0.0, 0.0]]",Middle,Left
1139,37.96666666666667,2,1079.3754,736.4119,0.8767738938331604,"[[0.0, 0.0, 0.0]]",Back,Right
1140,38.0,1,946.0166,692.21576,0.7596328258514404,"[[0.0, 0.0, 0.0]]",Middle,Left
1140,38.0,2,1079.7472,737.5162,0.8377458453178406,"[[0.0, 0.0, 0.0]]",Back,Right
1141,38.03333333333333,1,973.5121,686.828,0.6126057505607605,"[[0.0, 0.0, 0.0]]",Middle,Right
1141,38.03333333333333,2,1075.2832,735.11566,0.8400379419326782,"[[0.0, 0.0, 0.0]]",Back,Right
1142,38.06666666666667,2,1066.3239,723.51263,0.8728976845741272,"[[0.0, 0.0, 0.0]]",Back,Right
1143,38.1,1,1065.5869,713.36865,0.8646124005317688,"[[0.0, 0.0, 0.0]]",Back,Right
1144,38.13333333333333,2,1060.5554,705.35614,0.8992138504981995,"[[0.0, 0.0, 0.0]]",Middle,Right
1145,38.166666666666664,1,1059.0311,702.75494,0.8991358280181885,"[[0.0, 0.0, 0.0]]",Middle,Right
1146,38.2,2,1068.1359,696.7155,0.8940466046333313,"[[0.0, 0.0, 0.0]]",Middle,Right
1147,38.233333333333334,1,1072.5046,691.9662,0.8262996673583984,"[[0.0, 0.0, 0.0]]",Middle,Right
1148,38.266666666666666,2,1054.0193,690.6864,0.8997060060501099,"[[0.0, 0.0, 0.0]]",Middle,Right
1149,38.3,1,1152.385,687.11456,0.7354526519775391,"[[0.0, 0.0, 0.0]]",Middle,Right
1149,38.3,2,1039.9661,692.6994,0.8976994156837463,"[[0.0, 0.0, 0.0]]",Middle,Right
1150,38.333333333333336,1,1186.9756,695.1402,0.8286758065223694,"[[0.0, 0.0, 0.0]]",Middle,Right
1150,38.333333333333336,2,1030.5925,697.26416,0.9011430144309998,"[[0.0, 0.0, 0.0]]",Middle,Right
1151,38.36666666666667,1,1199.7366,697.7853,0.8311246037483215,"[[0.0, 0.0, 0.0]]",Middle,Right
1151,38.36666666666667,2,1027.5444,699.119,0.9016435742378235,"[[0.0, 0.0, 0.0]]",Middle,Right
1152,38.4,1,1223.4425,704.05817,0.85780930519104,"[[0.0, 0.0, 0.0]]",Middle,Right
1152,38.4,2,1023.3098,700.9204,0.9216181635856628,"[[0.0, 0.0, 0.0]]",Middle,Right
1153,38.43333333333333,1,1247.4775,710.6614,0.9013174772262573,"[[0.0, 0.0, 0.0]]",Middle,Right
1153,38.43333333333333,2,1018.6437,702.0229,0.9225146174430847,"[[0.0, 0.0, 0.0]]",Middle,Right
1154,38.46666666666667,1,1265.5392,714.7709,0.9138977527618408,"[[0.0, 0.0, 0.0]]",Back,Right
1154,38.46666666666667,2,1014.1583,703.165,0.9216281771659851,"[[0.0, 0.0, 0.0]]",Middle,Right
1155,38.5,1,1279.0104,732.94073,0.9021518230438232,"[[0.0, 0.0, 0.0]]",Back,Right
1155,38.5,2,1006.067,701.64746,0.9231456518173218,"[[0.0, 0.0, 0.0]]",Middle,Right
1156,38.53333333333333,1,1288.0541,758.4723,0.9098409414291382,"[[0.0, 0.0, 0.0]]",Back,Right
1156,38.53333333333333,2,997.0148,693.46173,0.926234245300293,"[[0.0, 0.0, 0.0]]",Middle,Right
1157,38.56666666666667,1,1291.4613,767.0669,0.9090684056282043,"[[0.0, 0.0, 0.0]]",Back,Right
1157,38.56666666666667,2,993.7439,690.4607,0.9261775016784668,"[[0.0, 0.0, 0.0]]",Middle,Right
1158,38.6,1,1309.0288,774.7863,0.9033913016319275,"[[0.0, 0.0, 0.0]]",Back,Right
1158,38.6,2,988.49915,678.6823,0.9228357076644897,"[[0.0, 0.0, 0.0]]",Middle,Right
1159,38.63333333333333,1,1313.8203,779.6021,0.9028195142745972,"[[0.0, 0.0, 0.0]]",Back,Right
1159,38.63333333333333,2,985.03235,670.34753,0.9254253506660461,"[[0.0, 0.0, 0.0]]",Middle,Right
1160,38.666666666666664,1,1322.615,786.9753,0.9167880415916443,"[[0.0, 0.0, 0.0]]",Back,Right
1160,38.666666666666664,2,984.23724,665.7883,0.924731969833374,"[[0.0, 0.0, 0.0]]",Middle,Right
1161,38.7,1,1328.7297,788.5403,0.9273182153701782,"[[0.0, 0.0, 0.0]]",Back,Right
1161,38.7,2,982.2015,661.2438,0.9258983731269836,"[[0.0, 0.0, 0.0]]",Middle,Right
1162,38.733333333333334,1,1323.2465,784.7355,0.9166098237037659,"[[0.0, 0.0, 0.0]]",Back,Right
1162,38.733333333333334,2,979.6466,657.70386,0.9152295589447021,"[[0.0, 0.0, 0.0]]",Middle,Right
1163,38.766666666666666,1,1320.3591,783.11,0.9167011976242065,"[[0.0, 0.0, 0.0]]",Back,Right
1163,38.766666666666666,2,978.8529,656.54663,0.9145320057868958,"[[0.0, 0.0, 0.0]]",Middle,Right
1164,38.8,1,1318.1829,777.9114,0.9046125411987305,"[[0.0, 0.0, 0.0]]",Back,Right
1164,38.8,2,978.3671,653.9438,0.9130025506019592,"[[0.0, 0.0, 0.0]]",Middle,Right
1165,38.833333333333336,1,1318.69,772.2329,0.8958061337471008,"[[0.0, 0.0, 0.0]]",Back,Right
1165,38.833333333333336,2,978.6801,651.7997,0.9177329540252686,"[[0.0, 0.0, 0.0]]",Middle,Right
1166,38.86666666666667,1,1317.6538,760.4602,0.9072072505950928,"[[0.0, 0.0, 0.0]]",Back,Right
1166,38.86666666666667,2,985.7427,654.7985,0.9156324863433838,"[[0.0, 0.0, 0.0]]",Middle,Right
1167,38.9,1,1313.3938,748.4614,0.9209404587745667,"[[0.0, 0.0, 0.0]]",Back,Right
1167,38.9,2,996.5647,661.4077,0.9232907295227051,"[[0.0, 0.0, 0.0]]",Middle,Right
1168,38.93333333333333,1,1302.0728,741.7777,0.9214015007019043,"[[0.0, 0.0, 0.0]]",Back,Right
1168,38.93333333333333,2,1003.0724,668.0286,0.9249183535575867,"[[0.0, 0.0, 0.0]]",Middle,Right
1169,38.96666666666667,1,1297.3672,739.1719,0.9210132360458374,"[[0.0, 0.0, 0.0]]",Back,Right
1169,38.96666666666667,2,1005.69165,670.545,0.925313413143158,"[[0.0, 0.0, 0.0]]",Middle,Right
1170,39.0,1,1282.2711,738.81323,0.9196202754974365,"[[0.0, 0.0, 0.0]]",Back,Right
1170,39.0,2,1009.64343,673.82556,0.9267330765724182,"[[0.0, 0.0, 0.0]]",Middle,Right
1171,39.03333333333333,1,1274.2673,740.00507,0.9224121570587158,"[[0.0, 0.0, 0.0]]",Back,Right
1171,39.03333333333333,2,1009.277,680.1277,0.9239845275878906,"[[0.0, 0.0, 0.0]]",Middle,Right
1172,39.06666666666667,1,1263.0277,741.1322,0.911157488822937,"[[0.0, 0.0, 0.0]]",Back,Right
1172,39.06666666666667,2,1010.7428,683.4294,0.9167138934135437,"[[0.0, 0.0, 0.0]]",Middle,Right
1173,39.1,1,1252.7197,740.93915,0.9152809977531433,"[[0.0, 0.0, 0.0]]",Back,Right
1173,39.1,2,1012.27405,684.2425,0.9185186624526978,"[[0.0, 0.0, 0.0]]",Middle,Right
1174,39.13333333333333,1,1242.5752,741.5307,0.9280287623405457,"[[0.0, 0.0, 0.0]]",Back,Right
1174,39.13333333333333,2,1013.1819,683.4762,0.9109219908714294,"[[0.0, 0.0, 0.0]]",Middle,Right
1175,39.166666666666664,1,1238.7554,741.4369,0.9279782772064209,"[[0.0, 0.0, 0.0]]",Back,Right
1175,39.166666666666664,2,1013.8518,683.1519,0.9106093645095825,"[[0.0, 0.0, 0.0]]",Middle,Right
1176,39.2,1,1231.8579,740.09656,0.9182009100914001,"[[0.0, 0.0, 0.0]]",Back,Right
1176,39.2,2,1020.67706,679.3209,0.9108023643493652,"[[0.0, 0.0, 0.0]]",Middle,Right
1177,39.233333333333334,1,1229.013,738.2854,0.9139859676361084,"[[0.0, 0.0, 0.0]]",Back,Right
1177,39.233333333333334,2,1033.8567,684.4744,0.852983832359314,"[[0.0, 0.0, 0.0]]",Middle,Right
1178,39.266666666666666,1,1223.1497,734.9933,0.9115055203437805,"[[0.0, 0.0, 0.0]]",Back,Right
1178,39.266666666666666,2,1058.2853,677.7523,0.8815743923187256,"[[0.0, 0.0, 0.0]]",Middle,Right
1179,39.3,1,1207.8328,729.1549,0.9056679606437683,"[[0.0, 0.0, 0.0]]",Back,Right
1179,39.3,2,1086.3887,675.29694,0.8330791592597961,"[[0.0, 0.0, 0.0]]",Middle,Right
1180,39.333333333333336,1,1187.2307,731.25854,0.8955580592155457,"[[0.0, 0.0, 0.0]]",Back,Right
1180,39.333333333333336,2,1119.6642,673.0558,0.3669733703136444,"[[0.0, 0.0, 0.0]]",Middle,Right
1181,39.36666666666667,1,1180.0718,732.11145,0.8949470520019531,"[[0.0, 0.0, 0.0]]",Back,Right
1181,39.36666666666667,2,1129.7025,672.5229,0.3742237985134125,"[[0.0, 0.0, 0.0]]",Middle,Right
1182,39.4,1,1166.0813,715.147,0.8973393440246582,"[[0.0, 0.0, 0.0]]",Back,Right
1183,39.43333333333333,2,1157.2968,725.1145,0.8285701274871826,"[[0.0, 0.0, 0.0]]",Back,Right
1184,39.46666666666667,1,1208.7769,668.91595,0.8307663202285767,"[[0.0, 0.0, 0.0]]",Middle,Right
1184,39.46666666666667,2,1131.8884,726.2922,0.8728920817375183,"[[0.0, 0.0, 0.0]]",Back,Right
1185,39.5,1,1221.1858,659.85034,0.7166516184806824,"[[0.0, 0.0, 0.0]]",Middle,Right
1185,39.5,2,1116.4775,722.7693,0.8998624682426453,"[[0.0, 0.0, 0.0]]",Back,Right
1186,39.53333333333333,1,1230.752,670.338,0.8827699422836304,"[[0.0, 0.0, 0.0]]",Middle,Right
1186,39.53333333333333,2,1105.2966,720.5118,0.8834430575370789,"[[0.0, 0.0, 0.0]]",Back,Right
1187,39.56666666666667,1,1235.1804,674.6516,0.8833869695663452,"[[0.0, 0.0, 0.0]]",Middle,Right
1187,39.56666666666667,2,1102.2827,719.7039,0.8835336565971375,"[[0.0, 0.0, 0.0]]",Back,Right
1188,39.6,1,1246.6287,679.5775,0.8994649648666382,"[[0.0, 0.0, 0.0]]",Middle,Right
1188,39.6,2,1094.5767,714.82776,0.887523889541626,"[[0.0, 0.0, 0.0]]",Back,Right
1189,39.63333333333333,1,1256.8237,686.7247,0.9190534353256226,"[[0.0, 0.0, 0.0]]",Middle,Right
1189,39.63333333333333,2,1086.4103,708.443,0.9034847021102905,"[[0.0, 0.0, 0.0]]",Middle,Right
1190,39.666666666666664,1,1269.4553,692.04254,0.9111550450325012,"[[0.0, 0.0, 0.0]]",Middle,Right
1190,39.666666666666664,2,1075.9819,705.7611,0.883642852306366,"[[0.0, 0.0, 0.0]]",Middle,Right
1191,39.7,1,1277.9795,694.9775,0.9070160984992981,"[[0.0, 0.0, 0.0]]",Middle,Right
1191,39.7,2,1067.166,701.18304,0.8896850347518921,"[[0.0, 0.0, 0.0]]",Middle,Right
1192,39.733333333333334,1,1283.9989,698.989,0.9193587303161621,"[[0.0, 0.0, 0.0]]",Middle,Right
1192,39.733333333333334,2,1061.9723,697.89246,0.886664867401123,"[[0.0, 0.0, 0.0]]",Middle,Right
1193,39.766666666666666,1,1285.8909,700.41284,0.9196954965591431,"[[0.0, 0.0, 0.0]]",Middle,Right
1193,39.766666666666666,2,1060.4691,696.76495,0.8859004974365234,"[[0.0, 0.0, 0.0]]",Middle,Right
1194,39.8,1,1290.0112,702.1917,0.9255685210227966,"[[0.0, 0.0, 0.0]]",Middle,Right
1194,39.8,2,1056.5452,696.77344,0.8980056047439575,"[[0.0, 0.0, 0.0]]",Middle,Right
1195,39.833333333333336,1,1296.0298,705.10205,0.9282177090644836,"[[0.0, 0.0, 0.0]]",Middle,Right
1195,39.833333333333336,2,1050.043,691.2412,0.9053504467010498,"[[0.0, 0.0, 0.0]]",Middle,Right
1196,39.86666666666667,1,1302.5189,707.4398,0.9266637563705444,"[[0.0, 0.0, 0.0]]",Middle,Right
1196,39.86666666666667,2,1044.5992,677.6681,0.8997536301612854,"[[0.0, 0.0, 0.0]]",Middle,Right
1197,39.9,1,1307.5752,709.55273,0.924278736114502,"[[0.0, 0.0, 0.0]]",Middle,Right
1197,39.9,2,1038.1711,668.60846,0.9020217061042786,"[[0.0, 0.0, 0.0]]",Middle,Right
1198,39.93333333333333,1,1315.2517,711.5991,0.9297773838043213,"[[0.0, 0.0, 0.0]]",Middle,Right
1198,39.93333333333333,2,1031.6997,660.7388,0.9083707928657532,"[[0.0, 0.0, 0.0]]",Middle,Right
1199,39.96666666666667,1,1317.9952,712.25903,0.9296317100524902,"[[0.0, 0.0, 0.0]]",Middle,Right
1199,39.96666666666667,2,1029.4911,657.9941,0.9081010818481445,"[[0.0, 0.0, 0.0]]",Middle,Right
1200,40.0,1,1319.2987,713.77576,0.912935197353363,"[[0.0, 0.0, 0.0]]",Back,Right
1200,40.0,2,1022.67365,656.1703,0.9158889055252075,"[[0.0, 0.0, 0.0]]",Middle,Right
1201,40.03333333333333,1,1301.3673,713.2479,0.9284116625785828,"[[0.0, 0.0, 0.0]]",Back,Right
1201,40.03333333333333,2,1012.2035,658.3501,0.9108564257621765,"[[0.0, 0.0, 0.0]]",Middle,Right
1202,40.06666666666667,1,1292.127,710.6407,0.9258621335029602,"[[0.0, 0.0, 0.0]]",Middle,Right
1202,40.06666666666667,2,1008.8956,660.63885,0.8973919153213501,"[[0.0, 0.0, 0.0]]",Middle,Right
1203,40.1,1,1288.2585,706.6466,0.9265495538711548,"[[0.0, 0.0, 0.0]]",Middle,Right
1203,40.1,2,1010.4157,665.34515,0.9217703342437744,"[[0.0, 0.0, 0.0]]",Middle,Right
1204,40.13333333333333,1,1287.6772,703.1299,0.9239690899848938,"[[0.0, 0.0, 0.0]]",Middle,Right
1204,40.13333333333333,2,1011.20483,670.58344,0.9203548431396484,"[[0.0, 0.0, 0.0]]",Middle,Right
1205,40.166666666666664,1,1287.3372,702.1119,0.9239993095397949,"[[0.0, 0.0, 0.0]]",Middle,Right
1205,40.166666666666664,2,1011.82184,672.579,0.9205026626586914,"[[0.0, 0.0, 0.0]]",Middle,Right
1206,40.2,1,1288.0991,695.8011,0.9194015860557556,"[[0.0, 0.0, 0.0]]",Middle,Right
1206,40.2,2,1012.61206,676.3673,0.915245771408081,"[[0.0, 0.0, 0.0]]",Middle,Right
1207,40.233333333333334,1,1287.917,692.4543,0.9105914831161499,"[[0.0, 0.0, 0.0]]",Middle,Right
1207,40.233333333333334,2,1012.7653,678.12933,0.9134409427642822,"[[0.0, 0.0, 0.0]]",Middle,Right
1208,40.266666666666666,1,1286.7257,686.2949,0.9011939764022827,"[[0.0, 0.0, 0.0]]",Middle,Right
1208,40.266666666666666,2,1014.2726,677.75836,0.9036092162132263,"[[0.0, 0.0, 0.0]]",Middle,Right
1209,40.3,1,1273.1931,683.33813,0.8737552762031555,"[[0.0, 0.0, 0.0]]",Middle,Right
1209,40.3,2,1016.58386,679.98193,0.8943079710006714,"[[0.0, 0.0, 0.0]]",Middle,Right
1210,40.333333333333336,1,1255.659,680.27454,0.8851844668388367,"[[0.0, 0.0, 0.0]]",Middle,Right
1210,40.333333333333336,2,1021.89136,674.3861,0.8890534043312073,"[[0.0, 0.0, 0.0]]",Middle,Right
1211,40.36666666666667,1,1248.916,679.1629,0.8846091628074646,"[[0.0, 0.0, 0.0]]",Middle,Right
1211,40.36666666666667,2,1024.0262,672.339,0.8884912133216858,"[[0.0, 0.0, 0.0]]",Middle,Right
1212,40.4,1,1247.4529,676.50464,0.8887952566146851,"[[0.0, 0.0, 0.0]]",Middle,Right
1212,40.4,2,1037.0254,666.2654,0.881981611251831,"[[0.0, 0.0, 0.0]]",Middle,Right
1213,40.43333333333333,1,1214.3408,673.265,0.8090502023696899,"[[0.0, 0.0, 0.0]]",Middle,Right
1213,40.43333333333333,2,1057.2089,677.7905,0.762191891670227,"[[0.0, 0.0, 0.0]]",Middle,Right
1214,40.46666666666667,1,1184.743,668.50415,0.7353711128234863,"[[0.0, 0.0, 0.0]]",Middle,Right
1214,40.46666666666667,2,1073.7825,676.24316,0.5309250950813293,"[[0.0, 0.0, 0.0]]",Middle,Right
1215,40.5,1,1173.9475,663.4958,0.6245400309562683,"[[0.0, 0.0, 0.0]]",Middle,Right
1216,40.53333333333333,2,1147.8818,658.0836,0.8601574301719666,"[[0.0, 0.0, 0.0]]",Middle,Right
1217,40.56666666666667,1,1138.1556,656.0863,0.8612729907035828,"[[0.0, 0.0, 0.0]]",Middle,Right
1218,40.6,2,1130.9651,654.4439,0.8225626349449158,"[[0.0, 0.0, 0.0]]",Middle,Right
1219,40.63333333333333,1,1258.3994,672.2037,0.7572692036628723,"[[0.0, 0.0, 0.0]]",Middle,Right
1219,40.63333333333333,2,1128.1064,656.88794,0.8688713312149048,"[[0.0, 0.0, 0.0]]",Middle,Right
1220,40.666666666666664,1,1245.4152,673.13385,0.7253432273864746,"[[0.0, 0.0, 0.0]]",Middle,Right
1220,40.666666666666664,2,1127.0314,664.8347,0.9012396335601807,"[[0.0, 0.0, 0.0]]",Middle,Right
1221,40.7,1,1261.4596,676.78955,0.6989363431930542,"[[0.0, 0.0, 0.0]]",Middle,Right
1221,40.7,2,1118.9576,668.2362,0.892729640007019,"[[0.0, 0.0, 0.0]]",Middle,Right
1222,40.733333333333334,1,1288.082,680.5715,0.8494636416435242,"[[0.0, 0.0, 0.0]]",Middle,Right
1222,40.733333333333334,2,1105.2565,670.8459,0.9045330882072449,"[[0.0, 0.0, 0.0]]",Middle,Right
1223,40.766666666666666,1,1299.1724,681.8025,0.8495423793792725,"[[0.0, 0.0, 0.0]]",Middle,Right
1223,40.766666666666666,2,1100.5392,671.8669,0.9046522974967957,"[[0.0, 0.0, 0.0]]",Middle,Right
1224,40.8,1,1300.654,683.8862,0.8683503866195679,"[[0.0, 0.0, 0.0]]",Middle,Right
1224,40.8,2,1095.1599,671.93085,0.8848481178283691,"[[0.0, 0.0, 0.0]]",Middle,Right
1225,40.833333333333336,1,1301.3555,686.27856,0.8855767250061035,"[[0.0, 0.0, 0.0]]",Middle,Right
1225,40.833333333333336,2,1083.4993,667.64575,0.9172796010971069,"[[0.0, 0.0, 0.0]]",Middle,Right
1226,40.86666666666667,1,1295.7544,688.4247,0.8788018226623535,"[[0.0, 0.0, 0.0]]",Middle,Right
1226,40.86666666666667,2,1069.522,663.6959,0.9220307469367981,"[[0.0, 0.0, 0.0]]",Middle,Right
1227,40.9,1,1289.8103,689.4709,0.8903191089630127,"[[0.0, 0.0, 0.0]]",Middle,Right
1227,40.9,2,1056.7349,670.0625,0.9230746626853943,"[[0.0, 0.0, 0.0]]",Middle,Right
1228,40.93333333333333,1,1283.4042,687.7517,0.8776122331619263,"[[0.0, 0.0, 0.0]]",Middle,Right
1228,40.93333333333333,2,1047.9146,682.23975,0.9207766056060791,"[[0.0, 0.0, 0.0]]",Middle,Right
1229,40.96666666666667,1,1282.1974,686.7005,0.8782991766929626,"[[0.0, 0.0, 0.0]]",Middle,Right
1229,40.96666666666667,2,1045.2251,685.9391,0.9221541881561279,"[[0.0, 0.0, 0.0]]",Middle,Right
1230,41.0,1,1289.8574,684.9263,0.9059545993804932,"[[0.0, 0.0, 0.0]]",Middle,Right
1230,41.0,2,1041.2812,690.6009,0.9242969155311584,"[[0.0, 0.0, 0.0]]",Middle,Right
1231,41.03333333333333,1,1295.4954,680.2925,0.9086999297142029,"[[0.0, 0.0, 0.0]]",Middle,Right
1231,41.03333333333333,2,1036.5586,691.89954,0.9095621705055237,"[[0.0, 0.0, 0.0]]",Middle,Right
1232,41.06666666666667,1,1300.8894,676.1966,0.902871310710907,"[[0.0, 0.0, 0.0]]",Middle,Right
1232,41.06666666666667,2,1033.185,695.9983,0.9077902436256409,"[[0.0, 0.0, 0.0]]",Middle,Right
1233,41.1,1,1307.5161,672.36536,0.9160454273223877,"[[0.0, 0.0, 0.0]]",Middle,Right
1233,41.1,2,1030.9005,689.78394,0.9077931642532349,"[[0.0, 0.0, 0.0]]",Middle,Right
1234,41.13333333333333,1,1315.9888,668.0222,0.9049685001373291,"[[0.0, 0.0, 0.0]]",Middle,Right
1234,41.13333333333333,2,1029.6854,677.55566,0.9060982465744019,"[[0.0, 0.0, 0.0]]",Middle,Right
1235,41.166666666666664,1,1318.8774,666.3392,0.9048742055892944,"[[0.0, 0.0, 0.0]]",Middle,Right
1235,41.166666666666664,2,1029.4679,673.33215,0.90537029504776,"[[0.0, 0.0, 0.0]]",Middle,Right
1236,41.2,1,1321.124,663.7635,0.9059578776359558,"[[0.0, 0.0, 0.0]]",Middle,Right
1236,41.2,2,1032.9573,672.14185,0.915924608707428,"[[0.0, 0.0, 0.0]]",Middle,Right
1237,41.233333333333334,1,1318.6636,661.85486,0.9127519130706787,"[[0.0, 0.0, 0.0]]",Middle,Right
1237,41.233333333333334,2,1049.5234,672.4461,0.8774178624153137,"[[0.0, 0.0, 0.0]]",Middle,Right
1238,41.266666666666666,1,1312.4117,660.4961,0.9201591610908508,"[[0.0, 0.0, 0.0]]",Middle,Right
1238,41.266666666666666,2,1068.405,673.59863,0.897858738899231,"[[0.0, 0.0, 0.0]]",Middle,Right
1239,41.3,1,1301.6982,658.72296,0.916869044303894,"[[0.0, 0.0, 0.0]]",Middle,Right
1239,41.3,2,1079.5364,672.3433,0.8963563442230225,"[[0.0, 0.0, 0.0]]",Middle,Right
1240,41.333333333333336,1,1286.9702,657.7615,0.9141047596931458,"[[0.0, 0.0, 0.0]]",Middle,Right
1240,41.333333333333336,2,1082.7524,670.5672,0.8969938158988953,"[[0.0, 0.0, 0.0]]",Middle,Right
1241,41.36666666666667,1,1281.9834,657.45056,0.9143059253692627,"[[0.0, 0.0, 0.0]]",Middle,Right
1241,41.36666666666667,2,1083.928,669.94714,0.8974785208702087,"[[0.0, 0.0, 0.0]]",Middle,Right
1242,41.4,1,1269.6201,656.3965,0.9012920260429382,"[[0.0, 0.0, 0.0]]",Middle,Right
1242,41.4,2,1083.6238,662.74493,0.8996809124946594,"[[0.0, 0.0, 0.0]]",Middle,Right
1243,41.43333333333333,1,1259.3477,654.73755,0.8906222581863403,"[[0.0, 0.0, 0.0]]",Middle,Right
1243,41.43333333333333,2,1085.7549,644.86395,0.8956925868988037,"[[0.0, 0.0, 0.0]]",Middle,Right
1244,41.46666666666667,1,1249.4316,653.4885,0.8969703912734985,"[[0.0, 0.0, 0.0]]",Middle,Right
1244,41.46666666666667,2,1093.5579,639.1362,0.8757566809654236,"[[0.0, 0.0, 0.0]]",Middle,Right
1245,41.5,1,1241.0339,652.417,0.9071968793869019,"[[0.0, 0.0, 0.0]]",Middle,Right
1245,41.5,2,1116.4924,638.2036,0.7703020572662354,"[[0.0, 0.0, 0.0]]",Middle,Right
1246,41.53333333333333,1,1234.875,651.71594,0.9011403918266296,"[[0.0, 0.0, 0.0]]",Middle,Right
1246,41.53333333333333,2,1123.0225,646.1181,0.6949064135551453,"[[0.0, 0.0, 0.0]]",Middle,Right
1247,41.56666666666667,1,1232.9155,651.4968,0.9009076356887817,"[[0.0, 0.0, 0.0]]",Middle,Right
1247,41.56666666666667,2,1124.5847,649.2247,0.6969010829925537,"[[0.0, 0.0, 0.0]]",Middle,Right
1248,41.6,1,1227.3713,651.78656,0.8844839930534363,"[[0.0, 0.0, 0.0]]",Middle,Right
1249,41.63333333333333,2,1223.8617,652.26495,0.8632888793945312,"[[0.0, 0.0, 0.0]]",Middle,Right
1250,41.666666666666664,1,1220.8008,653.469,0.8556071519851685,"[[0.0, 0.0, 0.0]]",Middle,Right
1251,41.7,2,1221.9086,654.29004,0.7237699031829834,"[[0.0, 0.0, 0.0]]",Middle,Right
1252,41.733333333333334,1,1202.7456,656.2735,0.8757238984107971,"[[0.0, 0.0, 0.0]]",Middle,Right
1253,41.766666666666666,2,1194.9153,657.03735,0.8755712509155273,"[[0.0, 0.0, 0.0]]",Middle,Right
1254,41.8,1,1185.1736,653.0185,0.8775135278701782,"[[0.0, 0.0, 0.0]]",Middle,Right
1255,41.833333333333336,1,1175.4507,651.4981,0.883703887462616,"[[0.0, 0.0, 0.0]]",Middle,Right
1255,41.833333333333336,2,1276.8931,646.3024,0.607027530670166,"[[0.0, 0.0, 0.0]]",Middle,Right
1256,41.86666666666667,1,1164.8605,651.9862,0.9032105803489685,"[[0.0, 0.0, 0.0]]",Middle,Right
1256,41.86666666666667,2,1263.4434,668.447,0.6534263491630554,"[[0.0, 0.0, 0.0]]",Middle,Right
1257,41.9,1,1157.8126,653.1949,0.8898409605026245,"[[0.0, 0.0, 0.0]]",Middle,Right
1257,41.9,2,1259.011,681.96594,0.39637136459350586,"[[0.0, 0.0, 0.0]]",Middle,Right
1258,41.93333333333333,1,1149.2218,652.6345,0.85638827085495,"[[0.0, 0.0, 0.0]]",Middle,Right
1258,41.93333333333333,2,1281.2422,694.68463,0.7648184299468994,"[[0.0, 0.0, 0.0]]",Middle,Right
1259,41.96666666666667,1,1146.0295,652.4434,0.8593955636024475,"[[0.0, 0.0, 0.0]]",Middle,Right
1259,41.96666666666667,2,1290.2854,698.6046,0.7628174424171448,"[[0.0, 0.0, 0.0]]",Middle,Right
1260,42.0,1,1139.9521,647.6714,0.8905888795852661,"[[0.0, 0.0, 0.0]]",Middle,Right
1260,42.0,2,1293.5115,687.0509,0.6772168874740601,"[[0.0, 0.0, 0.0]]",Middle,Right
1261,42.03333333333333,1,1134.8794,644.28864,0.8913550972938538,"[[0.0, 0.0, 0.0]]",Middle,Right
1261,42.03333333333333,2,1294.4424,670.18176,0.8404344320297241,"[[0.0, 0.0, 0.0]]",Middle,Right
1262,42.06666666666667,1,1121.3734,639.4401,0.8847586512565613,"[[0.0, 0.0, 0.0]]",Middle,Right
1262,42.06666666666667,2,1283.874,659.23676,0.8188926577568054,"[[0.0, 0.0, 0.0]]",Middle,Right
1263,42.1,1,1086.738,634.3116,0.8947433233261108,"[[0.0, 0.0, 0.0]]",Middle,Right
1263,42.1,2,1279.6255,647.9259,0.8494235277175903,"[[0.0, 0.0, 0.0]]",Middle,Right
1264,42.13333333333333,1,1066.2068,631.08795,0.8827004432678223,"[[0.0, 0.0, 0.0]]",Middle,Right
1264,42.13333333333333,2,1292.9647,637.1098,0.8700059652328491,"[[0.0, 0.0, 0.0]]",Middle,Right
1265,42.166666666666664,1,1059.5543,629.99585,0.8838328719139099,"[[0.0, 0.0, 0.0]]",Middle,Right
1265,42.166666666666664,2,1298.0581,632.905,0.8707153797149658,"[[0.0, 0.0, 0.0]]",Middle,Right
1266,42.2,1,1030.4614,627.6305,0.8423585891723633,"[[0.0, 0.0, 0.0]]",Middle,Right
1266,42.2,2,1303.8429,624.505,0.8775885105133057,"[[0.0, 0.0, 0.0]]",Middle,Right
1267,42.233333333333334,1,1013.55835,625.52496,0.8705693483352661,"[[0.0, 0.0, 0.0]]",Middle,Right
1267,42.233333333333334,2,1311.9797,613.05164,0.885913074016571,"[[0.0, 0.0, 0.0]]",Middle,Right
1268,42.266666666666666,1,997.84143,623.4972,0.8773048520088196,"[[0.0, 0.0, 0.0]]",Middle,Right
1268,42.266666666666666,2,1307.6611,603.91437,0.8932769894599915,"[[0.0, 0.0, 0.0]]",Middle,Right
1269,42.3,1,974.58624,619.5104,0.8717062473297119,"[[0.0, 0.0, 0.0]]",Middle,Right
1269,42.3,2,1295.0945,595.938,0.8947018980979919,"[[0.0, 0.0, 0.0]]",Middle,Right
1270,42.333333333333336,1,953.14526,612.4547,0.8455697298049927,"[[0.0, 0.0, 0.0]]",Middle,Left
1270,42.333333333333336,2,1274.4602,588.1697,0.8972315192222595,"[[0.0, 0.0, 0.0]]",Middle,Right
1271,42.36666666666667,1,945.17554,609.8989,0.8501065969467163,"[[0.0, 0.0, 0.0]]",Middle,Left
1271,42.36666666666667,2,1267.01,585.19824,0.8970242142677307,"[[0.0, 0.0, 0.0]]",Middle,Right
1272,42.4,1,931.9524,606.71906,0.8307152986526489,"[[0.0, 0.0, 0.0]]",Middle,Left
1272,42.4,2,1262.2295,582.9358,0.9071879386901855,"[[0.0, 0.0, 0.0]]",Middle,Right
1273,42.43333333333333,1,914.3425,604.9858,0.873538076877594,"[[0.0, 0.0, 0.0]]",Middle,Left
1273,42.43333333333333,2,1256.5049,580.2903,0.9005204439163208,"[[0.0, 0.0, 0.0]]",Middle,Right
1274,42.46666666666667,1,903.7446,604.12573,0.873580276966095,"[[0.0, 0.0, 0.0]]",Middle,Left
1274,42.46666666666667,2,1256.5017,577.80707,0.8730087876319885,"[[0.0, 0.0, 0.0]]",Middle,Right
1275,42.5,1,895.2243,602.8986,0.8724458813667297,"[[0.0, 0.0, 0.0]]",Middle,Left
1275,42.5,2,1249.4883,577.62744,0.9059656858444214,"[[0.0, 0.0, 0.0]]",Middle,Right
1276,42.53333333333333,1,886.5469,596.1708,0.8519344925880432,"[[0.0, 0.0, 0.0]]",Middle,Left
1276,42.53333333333333,2,1245.7041,578.3551,0.9053760766983032,"[[0.0, 0.0, 0.0]]",Middle,Right
1277,42.56666666666667,1,884.1891,593.7864,0.8506901860237122,"[[0.0, 0.0, 0.0]]",Middle,Left
1277,42.56666666666667,2,1244.6365,578.7799,0.9044383764266968,"[[0.0, 0.0, 0.0]]",Middle,Right
1278,42.6,1,878.1571,590.9935,0.8586881756782532,"[[0.0, 0.0, 0.0]]",Middle,Left
1278,42.6,2,1235.564,580.37085,0.8906790018081665,"[[0.0, 0.0, 0.0]]",Middle,Right
1279,42.63333333333333,1,870.9938,589.4084,0.8333637714385986,"[[0.0, 0.0, 0.0]]",Middle,Left
1279,42.63333333333333,2,1222.9281,582.07935,0.8963657021522522,"[[0.0, 0.0, 0.0]]",Middle,Right
1280,42.666666666666664,1,864.0745,588.2577,0.8446665406227112,"[[0.0, 0.0, 0.0]]",Middle,Left
1280,42.666666666666664,2,1213.8616,585.12634,0.9056893587112427,"[[0.0, 0.0, 0.0]]",Middle,Right
1281,42.7,1,859.225,587.6001,0.8563491702079773,"[[0.0, 0.0, 0.0]]",Middle,Left
1281,42.7,2,1204.7874,587.0375,0.8681548833847046,"[[0.0, 0.0, 0.0]]",Middle,Right
1282,42.733333333333334,1,856.181,589.1354,0.8509629964828491,"[[0.0, 0.0, 0.0]]",Middle,Left
1282,42.733333333333334,2,1186.1431,591.45166,0.8974505066871643,"[[0.0, 0.0, 0.0]]",Middle,Right
1283,42.766666666666666,1,855.4384,589.7902,0.8508973121643066,"[[0.0, 0.0, 0.0]]",Middle,Left
1283,42.766666666666666,2,1179.2012,593.16095,0.8974303603172302,"[[0.0, 0.0, 0.0]]",Middle,Right
1284,42.8,1,852.80505,591.09485,0.8372738361358643,"[[0.0, 0.0, 0.0]]",Middle,Left
1284,42.8,2,1172.5962,593.8471,0.8999279141426086,"[[0.0, 0.0, 0.0]]",Middle,Right
1285,42.833333333333336,1,845.47845,593.6255,0.8434145450592041,"[[0.0, 0.0, 0.0]]",Middle,Left
1285,42.833333333333336,2,1164.2183,593.14795,0.9057806730270386,"[[0.0, 0.0, 0.0]]",Middle,Right
1286,42.86666666666667,1,846.08673,593.9541,0.866166889667511,"[[0.0, 0.0, 0.0]]",Middle,Left
1286,42.86666666666667,2,1158.263,593.2247,0.9013940095901489,"[[0.0, 0.0, 0.0]]",Middle,Right
1287,42.9,1,850.2212,594.4298,0.8591911792755127,"[[0.0, 0.0, 0.0]]",Middle,Left
1287,42.9,2,1151.1044,591.6179,0.9080561995506287,"[[0.0, 0.0, 0.0]]",Middle,Right
1288,42.93333333333333,1,855.5648,595.9893,0.8626633882522583,"[[0.0, 0.0, 0.0]]",Middle,Left
1288,42.93333333333333,2,1145.1091,589.06726,0.9014738202095032,"[[0.0, 0.0, 0.0]]",Middle,Right
1289,42.96666666666667,1,857.84717,597.58765,0.8622331023216248,"[[0.0, 0.0, 0.0]]",Middle,Left
1289,42.96666666666667,2,1143.2393,588.1177,0.9016268253326416,"[[0.0, 0.0, 0.0]]",Middle,Right
1290,43.0,1,860.46533,598.1974,0.8521751165390015,"[[0.0, 0.0, 0.0]]",Middle,Left
1290,43.0,2,1135.3865,586.48303,0.9048492908477783,"[[0.0, 0.0, 0.0]]",Middle,Right
1291,43.03333333333333,1,862.2185,598.10236,0.8768342733383179,"[[0.0, 0.0, 0.0]]",Middle,Left
1291,43.03333333333333,2,1118.6624,589.22046,0.9048058390617371,"[[0.0, 0.0, 0.0]]",Middle,Right
1292,43.06666666666667,1,857.27844,599.4031,0.8727994561195374,"[[0.0, 0.0, 0.0]]",Middle,Left
1292,43.06666666666667,2,1100.7195,594.1869,0.9189216494560242,"[[0.0, 0.0, 0.0]]",Middle,Right
1293,43.1,1,853.8916,599.18604,0.861671507358551,"[[0.0, 0.0, 0.0]]",Middle,Left
1293,43.1,2,1089.5325,600.32684,0.9175612330436707,"[[0.0, 0.0, 0.0]]",Middle,Right
1294,43.13333333333333,1,865.02246,598.7578,0.8877869844436646,"[[0.0, 0.0, 0.0]]",Middle,Left
1294,43.13333333333333,2,1084.0886,606.6081,0.9140646457672119,"[[0.0, 0.0, 0.0]]",Middle,Right
1295,43.166666666666664,1,869.7219,598.5987,0.88810133934021,"[[0.0, 0.0, 0.0]]",Middle,Left
1295,43.166666666666664,2,1082.5707,608.9746,0.9140800833702087,"[[0.0, 0.0, 0.0]]",Middle,Right
1296,43.2,1,875.81604,597.5292,0.8958085179328918,"[[0.0, 0.0, 0.0]]",Middle,Left
1296,43.2,2,1083.279,612.78296,0.911597728729248,"[[0.0, 0.0, 0.0]]",Middle,Right
1297,43.233333333333334,1,881.26904,592.2035,0.8958287835121155,"[[0.0, 0.0, 0.0]]",Middle,Left
1297,43.233333333333334,2,1084.1864,615.8235,0.9159302711486816,"[[0.0, 0.0, 0.0]]",Middle,Right
1298,43.266666666666666,1,884.996,584.9659,0.8956127166748047,"[[0.0, 0.0, 0.0]]",Middle,Left
1298,43.266666666666666,2,1085.1576,617.8805,0.9166843891143799,"[[0.0, 0.0, 0.0]]",Middle,Right
1299,43.3,1,888.3535,580.62415,0.8944714069366455,"[[0.0, 0.0, 0.0]]",Middle,Left
1299,43.3,2,1087.4551,620.26807,0.9140951037406921,"[[0.0, 0.0, 0.0]]",Middle,Right
1300,43.333333333333336,1,891.845,574.48126,0.8996140956878662,"[[0.0, 0.0, 0.0]]",Middle,Left
1300,43.333333333333336,2,1087.5442,622.0872,0.9101831912994385,"[[0.0, 0.0, 0.0]]",Middle,Right
1301,43.36666666666667,1,893.1461,572.126,0.899774432182312,"[[0.0, 0.0, 0.0]]",Middle,Left
1301,43.36666666666667,2,1087.8055,622.3266,0.9102611541748047,"[[0.0, 0.0, 0.0]]",Middle,Right
1302,43.4,1,894.87317,568.7081,0.8936207294464111,"[[0.0, 0.0, 0.0]]",Middle,Left
1302,43.4,2,1091.0253,623.0268,0.9127150774002075,"[[0.0, 0.0, 0.0]]",Middle,Right
1303,43.43333333333333,1,895.7862,566.16943,0.9000381827354431,"[[0.0, 0.0, 0.0]]",Middle,Left
1303,43.43333333333333,2,1094.1097,621.5551,0.9137275218963623,"[[0.0, 0.0, 0.0]]",Middle,Right
1304,43.46666666666667,2,1111.167,635.564,0.9111132621765137,"[[0.0, 0.0, 0.0]]",Middle,Right
1305,43.5,1,537.86646,677.101,0.9053165316581726,"[[0.0, 0.0, 0.0]]",Middle,Left
1305,43.5,2,1106.3784,637.50714,0.881591796875,"[[0.0, 0.0, 0.0]]",Middle,Right
1306,43.53333333333333,1,524.42523,677.7934,0.9044570922851562,"[[0.0, 0.0, 0.0]]",Middle,Left
1306,43.53333333333333,2,1086.4418,639.1213,0.8666863441467285,"[[0.0, 0.0, 0.0]]",Middle,Right
1307,43.56666666666667,1,520.0187,678.0266,0.9046613574028015,"[[0.0, 0.0, 0.0]]",Middle,Left
1307,43.56666666666667,2,1079.56,639.66614,0.867423415184021,"[[0.0, 0.0, 0.0]]",Middle,Right
1308,43.6,1,509.1704,678.4545,0.9040087461471558,"[[0.0, 0.0, 0.0]]",Middle,Left
1308,43.6,2,1082.3635,637.5554,0.6938956379890442,"[[0.0, 0.0, 0.0]]",Middle,Right
1309,43.63333333333333,1,494.52478,679.6663,0.9068964719772339,"[[0.0, 0.0, 0.0]]",Middle,Left
1309,43.63333333333333,2,1085.746,638.56616,0.6920356154441833,"[[0.0, 0.0, 0.0]]",Middle,Right
1310,43.666666666666664,1,485.46057,680.0723,0.9026000499725342,"[[0.0, 0.0, 0.0]]",Middle,Left
1310,43.666666666666664,2,1085.8574,638.90643,0.6384379267692566,"[[0.0, 0.0, 0.0]]",Middle,Right
1311,43.7,1,478.55215,680.53174,0.9028910398483276,"[[0.0, 0.0, 0.0]]",Middle,Left
1311,43.7,2,1061.8517,638.3122,0.6884929537773132,"[[0.0, 0.0, 0.0]]",Middle,Right
1312,43.733333333333334,1,472.359,681.0129,0.9115633368492126,"[[0.0, 0.0, 0.0]]",Middle,Left
1312,43.733333333333334,2,1042.2698,638.01306,0.8331889510154724,"[[0.0, 0.0, 0.0]]",Middle,Right
1313,43.766666666666666,1,470.45605,681.1628,0.9115527272224426,"[[0.0, 0.0, 0.0]]",Middle,Left
1313,43.766666666666666,2,1034.9529,638.1574,0.8335779905319214,"[[0.0, 0.0, 0.0]]",Middle,Right
1314,43.8,1,466.3883,682.55396,0.910040557384491,"[[0.0, 0.0, 0.0]]",Middle,Left
1314,43.8,2,1021.0941,638.5005,0.8724518418312073,"[[0.0, 0.0, 0.0]]",Middle,Right
1315,43.833333333333336,1,462.4878,683.37115,0.9131565690040588,"[[0.0, 0.0, 0.0]]",Middle,Left
1315,43.833333333333336,2,1010.7527,640.21594,0.923251211643219,"[[0.0, 0.0, 0.0]]",Middle,Right
1316,43.86666666666667,1,458.28778,684.3277,0.9181175827980042,"[[0.0, 0.0, 0.0]]",Middle,Left
1316,43.86666666666667,2,999.9198,643.13055,0.9123643636703491,"[[0.0, 0.0, 0.0]]",Middle,Right
1317,43.9,1,455.92267,686.3313,0.9175724387168884,"[[0.0, 0.0, 0.0]]",Middle,Left
1317,43.9,2,987.1478,645.17773,0.9103756546974182,"[[0.0, 0.0, 0.0]]",Middle,Right
1318,43.93333333333333,1,454.29556,689.7417,0.9161896109580994,"[[0.0, 0.0, 0.0]]",Middle,Left
1318,43.93333333333333,2,979.5215,647.22095,0.9111177921295166,"[[0.0, 0.0, 0.0]]",Middle,Right
1319,43.96666666666667,1,453.90665,690.9601,0.9161061644554138,"[[0.0, 0.0, 0.0]]",Middle,Left
1319,43.96666666666667,2,976.9227,647.9235,0.9119950532913208,"[[0.0, 0.0, 0.0]]",Middle,Right
1320,44.0,1,454.2799,692.7079,0.91594398021698,"[[0.0, 0.0, 0.0]]",Middle,Left
1320,44.0,2,970.9251,648.46643,0.920413076877594,"[[0.0, 0.0, 0.0]]",Middle,Right
1321,44.03333333333333,1,455.89685,694.99896,0.9146968722343445,"[[0.0, 0.0, 0.0]]",Middle,Left
1321,44.03333333333333,2,963.6428,647.96313,0.9227911233901978,"[[0.0, 0.0, 0.0]]",Middle,Right
1322,44.06666666666667,1,462.9558,700.14307,0.9084054231643677,"[[0.0, 0.0, 0.0]]",Middle,Left
1322,44.06666666666667,2,952.2265,646.0669,0.9259787201881409,"[[0.0, 0.0, 0.0]]",Middle,Left
1323,44.1,1,469.86978,706.6824,0.9134114384651184,"[[0.0, 0.0, 0.0]]",Middle,Left
1323,44.1,2,934.48846,643.343,0.9108819365501404,"[[0.0, 0.0, 0.0]]",Middle,Left
1324,44.13333333333333,1,474.87946,711.3613,0.9121041297912598,"[[0.0, 0.0, 0.0]]",Middle,Left
1324,44.13333333333333,2,917.65344,639.9921,0.9054116606712341,"[[0.0, 0.0, 0.0]]",Middle,Left
1325,44.166666666666664,1,476.73273,712.995,0.9118941426277161,"[[0.0, 0.0, 0.0]]",Back,Left
1325,44.166666666666664,2,912.1502,638.6966,0.9054723978042603,"[[0.0, 0.0, 0.0]]",Middle,Left
1326,44.2,1,478.42697,717.5076,0.9130035638809204,"[[0.0, 0.0, 0.0]]",Back,Left
1326,44.2,2,899.87744,638.1926,0.9023133516311646,"[[0.0, 0.0, 0.0]]",Middle,Left
1327,44.233333333333334,1,476.44464,723.47217,0.9107491374015808,"[[0.0, 0.0, 0.0]]",Back,Left
1327,44.233333333333334,2,890.4166,636.71094,0.8914895057678223,"[[0.0, 0.0, 0.0]]",Middle,Left
1328,44.266666666666666,1,472.5327,727.9037,0.8847489356994629,"[[0.0, 0.0, 0.0]]",Back,Left
1328,44.266666666666666,2,883.4207,634.1864,0.8961323499679565,"[[0.0, 0.0, 0.0]]",Middle,Left
1329,44.3,1,483.57324,729.0491,0.9025838375091553,"[[0.0, 0.0, 0.0]]",Back,Left
1329,44.3,2,879.0343,636.8467,0.8880901336669922,"[[0.0, 0.0, 0.0]]",Middle,Left
1330,44.333333333333336,1,490.5207,726.6419,0.9065869450569153,"[[0.0, 0.0, 0.0]]",Back,Left
1330,44.333333333333336,2,867.0371,640.8247,0.9124526381492615,"[[0.0, 0.0, 0.0]]",Middle,Left
1331,44.36666666666667,1,493.13452,725.6584,0.9063806533813477,"[[0.0, 0.0, 0.0]]",Back,Left
1331,44.36666666666667,2,862.944,642.3392,0.9122970700263977,"[[0.0, 0.0, 0.0]]",Middle,Left
1332,44.4,1,498.02216,722.20685,0.8686149716377258,"[[0.0, 0.0, 0.0]]",Back,Left
1332,44.4,2,851.2467,645.87256,0.9104936122894287,"[[0.0, 0.0, 0.0]]",Middle,Left
1333,44.43333333333333,1,514.9536,715.91974,0.891411304473877,"[[0.0, 0.0, 0.0]]",Back,Left
1333,44.43333333333333,2,837.4611,651.16754,0.9170828461647034,"[[0.0, 0.0, 0.0]]",Middle,Left
1334,44.46666666666667,1,540.17456,709.25964,0.8827300071716309,"[[0.0, 0.0, 0.0]]",Middle,Left
1334,44.46666666666667,2,824.68164,655.4627,0.9224198460578918,"[[0.0, 0.0, 0.0]]",Middle,Left
1335,44.5,1,568.9177,701.83044,0.9178400039672852,"[[0.0, 0.0, 0.0]]",Middle,Left
1335,44.5,2,813.21313,656.3354,0.9198938608169556,"[[0.0, 0.0, 0.0]]",Middle,Left
1336,44.53333333333333,1,590.78674,693.4846,0.9087437391281128,"[[0.0, 0.0, 0.0]]",Middle,Left
1336,44.53333333333333,2,806.90967,657.2615,0.9131209254264832,"[[0.0, 0.0, 0.0]]",Middle,Left
1337,44.56666666666667,1,599.0815,690.28064,0.9084646105766296,"[[0.0, 0.0, 0.0]]",Middle,Left
1337,44.56666666666667,2,804.6733,657.5632,0.9131665229797363,"[[0.0, 0.0, 0.0]]",Middle,Left
1338,44.6,1,612.3611,684.5448,0.906491219997406,"[[0.0, 0.0, 0.0]]",Middle,Left
1338,44.6,2,801.2628,656.2897,0.911995530128479,"[[0.0, 0.0, 0.0]]",Middle,Left
1339,44.63333333333333,1,623.5959,680.1361,0.9030377268791199,"[[0.0, 0.0, 0.0]]",Middle,Left
1339,44.63333333333333,2,798.6257,653.1248,0.8916956186294556,"[[0.0, 0.0, 0.0]]",Middle,Left
1340,44.666666666666664,1,631.14075,684.33264,0.8896617293357849,"[[0.0, 0.0, 0.0]]",Middle,Left
1340,44.666666666666664,2,791.48486,648.93835,0.8370057344436646,"[[0.0, 0.0, 0.0]]",Middle,Left
1341,44.7,1,640.82385,688.9899,0.9073532819747925,"[[0.0, 0.0, 0.0]]",Middle,Left
1341,44.7,2,783.4906,646.9959,0.8285530209541321,"[[0.0, 0.0, 0.0]]",Middle,Left
1342,44.733333333333334,1,653.8886,694.4374,0.9017034769058228,"[[0.0, 0.0, 0.0]]",Middle,Left
1342,44.733333333333334,2,771.77875,646.5953,0.8397731184959412,"[[0.0, 0.0, 0.0]]",Middle,Left
1343,44.766666666666666,1,658.77185,696.5688,0.9015893340110779,"[[0.0, 0.0, 0.0]]",Middle,Left
1343,44.766666666666666,2,767.8703,646.45233,0.8402270078659058,"[[0.0, 0.0, 0.0]]",Middle,Left
1344,44.8,1,675.6112,700.6808,0.9091796875,"[[0.0, 0.0, 0.0]]",Middle,Left
1344,44.8,2,767.75726,646.7426,0.40227675437927246,"[[0.0, 0.0, 0.0]]",Middle,Left
1345,44.833333333333336,1,696.74506,703.9164,0.9167844653129578,"[[0.0, 0.0, 0.0]]",Middle,Left
1346,44.86666666666667,2,714.03076,700.8206,0.8952845931053162,"[[0.0, 0.0, 0.0]]",Middle,Left
1347,44.9,1,728.5111,702.9236,0.8698738217353821,"[[0.0, 0.0, 0.0]]",Middle,Left
1348,44.93333333333333,2,732.9421,703.7404,0.8837093114852905,"[[0.0, 0.0, 0.0]]",Middle,Left
1349,44.96666666666667,1,636.5,667.0,0.5239530801773071,"[[0.0, 0.0, 0.0]]",Middle,Left
1349,44.96666666666667,2,734.4474,704.0339,0.8849745392799377,"[[0.0, 0.0, 0.0]]",Middle,Left
1350,45.0,1,634.9666,666.2307,0.576012134552002,"[[0.0, 0.0, 0.0]]",Middle,Left
1350,45.0,2,755.53033,702.8064,0.8885787129402161,"[[0.0, 0.0, 0.0]]",Middle,Left
1351,45.03333333333333,1,650.1682,667.5428,0.8592817783355713,"[[0.0, 0.0, 0.0]]",Middle,Left
1351,45.03333333333333,2,773.72675,697.7096,0.9064565300941467,"[[0.0, 0.0, 0.0]]",Middle,Left
1352,45.06666666666667,1,654.156,667.586,0.865899920463562,"[[0.0, 0.0, 0.0]]",Middle,Left
1352,45.06666666666667,2,789.0625,685.79944,0.8888258934020996,"[[0.0, 0.0, 0.0]]",Middle,Left
1353,45.1,1,645.46924,669.37897,0.8790950179100037,"[[0.0, 0.0, 0.0]]",Middle,Left
1353,45.1,2,805.06635,673.5864,0.8866541385650635,"[[0.0, 0.0, 0.0]]",Middle,Left
1354,45.13333333333333,1,644.0188,671.38367,0.9012405276298523,"[[0.0, 0.0, 0.0]]",Middle,Left
1354,45.13333333333333,2,813.6392,665.4896,0.8826613426208496,"[[0.0, 0.0, 0.0]]",Middle,Left
1355,45.166666666666664,1,643.3544,672.0872,0.9011513590812683,"[[0.0, 0.0, 0.0]]",Middle,Left
1355,45.166666666666664,2,815.7402,662.3041,0.8803789615631104,"[[0.0, 0.0, 0.0]]",Middle,Left
1356,45.2,1,647.6662,674.3583,0.8958770036697388,"[[0.0, 0.0, 0.0]]",Middle,Left
1356,45.2,2,813.9274,657.91956,0.8697615265846252,"[[0.0, 0.0, 0.0]]",Middle,Left
1357,45.233333333333334,1,652.20544,675.47314,0.9047408699989319,"[[0.0, 0.0, 0.0]]",Middle,Left
1357,45.233333333333334,2,820.30383,652.42487,0.871414065361023,"[[0.0, 0.0, 0.0]]",Middle,Left
1358,45.266666666666666,1,658.47815,675.8258,0.90040522813797,"[[0.0, 0.0, 0.0]]",Middle,Left
1358,45.266666666666666,2,819.83044,647.1804,0.8731228113174438,"[[0.0, 0.0, 0.0]]",Middle,Left
1359,45.3,1,666.15857,674.9016,0.8992267847061157,"[[0.0, 0.0, 0.0]]",Middle,Left
1359,45.3,2,827.78296,642.3839,0.8728755116462708,"[[0.0, 0.0, 0.0]]",Middle,Left
1360,45.333333333333336,1,671.2761,671.8407,0.8988205790519714,"[[0.0, 0.0, 0.0]]",Middle,Left
1360,45.333333333333336,2,847.6666,644.164,0.8912061452865601,"[[0.0, 0.0, 0.0]]",Middle,Left
1361,45.36666666666667,1,672.8779,670.68463,0.8976229429244995,"[[0.0, 0.0, 0.0]]",Middle,Left
1361,45.36666666666667,2,855.2645,645.2934,0.8918519616127014,"[[0.0, 0.0, 0.0]]",Middle,Left
1362,45.4,1,673.3812,667.2353,0.8934555649757385,"[[0.0, 0.0, 0.0]]",Middle,Left
1362,45.4,2,866.7696,650.17456,0.9007773399353027,"[[0.0, 0.0, 0.0]]",Middle,Left
1363,45.43333333333333,1,677.79236,660.99695,0.8987492322921753,"[[0.0, 0.0, 0.0]]",Middle,Left
1363,45.43333333333333,2,875.06836,655.8029,0.9087226986885071,"[[0.0, 0.0, 0.0]]",Middle,Left
1364,45.46666666666667,1,682.7196,656.0337,0.8862118124961853,"[[0.0, 0.0, 0.0]]",Middle,Left
1364,45.46666666666667,2,879.5636,663.3819,0.9069067239761353,"[[0.0, 0.0, 0.0]]",Middle,Left
1365,45.5,1,687.0979,650.2502,0.8931930065155029,"[[0.0, 0.0, 0.0]]",Middle,Left
1365,45.5,2,879.9301,667.20294,0.905468225479126,"[[0.0, 0.0, 0.0]]",Middle,Left
1366,45.53333333333333,1,687.9871,646.43933,0.8938169479370117,"[[0.0, 0.0, 0.0]]",Middle,Left
1366,45.53333333333333,2,874.2346,667.55896,0.9089347720146179,"[[0.0, 0.0, 0.0]]",Middle,Left
1367,45.56666666666667,1,688.1659,645.0738,0.8937376141548157,"[[0.0, 0.0, 0.0]]",Middle,Left
1367,45.56666666666667,2,871.9432,667.6862,0.9088947772979736,"[[0.0, 0.0, 0.0]]",Middle,Left
1368,45.6,1,686.68396,644.3096,0.8948494791984558,"[[0.0, 0.0, 0.0]]",Middle,Left
1368,45.6,2,868.4971,668.39124,0.9123551845550537,"[[0.0, 0.0, 0.0]]",Middle,Left
1369,45.63333333333333,1,686.1139,644.0939,0.8890722393989563,"[[0.0, 0.0, 0.0]]",Middle,Left
1369,45.63333333333333,2,861.2125,663.915,0.9158784747123718,"[[0.0, 0.0, 0.0]]",Middle,Left
1370,45.666666666666664,1,685.51855,643.75305,0.8741949796676636,"[[0.0, 0.0, 0.0]]",Middle,Left
1370,45.666666666666664,2,847.9796,653.2158,0.9155566096305847,"[[0.0, 0.0, 0.0]]",Middle,Left
1371,45.7,1,687.5829,642.7003,0.8698436617851257,"[[0.0, 0.0, 0.0]]",Middle,Left
1371,45.7,2,831.765,641.35364,0.907412052154541,"[[0.0, 0.0, 0.0]]",Middle,Left
1372,45.733333333333334,1,697.50476,642.02264,0.8671530485153198,"[[0.0, 0.0, 0.0]]",Middle,Left
1372,45.733333333333334,2,816.5587,637.5113,0.8213038444519043,"[[0.0, 0.0, 0.0]]",Middle,Left
1373,45.766666666666666,1,699.60834,641.8336,0.8665768504142761,"[[0.0, 0.0, 0.0]]",Middle,Left
1373,45.766666666666666,2,811.2439,636.2539,0.8173407912254333,"[[0.0, 0.0, 0.0]]",Middle,Left
1374,45.8,1,702.9761,641.4806,0.8666744828224182,"[[0.0, 0.0, 0.0]]",Middle,Left
1374,45.8,2,805.69305,639.9595,0.7930580377578735,"[[0.0, 0.0, 0.0]]",Middle,Left
1375,45.833333333333336,1,705.48083,641.7406,0.8788310289382935,"[[0.0, 0.0, 0.0]]",Middle,Left
1376,45.86666666666667,1,707.0012,641.8669,0.8814989924430847,"[[0.0, 0.0, 0.0]]",Middle,Left
1376,45.86666666666667,2,793.6272,656.82446,0.3838314116001129,"[[0.0, 0.0, 0.0]]",Middle,Left
1377,45.9,1,706.5256,642.3021,0.8412839770317078,"[[0.0, 0.0, 0.0]]",Middle,Left
1378,45.93333333333333,2,705.9332,642.82776,0.8113148212432861,"[[0.0, 0.0, 0.0]]",Middle,Left
1379,45.96666666666667,1,705.6337,643.0499,0.8110472559928894,"[[0.0, 0.0, 0.0]]",Middle,Left
1380,46.0,2,707.42017,643.8087,0.8692550659179688,"[[0.0, 0.0, 0.0]]",Middle,Left
1381,46.03333333333333,1,709.01746,642.43555,0.8516154289245605,"[[0.0, 0.0, 0.0]]",Middle,Left
1382,46.06666666666667,2,716.1515,641.31586,0.8477421998977661,"[[0.0, 0.0, 0.0]]",Middle,Left
1383,46.1,1,660.5055,601.5088,0.6821824312210083,"[[0.0, 0.0, 0.0]]",Middle,Left
1383,46.1,2,719.74713,639.93054,0.8631133437156677,"[[0.0, 0.0, 0.0]]",Middle,Left
1384,46.13333333333333,1,655.953,610.2948,0.812567949295044,"[[0.0, 0.0, 0.0]]",Middle,Left
1384,46.13333333333333,2,724.88477,635.7837,0.8696432113647461,"[[0.0, 0.0, 0.0]]",Middle,Left
1385,46.166666666666664,1,654.3628,613.30286,0.8131145238876343,"[[0.0, 0.0, 0.0]]",Middle,Left
1385,46.166666666666664,2,726.847,633.9117,0.8700476288795471,"[[0.0, 0.0, 0.0]]",Middle,Left
1386,46.2,1,634.59106,618.0936,0.7704076766967773,"[[0.0, 0.0, 0.0]]",Middle,Left
1386,46.2,2,735.2617,630.58887,0.8805253505706787,"[[0.0, 0.0, 0.0]]",Middle,Left
1387,46.233333333333334,1,619.5913,622.0029,0.8361355662345886,"[[0.0, 0.0, 0.0]]",Middle,Left
1387,46.233333333333334,2,745.6654,626.7306,0.8836947083473206,"[[0.0, 0.0, 0.0]]",Middle,Left
1388,46.266666666666666,1,626.2085,628.559,0.7926229238510132,"[[0.0, 0.0, 0.0]]",Middle,Left
1388,46.266666666666666,2,752.82825,622.6952,0.8829559087753296,"[[0.0, 0.0, 0.0]]",Middle,Left
1389,46.3,1,623.63043,633.75726,0.8377292156219482,"[[0.0, 0.0, 0.0]]",Middle,Left
1389,46.3,2,762.3422,617.94867,0.8760139346122742,"[[0.0, 0.0, 0.0]]",Middle,Left
1390,46.333333333333336,1,620.1404,637.4608,0.8535309433937073,"[[0.0, 0.0, 0.0]]",Middle,Left
1390,46.333333333333336,2,766.0006,616.9378,0.90301913022995,"[[0.0, 0.0, 0.0]]",Middle,Left
1391,46.36666666666667,1,619.5017,638.4957,0.8530237078666687,"[[0.0, 0.0, 0.0]]",Middle,Left
1391,46.36666666666667,2,767.16956,616.9389,0.9029887914657593,"[[0.0, 0.0, 0.0]]",Middle,Left
1392,46.4,1,617.7175,644.2013,0.8560827970504761,"[[0.0, 0.0, 0.0]]",Middle,Left
1392,46.4,2,776.45935,617.692,0.8996052742004395,"[[0.0, 0.0, 0.0]]",Middle,Left
1393,46.43333333333333,1,616.8766,643.4504,0.8771781325340271,"[[0.0, 0.0, 0.0]]",Middle,Left
1393,46.43333333333333,2,788.44403,621.37006,0.9078778624534607,"[[0.0, 0.0, 0.0]]",Middle,Left
1394,46.46666666666667,1,615.7028,637.5689,0.8848763108253479,"[[0.0, 0.0, 0.0]]",Middle,Left
1394,46.46666666666667,2,794.93286,629.50793,0.9094783663749695,"[[0.0, 0.0, 0.0]]",Middle,Left
1395,46.5,1,614.41223,629.8578,0.8974441885948181,"[[0.0, 0.0, 0.0]]",Middle,Left
1395,46.5,2,797.0995,638.5989,0.9039319753646851,"[[0.0, 0.0, 0.0]]",Middle,Left
1396,46.53333333333333,1,613.3828,620.69244,0.9047088623046875,"[[0.0, 0.0, 0.0]]",Middle,Left
1396,46.53333333333333,2,794.9101,646.02814,0.9063671827316284,"[[0.0, 0.0, 0.0]]",Middle,Left
1397,46.56666666666667,1,613.1374,617.23004,0.9049567580223083,"[[0.0, 0.0, 0.0]]",Middle,Left
1397,46.56666666666667,2,793.8529,648.6856,0.9062603116035461,"[[0.0, 0.0, 0.0]]",Middle,Left
1398,46.6,1,613.4687,610.6181,0.8981567621231079,"[[0.0, 0.0, 0.0]]",Middle,Left
1398,46.6,2,792.9241,650.2266,0.9005100727081299,"[[0.0, 0.0, 0.0]]",Middle,Left
1399,46.63333333333333,1,613.697,602.9728,0.8938559889793396,"[[0.0, 0.0, 0.0]]",Middle,Left
1399,46.63333333333333,2,785.0796,649.0241,0.8971680998802185,"[[0.0, 0.0, 0.0]]",Middle,Left
1400,46.666666666666664,1,618.2887,595.91754,0.8830866813659668,"[[0.0, 0.0, 0.0]]",Middle,Left
1400,46.666666666666664,2,779.2289,643.53033,0.8566733598709106,"[[0.0, 0.0, 0.0]]",Middle,Left
1401,46.7,1,620.525,590.3339,0.8744515776634216,"[[0.0, 0.0, 0.0]]",Middle,Left
1401,46.7,2,778.92444,638.4623,0.8724774718284607,"[[0.0, 0.0, 0.0]]",Middle,Left
1402,46.733333333333334,1,621.45276,585.32574,0.808580219745636,"[[0.0, 0.0, 0.0]]",Middle,Left
1402,46.733333333333334,2,754.75415,632.8758,0.8597630858421326,"[[0.0, 0.0, 0.0]]",Middle,Left
1403,46.766666666666666,1,622.0864,583.1306,0.8077675104141235,"[[0.0, 0.0, 0.0]]",Middle,Left
1403,46.766666666666666,2,745.5818,630.78345,0.8607426881790161,"[[0.0, 0.0, 0.0]]",Middle,Left
1404,46.8,1,629.6124,580.1171,0.7794267535209656,"[[0.0, 0.0, 0.0]]",Middle,Left
1404,46.8,2,734.59094,625.71216,0.8629378080368042,"[[0.0, 0.0, 0.0]]",Middle,Left
1405,46.833333333333336,1,640.23376,575.7945,0.6776751279830933,"[[0.0, 0.0, 0.0]]",Middle,Left
1405,46.833333333333336,2,716.376,619.51953,0.7850763201713562,"[[0.0, 0.0, 0.0]]",Middle,Left
1406,46.86666666666667,1,636.95874,575.85254,0.42536112666130066,"[[0.0, 0.0, 0.0]]",Middle,Left
1406,46.86666666666667,2,700.7396,614.9358,0.845827043056488,"[[0.0, 0.0, 0.0]]",Middle,Left
1407,46.9,1,89.54831,527.37476,0.601242184638977,"[[0.0, 0.0, 0.0]]",Middle,Left
1407,46.9,2,682.8287,608.9989,0.8488984107971191,"[[0.0, 0.0, 0.0]]",Middle,Left
1408,46.93333333333333,2,665.781,607.17487,0.8551638126373291,"[[0.0, 0.0, 0.0]]",Middle,Left
1409,46.96666666666667,1,660.5388,606.5957,0.8552029728889465,"[[0.0, 0.0, 0.0]]",Middle,Left
1410,47.0,1,651.418,611.14404,0.8207190632820129,"[[0.0, 0.0, 0.0]]",Middle,Left
1410,47.0,2,683.70496,569.8583,0.6962978839874268,"[[0.0, 0.0, 0.0]]",Middle,Left
1411,47.03333333333333,1,649.8858,616.9405,0.8196081519126892,"[[0.0, 0.0, 0.0]]",Middle,Left
1411,47.03333333333333,2,690.1007,568.8788,0.8304554224014282,"[[0.0, 0.0, 0.0]]",Middle,Left
1412,47.06666666666667,1,642.5487,621.85077,0.7435486912727356,"[[0.0, 0.0, 0.0]]",Middle,Left
1412,47.06666666666667,2,695.9064,568.5498,0.8804377317428589,"[[0.0, 0.0, 0.0]]",Middle,Left
1413,47.1,1,616.5116,627.0499,0.7979187369346619,"[[0.0, 0.0, 0.0]]",Middle,Left
1413,47.1,2,703.8014,568.81433,0.8919416666030884,"[[0.0, 0.0, 0.0]]",Middle,Left
1414,47.13333333333333,1,590.6117,629.60706,0.8730221390724182,"[[0.0, 0.0, 0.0]]",Middle,Left
1414,47.13333333333333,2,712.4356,569.30524,0.8976549506187439,"[[0.0, 0.0, 0.0]]",Middle,Left
1415,47.166666666666664,1,580.90576,630.1894,0.8725550174713135,"[[0.0, 0.0, 0.0]]",Middle,Left
1415,47.166666666666664,2,715.5582,569.57214,0.8977999091148376,"[[0.0, 0.0, 0.0]]",Middle,Left
1416,47.2,1,566.95593,631.361,0.9049073457717896,"[[0.0, 0.0, 0.0]]",Middle,Left
1416,47.2,2,718.7997,569.38904,0.8771499991416931,"[[0.0, 0.0, 0.0]]",Middle,Left
1417,47.233333333333334,1,553.2871,632.42786,0.8907001614570618,"[[0.0, 0.0, 0.0]]",Middle,Left
1417,47.233333333333334,2,732.5259,569.0405,0.8923848867416382,"[[0.0, 0.0, 0.0]]",Middle,Left
1418,47.266666666666666,1,539.6786,635.14624,0.9000999331474304,"[[0.0, 0.0, 0.0]]",Middle,Left
1418,47.266666666666666,2,743.22424,569.2839,0.899418830871582,"[[0.0, 0.0, 0.0]]",Middle,Left
1419,47.3,1,527.6268,637.1262,0.8957470059394836,"[[0.0, 0.0, 0.0]]",Middle,Left
1419,47.3,2,751.4504,569.423,0.9013215899467468,"[[0.0, 0.0, 0.0]]",Middle,Left
1420,47.333333333333336,1,521.40344,637.79236,0.8996303677558899,"[[0.0, 0.0, 0.0]]",Middle,Left
1420,47.333333333333336,2,760.19336,569.18726,0.9060637354850769,"[[0.0, 0.0, 0.0]]",Middle,Left
1421,47.36666666666667,1,519.4939,637.97266,0.8997436761856079,"[[0.0, 0.0, 0.0]]",Middle,Left
1421,47.36666666666667,2,763.1018,569.1287,0.9060513973236084,"[[0.0, 0.0, 0.0]]",Middle,Left
1422,47.4,1,517.19244,637.661,0.8846522569656372,"[[0.0, 0.0, 0.0]]",Middle,Left
1422,47.4,2,766.8811,569.4686,0.9044322967529297,"[[0.0, 0.0, 0.0]]",Middle,Left
1423,47.43333333333333,1,513.4812,639.2061,0.8272506594657898,"[[0.0, 0.0, 0.0]]",Middle,Left
1423,47.43333333333333,2,769.71106,569.6247,0.907836377620697,"[[0.0, 0.0, 0.0]]",Middle,Left
1424,47.46666666666667,1,509.50897,642.1234,0.4087230861186981,"[[0.0, 0.0, 0.0]]",Middle,Left
1424,47.46666666666667,2,769.9563,570.69135,0.9065629243850708,"[[0.0, 0.0, 0.0]]",Middle,Left
1425,47.5,1,502.698,641.3657,0.6549431085586548,"[[0.0, 0.0, 0.0]]",Middle,Left
1425,47.5,2,770.74915,570.11523,0.9003985524177551,"[[0.0, 0.0, 0.0]]",Middle,Left
1426,47.53333333333333,1,501.2857,635.83203,0.5801160335540771,"[[0.0, 0.0, 0.0]]",Middle,Left
1426,47.53333333333333,2,772.1732,569.5724,0.8993027806282043,"[[0.0, 0.0, 0.0]]",Middle,Left
1427,47.56666666666667,1,500.82227,633.9006,0.5807808637619019,"[[0.0, 0.0, 0.0]]",Middle,Left
1427,47.56666666666667,2,772.188,569.3955,0.9001259803771973,"[[0.0, 0.0, 0.0]]",Middle,Left
1428,47.6,1,497.1977,629.1194,0.824967622756958,"[[0.0, 0.0, 0.0]]",Middle,Left
1428,47.6,2,775.28455,566.69775,0.8995115160942078,"[[0.0, 0.0, 0.0]]",Middle,Left
1429,47.63333333333333,1,495.13513,624.35,0.8597716689109802,"[[0.0, 0.0, 0.0]]",Middle,Left
1429,47.63333333333333,2,780.25903,566.01447,0.8971182107925415,"[[0.0, 0.0, 0.0]]",Middle,Left
1430,47.666666666666664,1,493.61902,618.9335,0.8728803396224976,"[[0.0, 0.0, 0.0]]",Middle,Left
1430,47.666666666666664,2,785.59906,565.1098,0.8930872678756714,"[[0.0, 0.0, 0.0]]",Middle,Left
1431,47.7,1,494.32733,608.85693,0.8705628514289856,"[[0.0, 0.0, 0.0]]",Middle,Left
1431,47.7,2,793.777,565.12756,0.903084933757782,"[[0.0, 0.0, 0.0]]",Middle,Left
1432,47.733333333333334,1,496.71652,598.41974,0.8961091041564941,"[[0.0, 0.0, 0.0]]",Middle,Left
1432,47.733333333333334,2,800.6365,564.51483,0.9024505615234375,"[[0.0, 0.0, 0.0]]",Middle,Left
1433,47.766666666666666,1,497.6453,594.5582,0.8963637948036194,"[[0.0, 0.0, 0.0]]",Middle,Left
1433,47.766666666666666,2,802.8628,564.3147,0.9025765657424927,"[[0.0, 0.0, 0.0]]",Middle,Left
1434,47.8,1,498.19244,587.30615,0.8903474807739258,"[[0.0, 0.0, 0.0]]",Middle,Left
1434,47.8,2,804.8703,564.2592,0.9024401307106018,"[[0.0, 0.0, 0.0]]",Middle,Left
1435,47.833333333333336,1,498.51898,580.4403,0.8976553678512573,"[[0.0, 0.0, 0.0]]",Middle,Left
1435,47.833333333333336,2,806.43066,564.57904,0.9061367511749268,"[[0.0, 0.0, 0.0]]",Middle,Left
1436,47.86666666666667,1,499.04846,574.4099,0.905574381351471,"[[0.0, 0.0, 0.0]]",Middle,Left
1436,47.86666666666667,2,807.82227,564.0714,0.9096030592918396,"[[0.0, 0.0, 0.0]]",Middle,Left
1437,47.9,1,499.67355,570.5874,0.8934751749038696,"[[0.0, 0.0, 0.0]]",Middle,Left
1437,47.9,2,808.5191,564.8879,0.9065806269645691,"[[0.0, 0.0, 0.0]]",Middle,Left
1438,47.93333333333333,1,504.6761,567.0001,0.8778929710388184,"[[0.0, 0.0, 0.0]]",Middle,Left
1438,47.93333333333333,2,808.9686,564.5503,0.9108632802963257,"[[0.0, 0.0, 0.0]]",Middle,Left
1439,47.96666666666667,1,506.646,565.713,0.8782612681388855,"[[0.0, 0.0, 0.0]]",Middle,Left
1439,47.96666666666667,2,808.9916,564.4237,0.9107168316841125,"[[0.0, 0.0, 0.0]]",Middle,Left
1440,48.0,1,512.12866,563.13135,0.8790934681892395,"[[0.0, 0.0, 0.0]]",Middle,Left
1440,48.0,2,807.88696,563.3998,0.9112568497657776,"[[0.0, 0.0, 0.0]]",Middle,Left
1441,48.03333333333333,1,519.72595,561.91956,0.8845676779747009,"[[0.0, 0.0, 0.0]]",Middle,Left
1441,48.03333333333333,2,807.0134,563.0166,0.909421443939209,"[[0.0, 0.0, 0.0]]",Middle,Left
1442,48.06666666666667,1,525.93445,561.55804,0.885259747505188,"[[0.0, 0.0, 0.0]]",Middle,Left
1442,48.06666666666667,2,805.2615,562.2089,0.9075266122817993,"[[0.0, 0.0, 0.0]]",Middle,Left
1443,48.1,1,528.6634,563.4949,0.8751402497291565,"[[0.0, 0.0, 0.0]]",Middle,Left
1443,48.1,2,803.8685,560.9396,0.906888484954834,"[[0.0, 0.0, 0.0]]",Middle,Left
1444,48.13333333333333,1,528.7738,565.98456,0.8769072890281677,"[[0.0, 0.0, 0.0]]",Middle,Left
1444,48.13333333333333,2,802.28876,559.4875,0.9085546731948853,"[[0.0, 0.0, 0.0]]",Middle,Left
1445,48.166666666666664,1,528.7759,567.04926,0.8771361112594604,"[[0.0, 0.0, 0.0]]",Middle,Left
1445,48.166666666666664,2,801.70306,558.96313,0.9086357355117798,"[[0.0, 0.0, 0.0]]",Middle,Left
1446,48.2,1,528.9865,568.54486,0.8614305257797241,"[[0.0, 0.0, 0.0]]",Middle,Left
1446,48.2,2,801.4008,557.4813,0.9082857370376587,"[[0.0, 0.0, 0.0]]",Middle,Left
1447,48.233333333333334,1,528.683,571.78,0.8405406475067139,"[[0.0, 0.0, 0.0]]",Middle,Left
1447,48.233333333333334,2,801.6295,555.92786,0.907697319984436,"[[0.0, 0.0, 0.0]]",Middle,Left
1448,48.266666666666666,1,533.05145,575.6619,0.8554143309593201,"[[0.0, 0.0, 0.0]]",Middle,Left
1448,48.266666666666666,2,801.37756,555.69934,0.9063386917114258,"[[0.0, 0.0, 0.0]]",Middle,Left
1449,48.3,1,538.8532,578.51733,0.887930691242218,"[[0.0, 0.0, 0.0]]",Middle,Left
1449,48.3,2,801.26636,555.32294,0.9076658487319946,"[[0.0, 0.0, 0.0]]",Middle,Left
1450,48.333333333333336,1,543.56824,579.6595,0.9005688428878784,"[[0.0, 0.0, 0.0]]",Middle,Left
1450,48.333333333333336,2,800.53394,554.55585,0.9091751575469971,"[[0.0, 0.0, 0.0]]",Middle,Left
1451,48.36666666666667,1,545.3705,580.1059,0.9007728099822998,"[[0.0, 0.0, 0.0]]",Middle,Left
1451,48.36666666666667,2,800.2728,554.2841,0.9089722037315369,"[[0.0, 0.0, 0.0]]",Middle,Left
1452,48.4,1,547.56805,580.6162,0.8977003693580627,"[[0.0, 0.0, 0.0]]",Middle,Left
1452,48.4,2,800.4762,553.54865,0.910513699054718,"[[0.0, 0.0, 0.0]]",Middle,Left
1453,48.43333333333333,1,549.96106,580.16724,0.9010434150695801,"[[0.0, 0.0, 0.0]]",Middle,Left
1453,48.43333333333333,2,799.88727,553.9623,0.9037591218948364,"[[0.0, 0.0, 0.0]]",Middle,Left
1454,48.46666666666667,1,549.5641,579.0107,0.907112181186676,"[[0.0, 0.0, 0.0]]",Middle,Left
1454,48.46666666666667,2,799.0021,553.8057,0.8992128372192383,"[[0.0, 0.0, 0.0]]",Middle,Left
1455,48.5,1,547.41254,577.9178,0.9096049666404724,"[[0.0, 0.0, 0.0]]",Middle,Left
1455,48.5,2,797.67474,554.0947,0.90028315782547,"[[0.0, 0.0, 0.0]]",Middle,Left
1456,48.53333333333333,1,544.5651,577.194,0.9080644845962524,"[[0.0, 0.0, 0.0]]",Middle,Left
1456,48.53333333333333,2,796.51245,553.89825,0.9055503010749817,"[[0.0, 0.0, 0.0]]",Middle,Left
1457,48.56666666666667,1,543.073,576.9287,0.9082098007202148,"[[0.0, 0.0, 0.0]]",Middle,Left
1457,48.56666666666667,2,796.09924,553.835,0.9053994417190552,"[[0.0, 0.0, 0.0]]",Middle,Left
1458,48.6,1,540.478,577.1735,0.9083579182624817,"[[0.0, 0.0, 0.0]]",Middle,Left
1458,48.6,2,795.271,554.1591,0.9054790735244751,"[[0.0, 0.0, 0.0]]",Middle,Left
1459,48.63333333333333,1,534.86707,578.5972,0.9038445949554443,"[[0.0, 0.0, 0.0]]",Middle,Left
1459,48.63333333333333,2,793.985,554.62604,0.9033955931663513,"[[0.0, 0.0, 0.0]]",Middle,Left
1460,48.666666666666664,1,530.3143,581.76624,0.9050300717353821,"[[0.0, 0.0, 0.0]]",Middle,Left
1460,48.666666666666664,2,793.5138,555.13715,0.896450936794281,"[[0.0, 0.0, 0.0]]",Middle,Left
1461,48.7,1,527.63696,585.26715,0.9022464156150818,"[[0.0, 0.0, 0.0]]",Middle,Left
1461,48.7,2,792.0316,553.68,0.8984852433204651,"[[0.0, 0.0, 0.0]]",Middle,Left
1462,48.733333333333334,1,525.67444,589.86017,0.9057481288909912,"[[0.0, 0.0, 0.0]]",Middle,Left
1462,48.733333333333334,2,789.514,553.7884,0.8943303823471069,"[[0.0, 0.0, 0.0]]",Middle,Left
1463,48.766666666666666,1,524.9796,591.6078,0.9055450558662415,"[[0.0, 0.0, 0.0]]",Middle,Left
1463,48.766666666666666,2,788.9259,553.85565,0.8942535519599915,"[[0.0, 0.0, 0.0]]",Middle,Left
1464,48.8,1,524.0801,593.89136,0.9055453538894653,"[[0.0, 0.0, 0.0]]",Middle,Left
1464,48.8,2,787.7376,551.9097,0.89206463098526,"[[0.0, 0.0, 0.0]]",Middle,Left
1465,48.833333333333336,1,524.4438,597.00836,0.908546507358551,"[[0.0, 0.0, 0.0]]",Middle,Left
1465,48.833333333333336,2,785.99524,546.8756,0.8900613784790039,"[[0.0, 0.0, 0.0]]",Middle,Left
1466,48.86666666666667,1,526.5997,598.4835,0.9067754745483398,"[[0.0, 0.0, 0.0]]",Middle,Left
1466,48.86666666666667,2,784.0471,546.3335,0.8950142860412598,"[[0.0, 0.0, 0.0]]",Middle,Left
1467,48.9,1,529.41705,599.3182,0.8986511826515198,"[[0.0, 0.0, 0.0]]",Middle,Left
1467,48.9,2,782.01953,546.4962,0.9018670320510864,"[[0.0, 0.0, 0.0]]",Middle,Left
1468,48.93333333333333,1,532.4929,599.5633,0.8938280940055847,"[[0.0, 0.0, 0.0]]",Middle,Left
1468,48.93333333333333,2,779.296,545.9093,0.9062944650650024,"[[0.0, 0.0, 0.0]]",Middle,Left
1469,48.96666666666667,1,533.6367,599.6151,0.8940199613571167,"[[0.0, 0.0, 0.0]]",Middle,Left
1469,48.96666666666667,2,778.334,545.7224,0.9062906503677368,"[[0.0, 0.0, 0.0]]",Middle,Left
1470,49.0,1,538.36536,598.5607,0.8957248330116272,"[[0.0, 0.0, 0.0]]",Middle,Left
1470,49.0,2,774.0095,544.65784,0.9029881358146667,"[[0.0, 0.0, 0.0]]",Middle,Left
1471,49.03333333333333,1,541.8065,596.8431,0.8959434032440186,"[[0.0, 0.0, 0.0]]",Middle,Left
1471,49.03333333333333,2,771.42456,544.3047,0.8962059020996094,"[[0.0, 0.0, 0.0]]",Middle,Left
1472,49.06666666666667,1,544.0287,596.1648,0.8973763585090637,"[[0.0, 0.0, 0.0]]",Middle,Left
1472,49.06666666666667,2,769.1959,545.198,0.892321765422821,"[[0.0, 0.0, 0.0]]",Middle,Left
1473,49.1,1,545.4699,596.5569,0.8929024934768677,"[[0.0, 0.0, 0.0]]",Middle,Left
1473,49.1,2,766.069,546.90314,0.8813215494155884,"[[0.0, 0.0, 0.0]]",Middle,Left
1474,49.13333333333333,1,545.96106,596.68097,0.8925663232803345,"[[0.0, 0.0, 0.0]]",Middle,Left
1474,49.13333333333333,2,765.07135,547.5529,0.8810815215110779,"[[0.0, 0.0, 0.0]]",Middle,Left
1475,49.166666666666664,1,547.07806,601.0099,0.8901406526565552,"[[0.0, 0.0, 0.0]]",Middle,Left
1475,49.166666666666664,2,762.0365,549.156,0.8797549605369568,"[[0.0, 0.0, 0.0]]",Middle,Left
1476,49.2,1,548.1077,606.89655,0.8925904631614685,"[[0.0, 0.0, 0.0]]",Middle,Left
1476,49.2,2,759.3265,551.09827,0.875616192817688,"[[0.0, 0.0, 0.0]]",Middle,Left
1477,49.233333333333334,1,548.11304,610.4274,0.8977824449539185,"[[0.0, 0.0, 0.0]]",Middle,Left
1477,49.233333333333334,2,757.3993,551.8291,0.8742275834083557,"[[0.0, 0.0, 0.0]]",Middle,Left
1478,49.266666666666666,1,547.41016,614.69116,0.903251051902771,"[[0.0, 0.0, 0.0]]",Middle,Left
1478,49.266666666666666,2,756.1018,553.09863,0.8717395067214966,"[[0.0, 0.0, 0.0]]",Middle,Left
1479,49.3,1,545.78937,619.81665,0.9050430655479431,"[[0.0, 0.0, 0.0]]",Middle,Left
1479,49.3,2,756.723,554.8611,0.8661342263221741,"[[0.0, 0.0, 0.0]]",Middle,Left
1480,49.333333333333336,1,545.17224,621.3344,0.9051851630210876,"[[0.0, 0.0, 0.0]]",Middle,Left
1480,49.333333333333336,2,757.0822,555.4685,0.8663280010223389,"[[0.0, 0.0, 0.0]]",Middle,Left
1481,49.36666666666667,1,543.2464,622.84705,0.9072827100753784,"[[0.0, 0.0, 0.0]]",Middle,Left
1481,49.36666666666667,2,755.88513,556.3633,0.8651773929595947,"[[0.0, 0.0, 0.0]]",Middle,Left
1482,49.4,1,540.19916,624.31323,0.9059107899665833,"[[0.0, 0.0, 0.0]]",Middle,Left
1482,49.4,2,754.83057,557.3327,0.8373403549194336,"[[0.0, 0.0, 0.0]]",Middle,Left
1483,49.43333333333333,1,537.06116,625.12427,0.9075563549995422,"[[0.0, 0.0, 0.0]]",Middle,Left
1483,49.43333333333333,2,752.807,557.3256,0.8100062012672424,"[[0.0, 0.0, 0.0]]",Middle,Left
1484,49.46666666666667,1,534.54675,624.35034,0.908043622970581,"[[0.0, 0.0, 0.0]]",Middle,Left
1484,49.46666666666667,2,748.07263,556.59845,0.8035780787467957,"[[0.0, 0.0, 0.0]]",Middle,Left
1485,49.5,1,533.29956,623.00146,0.913544237613678,"[[0.0, 0.0, 0.0]]",Middle,Left
1485,49.5,2,744.3646,556.9888,0.7800871729850769,"[[0.0, 0.0, 0.0]]",Middle,Left
1486,49.53333333333333,1,532.8756,622.4417,0.9133989810943604,"[[0.0, 0.0, 0.0]]",Middle,Left
1486,49.53333333333333,2,742.8002,557.11926,0.7804167866706848,"[[0.0, 0.0, 0.0]]",Middle,Left
1487,49.56666666666667,1,532.06604,621.49786,0.9236475825309753,"[[0.0, 0.0, 0.0]]",Middle,Left
1487,49.56666666666667,2,741.28064,556.4558,0.8330156803131104,"[[0.0, 0.0, 0.0]]",Middle,Left
1488,49.6,1,530.79926,621.1071,0.9264874458312988,"[[0.0, 0.0, 0.0]]",Middle,Left
1488,49.6,2,739.7795,556.5409,0.8360301852226257,"[[0.0, 0.0, 0.0]]",Middle,Left
1489,49.63333333333333,1,528.73065,622.5946,0.924007773399353,"[[0.0, 0.0, 0.0]]",Middle,Left
1489,49.63333333333333,2,738.30066,555.90985,0.8445974588394165,"[[0.0, 0.0, 0.0]]",Middle,Left
1490,49.666666666666664,1,526.0139,627.4309,0.9224817156791687,"[[0.0, 0.0, 0.0]]",Middle,Left
1490,49.666666666666664,2,735.8175,554.69476,0.8433316946029663,"[[0.0, 0.0, 0.0]]",Middle,Left
1491,49.7,1,523.6925,633.1529,0.9243106245994568,"[[0.0, 0.0, 0.0]]",Middle,Left
1491,49.7,2,734.2923,552.9079,0.846958339214325,"[[0.0, 0.0, 0.0]]",Middle,Left
1492,49.733333333333334,1,522.85864,635.27094,0.924139142036438,"[[0.0, 0.0, 0.0]]",Middle,Left
1492,49.733333333333334,2,733.8204,552.21796,0.8473879098892212,"[[0.0, 0.0, 0.0]]",Middle,Left
1493,49.766666666666666,1,520.9331,637.0343,0.9207311868667603,"[[0.0, 0.0, 0.0]]",Middle,Left
1493,49.766666666666666,2,734.02246,550.00714,0.8534144759178162,"[[0.0, 0.0, 0.0]]",Middle,Left
1494,49.8,1,518.9272,641.5969,0.9208627939224243,"[[0.0, 0.0, 0.0]]",Middle,Left
1494,49.8,2,733.1631,546.5581,0.8574059009552002,"[[0.0, 0.0, 0.0]]",Middle,Left
1495,49.833333333333336,1,517.2461,649.1538,0.9186843633651733,"[[0.0, 0.0, 0.0]]",Middle,Left
1495,49.833333333333336,2,732.5763,543.62573,0.8442236185073853,"[[0.0, 0.0, 0.0]]",Middle,Left
1496,49.86666666666667,1,516.6383,652.9088,0.9204488396644592,"[[0.0, 0.0, 0.0]]",Middle,Left
1496,49.86666666666667,2,732.4092,540.5629,0.8439301252365112,"[[0.0, 0.0, 0.0]]",Middle,Left
1497,49.9,1,516.12665,654.5552,0.9221981167793274,"[[0.0, 0.0, 0.0]]",Middle,Left
1497,49.9,2,731.73865,538.7652,0.844173014163971,"[[0.0, 0.0, 0.0]]",Middle,Left
1498,49.93333333333333,1,515.98413,655.0841,0.9222651124000549,"[[0.0, 0.0, 0.0]]",Middle,Left
1498,49.93333333333333,2,731.86945,538.1258,0.8443513512611389,"[[0.0, 0.0, 0.0]]",Middle,Left
1499,49.96666666666667,1,516.28046,655.1866,0.9213138818740845,"[[0.0, 0.0, 0.0]]",Middle,Left
1499,49.96666666666667,2,732.6039,536.2923,0.8289849162101746,"[[0.0, 0.0, 0.0]]",Middle,Left
1500,50.0,1,517.4364,654.7993,0.9214423298835754,"[[0.0, 0.0, 0.0]]",Middle,Left
1500,50.0,2,737.5498,533.01196,0.8548498153686523,"[[0.0, 0.0, 0.0]]",Middle,Left
1501,50.03333333333333,1,518.2605,653.89954,0.9217569828033447,"[[0.0, 0.0, 0.0]]",Middle,Left
1501,50.03333333333333,2,742.25854,529.49927,0.8815732002258301,"[[0.0, 0.0, 0.0]]",Middle,Left
1502,50.06666666666667,1,517.2623,652.4986,0.9155217409133911,"[[0.0, 0.0, 0.0]]",Middle,Left
1502,50.06666666666667,2,747.3191,527.23535,0.8802850842475891,"[[0.0, 0.0, 0.0]]",Middle,Left
1503,50.1,1,516.57446,651.60504,0.9083733558654785,"[[0.0, 0.0, 0.0]]",Middle,Left
1503,50.1,2,752.16016,525.8015,0.8830479979515076,"[[0.0, 0.0, 0.0]]",Middle,Left
1504,50.13333333333333,1,515.9978,651.2378,0.9082837700843811,"[[0.0, 0.0, 0.0]]",Middle,Left
1504,50.13333333333333,2,754.05225,525.3417,0.882701575756073,"[[0.0, 0.0, 0.0]]",Middle,Left
1505,50.166666666666664,1,515.1571,652.0522,0.9037638902664185,"[[0.0, 0.0, 0.0]]",Middle,Left
1505,50.166666666666664,2,757.0255,523.5869,0.8865152597427368,"[[0.0, 0.0, 0.0]]",Middle,Left
1506,50.2,1,514.8779,656.93835,0.9027279019355774,"[[0.0, 0.0, 0.0]]",Middle,Left
1506,50.2,2,760.4133,522.32916,0.892356812953949,"[[0.0, 0.0, 0.0]]",Middle,Left
1507,50.233333333333334,1,515.79626,663.0196,0.9038512110710144,"[[0.0, 0.0, 0.0]]",Middle,Left
1507,50.233333333333334,2,763.2848,522.5803,0.8885273337364197,"[[0.0, 0.0, 0.0]]",Middle,Left
1508,50.266666666666666,1,516.48413,670.158,0.9002825021743774,"[[0.0, 0.0, 0.0]]",Middle,Left
1508,50.266666666666666,2,765.6273,522.05225,0.8848409652709961,"[[0.0, 0.0, 0.0]]",Middle,Left
1509,50.3,1,517.0736,675.77686,0.9019343256950378,"[[0.0, 0.0, 0.0]]",Middle,Left
1509,50.3,2,768.0885,522.2413,0.8847265243530273,"[[0.0, 0.0, 0.0]]",Middle,Left
1510,50.333333333333336,1,517.2961,677.8342,0.9017941951751709,"[[0.0, 0.0, 0.0]]",Middle,Left
1510,50.333333333333336,2,768.9745,522.35645,0.8848773241043091,"[[0.0, 0.0, 0.0]]",Middle,Left
1511,50.36666666666667,1,515.7402,682.16125,0.9035820364952087,"[[0.0, 0.0, 0.0]]",Middle,Left
1511,50.36666666666667,2,771.861,522.4655,0.8868489265441895,"[[0.0, 0.0, 0.0]]",Middle,Left
1512,50.4,1,514.16547,687.97046,0.9034456014633179,"[[0.0, 0.0, 0.0]]",Middle,Left
1512,50.4,2,774.84937,522.87366,0.8814899325370789,"[[0.0, 0.0, 0.0]]",Middle,Left
1513,50.43333333333333,1,510.62195,689.74506,0.905746340751648,"[[0.0, 0.0, 0.0]]",Middle,Left
1513,50.43333333333333,2,777.57837,523.0529,0.8819966316223145,"[[0.0, 0.0, 0.0]]",Middle,Left
1514,50.46666666666667,1,507.98383,690.2876,0.9062262177467346,"[[0.0, 0.0, 0.0]]",Middle,Left
1514,50.46666666666667,2,780.855,523.79877,0.8813744187355042,"[[0.0, 0.0, 0.0]]",Middle,Left
1515,50.5,1,505.6864,690.0349,0.9042526483535767,"[[0.0, 0.0, 0.0]]",Middle,Left
1515,50.5,2,783.65356,523.0943,0.8853814005851746,"[[0.0, 0.0, 0.0]]",Middle,Left
1516,50.53333333333333,1,504.84644,689.8506,0.9041222333908081,"[[0.0, 0.0, 0.0]]",Middle,Left
1516,50.53333333333333,2,784.6175,522.85565,0.8854615688323975,"[[0.0, 0.0, 0.0]]",Middle,Left
1517,50.56666666666667,1,503.26538,688.6987,0.9053536653518677,"[[0.0, 0.0, 0.0]]",Middle,Left
1517,50.56666666666667,2,786.5713,520.12646,0.8755385875701904,"[[0.0, 0.0, 0.0]]",Middle,Left
1518,50.6,1,500.73404,687.18384,0.9061872363090515,"[[0.0, 0.0, 0.0]]",Middle,Left
1518,50.6,2,788.8823,519.1053,0.8786215782165527,"[[0.0, 0.0, 0.0]]",Middle,Left
1519,50.63333333333333,1,497.17383,685.9155,0.9041692018508911,"[[0.0, 0.0, 0.0]]",Middle,Left
1519,50.63333333333333,2,791.66235,516.4424,0.8697717189788818,"[[0.0, 0.0, 0.0]]",Middle,Left
1520,50.666666666666664,1,493.2695,686.04346,0.8990545868873596,"[[0.0, 0.0, 0.0]]",Middle,Left
1520,50.666666666666664,2,795.32166,515.82043,0.8787660002708435,"[[0.0, 0.0, 0.0]]",Middle,Left
1521,50.7,1,489.8687,689.0096,0.9061232209205627,"[[0.0, 0.0, 0.0]]",Middle,Left
1521,50.7,2,799.2678,515.6322,0.8693716526031494,"[[0.0, 0.0, 0.0]]",Middle,Left
1522,50.733333333333334,1,488.6132,690.08826,0.9061424136161804,"[[0.0, 0.0, 0.0]]",Middle,Left
1522,50.733333333333334,2,800.5674,515.5891,0.8689718842506409,"[[0.0, 0.0, 0.0]]",Middle,Left
1523,50.766666666666666,1,485.61862,695.40564,0.9089101552963257,"[[0.0, 0.0, 0.0]]",Middle,Left
1523,50.766666666666666,2,804.7002,515.9588,0.8495911955833435,"[[0.0, 0.0, 0.0]]",Middle,Left
1524,50.8,1,484.2137,698.3537,0.9102063179016113,"[[0.0, 0.0, 0.0]]",Middle,Left
1524,50.8,2,808.8003,515.7887,0.8319117426872253,"[[0.0, 0.0, 0.0]]",Middle,Left
1525,50.833333333333336,1,484.70944,703.99567,0.9014365673065186,"[[0.0, 0.0, 0.0]]",Middle,Left
1525,50.833333333333336,2,817.61,515.4101,0.843133270740509,"[[0.0, 0.0, 0.0]]",Middle,Left
1526,50.86666666666667,1,485.6432,707.7372,0.8973939418792725,"[[0.0, 0.0, 0.0]]",Middle,Left
1526,50.86666666666667,2,827.12573,515.3031,0.8614678978919983,"[[0.0, 0.0, 0.0]]",Middle,Left
1527,50.9,1,488.34296,718.2611,0.8935260772705078,"[[0.0, 0.0, 0.0]]",Back,Left
1527,50.9,2,833.42993,514.9347,0.8829082250595093,"[[0.0, 0.0, 0.0]]",Middle,Left
1528,50.93333333333333,1,489.36017,722.1354,0.8938511610031128,"[[0.0, 0.0, 0.0]]",Back,Left
1528,50.93333333333333,2,835.749,514.8037,0.8819608092308044,"[[0.0, 0.0, 0.0]]",Middle,Left
1529,50.96666666666667,1,491.18774,727.1169,0.8995895981788635,"[[0.0, 0.0, 0.0]]",Back,Left
1529,50.96666666666667,2,837.8346,515.11633,0.8829028010368347,"[[0.0, 0.0, 0.0]]",Middle,Left
1530,51.0,1,492.82526,729.2253,0.9049342274665833,"[[0.0, 0.0, 0.0]]",Back,Left
1530,51.0,2,837.5094,515.9057,0.8912853002548218,"[[0.0, 0.0, 0.0]]",Middle,Left
1531,51.03333333333333,1,492.8144,729.86414,0.9067927002906799,"[[0.0, 0.0, 0.0]]",Back,Left
1531,51.03333333333333,2,837.83844,515.536,0.8871114253997803,"[[0.0, 0.0, 0.0]]",Middle,Left
1532,51.06666666666667,1,492.48578,728.3281,0.9000605940818787,"[[0.0, 0.0, 0.0]]",Back,Left
1532,51.06666666666667,2,838.8024,515.3897,0.8730612397193909,"[[0.0, 0.0, 0.0]]",Middle,Left
1533,51.1,1,491.7174,726.6305,0.905421793460846,"[[0.0, 0.0, 0.0]]",Back,Left
1533,51.1,2,841.9793,514.67505,0.874569296836853,"[[0.0, 0.0, 0.0]]",Middle,Left
1534,51.13333333333333,1,491.4261,725.97034,0.9024384021759033,"[[0.0, 0.0, 0.0]]",Back,Left
1534,51.13333333333333,2,843.07367,514.4635,0.8758439421653748,"[[0.0, 0.0, 0.0]]",Middle,Left
1535,51.166666666666664,1,488.1208,722.9718,0.8986772894859314,"[[0.0, 0.0, 0.0]]",Back,Left
1535,51.166666666666664,2,847.9723,514.36786,0.8790836334228516,"[[0.0, 0.0, 0.0]]",Middle,Left
1536,51.2,1,484.90088,721.77185,0.9023311138153076,"[[0.0, 0.0, 0.0]]",Back,Left
1536,51.2,2,855.7174,513.0202,0.8820077180862427,"[[0.0, 0.0, 0.0]]",Middle,Left
1537,51.233333333333334,1,478.20996,721.2691,0.893097996711731,"[[0.0, 0.0, 0.0]]",Back,Left
1537,51.233333333333334,2,864.50757,512.52563,0.8702883124351501,"[[0.0, 0.0, 0.0]]",Middle,Left
1538,51.266666666666666,1,477.27905,729.32336,0.8951508402824402,"[[0.0, 0.0, 0.0]]",Back,Left
1538,51.266666666666666,2,873.6996,513.05804,0.8712372779846191,"[[0.0, 0.0, 0.0]]",Middle,Left
1539,51.3,1,475.6778,736.5894,0.8938220143318176,"[[0.0, 0.0, 0.0]]",Back,Left
1539,51.3,2,885.0176,513.2828,0.8754643201828003,"[[0.0, 0.0, 0.0]]",Middle,Left
1540,51.333333333333336,1,475.04724,739.27325,0.8932892680168152,"[[0.0, 0.0, 0.0]]",Back,Left
1540,51.333333333333336,2,888.8176,513.3508,0.8757126927375793,"[[0.0, 0.0, 0.0]]",Middle,Left
1541,51.36666666666667,1,473.63464,745.4453,0.899276614189148,"[[0.0, 0.0, 0.0]]",Back,Left
1541,51.36666666666667,2,893.7728,513.0492,0.8820555210113525,"[[0.0, 0.0, 0.0]]",Middle,Left
1542,51.4,1,474.06592,752.64874,0.8961811065673828,"[[0.0, 0.0, 0.0]]",Back,Left
1542,51.4,2,900.0833,513.61914,0.8669013381004333,"[[0.0, 0.0, 0.0]]",Middle,Left
1543,51.43333333333333,1,473.59937,761.2059,0.9008667469024658,"[[0.0, 0.0, 0.0]]",Back,Left
1543,51.43333333333333,2,905.1803,514.17737,0.8688846826553345,"[[0.0, 0.0, 0.0]]",Middle,Left
1544,51.46666666666667,1,470.91064,766.0045,0.888654887676239,"[[0.0, 0.0, 0.0]]",Back,Left
1544,51.46666666666667,2,910.2129,513.07623,0.8735251426696777,"[[0.0, 0.0, 0.0]]",Middle,Left
1545,51.5,1,470.53058,767.9944,0.889333963394165,"[[0.0, 0.0, 0.0]]",Back,Left
1545,51.5,2,914.5582,512.97595,0.8775638937950134,"[[0.0, 0.0, 0.0]]",Middle,Left
1546,51.53333333333333,1,470.4116,768.59045,0.8890116214752197,"[[0.0, 0.0, 0.0]]",Back,Left
1546,51.53333333333333,2,915.7484,512.9341,0.8775723576545715,"[[0.0, 0.0, 0.0]]",Middle,Left
1547,51.56666666666667,1,471.41943,769.32605,0.8911193609237671,"[[0.0, 0.0, 0.0]]",Back,Left
1547,51.56666666666667,2,917.9697,512.9149,0.8791265487670898,"[[0.0, 0.0, 0.0]]",Middle,Left
1548,51.6,1,468.83453,766.1878,0.8835208415985107,"[[0.0, 0.0, 0.0]]",Back,Left
1548,51.6,2,919.9404,513.89294,0.8851721882820129,"[[0.0, 0.0, 0.0]]",Middle,Left
1549,51.63333333333333,1,467.56354,759.98517,0.8827415108680725,"[[0.0, 0.0, 0.0]]",Back,Left
1549,51.63333333333333,2,922.4846,513.93567,0.8795714974403381,"[[0.0, 0.0, 0.0]]",Middle,Left
1550,51.666666666666664,1,465.76425,756.5666,0.8950508236885071,"[[0.0, 0.0, 0.0]]",Back,Left
1550,51.666666666666664,2,931.67456,513.3019,0.8766884207725525,"[[0.0, 0.0, 0.0]]",Middle,Left
1551,51.7,1,464.10764,753.9486,0.9017627239227295,"[[0.0, 0.0, 0.0]]",Back,Left
1551,51.7,2,940.0492,512.4246,0.8714300394058228,"[[0.0, 0.0, 0.0]]",Middle,Left
1552,51.733333333333334,1,463.65414,752.8869,0.9017122387886047,"[[0.0, 0.0, 0.0]]",Back,Left
1552,51.733333333333334,2,942.9552,512.09314,0.8715864419937134,"[[0.0, 0.0, 0.0]]",Middle,Left
1553,51.766666666666666,1,463.858,753.8198,0.8959231376647949,"[[0.0, 0.0, 0.0]]",Back,Left
1553,51.766666666666666,2,949.61566,511.33224,0.8529335260391235,"[[0.0, 0.0, 0.0]]",Middle,Left
1554,51.8,1,462.63974,756.7855,0.9012365341186523,"[[0.0, 0.0, 0.0]]",Back,Left
1554,51.8,2,958.3426,510.7188,0.842952311038971,"[[0.0, 0.0, 0.0]]",Middle,Left
1555,51.833333333333336,1,462.23285,760.1841,0.9000778198242188,"[[0.0, 0.0, 0.0]]",Back,Left
1555,51.833333333333336,2,969.2548,511.4833,0.8488126993179321,"[[0.0, 0.0, 0.0]]",Middle,Right
1556,51.86666666666667,1,462.44812,762.4219,0.8982439637184143,"[[0.0, 0.0, 0.0]]",Back,Left
1556,51.86666666666667,2,976.9656,511.4466,0.8438729643821716,"[[0.0, 0.0, 0.0]]",Middle,Right
1557,51.9,1,463.2243,763.5427,0.9010571837425232,"[[0.0, 0.0, 0.0]]",Back,Left
1557,51.9,2,985.25323,512.09357,0.8040515780448914,"[[0.0, 0.0, 0.0]]",Middle,Right
1558,51.93333333333333,1,463.53342,763.8976,0.9007821679115295,"[[0.0, 0.0, 0.0]]",Back,Left
1558,51.93333333333333,2,988.1089,512.6622,0.8040921092033386,"[[0.0, 0.0, 0.0]]",Middle,Right
1559,51.96666666666667,1,466.34656,764.6656,0.898148775100708,"[[0.0, 0.0, 0.0]]",Back,Left
1559,51.96666666666667,2,996.78705,512.5565,0.8481547236442566,"[[0.0, 0.0, 0.0]]",Middle,Right
1560,52.0,1,472.64215,765.24774,0.8962081074714661,"[[0.0, 0.0, 0.0]]",Back,Left
1560,52.0,2,1003.14636,512.5186,0.8802912831306458,"[[0.0, 0.0, 0.0]]",Middle,Right
1561,52.03333333333333,1,476.35486,765.7522,0.8853237628936768,"[[0.0, 0.0, 0.0]]",Back,Left
1561,52.03333333333333,2,1008.9569,512.83386,0.8928459286689758,"[[0.0, 0.0, 0.0]]",Middle,Right
1562,52.06666666666667,1,480.07336,766.2527,0.8994701504707336,"[[0.0, 0.0, 0.0]]",Back,Left
1562,52.06666666666667,2,1012.39575,513.94745,0.8883858323097229,"[[0.0, 0.0, 0.0]]",Middle,Right
1563,52.1,1,482.7682,767.05634,0.9005264043807983,"[[0.0, 0.0, 0.0]]",Back,Left
1563,52.1,2,1013.8976,513.7008,0.8918667435646057,"[[0.0, 0.0, 0.0]]",Middle,Right
1564,52.13333333333333,1,483.6922,767.3014,0.9004236459732056,"[[0.0, 0.0, 0.0]]",Back,Left
1564,52.13333333333333,2,1014.24756,513.2644,0.8920757174491882,"[[0.0, 0.0, 0.0]]",Middle,Right
1565,52.166666666666664,1,487.70877,767.36774,0.9037007689476013,"[[0.0, 0.0, 0.0]]",Back,Left
1565,52.166666666666664,2,1015.7918,512.4349,0.9021904468536377,"[[0.0, 0.0, 0.0]]",Middle,Right
1566,52.2,1,494.13226,766.0289,0.9023829698562622,"[[0.0, 0.0, 0.0]]",Back,Left
1566,52.2,2,1021.0083,513.11035,0.896488606929779,"[[0.0, 0.0, 0.0]]",Middle,Right
1567,52.233333333333334,1,498.7476,765.8214,0.8848045468330383,"[[0.0, 0.0, 0.0]]",Back,Left
1567,52.233333333333334,2,1024.0938,513.03436,0.9012053608894348,"[[0.0, 0.0, 0.0]]",Middle,Right
1568,52.266666666666666,1,458.71393,713.70935,0.8976717591285706,"[[0.0, 0.0, 0.0]]",Back,Left
1568,52.266666666666666,2,1017.12305,589.8464,0.8896492719650269,"[[0.0, 0.0, 0.0]]",Middle,Right
1569,52.3,1,444.54727,693.1238,0.9028298258781433,"[[0.0, 0.0, 0.0]]",Middle,Left
1569,52.3,2,1010.83124,619.90393,0.912570595741272,"[[0.0, 0.0, 0.0]]",Middle,Right
1570,52.333333333333336,1,444.6051,686.26654,0.9026350378990173,"[[0.0, 0.0, 0.0]]",Middle,Left
1570,52.333333333333336,2,1010.7477,636.1445,0.8990026116371155,"[[0.0, 0.0, 0.0]]",Middle,Right
1571,52.36666666666667,1,444.71234,684.09845,0.902230978012085,"[[0.0, 0.0, 0.0]]",Middle,Left
1571,52.36666666666667,2,1010.5854,642.52234,0.8979957699775696,"[[0.0, 0.0, 0.0]]",Middle,Right
1572,52.4,1,450.2058,683.24493,0.9018839001655579,"[[0.0, 0.0, 0.0]]",Middle,Left
1572,52.4,2,998.7219,645.0343,0.920428454875946,"[[0.0, 0.0, 0.0]]",Middle,Right
1573,52.43333333333333,1,455.94156,682.8673,0.9127798080444336,"[[0.0, 0.0, 0.0]]",Middle,Left
1573,52.43333333333333,2,992.9024,644.3887,0.918893575668335,"[[0.0, 0.0, 0.0]]",Middle,Right
1574,52.46666666666667,1,462.71674,685.3114,0.9147554039955139,"[[0.0, 0.0, 0.0]]",Middle,Left
1574,52.46666666666667,2,987.0491,643.4892,0.9150607585906982,"[[0.0, 0.0, 0.0]]",Middle,Right
1575,52.5,1,470.22528,688.4124,0.9116811752319336,"[[0.0, 0.0, 0.0]]",Middle,Left
1575,52.5,2,975.6541,642.51654,0.9107331037521362,"[[0.0, 0.0, 0.0]]",Middle,Right
1576,52.53333333333333,1,475.08194,692.3997,0.9181931614875793,"[[0.0, 0.0, 0.0]]",Middle,Left
1576,52.53333333333333,2,966.72815,639.9367,0.9115076661109924,"[[0.0, 0.0, 0.0]]",Middle,Right
1577,52.56666666666667,1,476.97568,694.0074,0.9181115627288818,"[[0.0, 0.0, 0.0]]",Middle,Left
1577,52.56666666666667,2,963.29297,638.69116,0.9118056297302246,"[[0.0, 0.0, 0.0]]",Middle,Right
1578,52.6,1,482.5274,696.0184,0.9222723245620728,"[[0.0, 0.0, 0.0]]",Middle,Left
1578,52.6,2,957.7276,637.63965,0.9214715361595154,"[[0.0, 0.0, 0.0]]",Middle,Left
1579,52.63333333333333,1,485.60645,697.85236,0.9170446395874023,"[[0.0, 0.0, 0.0]]",Middle,Left
1579,52.63333333333333,2,952.68427,635.0894,0.9213891625404358,"[[0.0, 0.0, 0.0]]",Middle,Left
1580,52.666666666666664,1,488.39972,699.27295,0.905704140663147,"[[0.0, 0.0, 0.0]]",Middle,Left
1580,52.666666666666664,2,946.88525,634.91547,0.9165457487106323,"[[0.0, 0.0, 0.0]]",Middle,Left
1581,52.7,1,492.40405,701.16724,0.9157899022102356,"[[0.0, 0.0, 0.0]]",Middle,Left
1581,52.7,2,941.1029,634.3515,0.9176276922225952,"[[0.0, 0.0, 0.0]]",Middle,Left
1582,52.733333333333334,1,495.80023,703.25,0.9148951768875122,"[[0.0, 0.0, 0.0]]",Middle,Left
1582,52.733333333333334,2,936.37585,634.0032,0.9183928966522217,"[[0.0, 0.0, 0.0]]",Middle,Left
1583,52.766666666666666,1,496.9933,704.0108,0.915233850479126,"[[0.0, 0.0, 0.0]]",Middle,Left
1583,52.766666666666666,2,934.78357,633.716,0.9186258912086487,"[[0.0, 0.0, 0.0]]",Middle,Left
1584,52.8,1,502.71414,705.6504,0.9142272472381592,"[[0.0, 0.0, 0.0]]",Middle,Left
1584,52.8,2,935.33716,633.8338,0.9209563136100769,"[[0.0, 0.0, 0.0]]",Middle,Left
1585,52.833333333333336,1,506.75592,707.931,0.9103373885154724,"[[0.0, 0.0, 0.0]]",Middle,Left
1585,52.833333333333336,2,935.9828,633.45044,0.9189563989639282,"[[0.0, 0.0, 0.0]]",Middle,Left
1586,52.86666666666667,1,509.49078,711.1024,0.9092135429382324,"[[0.0, 0.0, 0.0]]",Middle,Left
1586,52.86666666666667,2,938.01953,633.53784,0.9132958054542542,"[[0.0, 0.0, 0.0]]",Middle,Left
1587,52.9,1,513.0856,716.92334,0.907628059387207,"[[0.0, 0.0, 0.0]]",Back,Left
1587,52.9,2,940.55225,634.4754,0.9139695167541504,"[[0.0, 0.0, 0.0]]",Middle,Left
1588,52.93333333333333,1,519.0403,724.68756,0.9135374426841736,"[[0.0, 0.0, 0.0]]",Back,Left
1588,52.93333333333333,2,942.23663,634.42896,0.9109551310539246,"[[0.0, 0.0, 0.0]]",Middle,Left
1589,52.96666666666667,1,521.06573,727.22076,0.9136318564414978,"[[0.0, 0.0, 0.0]]",Back,Left
1589,52.96666666666667,2,942.8668,634.3437,0.9109247922897339,"[[0.0, 0.0, 0.0]]",Middle,Left
1590,53.0,1,526.0907,734.7229,0.9143369197845459,"[[0.0, 0.0, 0.0]]",Back,Left
1590,53.0,2,946.1786,633.2668,0.9096724390983582,"[[0.0, 0.0, 0.0]]",Middle,Left
1591,53.03333333333333,1,530.8107,740.7709,0.9103288054466248,"[[0.0, 0.0, 0.0]]",Back,Left
1591,53.03333333333333,2,949.1261,633.4713,0.9074603319168091,"[[0.0, 0.0, 0.0]]",Middle,Left
1592,53.06666666666667,1,534.4346,746.9215,0.9088224768638611,"[[0.0, 0.0, 0.0]]",Back,Left
1592,53.06666666666667,2,950.1831,634.16034,0.9065788984298706,"[[0.0, 0.0, 0.0]]",Middle,Left
1593,53.1,1,540.60297,752.4375,0.9054906964302063,"[[0.0, 0.0, 0.0]]",Back,Left
1593,53.1,2,950.8908,634.387,0.9065884947776794,"[[0.0, 0.0, 0.0]]",Middle,Left
1594,53.13333333333333,1,552.5217,755.68854,0.9147592186927795,"[[0.0, 0.0, 0.0]]",Back,Left
1594,53.13333333333333,2,951.127,634.1024,0.9088813066482544,"[[0.0, 0.0, 0.0]]",Middle,Left
1595,53.166666666666664,1,557.02563,756.7438,0.9147897958755493,"[[0.0, 0.0, 0.0]]",Back,Left
1595,53.166666666666664,2,951.17566,633.9601,0.9089205861091614,"[[0.0, 0.0, 0.0]]",Middle,Left
1596,53.2,1,567.944,757.6777,0.9072564244270325,"[[0.0, 0.0, 0.0]]",Back,Left
1596,53.2,2,951.20483,633.2189,0.9075432419776917,"[[0.0, 0.0, 0.0]]",Middle,Left
1597,53.233333333333334,1,581.8706,762.22925,0.8938159942626953,"[[0.0, 0.0, 0.0]]",Back,Left
1597,53.233333333333334,2,950.84753,633.90533,0.9040838479995728,"[[0.0, 0.0, 0.0]]",Middle,Left
1598,53.266666666666666,1,593.2016,765.8203,0.8854895234107971,"[[0.0, 0.0, 0.0]]",Back,Left
1598,53.266666666666666,2,950.69727,634.15643,0.9040231704711914,"[[0.0, 0.0, 0.0]]",Middle,Left
1599,53.3,1,610.62286,769.699,0.9109194278717041,"[[0.0, 0.0, 0.0]]",Back,Left
1599,53.3,2,950.95776,633.5701,0.9080299139022827,"[[0.0, 0.0, 0.0]]",Middle,Left
1600,53.333333333333336,1,622.9029,779.4171,0.9059295058250427,"[[0.0, 0.0, 0.0]]",Back,Left
1600,53.333333333333336,2,950.38715,635.96625,0.9074872732162476,"[[0.0, 0.0, 0.0]]",Middle,Left
1601,53.36666666666667,1,627.58057,782.4923,0.9061471223831177,"[[0.0, 0.0, 0.0]]",Back,Left
1601,53.36666666666667,2,950.1647,636.848,0.9074601531028748,"[[0.0, 0.0, 0.0]]",Middle,Left
1602,53.4,1,633.3282,788.1649,0.9216805100440979,"[[0.0, 0.0, 0.0]]",Back,Left
1602,53.4,2,949.4138,637.834,0.9075672030448914,"[[0.0, 0.0, 0.0]]",Middle,Left
1603,53.43333333333333,1,641.11224,793.7949,0.9186190962791443,"[[0.0, 0.0, 0.0]]",Back,Left
1603,53.43333333333333,2,949.1217,638.50854,0.9089104533195496,"[[0.0, 0.0, 0.0]]",Middle,Left
1604,53.46666666666667,1,645.4382,795.34204,0.9114399552345276,"[[0.0, 0.0, 0.0]]",Back,Left
1604,53.46666666666667,2,948.0148,638.39355,0.9066235423088074,"[[0.0, 0.0, 0.0]]",Middle,Left
1605,53.5,1,648.0963,793.38574,0.900680422782898,"[[0.0, 0.0, 0.0]]",Back,Left
1605,53.5,2,945.94775,638.312,0.9032170176506042,"[[0.0, 0.0, 0.0]]",Middle,Left
1606,53.53333333333333,1,652.48816,788.8622,0.9122340679168701,"[[0.0, 0.0, 0.0]]",Back,Left
1606,53.53333333333333,2,943.5323,638.2552,0.9017723202705383,"[[0.0, 0.0, 0.0]]",Middle,Left
1607,53.56666666666667,1,653.86096,786.77216,0.912936270236969,"[[0.0, 0.0, 0.0]]",Back,Left
1607,53.56666666666667,2,942.9851,637.89923,0.9019753336906433,"[[0.0, 0.0, 0.0]]",Middle,Left
1608,53.6,1,661.4885,778.95825,0.9074598550796509,"[[0.0, 0.0, 0.0]]",Back,Left
1608,53.6,2,942.4431,639.4169,0.9018040299415588,"[[0.0, 0.0, 0.0]]",Middle,Left
1609,53.63333333333333,1,670.5415,769.4466,0.896207869052887,"[[0.0, 0.0, 0.0]]",Back,Left
1609,53.63333333333333,2,942.2672,639.634,0.9072844982147217,"[[0.0, 0.0, 0.0]]",Middle,Left
1610,53.666666666666664,1,687.0397,758.4049,0.8945069313049316,"[[0.0, 0.0, 0.0]]",Back,Left
1610,53.666666666666664,2,936.09344,641.3767,0.9090130925178528,"[[0.0, 0.0, 0.0]]",Middle,Left
1611,53.7,1,715.7529,748.6661,0.8540891408920288,"[[0.0, 0.0, 0.0]]",Back,Left
1611,53.7,2,927.55835,645.0093,0.9064330458641052,"[[0.0, 0.0, 0.0]]",Middle,Left
1612,53.733333333333334,1,744.0335,739.7679,0.9053592681884766,"[[0.0, 0.0, 0.0]]",Back,Left
1612,53.733333333333334,2,918.0023,651.72314,0.9172288179397583,"[[0.0, 0.0, 0.0]]",Middle,Left
1613,53.766666666666666,1,754.3051,736.3436,0.9059458374977112,"[[0.0, 0.0, 0.0]]",Back,Left
1613,53.766666666666666,2,914.06067,654.4704,0.9169672727584839,"[[0.0, 0.0, 0.0]]",Middle,Left
1614,53.8,1,760.65906,729.9437,0.8983873128890991,"[[0.0, 0.0, 0.0]]",Back,Left
1614,53.8,2,911.56885,658.76746,0.9158837795257568,"[[0.0, 0.0, 0.0]]",Middle,Left
1615,53.833333333333336,1,767.7171,725.94775,0.8999060392379761,"[[0.0, 0.0, 0.0]]",Back,Left
1615,53.833333333333336,2,910.3195,663.63745,0.8946653604507446,"[[0.0, 0.0, 0.0]]",Middle,Left
1616,53.86666666666667,1,783.5216,724.1914,0.8231021761894226,"[[0.0, 0.0, 0.0]]",Back,Left
1616,53.86666666666667,2,911.18646,665.6919,0.9025057554244995,"[[0.0, 0.0, 0.0]]",Middle,Left
1617,53.9,1,776.2301,724.92065,0.7683098912239075,"[[0.0, 0.0, 0.0]]",Back,Left
1617,53.9,2,911.92346,666.35126,0.8330976963043213,"[[0.0, 0.0, 0.0]]",Middle,Left
1618,53.93333333333333,1,788.5471,726.302,0.8836163282394409,"[[0.0, 0.0, 0.0]]",Back,Left
1618,53.93333333333333,2,907.7448,663.1775,0.8676984310150146,"[[0.0, 0.0, 0.0]]",Middle,Left
1619,53.96666666666667,1,792.81616,726.92755,0.8841464519500732,"[[0.0, 0.0, 0.0]]",Back,Left
1619,53.96666666666667,2,906.22314,661.8876,0.872448205947876,"[[0.0, 0.0, 0.0]]",Middle,Left
1620,54.0,1,799.9149,728.5601,0.8643433451652527,"[[0.0, 0.0, 0.0]]",Back,Left
1620,54.0,2,899.80945,662.6914,0.8296980261802673,"[[0.0, 0.0, 0.0]]",Middle,Left
1621,54.03333333333333,1,807.8406,728.9332,0.8874865174293518,"[[0.0, 0.0, 0.0]]",Back,Left
1621,54.03333333333333,2,888.4702,659.92737,0.5600247383117676,"[[0.0, 0.0, 0.0]]",Middle,Left
1622,54.06666666666667,1,814.4326,725.18225,0.908371090888977,"[[0.0, 0.0, 0.0]]",Back,Left
1623,54.1,2,818.85144,724.8076,0.8989478349685669,"[[0.0, 0.0, 0.0]]",Back,Left
1624,54.13333333333333,1,824.14307,724.3924,0.8966245651245117,"[[0.0, 0.0, 0.0]]",Back,Left
1625,54.166666666666664,1,825.73083,724.3015,0.8967694044113159,"[[0.0, 0.0, 0.0]]",Back,Left
1625,54.166666666666664,2,746.5,600.5,0.40410375595092773,"[[0.0, 0.0, 0.0]]",Middle,Left
1626,54.2,1,827.3602,720.02496,0.8864052891731262,"[[0.0, 0.0, 0.0]]",Back,Left
1627,54.233333333333334,1,835.0402,708.89014,0.8797863721847534,"[[0.0, 0.0, 0.0]]",Middle,Left
1627,54.233333333333334,2,734.79034,650.9326,0.7356228828430176,"[[0.0, 0.0, 0.0]]",Middle,Left
1628,54.266666666666666,1,844.74536,698.3806,0.8807066082954407,"[[0.0, 0.0, 0.0]]",Middle,Left
1628,54.266666666666666,2,728.67786,668.46045,0.8077212572097778,"[[0.0, 0.0, 0.0]]",Middle,Left
1629,54.3,1,850.5901,692.59937,0.8955101370811462,"[[0.0, 0.0, 0.0]]",Middle,Left
1629,54.3,2,722.16534,684.35297,0.8703805208206177,"[[0.0, 0.0, 0.0]]",Middle,Left
1630,54.333333333333336,1,853.2916,688.9132,0.8982621431350708,"[[0.0, 0.0, 0.0]]",Middle,Left
1630,54.333333333333336,2,714.0021,694.00714,0.893783450126648,"[[0.0, 0.0, 0.0]]",Middle,Left
1631,54.36666666666667,1,853.9149,687.7003,0.8983278870582581,"[[0.0, 0.0, 0.0]]",Middle,Left
1631,54.36666666666667,2,710.7586,696.98755,0.8937506675720215,"[[0.0, 0.0, 0.0]]",Middle,Left
1632,54.4,1,855.3158,686.71954,0.8951317071914673,"[[0.0, 0.0, 0.0]]",Middle,Left
1632,54.4,2,704.9606,701.97266,0.9067144393920898,"[[0.0, 0.0, 0.0]]",Middle,Left
1633,54.43333333333333,1,857.6304,685.8306,0.8960692882537842,"[[0.0, 0.0, 0.0]]",Middle,Left
1633,54.43333333333333,2,698.08826,707.5685,0.9068910479545593,"[[0.0, 0.0, 0.0]]",Middle,Left
1634,54.46666666666667,1,860.6582,685.2917,0.8952355980873108,"[[0.0, 0.0, 0.0]]",Middle,Left
1634,54.46666666666667,2,692.3209,714.11206,0.9164003729820251,"[[0.0, 0.0, 0.0]]",Back,Left
1635,54.5,1,862.90106,686.20325,0.8996348977088928,"[[0.0, 0.0, 0.0]]",Middle,Left
1635,54.5,2,684.8438,718.78455,0.9188618659973145,"[[0.0, 0.0, 0.0]]",Back,Left
1636,54.53333333333333,1,863.8643,686.97003,0.8975716829299927,"[[0.0, 0.0, 0.0]]",Middle,Left
1636,54.53333333333333,2,678.1998,721.1017,0.9219074249267578,"[[0.0, 0.0, 0.0]]",Back,Left
1637,54.56666666666667,1,864.0525,687.3434,0.897537887096405,"[[0.0, 0.0, 0.0]]",Middle,Left
1637,54.56666666666667,2,675.64136,721.52795,0.922024130821228,"[[0.0, 0.0, 0.0]]",Back,Left
1638,54.6,1,864.6727,688.2256,0.8984110951423645,"[[0.0, 0.0, 0.0]]",Middle,Left
1638,54.6,2,670.72705,722.2914,0.9285277128219604,"[[0.0, 0.0, 0.0]]",Back,Left
1639,54.63333333333333,1,864.77484,688.2831,0.9028193950653076,"[[0.0, 0.0, 0.0]]",Middle,Left
1639,54.63333333333333,2,664.49854,722.53644,0.9200127124786377,"[[0.0, 0.0, 0.0]]",Back,Left
1640,54.666666666666664,1,864.35254,687.0166,0.9006008505821228,"[[0.0, 0.0, 0.0]]",Middle,Left
1640,54.666666666666664,2,657.4173,723.94116,0.9125522971153259,"[[0.0, 0.0, 0.0]]",Back,Left
1641,54.7,1,865.12366,682.91473,0.9066767692565918,"[[0.0, 0.0, 0.0]]",Middle,Left
1641,54.7,2,642.40076,724.5199,0.9093965888023376,"[[0.0, 0.0, 0.0]]",Back,Left
1642,54.733333333333334,1,865.0046,674.07855,0.9044862389564514,"[[0.0, 0.0, 0.0]]",Middle,Left
1642,54.733333333333334,2,626.6792,728.0957,0.9079771041870117,"[[0.0, 0.0, 0.0]]",Back,Left
1643,54.766666666666666,1,864.89417,670.8924,0.9045339226722717,"[[0.0, 0.0, 0.0]]",Middle,Left
1643,54.766666666666666,2,620.4249,729.25745,0.9080206751823425,"[[0.0, 0.0, 0.0]]",Back,Left
1644,54.8,1,865.12805,666.12415,0.8984410762786865,"[[0.0, 0.0, 0.0]]",Middle,Left
1644,54.8,2,612.8085,734.76624,0.9085206389427185,"[[0.0, 0.0, 0.0]]",Back,Left
1645,54.833333333333336,1,865.1773,661.4518,0.8973897099494934,"[[0.0, 0.0, 0.0]]",Middle,Left
1645,54.833333333333336,2,608.1136,738.96875,0.9153608679771423,"[[0.0, 0.0, 0.0]]",Back,Left
1646,54.86666666666667,1,867.4469,656.4759,0.9086388349533081,"[[0.0, 0.0, 0.0]]",Middle,Left
1646,54.86666666666667,2,604.9255,744.62177,0.9164050817489624,"[[0.0, 0.0, 0.0]]",Back,Left
1647,54.9,1,870.8721,653.0808,0.9193872809410095,"[[0.0, 0.0, 0.0]]",Middle,Left
1647,54.9,2,603.933,746.92566,0.9142207503318787,"[[0.0, 0.0, 0.0]]",Back,Left
1648,54.93333333333333,1,874.7274,648.63684,0.9197915196418762,"[[0.0, 0.0, 0.0]]",Middle,Left
1648,54.93333333333333,2,605.0733,749.2728,0.9018931984901428,"[[0.0, 0.0, 0.0]]",Back,Left
1649,54.96666666666667,1,876.15967,647.08954,0.9196869134902954,"[[0.0, 0.0, 0.0]]",Middle,Left
1649,54.96666666666667,2,605.3817,750.2815,0.9021044373512268,"[[0.0, 0.0, 0.0]]",Back,Left
1650,55.0,1,879.93335,647.31616,0.9120296835899353,"[[0.0, 0.0, 0.0]]",Middle,Left
1650,55.0,2,606.7329,755.15234,0.9095575213432312,"[[0.0, 0.0, 0.0]]",Back,Left
1651,55.03333333333333,1,878.73724,650.8287,0.9179414510726929,"[[0.0, 0.0, 0.0]]",Middle,Left
1651,55.03333333333333,2,609.6363,753.1034,0.9182882308959961,"[[0.0, 0.0, 0.0]]",Back,Left
1652,55.06666666666667,1,873.83734,655.5906,0.9228785634040833,"[[0.0, 0.0, 0.0]]",Middle,Left
1652,55.06666666666667,2,615.1079,750.2429,0.9206817150115967,"[[0.0, 0.0, 0.0]]",Back,Left
1653,55.1,1,865.405,660.4704,0.9265649914741516,"[[0.0, 0.0, 0.0]]",Middle,Left
1653,55.1,2,627.21045,743.46655,0.9115287065505981,"[[0.0, 0.0, 0.0]]",Back,Left
1654,55.13333333333333,1,858.53064,665.68097,0.926658570766449,"[[0.0, 0.0, 0.0]]",Middle,Left
1654,55.13333333333333,2,645.1002,736.2554,0.9043000340461731,"[[0.0, 0.0, 0.0]]",Back,Left
1655,55.166666666666664,1,855.671,667.6267,0.9264234900474548,"[[0.0, 0.0, 0.0]]",Middle,Left
1655,55.166666666666664,2,651.97363,733.43353,0.904607892036438,"[[0.0, 0.0, 0.0]]",Back,Left
1656,55.2,1,854.499,669.9943,0.9188941717147827,"[[0.0, 0.0, 0.0]]",Middle,Left
1656,55.2,2,664.11096,725.77313,0.8928772807121277,"[[0.0, 0.0, 0.0]]",Back,Left
1657,55.233333333333334,1,855.64307,671.5346,0.9037127494812012,"[[0.0, 0.0, 0.0]]",Middle,Left
1657,55.233333333333334,2,706.4742,718.969,0.8623319268226624,"[[0.0, 0.0, 0.0]]",Back,Left
1658,55.266666666666666,1,855.7876,673.7562,0.887890636920929,"[[0.0, 0.0, 0.0]]",Middle,Left
1658,55.266666666666666,2,732.3742,712.4463,0.9066355228424072,"[[0.0, 0.0, 0.0]]",Middle,Left
1659,55.3,1,857.14075,672.52234,0.8517475128173828,"[[0.0, 0.0, 0.0]]",Middle,Left
1659,55.3,2,744.5316,709.6309,0.9008931517601013,"[[0.0, 0.0, 0.0]]",Middle,Left
1660,55.333333333333336,1,859.6476,675.7366,0.5232633352279663,"[[0.0, 0.0, 0.0]]",Middle,Left
1660,55.333333333333336,2,747.1128,709.93353,0.7651718258857727,"[[0.0, 0.0, 0.0]]",Middle,Left
1661,55.36666666666667,1,860.61316,676.2219,0.5267481207847595,"[[0.0, 0.0, 0.0]]",Middle,Left
1661,55.36666666666667,2,748.3513,709.7763,0.7723105549812317,"[[0.0, 0.0, 0.0]]",Middle,Left
1662,55.4,1,838.70703,661.8721,0.3583143651485443,"[[0.0, 0.0, 0.0]]",Middle,Left
1662,55.4,2,756.5842,710.7701,0.8673432469367981,"[[0.0, 0.0, 0.0]]",Middle,Left
1663,55.43333333333333,2,755.7932,711.5274,0.919923722743988,"[[0.0, 0.0, 0.0]]",Middle,Left
1664,55.46666666666667,1,758.5952,711.51697,0.910626232624054,"[[0.0, 0.0, 0.0]]",Middle,Left
1665,55.5,2,767.21423,714.4948,0.9012315273284912,"[[0.0, 0.0, 0.0]]",Back,Left
1666,55.53333333333333,1,773.5,716.642,0.8850017189979553,"[[0.0, 0.0, 0.0]]",Back,Left
1667,55.56666666666667,1,775.5895,717.48035,0.8850573301315308,"[[0.0, 0.0, 0.0]]",Back,Left
1667,55.56666666666667,2,697.4,662.4,0.4559357762336731,"[[0.0, 0.0, 0.0]]",Middle,Left
1668,55.6,1,779.75507,716.47076,0.8590199947357178,"[[0.0, 0.0, 0.0]]",Back,Left
1668,55.6,2,689.0925,667.09125,0.6998738646507263,"[[0.0, 0.0, 0.0]]",Middle,Left
1669,55.63333333333333,1,793.68274,713.45984,0.84632408618927,"[[0.0, 0.0, 0.0]]",Back,Left
1669,55.63333333333333,2,683.58997,675.2706,0.836157500743866,"[[0.0, 0.0, 0.0]]",Middle,Left
1670,55.666666666666664,1,805.4685,708.354,0.9072274565696716,"[[0.0, 0.0, 0.0]]",Middle,Left
1670,55.666666666666664,2,679.0634,682.5791,0.8762220144271851,"[[0.0, 0.0, 0.0]]",Middle,Left
1671,55.7,1,805.6625,703.127,0.8611388802528381,"[[0.0, 0.0, 0.0]]",Middle,Left
1671,55.7,2,672.9607,686.9013,0.8884598612785339,"[[0.0, 0.0, 0.0]]",Middle,Left
1672,55.733333333333334,1,810.4107,692.86176,0.8584360480308533,"[[0.0, 0.0, 0.0]]",Middle,Left
1672,55.733333333333334,2,669.33887,688.824,0.8973115086555481,"[[0.0, 0.0, 0.0]]",Middle,Left
1673,55.766666666666666,1,811.51794,689.1175,0.8573271036148071,"[[0.0, 0.0, 0.0]]",Middle,Left
1673,55.766666666666666,2,667.9487,689.3128,0.8962509632110596,"[[0.0, 0.0, 0.0]]",Middle,Left
1674,55.8,1,821.8113,686.1434,0.9057430624961853,"[[0.0, 0.0, 0.0]]",Middle,Left
1674,55.8,2,659.8755,690.9691,0.8953784108161926,"[[0.0, 0.0, 0.0]]",Middle,Left
1675,55.833333333333336,1,827.7061,683.47174,0.9130500555038452,"[[0.0, 0.0, 0.0]]",Middle,Left
1675,55.833333333333336,2,644.5803,693.44495,0.8966224789619446,"[[0.0, 0.0, 0.0]]",Middle,Left
1676,55.86666666666667,1,832.97,681.2449,0.9071876406669617,"[[0.0, 0.0, 0.0]]",Middle,Left
1676,55.86666666666667,2,634.40894,695.5649,0.9082865715026855,"[[0.0, 0.0, 0.0]]",Middle,Left
1677,55.9,1,837.6647,680.1638,0.907878041267395,"[[0.0, 0.0, 0.0]]",Middle,Left
1677,55.9,2,617.28503,697.8672,0.9136099219322205,"[[0.0, 0.0, 0.0]]",Middle,Left
1678,55.93333333333333,1,840.1011,678.54144,0.9028518795967102,"[[0.0, 0.0, 0.0]]",Middle,Left
1678,55.93333333333333,2,596.09717,700.2737,0.9170401096343994,"[[0.0, 0.0, 0.0]]",Middle,Left
1679,55.96666666666667,1,840.7,678.3984,0.9028431177139282,"[[0.0, 0.0, 0.0]]",Middle,Left
1679,55.96666666666667,2,588.26245,701.09924,0.9168896675109863,"[[0.0, 0.0, 0.0]]",Middle,Left
1680,56.0,1,843.4629,678.0877,0.8974247574806213,"[[0.0, 0.0, 0.0]]",Middle,Left
1680,56.0,2,573.08093,702.9402,0.9149444699287415,"[[0.0, 0.0, 0.0]]",Middle,Left
1681,56.03333333333333,1,846.62024,676.7523,0.8984469771385193,"[[0.0, 0.0, 0.0]]",Middle,Left
1681,56.03333333333333,2,558.7072,703.88837,0.9082759618759155,"[[0.0, 0.0, 0.0]]",Middle,Left
1682,56.06666666666667,1,847.4537,677.0139,0.899578869342804,"[[0.0, 0.0, 0.0]]",Middle,Left
1682,56.06666666666667,2,548.67615,708.47974,0.9077960252761841,"[[0.0, 0.0, 0.0]]",Middle,Left
1683,56.1,1,847.943,676.48926,0.8941853046417236,"[[0.0, 0.0, 0.0]]",Middle,Left
1683,56.1,2,529.96216,714.0309,0.9171404838562012,"[[0.0, 0.0, 0.0]]",Back,Left
1684,56.13333333333333,1,848.9972,675.00494,0.8937439918518066,"[[0.0, 0.0, 0.0]]",Middle,Left
1684,56.13333333333333,2,511.1173,716.351,0.9201282858848572,"[[0.0, 0.0, 0.0]]",Back,Left
1685,56.166666666666664,1,849.23926,674.51825,0.8942672610282898,"[[0.0, 0.0, 0.0]]",Middle,Left
1685,56.166666666666664,2,503.48663,717.12897,0.920238196849823,"[[0.0, 0.0, 0.0]]",Back,Left
1686,56.2,1,851.9473,673.05023,0.8981056809425354,"[[0.0, 0.0, 0.0]]",Middle,Left
1686,56.2,2,493.35403,725.1851,0.898267924785614,"[[0.0, 0.0, 0.0]]",Back,Left
1687,56.233333333333334,1,856.5294,666.52954,0.8972091674804688,"[[0.0, 0.0, 0.0]]",Middle,Left
1687,56.233333333333334,2,483.3457,740.53284,0.9036767482757568,"[[0.0, 0.0, 0.0]]",Back,Left
1688,56.266666666666666,1,861.129,659.79126,0.9107029438018799,"[[0.0, 0.0, 0.0]]",Middle,Left
1688,56.266666666666666,2,464.2486,754.43396,0.9217332005500793,"[[0.0, 0.0, 0.0]]",Back,Left
1689,56.3,1,867.36,654.0437,0.919023871421814,"[[0.0, 0.0, 0.0]]",Middle,Left
1689,56.3,2,451.00586,763.8695,0.9150397777557373,"[[0.0, 0.0, 0.0]]",Back,Left
1690,56.333333333333336,1,871.5779,648.3418,0.9123244285583496,"[[0.0, 0.0, 0.0]]",Middle,Left
1690,56.333333333333336,2,440.7095,770.23975,0.9058849811553955,"[[0.0, 0.0, 0.0]]",Back,Left
1691,56.36666666666667,1,873.0818,646.3617,0.9124903678894043,"[[0.0, 0.0, 0.0]]",Middle,Left
1691,56.36666666666667,2,437.1895,772.422,0.9041128158569336,"[[0.0, 0.0, 0.0]]",Back,Left
1692,56.4,1,875.81976,643.73706,0.9092398881912231,"[[0.0, 0.0, 0.0]]",Middle,Left
1692,56.4,2,430.36932,774.6683,0.9034019112586975,"[[0.0, 0.0, 0.0]]",Back,Left
1693,56.43333333333333,1,880.6946,641.5309,0.9017937183380127,"[[0.0, 0.0, 0.0]]",Middle,Left
1693,56.43333333333333,2,418.67975,778.2516,0.9051409959793091,"[[0.0, 0.0, 0.0]]",Back,Left
1694,56.46666666666667,1,886.72437,640.1807,0.8989707231521606,"[[0.0, 0.0, 0.0]]",Middle,Left
1694,56.46666666666667,2,393.18707,778.7407,0.9007229804992676,"[[0.0, 0.0, 0.0]]",Back,Left
1695,56.5,1,889.5132,639.1448,0.8970131874084473,"[[0.0, 0.0, 0.0]]",Middle,Left
1695,56.5,2,386.6869,790.437,0.9015254974365234,"[[0.0, 0.0, 0.0]]",Back,Left
1696,56.53333333333333,1,888.49976,639.5339,0.9068119525909424,"[[0.0, 0.0, 0.0]]",Middle,Left
1696,56.53333333333333,2,379.46912,805.42755,0.908735990524292,"[[0.0, 0.0, 0.0]]",Back,Left
1697,56.56666666666667,1,887.9278,639.7653,0.9064131379127502,"[[0.0, 0.0, 0.0]]",Middle,Left
1697,56.56666666666667,2,377.5412,810.94385,0.9088978171348572,"[[0.0, 0.0, 0.0]]",Back,Left
1698,56.6,1,888.29706,639.93933,0.9045076370239258,"[[0.0, 0.0, 0.0]]",Middle,Left
1698,56.6,2,374.3128,820.09534,0.9255063533782959,"[[0.0, 0.0, 0.0]]",Back,Left
1699,56.63333333333333,1,890.2671,639.74426,0.902145504951477,"[[0.0, 0.0, 0.0]]",Middle,Left
1699,56.63333333333333,2,375.04965,827.58777,0.9224124550819397,"[[0.0, 0.0, 0.0]]",Back,Left
1700,56.666666666666664,1,892.54895,639.06323,0.902655839920044,"[[0.0, 0.0, 0.0]]",Middle,Left
1700,56.666666666666664,2,378.26407,834.4409,0.920194685459137,"[[0.0, 0.0, 0.0]]",Back,Left
1701,56.7,1,897.9811,638.5303,0.9038859009742737,"[[0.0, 0.0, 0.0]]",Middle,Left
1701,56.7,2,369.63947,837.67596,0.9212097525596619,"[[0.0, 0.0, 0.0]]",Back,Left
1702,56.733333333333334,1,900.53796,637.71027,0.9022570848464966,"[[0.0, 0.0, 0.0]]",Middle,Left
1702,56.733333333333334,2,373.29504,836.5439,0.9004465937614441,"[[0.0, 0.0, 0.0]]",Back,Left
1703,56.766666666666666,1,901.3695,637.4676,0.9022533893585205,"[[0.0, 0.0, 0.0]]",Middle,Left
1703,56.766666666666666,2,375.3513,835.97003,0.8976516127586365,"[[0.0, 0.0, 0.0]]",Back,Left
1704,56.8,1,900.8893,637.74036,0.9003639221191406,"[[0.0, 0.0, 0.0]]",Middle,Left
1704,56.8,2,395.3904,830.1984,0.8758388757705688,"[[0.0, 0.0, 0.0]]",Back,Left
1705,56.833333333333336,1,897.9464,637.5657,0.9018775820732117,"[[0.0, 0.0, 0.0]]",Middle,Left
1705,56.833333333333336,2,417.58768,827.2912,0.8620651960372925,"[[0.0, 0.0, 0.0]]",Back,Left
1706,56.86666666666667,1,894.15155,636.87946,0.8998149037361145,"[[0.0, 0.0, 0.0]]",Middle,Left
1706,56.86666666666667,2,430.71426,812.5569,0.8176902532577515,"[[0.0, 0.0, 0.0]]",Back,Left
1707,56.9,1,884.8628,636.9954,0.906454861164093,"[[0.0, 0.0, 0.0]]",Middle,Left
1707,56.9,2,446.3819,799.33344,0.8246506452560425,"[[0.0, 0.0, 0.0]]",Back,Left
1708,56.93333333333333,1,874.4059,638.0702,0.9019660353660583,"[[0.0, 0.0, 0.0]]",Middle,Left
1708,56.93333333333333,2,462.41434,784.90173,0.8951396346092224,"[[0.0, 0.0, 0.0]]",Back,Left
1709,56.96666666666667,1,870.5664,638.4905,0.9021000862121582,"[[0.0, 0.0, 0.0]]",Middle,Left
1709,56.96666666666667,2,468.2303,779.2096,0.8946884870529175,"[[0.0, 0.0, 0.0]]",Back,Left
1710,57.0,1,858.86743,642.64056,0.9130343198776245,"[[0.0, 0.0, 0.0]]",Middle,Left
1710,57.0,2,483.0904,770.2809,0.9168617129325867,"[[0.0, 0.0, 0.0]]",Back,Left
1711,57.03333333333333,1,849.39575,646.20667,0.9055190682411194,"[[0.0, 0.0, 0.0]]",Middle,Left
1711,57.03333333333333,2,496.35785,755.027,0.8927743434906006,"[[0.0, 0.0, 0.0]]",Back,Left
1712,57.06666666666667,1,841.8676,648.5427,0.9090322852134705,"[[0.0, 0.0, 0.0]]",Middle,Left
1712,57.06666666666667,2,508.0496,737.797,0.9108748435974121,"[[0.0, 0.0, 0.0]]",Back,Left
1713,57.1,1,837.01953,651.7175,0.9195109009742737,"[[0.0, 0.0, 0.0]]",Middle,Left
1713,57.1,2,518.83704,729.6237,0.9046616554260254,"[[0.0, 0.0, 0.0]]",Back,Left
1714,57.13333333333333,1,835.46893,653.8721,0.91098552942276,"[[0.0, 0.0, 0.0]]",Middle,Left
1714,57.13333333333333,2,530.516,739.86743,0.9009053111076355,"[[0.0, 0.0, 0.0]]",Back,Left
1715,57.166666666666664,1,835.2942,654.64996,0.9106209874153137,"[[0.0, 0.0, 0.0]]",Middle,Left
1715,57.166666666666664,2,534.48206,744.0978,0.901894748210907,"[[0.0, 0.0, 0.0]]",Back,Left
1716,57.2,1,832.1145,655.9006,0.905457079410553,"[[0.0, 0.0, 0.0]]",Middle,Left
1716,57.2,2,546.0631,745.5875,0.885673999786377,"[[0.0, 0.0, 0.0]]",Back,Left
1717,57.233333333333334,1,827.77014,654.6767,0.9172755479812622,"[[0.0, 0.0, 0.0]]",Middle,Left
1717,57.233333333333334,2,579.7497,743.3511,0.8930678963661194,"[[0.0, 0.0, 0.0]]",Back,Left
1718,57.266666666666666,1,821.0094,654.1778,0.9139448404312134,"[[0.0, 0.0, 0.0]]",Middle,Left
1718,57.266666666666666,2,601.39856,739.6206,0.8995668292045593,"[[0.0, 0.0, 0.0]]",Back,Left
1719,57.3,1,810.6387,651.32404,0.8923206329345703,"[[0.0, 0.0, 0.0]]",Middle,Left
1719,57.3,2,617.2938,738.3342,0.9248615503311157,"[[0.0, 0.0, 0.0]]",Back,Left
1720,57.333333333333336,1,798.8473,649.23816,0.8972071409225464,"[[0.0, 0.0, 0.0]]",Middle,Left
1720,57.333333333333336,2,629.2095,748.35767,0.9088970422744751,"[[0.0, 0.0, 0.0]]",Back,Left
1721,57.36666666666667,1,794.3246,648.4351,0.897436261177063,"[[0.0, 0.0, 0.0]]",Middle,Left
1721,57.36666666666667,2,633.56805,752.0433,0.908946692943573,"[[0.0, 0.0, 0.0]]",Back,Left
1722,57.4,1,777.2123,642.8722,0.8594775199890137,"[[0.0, 0.0, 0.0]]",Middle,Left
1722,57.4,2,638.0048,746.6011,0.9102396965026855,"[[0.0, 0.0, 0.0]]",Back,Left
1723,57.43333333333333,1,753.0758,635.1699,0.7829334139823914,"[[0.0, 0.0, 0.0]]",Middle,Left
1723,57.43333333333333,2,646.0554,749.54504,0.9060538411140442,"[[0.0, 0.0, 0.0]]",Back,Left
1724,57.46666666666667,1,725.7217,644.1665,0.35232171416282654,"[[0.0, 0.0, 0.0]]",Middle,Left
1724,57.46666666666667,2,660.52576,742.3047,0.9011898636817932,"[[0.0, 0.0, 0.0]]",Back,Left
1725,57.5,2,678.32666,736.6941,0.8995027542114258,"[[0.0, 0.0, 0.0]]",Back,Left
1726,57.53333333333333,1,698.08484,730.9725,0.8894110321998596,"[[0.0, 0.0, 0.0]]",Back,Left
1727,57.56666666666667,2,704.04944,728.8967,0.8886969685554504,"[[0.0, 0.0, 0.0]]",Back,Left
1728,57.6,1,658.93256,648.72156,0.7362039089202881,"[[0.0, 0.0, 0.0]]",Middle,Left
1728,57.6,2,721.3146,724.23785,0.8773518204689026,"[[0.0, 0.0, 0.0]]",Back,Left
1729,57.63333333333333,1,640.50244,659.87177,0.7631251811981201,"[[0.0, 0.0, 0.0]]",Middle,Left
1729,57.63333333333333,2,737.701,717.6304,0.8538120985031128,"[[0.0, 0.0, 0.0]]",Back,Left
1730,57.666666666666664,1,628.452,663.07,0.8147479295730591,"[[0.0, 0.0, 0.0]]",Middle,Left
1730,57.666666666666664,2,748.0797,708.00824,0.8801410794258118,"[[0.0, 0.0, 0.0]]",Middle,Left
1731,57.7,1,621.79755,674.2252,0.8787434697151184,"[[0.0, 0.0, 0.0]]",Middle,Left
1731,57.7,2,756.86316,699.18207,0.890582263469696,"[[0.0, 0.0, 0.0]]",Middle,Left
1732,57.733333333333334,1,619.67883,676.3147,0.8922615647315979,"[[0.0, 0.0, 0.0]]",Middle,Left
1732,57.733333333333334,2,763.45654,701.3002,0.887860894203186,"[[0.0, 0.0, 0.0]]",Middle,Left
1733,57.766666666666666,1,619.5502,677.00037,0.8926538825035095,"[[0.0, 0.0, 0.0]]",Middle,Left
1733,57.766666666666666,2,765.5134,702.1995,0.8872635364532471,"[[0.0, 0.0, 0.0]]",Middle,Left
1734,57.8,1,617.59924,680.1255,0.9079874157905579,"[[0.0, 0.0, 0.0]]",Middle,Left
1734,57.8,2,771.7742,702.3463,0.8928001523017883,"[[0.0, 0.0, 0.0]]",Middle,Left
1735,57.833333333333336,1,615.93427,682.86676,0.9172001481056213,"[[0.0, 0.0, 0.0]]",Middle,Left
1735,57.833333333333336,2,778.4198,704.8473,0.8941178917884827,"[[0.0, 0.0, 0.0]]",Middle,Left
1736,57.86666666666667,1,613.9501,683.83435,0.9216957092285156,"[[0.0, 0.0, 0.0]]",Middle,Left
1736,57.86666666666667,2,785.90686,707.56165,0.8862077593803406,"[[0.0, 0.0, 0.0]]",Middle,Left
1737,57.9,1,610.3096,684.42834,0.9195846915245056,"[[0.0, 0.0, 0.0]]",Middle,Left
1737,57.9,2,792.32275,705.9907,0.8810401558876038,"[[0.0, 0.0, 0.0]]",Middle,Left
1738,57.93333333333333,1,604.75354,686.53125,0.9188310503959656,"[[0.0, 0.0, 0.0]]",Middle,Left
1738,57.93333333333333,2,796.68225,698.1061,0.8659226298332214,"[[0.0, 0.0, 0.0]]",Middle,Left
1739,57.96666666666667,1,602.9024,687.2505,0.9189759492874146,"[[0.0, 0.0, 0.0]]",Middle,Left
1739,57.96666666666667,2,797.9286,695.59216,0.8661267161369324,"[[0.0, 0.0, 0.0]]",Middle,Left
1740,58.0,1,598.2826,687.115,0.9193183183670044,"[[0.0, 0.0, 0.0]]",Middle,Left
1740,58.0,2,800.4793,681.005,0.8936426043510437,"[[0.0, 0.0, 0.0]]",Middle,Left
1741,58.03333333333333,1,594.18695,688.63513,0.9213465452194214,"[[0.0, 0.0, 0.0]]",Middle,Left
1741,58.03333333333333,2,802.8589,672.6317,0.8929383158683777,"[[0.0, 0.0, 0.0]]",Middle,Left
1742,58.06666666666667,1,586.32605,690.1279,0.9113372564315796,"[[0.0, 0.0, 0.0]]",Middle,Left
1742,58.06666666666667,2,805.83606,666.7268,0.8894845843315125,"[[0.0, 0.0, 0.0]]",Middle,Left
1743,58.1,1,580.0206,693.2726,0.91923987865448,"[[0.0, 0.0, 0.0]]",Middle,Left
1743,58.1,2,809.07556,663.70905,0.8726308941841125,"[[0.0, 0.0, 0.0]]",Middle,Left
1744,58.13333333333333,1,575.3015,694.0515,0.9144750833511353,"[[0.0, 0.0, 0.0]]",Middle,Left
1744,58.13333333333333,2,812.7539,660.7454,0.8562039136886597,"[[0.0, 0.0, 0.0]]",Middle,Left
1745,58.166666666666664,1,573.47864,694.6129,0.9136971831321716,"[[0.0, 0.0, 0.0]]",Middle,Left
1745,58.166666666666664,2,813.9149,659.8079,0.8580969572067261,"[[0.0, 0.0, 0.0]]",Middle,Left
1746,58.2,1,561.1123,703.68616,0.9103231430053711,"[[0.0, 0.0, 0.0]]",Middle,Left
1746,58.2,2,817.8372,660.2669,0.8589168787002563,"[[0.0, 0.0, 0.0]]",Middle,Left
1747,58.233333333333334,1,547.0093,712.2569,0.9098712205886841,"[[0.0, 0.0, 0.0]]",Middle,Left
1747,58.233333333333334,2,822.78406,657.9456,0.8791921734809875,"[[0.0, 0.0, 0.0]]",Middle,Left
1748,58.266666666666666,1,537.828,722.636,0.8894097805023193,"[[0.0, 0.0, 0.0]]",Back,Left
1748,58.266666666666666,2,830.0106,657.5382,0.8884606957435608,"[[0.0, 0.0, 0.0]]",Middle,Left
1749,58.3,1,535.7561,732.37744,0.9033638834953308,"[[0.0, 0.0, 0.0]]",Back,Left
1749,58.3,2,834.9242,657.8414,0.9048915505409241,"[[0.0, 0.0, 0.0]]",Middle,Left
1750,58.333333333333336,1,531.4546,734.9888,0.9054000973701477,"[[0.0, 0.0, 0.0]]",Back,Left
1750,58.333333333333336,2,835.80066,657.73193,0.9032384753227234,"[[0.0, 0.0, 0.0]]",Middle,Left
1751,58.36666666666667,1,530.0714,735.7853,0.9052794575691223,"[[0.0, 0.0, 0.0]]",Back,Left
1751,58.36666666666667,2,835.97876,657.7899,0.9036224484443665,"[[0.0, 0.0, 0.0]]",Middle,Left
1752,58.4,1,529.141,741.5691,0.9011847376823425,"[[0.0, 0.0, 0.0]]",Back,Left
1752,58.4,2,835.2434,657.5746,0.8655225038528442,"[[0.0, 0.0, 0.0]]",Middle,Left
1753,58.43333333333333,1,523.44104,746.2586,0.8972572684288025,"[[0.0, 0.0, 0.0]]",Back,Left
1753,58.43333333333333,2,835.15234,657.5758,0.8773015141487122,"[[0.0, 0.0, 0.0]]",Middle,Left
1754,58.46666666666667,1,521.0764,747.837,0.8915476202964783,"[[0.0, 0.0, 0.0]]",Back,Left
1754,58.46666666666667,2,835.9595,658.636,0.9052353501319885,"[[0.0, 0.0, 0.0]]",Middle,Left
1755,58.5,1,518.4923,751.90784,0.9002005457878113,"[[0.0, 0.0, 0.0]]",Back,Left
1755,58.5,2,839.40076,660.0769,0.9069662690162659,"[[0.0, 0.0, 0.0]]",Middle,Left
1756,58.53333333333333,1,518.65643,759.65173,0.905850350856781,"[[0.0, 0.0, 0.0]]",Back,Left
1756,58.53333333333333,2,842.54395,661.68726,0.9054079055786133,"[[0.0, 0.0, 0.0]]",Middle,Left
1757,58.56666666666667,1,518.8542,762.6554,0.9060701727867126,"[[0.0, 0.0, 0.0]]",Back,Left
1757,58.56666666666667,2,843.5751,662.3043,0.9054386019706726,"[[0.0, 0.0, 0.0]]",Middle,Left
1758,58.6,1,518.48425,768.95874,0.8993683457374573,"[[0.0, 0.0, 0.0]]",Back,Left
1758,58.6,2,847.1902,662.56665,0.9056596159934998,"[[0.0, 0.0, 0.0]]",Middle,Left
1759,58.63333333333333,1,522.94025,779.8061,0.9015701413154602,"[[0.0, 0.0, 0.0]]",Back,Left
1759,58.63333333333333,2,852.10315,662.34973,0.9123595952987671,"[[0.0, 0.0, 0.0]]",Middle,Left
1760,58.666666666666664,1,527.6145,787.99585,0.9086892008781433,"[[0.0, 0.0, 0.0]]",Back,Left
1760,58.666666666666664,2,853.7339,661.94336,0.9123448133468628,"[[0.0, 0.0, 0.0]]",Middle,Left
1761,58.7,1,530.2055,796.16156,0.9105404615402222,"[[0.0, 0.0, 0.0]]",Back,Left
1761,58.7,2,854.5333,659.81635,0.9124798774719238,"[[0.0, 0.0, 0.0]]",Middle,Left
1762,58.733333333333334,1,532.6303,801.6581,0.9092055559158325,"[[0.0, 0.0, 0.0]]",Back,Left
1762,58.733333333333334,2,855.0472,658.05383,0.9070093035697937,"[[0.0, 0.0, 0.0]]",Middle,Left
1763,58.766666666666666,1,533.65405,803.45734,0.9092119932174683,"[[0.0, 0.0, 0.0]]",Back,Left
1763,58.766666666666666,2,855.1528,657.75775,0.9072365760803223,"[[0.0, 0.0, 0.0]]",Middle,Left
1764,58.8,1,537.01697,802.21643,0.8997035026550293,"[[0.0, 0.0, 0.0]]",Back,Left
1764,58.8,2,857.08636,656.6765,0.9107592105865479,"[[0.0, 0.0, 0.0]]",Middle,Left
1765,58.833333333333336,1,540.66943,797.2439,0.8997055292129517,"[[0.0, 0.0, 0.0]]",Back,Left
1765,58.833333333333336,2,859.3887,654.9939,0.9162854552268982,"[[0.0, 0.0, 0.0]]",Middle,Left
1766,58.86666666666667,1,546.2901,786.08887,0.8972753882408142,"[[0.0, 0.0, 0.0]]",Back,Left
1766,58.86666666666667,2,853.7329,656.05145,0.9068979024887085,"[[0.0, 0.0, 0.0]]",Middle,Left
1767,58.9,1,555.0396,782.7899,0.9053894281387329,"[[0.0, 0.0, 0.0]]",Back,Left
1767,58.9,2,848.77026,660.77875,0.9187824726104736,"[[0.0, 0.0, 0.0]]",Middle,Left
1768,58.93333333333333,1,578.2192,766.4865,0.9072626829147339,"[[0.0, 0.0, 0.0]]",Back,Left
1768,58.93333333333333,2,840.2677,665.5761,0.9190767407417297,"[[0.0, 0.0, 0.0]]",Middle,Left
1769,58.96666666666667,1,586.7683,760.25006,0.9075504541397095,"[[0.0, 0.0, 0.0]]",Back,Left
1769,58.96666666666667,2,836.75073,667.36237,0.9190557599067688,"[[0.0, 0.0, 0.0]]",Middle,Left
1770,59.0,1,607.1853,752.6416,0.9079911708831787,"[[0.0, 0.0, 0.0]]",Back,Left
1770,59.0,2,831.20447,673.67896,0.9239180684089661,"[[0.0, 0.0, 0.0]]",Middle,Left
1771,59.03333333333333,1,636.1572,742.63544,0.9030250906944275,"[[0.0, 0.0, 0.0]]",Back,Left
1771,59.03333333333333,2,828.35693,679.6923,0.9125986099243164,"[[0.0, 0.0, 0.0]]",Middle,Left
1772,59.06666666666667,1,650.7374,734.9767,0.9100974202156067,"[[0.0, 0.0, 0.0]]",Back,Left
1772,59.06666666666667,2,826.9053,685.8895,0.9108485579490662,"[[0.0, 0.0, 0.0]]",Middle,Left
1773,59.1,1,656.5607,726.2609,0.8963431119918823,"[[0.0, 0.0, 0.0]]",Back,Left
1773,59.1,2,826.0425,691.11194,0.9051909446716309,"[[0.0, 0.0, 0.0]]",Middle,Left
1774,59.13333333333333,1,663.70325,720.3468,0.8798234462738037,"[[0.0, 0.0, 0.0]]",Back,Left
1774,59.13333333333333,2,825.08044,702.00977,0.7575568556785583,"[[0.0, 0.0, 0.0]]",Middle,Left
1775,59.166666666666664,1,666.5608,718.205,0.8801121115684509,"[[0.0, 0.0, 0.0]]",Back,Left
1775,59.166666666666664,2,824.7479,705.922,0.7540014386177063,"[[0.0, 0.0, 0.0]]",Middle,Left
1776,59.2,1,659.6062,719.46497,0.8983689546585083,"[[0.0, 0.0, 0.0]]",Back,Left
1776,59.2,2,823.6858,703.78125,0.8684088587760925,"[[0.0, 0.0, 0.0]]",Middle,Left
1777,59.233333333333334,1,660.68567,721.37195,0.8985586762428284,"[[0.0, 0.0, 0.0]]",Back,Left
1777,59.233333333333334,2,813.8219,691.0889,0.8260626792907715,"[[0.0, 0.0, 0.0]]",Middle,Left
1778,59.266666666666666,1,666.1655,724.1912,0.851567804813385,"[[0.0, 0.0, 0.0]]",Back,Left
1778,59.266666666666666,2,796.05286,681.5329,0.7281701564788818,"[[0.0, 0.0, 0.0]]",Middle,Left
1779,59.3,1,690.8474,726.98474,0.8803451061248779,"[[0.0, 0.0, 0.0]]",Back,Left
1779,59.3,2,770.1697,684.16504,0.4121355712413788,"[[0.0, 0.0, 0.0]]",Middle,Left
1780,59.333333333333336,1,708.3218,728.46454,0.909767210483551,"[[0.0, 0.0, 0.0]]",Back,Left
1781,59.36666666666667,2,714.8385,729.0778,0.9100127816200256,"[[0.0, 0.0, 0.0]]",Back,Left
1782,59.4,1,725.83984,727.70734,0.9144194722175598,"[[0.0, 0.0, 0.0]]",Back,Left
1783,59.43333333333333,2,729.2273,722.2643,0.8692606091499329,"[[0.0, 0.0, 0.0]]",Back,Left
1784,59.46666666666667,1,647.40076,672.4016,0.676973283290863,"[[0.0, 0.0, 0.0]]",Middle,Left
1784,59.46666666666667,2,742.2034,715.61487,0.8226578831672668,"[[0.0, 0.0, 0.0]]",Back,Left
1785,59.5,1,632.7009,680.5321,0.8340564966201782,"[[0.0, 0.0, 0.0]]",Middle,Left
1785,59.5,2,754.4846,706.1897,0.8160902261734009,"[[0.0, 0.0, 0.0]]",Middle,Left
1786,59.53333333333333,1,620.5355,689.8753,0.8783674836158752,"[[0.0, 0.0, 0.0]]",Middle,Left
1786,59.53333333333333,2,771.4689,700.411,0.902812123298645,"[[0.0, 0.0, 0.0]]",Middle,Left
1787,59.56666666666667,1,616.4286,692.5835,0.8784236907958984,"[[0.0, 0.0, 0.0]]",Middle,Left
1787,59.56666666666667,2,777.0039,698.3908,0.9027143716812134,"[[0.0, 0.0, 0.0]]",Middle,Left
1788,59.6,1,606.9414,698.5773,0.8993200063705444,"[[0.0, 0.0, 0.0]]",Middle,Left
1788,59.6,2,785.84155,696.7478,0.9045609831809998,"[[0.0, 0.0, 0.0]]",Middle,Left
1789,59.63333333333333,1,599.67896,703.9218,0.9174285531044006,"[[0.0, 0.0, 0.0]]",Middle,Left
1789,59.63333333333333,2,793.7025,693.2589,0.9046149849891663,"[[0.0, 0.0, 0.0]]",Middle,Left
1790,59.666666666666664,1,591.0072,711.4325,0.9187411069869995,"[[0.0, 0.0, 0.0]]",Middle,Left
1790,59.666666666666664,2,800.2156,691.38306,0.9036458134651184,"[[0.0, 0.0, 0.0]]",Middle,Left
1791,59.7,1,576.6369,716.66656,0.9195433855056763,"[[0.0, 0.0, 0.0]]",Back,Left
1791,59.7,2,806.5864,687.1598,0.9013479351997375,"[[0.0, 0.0, 0.0]]",Middle,Left
1792,59.733333333333334,1,559.57556,721.40875,0.9181259274482727,"[[0.0, 0.0, 0.0]]",Back,Left
1792,59.733333333333334,2,812.6096,685.03766,0.9062468409538269,"[[0.0, 0.0, 0.0]]",Middle,Left
1793,59.766666666666666,1,553.6074,722.9249,0.9180607795715332,"[[0.0, 0.0, 0.0]]",Back,Left
1793,59.766666666666666,2,814.3451,684.36017,0.9063050150871277,"[[0.0, 0.0, 0.0]]",Middle,Left
1794,59.8,1,540.2478,724.9346,0.9137388467788696,"[[0.0, 0.0, 0.0]]",Back,Left
1794,59.8,2,816.7545,685.1952,0.9029761552810669,"[[0.0, 0.0, 0.0]]",Middle,Left
1795,59.833333333333336,1,526.01587,727.5156,0.9191315770149231,"[[0.0, 0.0, 0.0]]",Back,Left
1795,59.833333333333336,2,818.68896,685.63995,0.8928543925285339,"[[0.0, 0.0, 0.0]]",Middle,Left
1796,59.86666666666667,1,511.3617,728.6116,0.912582516670227,"[[0.0, 0.0, 0.0]]",Back,Left
1796,59.86666666666667,2,821.135,679.5706,0.8745230436325073,"[[0.0, 0.0, 0.0]]",Middle,Left
1797,59.9,1,491.66223,731.1774,0.9134342074394226,"[[0.0, 0.0, 0.0]]",Back,Left
1797,59.9,2,823.4741,680.09454,0.8972446918487549,"[[0.0, 0.0, 0.0]]",Middle,Left
1798,59.93333333333333,1,470.6554,733.29706,0.8969436287879944,"[[0.0, 0.0, 0.0]]",Back,Left
1798,59.93333333333333,2,825.7905,678.34247,0.9009751081466675,"[[0.0, 0.0, 0.0]]",Middle,Left
1799,59.96666666666667,1,462.6288,733.60864,0.896645188331604,"[[0.0, 0.0, 0.0]]",Back,Left
1799,59.96666666666667,2,826.4529,677.7832,0.9010111093521118,"[[0.0, 0.0, 0.0]]",Middle,Left
1800,60.0,1,443.4872,737.556,0.9132978916168213,"[[0.0, 0.0, 0.0]]",Back,Left
1800,60.0,2,829.5491,671.58276,0.8943467140197754,"[[0.0, 0.0, 0.0]]",Middle,Left
1801,60.03333333333333,1,438.79855,745.21094,0.9004061818122864,"[[0.0, 0.0, 0.0]]",Back,Left
1801,60.03333333333333,2,834.8552,667.3438,0.8808255195617676,"[[0.0, 0.0, 0.0]]",Middle,Left
1802,60.06666666666667,1,435.99435,751.6075,0.9147132039070129,"[[0.0, 0.0, 0.0]]",Back,Left
1802,60.06666666666667,2,847.6952,660.85645,0.8993711471557617,"[[0.0, 0.0, 0.0]]",Middle,Left
1803,60.1,1,430.9086,756.5325,0.9157324433326721,"[[0.0, 0.0, 0.0]]",Back,Left
1803,60.1,2,854.59485,654.5559,0.9008133411407471,"[[0.0, 0.0, 0.0]]",Middle,Left
1804,60.13333333333333,1,422.88937,762.887,0.9081473350524902,"[[0.0, 0.0, 0.0]]",Back,Left
1804,60.13333333333333,2,858.62244,650.35254,0.9060509204864502,"[[0.0, 0.0, 0.0]]",Middle,Left
1805,60.166666666666664,1,420.29395,765.1085,0.9081194400787354,"[[0.0, 0.0, 0.0]]",Back,Left
1805,60.166666666666664,2,859.95557,648.91504,0.9060646295547485,"[[0.0, 0.0, 0.0]]",Middle,Left
1806,60.2,1,412.15662,770.3691,0.9049860239028931,"[[0.0, 0.0, 0.0]]",Back,Left
1806,60.2,2,861.63513,648.14185,0.9070290327072144,"[[0.0, 0.0, 0.0]]",Middle,Left
1807,60.233333333333334,1,401.1784,773.89746,0.8854483366012573,"[[0.0, 0.0, 0.0]]",Back,Left
1807,60.233333333333334,2,865.3987,647.67944,0.9144869446754456,"[[0.0, 0.0, 0.0]]",Middle,Left
1808,60.266666666666666,1,394.5053,777.39655,0.8893410563468933,"[[0.0, 0.0, 0.0]]",Back,Left
1808,60.266666666666666,2,869.2727,646.645,0.9141412377357483,"[[0.0, 0.0, 0.0]]",Middle,Left
1809,60.3,1,387.02484,783.5414,0.8686031699180603,"[[0.0, 0.0, 0.0]]",Back,Left
1809,60.3,2,869.5427,647.3615,0.9117839932441711,"[[0.0, 0.0, 0.0]]",Middle,Left
1810,60.333333333333336,1,383.4984,798.1371,0.9006897211074829,"[[0.0, 0.0, 0.0]]",Back,Left
1810,60.333333333333336,2,870.5255,647.72894,0.9159421920776367,"[[0.0, 0.0, 0.0]]",Middle,Left
1811,60.36666666666667,1,382.1543,803.5478,0.900489091873169,"[[0.0, 0.0, 0.0]]",Back,Left
1811,60.36666666666667,2,870.7119,647.9424,0.9161683917045593,"[[0.0, 0.0, 0.0]]",Middle,Left
1812,60.4,1,380.05637,808.35767,0.9140552878379822,"[[0.0, 0.0, 0.0]]",Back,Left
1812,60.4,2,871.32935,647.4278,0.9161831736564636,"[[0.0, 0.0, 0.0]]",Middle,Left
1813,60.43333333333333,1,379.8224,817.291,0.9145017266273499,"[[0.0, 0.0, 0.0]]",Back,Left
1813,60.43333333333333,2,871.0824,646.29834,0.9145267009735107,"[[0.0, 0.0, 0.0]]",Middle,Left
1814,60.46666666666667,1,380.6819,823.03754,0.9097000360488892,"[[0.0, 0.0, 0.0]]",Back,Left
1814,60.46666666666667,2,874.5169,644.2718,0.9151856303215027,"[[0.0, 0.0, 0.0]]",Middle,Left
1815,60.5,1,375.2923,825.89355,0.871283233165741,"[[0.0, 0.0, 0.0]]",Back,Left
1815,60.5,2,876.66986,644.5591,0.9114047884941101,"[[0.0, 0.0, 0.0]]",Middle,Left
1816,60.53333333333333,1,376.91544,827.7406,0.7996746897697449,"[[0.0, 0.0, 0.0]]",Back,Left
1816,60.53333333333333,2,873.30176,645.0632,0.9062165021896362,"[[0.0, 0.0, 0.0]]",Middle,Left
1817,60.56666666666667,1,379.47626,828.20575,0.7999409437179565,"[[0.0, 0.0, 0.0]]",Back,Left
1817,60.56666666666667,2,872.09973,644.96906,0.9061273336410522,"[[0.0, 0.0, 0.0]]",Middle,Left
1818,60.6,1,395.7155,824.8452,0.8859723806381226,"[[0.0, 0.0, 0.0]]",Back,Left
1818,60.6,2,869.8915,643.6636,0.9062098860740662,"[[0.0, 0.0, 0.0]]",Middle,Left
1819,60.63333333333333,1,408.18695,821.82434,0.7822988629341125,"[[0.0, 0.0, 0.0]]",Back,Left
1819,60.63333333333333,2,866.70825,644.8731,0.9089210033416748,"[[0.0, 0.0, 0.0]]",Middle,Left
1820,60.666666666666664,1,431.18683,810.4109,0.8530230522155762,"[[0.0, 0.0, 0.0]]",Back,Left
1820,60.666666666666664,2,855.3477,647.3488,0.9023624062538147,"[[0.0, 0.0, 0.0]]",Middle,Left
1821,60.7,1,427.4763,800.87915,0.7758904695510864,"[[0.0, 0.0, 0.0]]",Back,Left
1821,60.7,2,843.30634,650.96515,0.9075724482536316,"[[0.0, 0.0, 0.0]]",Middle,Left
